dataset_id,representation,contrast,participant_dose,stimulus_dose,ccc_delta,ccc_ci_low,ccc_ci_high,valid_bootstrap,ccc_simultaneous_low,ccc_simultaneous_high,mae_delta,mae_ci_low,mae_ci_high
ds005540,de_ridge_base,eeg_added_population,0,0,0.05334360671261273,-0.05077256835377083,0.15745978177899628,1986,-0.029928349392864463,0.13661556281808993,0.0025255372506176876,-0.017479296148881905,0.02253037065011728
ds005540,de_ridge_base,eeg_added_population,0,1,-0.0008230018631502078,-0.09193624345024705,0.09029023972394663,1986,-0.0840949579686274,0.08244895424232698,0.016598401635442073,-0.011721624663774164,0.044918427934658306
ds005540,de_ridge_base,eeg_added_population,0,2,0.007328039681627818,-0.08110027711280707,0.0957563564760627,1986,-0.07594391642384937,0.09059999578710501,0.014094652425247323,-0.00964026517791566,0.03782957002841031
ds005540,de_ridge_base,eeg_added_population,0,4,0.03043616220932055,-0.05228678753379176,0.11315911195243286,1986,-0.05283579389615664,0.11370811831479774,0.004638434489994098,-0.013073711462152516,0.02235058044214071
ds005540,de_ridge_base,eeg_added_population,0,8,0.036871361943632386,-0.05787434263028904,0.1316170665175538,1986,-0.046400594161844805,0.12014331804910958,0.00139034453681261,-0.017311158486885695,0.020091847560510915
ds005540,de_ridge_base,eeg_added_population,1,0,0.05334360671261273,-0.05077256835377083,0.15745978177899628,1986,-0.029928349392864463,0.13661556281808993,0.0025255372506176876,-0.017479296148881905,0.02253037065011728
ds005540,de_ridge_base,eeg_added_population,1,1,-0.0008230018631502078,-0.09193624345024705,0.09029023972394663,1986,-0.0840949579686274,0.08244895424232698,0.016598401635442073,-0.011721624663774164,0.044918427934658306
ds005540,de_ridge_base,eeg_added_population,1,2,0.007328039681627818,-0.08110027711280707,0.0957563564760627,1986,-0.07594391642384937,0.09059999578710501,0.014094652425247323,-0.00964026517791566,0.03782957002841031
ds005540,de_ridge_base,eeg_added_population,1,4,0.03043616220932055,-0.05228678753379176,0.11315911195243286,1986,-0.05283579389615664,0.11370811831479774,0.004638434489994098,-0.013073711462152516,0.02235058044214071
ds005540,de_ridge_base,eeg_added_population,1,8,0.036871361943632386,-0.05787434263028904,0.1316170665175538,1986,-0.046400594161844805,0.12014331804910958,0.00139034453681261,-0.017311158486885695,0.020091847560510915
ds005540,de_ridge_base,eeg_added_population,2,0,0.05334360671261273,-0.05077256835377083,0.15745978177899628,1986,-0.029928349392864463,0.13661556281808993,0.0025255372506176876,-0.017479296148881905,0.02253037065011728
ds005540,de_ridge_base,eeg_added_population,2,1,-0.0008230018631502078,-0.09193624345024705,0.09029023972394663,1986,-0.0840949579686274,0.08244895424232698,0.016598401635442073,-0.011721624663774164,0.044918427934658306
ds005540,de_ridge_base,eeg_added_population,2,2,0.007328039681627818,-0.08110027711280707,0.0957563564760627,1986,-0.07594391642384937,0.09059999578710501,0.014094652425247323,-0.00964026517791566,0.03782957002841031
ds005540,de_ridge_base,eeg_added_population,2,4,0.03043616220932055,-0.05228678753379176,0.11315911195243286,1986,-0.05283579389615664,0.11370811831479774,0.004638434489994098,-0.013073711462152516,0.02235058044214071
ds005540,de_ridge_base,eeg_added_population,2,8,0.036871361943632386,-0.05787434263028904,0.1316170665175538,1986,-0.046400594161844805,0.12014331804910958,0.00139034453681261,-0.017311158486885695,0.020091847560510915
ds005540,de_ridge_base,eeg_added_population,4,0,0.05334360671261273,-0.05077256835377083,0.15745978177899628,1986,-0.029928349392864463,0.13661556281808993,0.0025255372506176876,-0.017479296148881905,0.02253037065011728
ds005540,de_ridge_base,eeg_added_population,4,1,-0.0008230018631502078,-0.09193624345024705,0.09029023972394663,1986,-0.0840949579686274,0.08244895424232698,0.016598401635442073,-0.011721624663774164,0.044918427934658306
ds005540,de_ridge_base,eeg_added_population,4,2,0.007328039681627818,-0.08110027711280707,0.0957563564760627,1986,-0.07594391642384937,0.09059999578710501,0.014094652425247323,-0.00964026517791566,0.03782957002841031
ds005540,de_ridge_base,eeg_added_population,4,4,0.03043616220932055,-0.05228678753379176,0.11315911195243286,1986,-0.05283579389615664,0.11370811831479774,0.004638434489994098,-0.013073711462152516,0.02235058044214071
ds005540,de_ridge_base,eeg_added_population,4,8,0.036871361943632386,-0.05787434263028904,0.1316170665175538,1986,-0.046400594161844805,0.12014331804910958,0.00139034453681261,-0.017311158486885695,0.020091847560510915
ds005540,de_ridge_base,eeg_added_population,8,0,0.05334360671261273,-0.05077256835377083,0.15745978177899628,1986,-0.029928349392864463,0.13661556281808993,0.0025255372506176876,-0.017479296148881905,0.02253037065011728
ds005540,de_ridge_base,eeg_added_population,8,1,-0.0008230018631502078,-0.09193624345024705,0.09029023972394663,1986,-0.0840949579686274,0.08244895424232698,0.016598401635442073,-0.011721624663774164,0.044918427934658306
ds005540,de_ridge_base,eeg_added_population,8,2,0.007328039681627818,-0.08110027711280707,0.0957563564760627,1986,-0.07594391642384937,0.09059999578710501,0.014094652425247323,-0.00964026517791566,0.03782957002841031
ds005540,de_ridge_base,eeg_added_population,8,4,0.03043616220932055,-0.05228678753379176,0.11315911195243286,1986,-0.05283579389615664,0.11370811831479774,0.004638434489994098,-0.013073711462152516,0.02235058044214071
ds005540,de_ridge_base,eeg_added_population,8,8,0.036871361943632386,-0.05787434263028904,0.1316170665175538,1986,-0.046400594161844805,0.12014331804910958,0.00139034453681261,-0.017311158486885695,0.020091847560510915
ds005540,de_ridge_base,eeg_added_matched_calibration,0,0,0.05334360671261273,-0.05077256835377083,0.15745978177899628,1986,-0.03150992915064669,0.13819714257587215,0.0025255372506176876,-0.017479296148881905,0.02253037065011728
ds005540,de_ridge_base,eeg_added_matched_calibration,0,1,-0.0008230018631502078,-0.09193624345024705,0.09029023972394663,1986,-0.08567653772640962,0.08403053400010921,0.016598401635442073,-0.011721624663774164,0.044918427934658306
ds005540,de_ridge_base,eeg_added_matched_calibration,0,2,0.007328039681627818,-0.08110027711280707,0.0957563564760627,1986,-0.0775254961816316,0.09218157554488723,0.014094652425247323,-0.00964026517791566,0.03782957002841031
ds005540,de_ridge_base,eeg_added_matched_calibration,0,4,0.03043616220932055,-0.05228678753379176,0.11315911195243286,1986,-0.054417373653938866,0.11528969807257997,0.004638434489994098,-0.013073711462152516,0.02235058044214071
ds005540,de_ridge_base,eeg_added_matched_calibration,0,8,0.036871361943632386,-0.05787434263028904,0.1316170665175538,1986,-0.04798217391962703,0.1217248978068918,0.00139034453681261,-0.017311158486885695,0.020091847560510915
ds005540,de_ridge_base,eeg_added_matched_calibration,1,0,-0.006317661331578989,-0.0759730904316181,0.06333776776846012,1986,-0.0911711971948384,0.07853587453168043,0.006640195599570492,-0.008857476913538184,0.02213786811267917
ds005540,de_ridge_base,eeg_added_matched_calibration,1,1,-0.016870725976945444,-0.06929448061901353,0.03555302866512264,1986,-0.10172426184020486,0.06798280988631397,0.010075555674659176,-0.009818603621543222,0.029969714970861573
ds005540,de_ridge_base,eeg_added_matched_calibration,1,2,-0.027097992550425498,-0.08779027671740836,0.033594291616557366,1986,-0.11195152841368491,0.05775554331283392,0.0111885112966294,-0.007612351562312016,0.029989374155570816
ds005540,de_ridge_base,eeg_added_matched_calibration,1,4,-0.007055648088907074,-0.06136801729594691,0.04725672111813276,1986,-0.09190918395216649,0.07779788777435234,0.0018168971469670614,-0.015395757133766442,0.019029551427700565
ds005540,de_ridge_base,eeg_added_matched_calibration,1,8,-0.010616391965841132,-0.07213054520469309,0.050897761273010815,1986,-0.09546992782910055,0.07423714389741828,0.002366670614967842,-0.016250426880248265,0.02098376811018395
ds005540,de_ridge_base,eeg_added_matched_calibration,2,0,-0.011595502551610543,-0.08012934271241651,0.05693833760919542,1986,-0.09644903841486996,0.07325803331164887,0.006339313514313161,-0.006123315450538427,0.018801942479164748
ds005540,de_ridge_base,eeg_added_matched_calibration,2,1,-0.013012733585528846,-0.06359083132793995,0.03756536415688226,1986,-0.09786626944878826,0.07184080227773057,0.010379942829659705,-0.005432067760128993,0.026191953419448404
ds005540,de_ridge_base,eeg_added_matched_calibration,2,2,-0.02527069563215928,-0.07897617305626596,0.028434781791947403,1986,-0.1101242314954187,0.05958284023110014,0.009387693130466057,-0.005601178928630978,0.02437656518956309
ds005540,de_ridge_base,eeg_added_matched_calibration,2,4,-0.00830680817908308,-0.055932591501598995,0.039318975143432834,1986,-0.0931603440423425,0.07654672768417634,0.00450767234254526,-0.007611148405115975,0.016626493090206494
ds005540,de_ridge_base,eeg_added_matched_calibration,2,8,-0.014431941683991534,-0.06835228735182801,0.03948840398384494,1986,-0.09928547754725095,0.07042159417926788,0.004268261763206133,-0.007933882400736093,0.01647040592714836
ds005540,de_ridge_base,eeg_added_matched_calibration,4,0,-0.001605312601014236,-0.0705748729312229,0.06736424772919443,1986,-0.08645884846427365,0.08324822326224518,0.004757730679551597,-0.007094810322817559,0.016610271681920752
ds005540,de_ridge_base,eeg_added_matched_calibration,4,1,0.0018142973717920619,-0.047238634712246756,0.05086722945583088,1986,-0.08303923849146735,0.08666783323505148,0.006433597829057419,-0.006928444931470785,0.019795640589585623
ds005540,de_ridge_base,eeg_added_matched_calibration,4,2,-0.012557333964414774,-0.06359789694865481,0.03848322901982525,1986,-0.09741086982767419,0.07229620189884464,0.007370804035913392,-0.006321012070487162,0.021062620142313946
ds005540,de_ridge_base,eeg_added_matched_calibration,4,4,0.002031025977175527,-0.04536808406604453,0.04943013602039558,1986,-0.08282250988608389,0.08688456184043494,0.002795536504613283,-0.008789774401166755,0.01438084741039332
ds005540,de_ridge_base,eeg_added_matched_calibration,4,8,-0.0005924741430703984,-0.051901668398463836,0.05071672011232304,1986,-0.08544601000632981,0.08426106172018902,0.002305844961262099,-0.008722983572839096,0.013334673495363294
ds005540,de_ridge_base,eeg_added_matched_calibration,8,0,-0.005609204342015839,-0.07133707258462144,0.06011866390058976,1986,-0.09046274020527525,0.07924433152124358,0.0047150636127250845,-0.005336808443043978,0.014766935668494147
ds005540,de_ridge_base,eeg_added_matched_calibration,8,1,0.0021060509764588287,-0.04376760128974156,0.04797970324265922,1986,-0.08274748488680059,0.08695958683971824,0.004646197228033611,-0.007283257484465146,0.016575651940532368
ds005540,de_ridge_base,eeg_added_matched_calibration,8,2,-0.011631172409122759,-0.06063796499146175,0.03737562017321623,1986,-0.09648470827238217,0.07322236345413666,0.0057201224608227075,-0.00683322786202931,0.018273472783674725
ds005540,de_ridge_base,eeg_added_matched_calibration,8,4,-6.242512116294563e-05,-0.04589570229834209,0.0457708520560162,1986,-0.08491596098442236,0.08479111074209647,0.0020970961083767448,-0.007732669860106031,0.01192686207685952
ds005540,de_ridge_base,eeg_added_matched_calibration,8,8,-0.0031621641756888197,-0.05336135501717712,0.04703702666579948,1986,-0.08801570003894824,0.0816913716875706,0.001982201302401898,-0.007549728841991357,0.011514131446795153
ds005540,de_ridge_base,prior_calibration_gain,0,0,0.0,0.0,0.0,1986,-0.13000490803182488,0.13000490803182488,0.0,0.0,0.0
ds005540,de_ridge_base,prior_calibration_gain,0,1,0.0,0.0,0.0,1986,-0.13000490803182488,0.13000490803182488,0.0,0.0,0.0
ds005540,de_ridge_base,prior_calibration_gain,0,2,0.0,0.0,0.0,1986,-0.13000490803182488,0.13000490803182488,0.0,0.0,0.0
ds005540,de_ridge_base,prior_calibration_gain,0,4,0.0,0.0,0.0,1986,-0.13000490803182488,0.13000490803182488,0.0,0.0,0.0
ds005540,de_ridge_base,prior_calibration_gain,0,8,0.0,0.0,0.0,1986,-0.13000490803182488,0.13000490803182488,0.0,0.0,0.0
ds005540,de_ridge_base,prior_calibration_gain,1,0,0.09924916678455967,-0.038392914972511905,0.23689124854163124,1986,-0.03075574124726521,0.22925407481638455,0.013869217618048851,-0.024934478173628385,0.05267291340972609
ds005540,de_ridge_base,prior_calibration_gain,1,1,0.007320691617847153,-0.09442434874205179,0.10906573197774609,1986,-0.12268421641397773,0.13732559964967203,0.021038472449164874,-0.01610068114599518,0.05817762604432493
ds005540,de_ridge_base,prior_calibration_gain,1,2,0.01966975066566512,-0.09442333802072188,0.13376283935205213,1986,-0.11033515736615976,0.14967465869749,0.016725891398225945,-0.020242634276105106,0.053694417072556996
ds005540,de_ridge_base,prior_calibration_gain,1,4,-0.003166041337853809,-0.1260930752480246,0.11976099257231697,1986,-0.1331709493696787,0.12683886669397107,0.018836835976674626,-0.015797377247703026,0.05347104920105228
ds005540,de_ridge_base,prior_calibration_gain,1,8,-0.01216530107098246,-0.1433970983363021,0.11906649619433718,1986,-0.14217020910280734,0.11783960696084242,0.022468361818147348,-0.013554814333583104,0.0584915379698778
ds005540,de_ridge_base,prior_calibration_gain,2,0,0.12243970917015638,-0.007037697768704068,0.25191711610901685,1986,-0.007565198861668496,0.25244461720198125,0.008396654905662798,-0.02615868230926159,0.04295199212058719
ds005540,de_ridge_base,prior_calibration_gain,2,1,0.02772596606002453,-0.06963829664223901,0.1250902287622881,1986,-0.10227894197180035,0.1577308740918494,0.014084899912897297,-0.017851172214647965,0.04602097204044256
ds005540,de_ridge_base,prior_calibration_gain,2,2,0.0438297071442435,-0.06252025254911156,0.15017966683759856,1986,-0.08617520088758138,0.17383461517606838,0.010822605025806564,-0.02071276769033912,0.04235797774195225
ds005540,de_ridge_base,prior_calibration_gain,2,4,0.026747379406672322,-0.09067909225136807,0.1441738510647127,1986,-0.10325752862515256,0.1567522874384972,0.008636541356511762,-0.023906194319779306,0.04117927703280283
ds005540,de_ridge_base,prior_calibration_gain,2,8,0.021519841697927977,-0.10757589886916766,0.1506155822650236,1986,-0.1084850663338969,0.15152474972975286,0.011150206345866082,-0.022759430309677836,0.04505984300141
ds005540,de_ridge_base,prior_calibration_gain,4,0,0.14312063768089678,0.019143130966025934,0.2670981443957676,1986,0.0131157296490719,0.27312554571272163,-0.0017181257869548772,-0.030097780903535667,0.026661529329625913
ds005540,de_ridge_base,prior_calibration_gain,4,1,0.05156830668706086,-0.03896531881793025,0.14210193219205197,1986,-0.07843660134476402,0.18157321471888574,0.008132733610419496,-0.020796263565504576,0.03706173078634357
ds005540,de_ridge_base,prior_calibration_gain,4,2,0.06696943994038806,-0.034049605394887605,0.16798848527566373,1986,-0.06303546809143681,0.19697434797221294,0.003995037048384165,-0.02469185263371094,0.032681926730479274
ds005540,de_ridge_base,prior_calibration_gain,4,4,0.05563850424635036,-0.05603208822088951,0.16730909671359023,1986,-0.07436640378547452,0.18564341227817524,0.0011026828733629868,-0.027633982718530566,0.02983934846525654
ds005540,de_ridge_base,prior_calibration_gain,4,8,0.05300629446510585,-0.06550169123121051,0.17151428016142223,1986,-0.07699861356671903,0.18301120249693073,0.0016867455684142774,-0.028321471813788163,0.03169496295061672
ds005540,de_ridge_base,prior_calibration_gain,8,0,0.16339021787526942,0.031213197436145174,0.2955672383143937,1986,0.03338530984344454,0.29339512590709427,-0.007892811842705794,-0.03569091230128162,0.019905288615870036
ds005540,de_ridge_base,prior_calibration_gain,8,1,0.06803443233513323,-0.026554710109692,0.16262357477995848,1986,-0.061970475696691646,0.1980393403669581,0.0026709508166692375,-0.022780972303370988,0.028122873936709463
ds005540,de_ridge_base,prior_calibration_gain,8,2,0.0870097830585273,-0.0179535631822776,0.1919731292993322,1986,-0.04299512497329758,0.21701469109035218,-0.0011057967595128337,-0.026699949547626212,0.024488356028600545
ds005540,de_ridge_base,prior_calibration_gain,8,4,0.08351550794294255,-0.031043598707425152,0.19807461459331024,1986,-0.04648940008888233,0.21352041597476742,-0.005033919105614126,-0.03006574320705804,0.019997904995829787
ds005540,de_ridge_base,prior_calibration_gain,8,8,0.08741437508071326,-0.032853032618781586,0.2076817827802081,1986,-0.04259053295111162,0.21741928311253814,-0.006419678779287369,-0.03295479558585255,0.02011543802727781
ds005540,de_ridge_base,combined_calibration_gain,0,0,0.0,0.0,0.0,1986,-0.13106165329763686,0.13106165329763686,0.0,0.0,0.0
ds005540,de_ridge_base,combined_calibration_gain,0,1,0.0,0.0,0.0,1986,-0.13106165329763686,0.13106165329763686,0.0,0.0,0.0
ds005540,de_ridge_base,combined_calibration_gain,0,2,0.0,0.0,0.0,1986,-0.13106165329763686,0.13106165329763686,0.0,0.0,0.0
ds005540,de_ridge_base,combined_calibration_gain,0,4,0.0,0.0,0.0,1986,-0.13106165329763686,0.13106165329763686,0.0,0.0,0.0
ds005540,de_ridge_base,combined_calibration_gain,0,8,0.0,0.0,0.0,1986,-0.13106165329763686,0.13106165329763686,0.0,0.0,0.0
ds005540,de_ridge_base,combined_calibration_gain,1,0,0.03958789874036795,-0.1140975841898578,0.19327338167059369,1986,-0.09147375455726892,0.1706495520380048,0.017983875967001656,-0.017798155481847454,0.053765907415850765
ds005540,de_ridge_base,combined_calibration_gain,1,1,-0.008727032495948084,-0.14024842664895532,0.12279436165705915,1986,-0.13978868579358494,0.12233462080168878,0.014515626488381977,-0.021509035176504106,0.05054028815326806
ds005540,de_ridge_base,combined_calibration_gain,1,2,-0.014756281566388196,-0.14861130216592952,0.11909873903315313,1986,-0.14581793486402506,0.11630537173124866,0.013819750269608022,-0.02346768211349856,0.051107182652714606
ds005540,de_ridge_base,combined_calibration_gain,1,4,-0.04065785163608143,-0.17155156345538852,0.09023586018322566,1986,-0.1717195049337183,0.09040380166155543,0.01601529863364759,-0.016559935836157065,0.048590533103452245
ds005540,de_ridge_base,combined_calibration_gain,1,8,-0.05965305498045598,-0.19638736423213382,0.07708125427122187,1986,-0.19071470827809284,0.07140859831718088,0.02344468789630258,-0.009831421967730847,0.056720797760336006
ds005540,de_ridge_base,combined_calibration_gain,2,0,0.05750059990593311,-0.08479254761569488,0.19979374742756112,1986,-0.07356105339170374,0.18856225320356998,0.012210431169358271,-0.021905862980884386,0.04632672531960093
ds005540,de_ridge_base,combined_calibration_gain,2,1,0.015536234337645893,-0.10823097284126289,0.13930344151655466,1986,-0.11552541895999097,0.14659788763528275,0.00786644110711493,-0.028454523489341937,0.0441874057035718
ds005540,de_ridge_base,combined_calibration_gain,2,2,0.011230971830456404,-0.11100926634857192,0.13347121000948473,1986,-0.11983068146718046,0.14229262512809326,0.006115645731025299,-0.026759055875384234,0.03899034733743483
ds005540,de_ridge_base,combined_calibration_gain,2,4,-0.011995590981731308,-0.13972555304016063,0.11573437107669801,1986,-0.14305724427936817,0.11906606231590555,0.008505779209062925,-0.02234840738766556,0.03935996580579141
ds005540,de_ridge_base,combined_calibration_gain,2,8,-0.029783461929695942,-0.16639662061986732,0.10682969676047543,1986,-0.1608451152273328,0.10127819136794092,0.014028123572259604,-0.01855667082119853,0.04661291796571774
ds005540,de_ridge_base,combined_calibration_gain,4,0,0.08817171836726984,-0.03421035867036891,0.2105537954049086,1986,-0.042889934930367024,0.2192333716649067,0.0005140676419790324,-0.025906452566097134,0.0269345878500552
ds005540,de_ridge_base,combined_calibration_gain,4,1,0.05420560592200313,-0.054961086585301105,0.16337229842930737,1986,-0.07685604737563373,0.18526725921964,-0.0020320701959651577,-0.032398337390857304,0.028334196998926985
ds005540,de_ridge_base,combined_calibration_gain,4,2,0.04708406629434547,-0.06260512965625405,0.15677326224494498,1986,-0.08397758700329139,0.17814571959198233,-0.002728811340949766,-0.03083432742142754,0.025376704739528008
ds005540,de_ridge_base,combined_calibration_gain,4,4,0.02723336801420534,-0.08592942994507805,0.14039616597348872,1986,-0.10382828528343152,0.1582950213118422,-0.000740215112017828,-0.02686993756532277,0.025389507341287115
ds005540,de_ridge_base,combined_calibration_gain,4,8,0.015542458378403068,-0.10094091205250855,0.13202582880931468,1986,-0.11551919491923379,0.14660411167603993,0.0026022459928637665,-0.02461501462735906,0.029819506613086594
ds005540,de_ridge_base,combined_calibration_gain,8,0,0.10443740682064087,-0.020395123923866276,0.22926993756514802,1986,-0.02662424647699599,0.23549906011827773,-0.005703285480598397,-0.031122672980089198,0.019716102018892404
ds005540,de_ridge_base,combined_calibration_gain,8,1,0.07096348517474227,-0.03489369958519285,0.17682066993467738,1986,-0.06009816812289459,0.20202513847237913,-0.009281253590739225,-0.03635434704787528,0.01779183986639683
ds005540,de_ridge_base,combined_calibration_gain,8,2,0.06805057096777672,-0.04097932281949536,0.1770804647550488,1986,-0.06301108232986014,0.19911222426541358,-0.009480326723937449,-0.0357204531694947,0.016759799721619804
ds005540,de_ridge_base,combined_calibration_gain,8,4,0.05301692061245905,-0.0555598248163333,0.16159366604125142,1986,-0.07804473268517781,0.1840785739100959,-0.007575257487231479,-0.030082794205755815,0.014932279231292856
ds005540,de_ridge_base,combined_calibration_gain,8,8,0.04738084896139205,-0.0640801806233843,0.1588418785461684,1986,-0.08368080433624481,0.1784425022590289,-0.005827822013698081,-0.028730846694861523,0.017075202667465362
ds005540,de_ridge_base,total_minus_uncalibrated_prior,0,0,0.05334360671261273,-0.05077256835377083,0.15745978177899628,1986,-0.08029087734418314,0.1869780907694086,0.0025255372506176876,-0.017479296148881905,0.02253037065011728
ds005540,de_ridge_base,total_minus_uncalibrated_prior,0,1,-0.0008230018631502078,-0.09193624345024705,0.09029023972394663,1986,-0.13445748591994608,0.13281148219364566,0.016598401635442073,-0.011721624663774164,0.044918427934658306
ds005540,de_ridge_base,total_minus_uncalibrated_prior,0,2,0.007328039681627818,-0.08110027711280707,0.0957563564760627,1986,-0.12630644437516805,0.1409625237384237,0.014094652425247323,-0.00964026517791566,0.03782957002841031
ds005540,de_ridge_base,total_minus_uncalibrated_prior,0,4,0.03043616220932055,-0.05228678753379176,0.11315911195243286,1986,-0.10319832184747532,0.16407064626611642,0.004638434489994098,-0.013073711462152516,0.02235058044214071
ds005540,de_ridge_base,total_minus_uncalibrated_prior,0,8,0.036871361943632386,-0.05787434263028904,0.1316170665175538,1986,-0.09676312211316349,0.17050584600042826,0.00139034453681261,-0.017311158486885695,0.020091847560510915
ds005540,de_ridge_base,total_minus_uncalibrated_prior,1,0,0.09293150545298068,-0.042896500468945664,0.22875951137490702,1986,-0.04070297860381519,0.22656598950977655,0.020509413217619343,-0.018409079266814427,0.05942790570205311
ds005540,de_ridge_base,total_minus_uncalibrated_prior,1,1,-0.009550034359098292,-0.12480555861821706,0.10570548990002047,1986,-0.14318451841589416,0.12408444969769758,0.03111402812382405,-0.010004977025644464,0.07223303327329256
ds005540,de_ridge_base,total_minus_uncalibrated_prior,1,2,-0.007428241884760378,-0.13018284438981922,0.11532636062029847,1986,-0.14106272594155625,0.1262062421720355,0.027914402694855345,-0.01297719263658307,0.06880599802629375
ds005540,de_ridge_base,total_minus_uncalibrated_prior,1,4,-0.010221689426760883,-0.13810732031004472,0.11766394145652295,1986,-0.14385617348355675,0.12341279463003499,0.020653733123641688,-0.016509677767078616,0.05781714401436199
ds005540,de_ridge_base,total_minus_uncalibrated_prior,1,8,-0.02278169303682359,-0.15334564455533312,0.10778225848168593,1986,-0.15641617709361946,0.11085279101997228,0.02483503243311519,-0.012311693175273163,0.06198175804150354
ds005540,de_ridge_base,total_minus_uncalibrated_prior,2,0,0.11084420661854584,-0.02180180287643406,0.24349021611352573,1986,-0.02279027743825003,0.24447869067534173,0.014735968419975959,-0.02071035255125027,0.05018228939120219
ds005540,de_ridge_base,total_minus_uncalibrated_prior,2,1,0.014713232474495685,-0.08779184588074475,0.11721831082973612,1986,-0.11892125158230019,0.14834771653129156,0.024464842742557003,-0.009090974647268824,0.05802066013238283
ds005540,de_ridge_base,total_minus_uncalibrated_prior,2,2,0.018559011512084223,-0.09642030380994925,0.1335383268341177,1986,-0.11507547254471165,0.1521934955688801,0.02021029815627262,-0.013484244654901188,0.05390484096744643
ds005540,de_ridge_base,total_minus_uncalibrated_prior,2,4,0.018440571227589242,-0.1046171490341507,0.1414982914893292,1986,-0.11519391282920663,0.1520750552843851,0.013144213699057022,-0.020763947546968593,0.04705237494508264
ds005540,de_ridge_base,total_minus_uncalibrated_prior,2,8,0.007087900013936443,-0.12693000212812344,0.14110580215599633,1986,-0.12654658404285943,0.14072238407073231,0.015418468109072214,-0.02081454324851726,0.05165147946666169
ds005540,de_ridge_base,total_minus_uncalibrated_prior,4,0,0.14151532507988254,0.009344872880800048,0.27368577727896504,1986,0.007880841023086671,0.2751498091366784,0.00303960489259672,-0.026372091143924102,0.03245130092911754
ds005540,de_ridge_base,total_minus_uncalibrated_prior,4,1,0.05338260405885292,-0.04644340323661393,0.1532086113543198,1986,-0.08025187999794295,0.1870170881156488,0.014566331439476915,-0.01575811636669163,0.04489077924564546
ds005540,de_ridge_base,total_minus_uncalibrated_prior,4,2,0.05441210597597329,-0.05808077840785136,0.16690499035979794,1986,-0.07922237808082258,0.18804659003276916,0.011365841084297557,-0.0187037004239994,0.04143538259259451
ds005540,de_ridge_base,total_minus_uncalibrated_prior,4,4,0.05766953022352589,-0.06351511000595864,0.1788541704530104,1986,-0.07596495383326998,0.19130401428032176,0.0038982193779762697,-0.02648056507025089,0.034277003826203425
ds005540,de_ridge_base,total_minus_uncalibrated_prior,4,8,0.052413820322035454,-0.07328095143434757,0.17810859207841848,1986,-0.08122066373476042,0.18604830437883133,0.003992590529676376,-0.028623630235552658,0.03660881129490541
ds005540,de_ridge_base,total_minus_uncalibrated_prior,8,0,0.15778101353325358,0.020206274307379674,0.2953557527591275,1986,0.024146529476457707,0.2914154975900495,-0.003177748229980709,-0.03260007077469472,0.026244574314733298
ds005540,de_ridge_base,total_minus_uncalibrated_prior,8,1,0.07014048331159206,-0.030479916457788525,0.17076088308097265,1986,-0.06349400074520381,0.20377496736838793,0.007317148044702848,-0.02082462670092389,0.03545892279032958
ds005540,de_ridge_base,total_minus_uncalibrated_prior,8,2,0.07537861064940454,-0.03851631975429548,0.18927354105310457,1986,-0.05825587340739133,0.20901309470620041,0.004614325701309874,-0.022883042298083852,0.0321116937007036
ds005540,de_ridge_base,total_minus_uncalibrated_prior,8,4,0.0834530828217796,-0.03759306184277632,0.20449922748633553,1986,-0.05018140123501627,0.21708756687857547,-0.0029368229972373816,-0.029686860776084397,0.023813214781609634
ds005540,de_ridge_base,total_minus_uncalibrated_prior,8,8,0.08425221090502444,-0.038812191390073095,0.20731661320012196,1986,-0.04938227315177143,0.2178866949618203,-0.004437477476885471,-0.03339700711230975,0.024522052158538813
ds005540,de_ridge_strong,eeg_added_population,0,0,0.04747124167224888,-0.05006138896784858,0.14500387231234635,1986,-0.026816825859863558,0.12175930920436132,0.0027627026206291094,-0.014209570651430966,0.019734975892689185
ds005540,de_ridge_strong,eeg_added_population,0,1,-1.9981233786436903e-06,-0.08044889470220959,0.0804448984554523,1986,-0.07429006565549108,0.07428606940873379,0.01580067513326741,-0.007945260148863039,0.039546610415397865
ds005540,de_ridge_strong,eeg_added_population,0,2,0.0021687291260710784,-0.07772268698080519,0.08206014523294734,1986,-0.07211933840604136,0.07645679665818352,0.013022803032491509,-0.008684537419248482,0.0347301434842315
ds005540,de_ridge_strong,eeg_added_population,0,4,0.02424755078004387,-0.0383422498336288,0.08683735139371654,1986,-0.05004051675206857,0.0985356183121563,0.0020029018334469795,-0.01053798242414136,0.01454378609103532
ds005540,de_ridge_strong,eeg_added_population,0,8,0.02380739577664226,-0.047995581227748635,0.09561037278103315,1986,-0.05048067175547018,0.0980954633087547,0.0012489517229894997,-0.011718628297837349,0.014216531743816348
ds005540,de_ridge_strong,eeg_added_population,1,0,0.04747124167224888,-0.05006138896784858,0.14500387231234635,1986,-0.026816825859863558,0.12175930920436132,0.0027627026206291094,-0.014209570651430966,0.019734975892689185
ds005540,de_ridge_strong,eeg_added_population,1,1,-1.9981233786436903e-06,-0.08044889470220959,0.0804448984554523,1986,-0.07429006565549108,0.07428606940873379,0.01580067513326741,-0.007945260148863039,0.039546610415397865
ds005540,de_ridge_strong,eeg_added_population,1,2,0.0021687291260710784,-0.07772268698080519,0.08206014523294734,1986,-0.07211933840604136,0.07645679665818352,0.013022803032491509,-0.008684537419248482,0.0347301434842315
ds005540,de_ridge_strong,eeg_added_population,1,4,0.02424755078004387,-0.0383422498336288,0.08683735139371654,1986,-0.05004051675206857,0.0985356183121563,0.0020029018334469795,-0.01053798242414136,0.01454378609103532
ds005540,de_ridge_strong,eeg_added_population,1,8,0.02380739577664226,-0.047995581227748635,0.09561037278103315,1986,-0.05048067175547018,0.0980954633087547,0.0012489517229894997,-0.011718628297837349,0.014216531743816348
ds005540,de_ridge_strong,eeg_added_population,2,0,0.04747124167224888,-0.05006138896784858,0.14500387231234635,1986,-0.026816825859863558,0.12175930920436132,0.0027627026206291094,-0.014209570651430966,0.019734975892689185
ds005540,de_ridge_strong,eeg_added_population,2,1,-1.9981233786436903e-06,-0.08044889470220959,0.0804448984554523,1986,-0.07429006565549108,0.07428606940873379,0.01580067513326741,-0.007945260148863039,0.039546610415397865
ds005540,de_ridge_strong,eeg_added_population,2,2,0.0021687291260710784,-0.07772268698080519,0.08206014523294734,1986,-0.07211933840604136,0.07645679665818352,0.013022803032491509,-0.008684537419248482,0.0347301434842315
ds005540,de_ridge_strong,eeg_added_population,2,4,0.02424755078004387,-0.0383422498336288,0.08683735139371654,1986,-0.05004051675206857,0.0985356183121563,0.0020029018334469795,-0.01053798242414136,0.01454378609103532
ds005540,de_ridge_strong,eeg_added_population,2,8,0.02380739577664226,-0.047995581227748635,0.09561037278103315,1986,-0.05048067175547018,0.0980954633087547,0.0012489517229894997,-0.011718628297837349,0.014216531743816348
ds005540,de_ridge_strong,eeg_added_population,4,0,0.04747124167224888,-0.05006138896784858,0.14500387231234635,1986,-0.026816825859863558,0.12175930920436132,0.0027627026206291094,-0.014209570651430966,0.019734975892689185
ds005540,de_ridge_strong,eeg_added_population,4,1,-1.9981233786436903e-06,-0.08044889470220959,0.0804448984554523,1986,-0.07429006565549108,0.07428606940873379,0.01580067513326741,-0.007945260148863039,0.039546610415397865
ds005540,de_ridge_strong,eeg_added_population,4,2,0.0021687291260710784,-0.07772268698080519,0.08206014523294734,1986,-0.07211933840604136,0.07645679665818352,0.013022803032491509,-0.008684537419248482,0.0347301434842315
ds005540,de_ridge_strong,eeg_added_population,4,4,0.02424755078004387,-0.0383422498336288,0.08683735139371654,1986,-0.05004051675206857,0.0985356183121563,0.0020029018334469795,-0.01053798242414136,0.01454378609103532
ds005540,de_ridge_strong,eeg_added_population,4,8,0.02380739577664226,-0.047995581227748635,0.09561037278103315,1986,-0.05048067175547018,0.0980954633087547,0.0012489517229894997,-0.011718628297837349,0.014216531743816348
ds005540,de_ridge_strong,eeg_added_population,8,0,0.04747124167224888,-0.05006138896784858,0.14500387231234635,1986,-0.026816825859863558,0.12175930920436132,0.0027627026206291094,-0.014209570651430966,0.019734975892689185
ds005540,de_ridge_strong,eeg_added_population,8,1,-1.9981233786436903e-06,-0.08044889470220959,0.0804448984554523,1986,-0.07429006565549108,0.07428606940873379,0.01580067513326741,-0.007945260148863039,0.039546610415397865
ds005540,de_ridge_strong,eeg_added_population,8,2,0.0021687291260710784,-0.07772268698080519,0.08206014523294734,1986,-0.07211933840604136,0.07645679665818352,0.013022803032491509,-0.008684537419248482,0.0347301434842315
ds005540,de_ridge_strong,eeg_added_population,8,4,0.02424755078004387,-0.0383422498336288,0.08683735139371654,1986,-0.05004051675206857,0.0985356183121563,0.0020029018334469795,-0.01053798242414136,0.01454378609103532
ds005540,de_ridge_strong,eeg_added_population,8,8,0.02380739577664226,-0.047995581227748635,0.09561037278103315,1986,-0.05048067175547018,0.0980954633087547,0.0012489517229894997,-0.011718628297837349,0.014216531743816348
ds005540,de_ridge_strong,eeg_added_matched_calibration,0,0,0.04747124167224888,-0.05006138896784858,0.14500387231234635,1986,-0.02810622543392499,0.12304870877842275,0.0027627026206291094,-0.014209570651430966,0.019734975892689185
ds005540,de_ridge_strong,eeg_added_matched_calibration,0,1,-1.9981233786436903e-06,-0.08044889470220959,0.0804448984554523,1986,-0.07557946522955251,0.07557546898279523,0.01580067513326741,-0.007945260148863039,0.039546610415397865
ds005540,de_ridge_strong,eeg_added_matched_calibration,0,2,0.0021687291260710784,-0.07772268698080519,0.08206014523294734,1986,-0.07340873798010279,0.07774619623224495,0.013022803032491509,-0.008684537419248482,0.0347301434842315
ds005540,de_ridge_strong,eeg_added_matched_calibration,0,4,0.02424755078004387,-0.0383422498336288,0.08683735139371654,1986,-0.05132991632613,0.09982501788621774,0.0020029018334469795,-0.01053798242414136,0.01454378609103532
ds005540,de_ridge_strong,eeg_added_matched_calibration,0,8,0.02380739577664226,-0.047995581227748635,0.09561037278103315,1986,-0.05177007132953161,0.09938486288281613,0.0012489517229894997,-0.011718628297837349,0.014216531743816348
ds005540,de_ridge_strong,eeg_added_matched_calibration,1,0,-0.0018924138340219304,-0.06913939892760913,0.06535457125956527,1986,-0.0774698809401958,0.07368505327215194,0.004720746380136087,-0.009657876233837343,0.019099368994109515
ds005540,de_ridge_strong,eeg_added_matched_calibration,1,1,-0.012109696080270238,-0.05912640220579372,0.03490701004525324,1986,-0.08768716318644411,0.06346777102590363,0.00565147843706873,-0.012185456719719774,0.023488413593857234
ds005540,de_ridge_strong,eeg_added_matched_calibration,1,2,-0.023213064788928872,-0.08011806442060082,0.03369193484274307,1986,-0.09879053189510274,0.052364402317245,0.009273344244513426,-0.008316661778093613,0.026863350267120466
ds005540,de_ridge_strong,eeg_added_matched_calibration,1,4,-0.008522272071205206,-0.05604862781023329,0.039004083667822875,1986,-0.08409973917737908,0.06705519503496866,0.0012690882442926987,-0.014151440451620456,0.016689616940205855
ds005540,de_ridge_strong,eeg_added_matched_calibration,1,8,-0.009489089577407017,-0.0625143702246495,0.04353619106983546,1986,-0.08506655668358089,0.06608837752876685,0.00254085364882653,-0.014255507744065712,0.019337215041718772
ds005540,de_ridge_strong,eeg_added_matched_calibration,2,0,-0.008178864463687444,-0.07336605493347996,0.05700832600610507,1986,-0.08375633156986131,0.06739860264248643,0.004466300860725414,-0.006870479315765983,0.01580308103721681
ds005540,de_ridge_strong,eeg_added_matched_calibration,2,1,-0.01503746813579565,-0.06076470758704234,0.030689771315451038,1986,-0.09061493524196952,0.06053999897037822,0.007668095285274068,-0.004916832820162089,0.020253023390710223
ds005540,de_ridge_strong,eeg_added_matched_calibration,2,2,-0.024324497608659734,-0.07375830034595521,0.02510930512863574,1986,-0.0999019647148336,0.051252969497514136,0.00832675505557745,-0.005000620070834358,0.021654130181989258
ds005540,de_ridge_strong,eeg_added_matched_calibration,2,4,-0.007773085145566294,-0.04678238134806678,0.031236211056934193,1986,-0.08335055225174016,0.06780438196060758,0.0039266335536443375,-0.005674424438910589,0.013527691546199264
ds005540,de_ridge_strong,eeg_added_matched_calibration,2,8,-0.013580067699241472,-0.06077015062997738,0.033610015231494435,1986,-0.08915753480541534,0.0619973994069324,0.004261516769564877,-0.005751390097793919,0.014274423636923673
ds005540,de_ridge_strong,eeg_added_matched_calibration,4,0,0.0014382140563649337,-0.06117943379169609,0.06405586190442596,1986,-0.07413925304980894,0.0770156811625388,0.002322048669269716,-0.008251864186802753,0.012895961525342186
ds005540,de_ridge_strong,eeg_added_matched_calibration,4,1,-0.002272572070131762,-0.04268473894808986,0.03813959480782634,1986,-0.07785003917630563,0.07330489503604211,0.004161823549744342,-0.007235123924132088,0.015558771023620773
ds005540,de_ridge_strong,eeg_added_matched_calibration,4,2,-0.010353467543965933,-0.05508973351569891,0.03438279842776704,1986,-0.0859309346501398,0.06522399956220794,0.005777648417527703,-0.006487591061155913,0.01804288789621132
ds005540,de_ridge_strong,eeg_added_matched_calibration,4,4,0.0029509082475375203,-0.033565775142034064,0.039467591637109105,1986,-0.07262655885863635,0.07852837535371139,0.0010725385797316078,-0.0084781146973956,0.010623191856858815
ds005540,de_ridge_strong,eeg_added_matched_calibration,4,8,0.000921200807439404,-0.04254035246079411,0.044382754075672916,1986,-0.07465626629873447,0.07649866791361327,0.00096120896068147,-0.00838297737641719,0.01030539529778013
ds005540,de_ridge_strong,eeg_added_matched_calibration,8,0,-0.0016846066363027934,-0.06113982456015825,0.05777061128755266,1986,-0.07726207374247666,0.07389286046987108,0.002568426658949713,-0.006632043082488513,0.011768896400387939
ds005540,de_ridge_strong,eeg_added_matched_calibration,8,1,-0.0003579248660121048,-0.03812495869129796,0.03740910895927375,1986,-0.07593539197218598,0.07521954224016177,0.0026795585110223896,-0.007599728395155754,0.012958845417200533
ds005540,de_ridge_strong,eeg_added_matched_calibration,8,2,-0.008588924055003389,-0.05100275622175718,0.0338249081117504,1986,-0.08416639116117726,0.06698854305117048,0.0038513728490872645,-0.007160648460122281,0.01486339415829681
ds005540,de_ridge_strong,eeg_added_matched_calibration,8,4,0.000913135456961256,-0.03384117575508487,0.03566744666900738,1986,-0.07466433164921261,0.07649060256313513,0.000793394807411113,-0.007234366891624201,0.008821156506446427
ds005540,de_ridge_strong,eeg_added_matched_calibration,8,8,-0.0020893769568971488,-0.04357603348817585,0.03939727957438155,1986,-0.07766684406307102,0.07348809014927672,0.0014411300889779488,-0.006828456350015107,0.009710716527971005
ds005540,de_ridge_strong,prior_calibration_gain,0,0,0.0,0.0,0.0,1986,-0.13000490803182488,0.13000490803182488,0.0,0.0,0.0
ds005540,de_ridge_strong,prior_calibration_gain,0,1,0.0,0.0,0.0,1986,-0.13000490803182488,0.13000490803182488,0.0,0.0,0.0
ds005540,de_ridge_strong,prior_calibration_gain,0,2,0.0,0.0,0.0,1986,-0.13000490803182488,0.13000490803182488,0.0,0.0,0.0
ds005540,de_ridge_strong,prior_calibration_gain,0,4,0.0,0.0,0.0,1986,-0.13000490803182488,0.13000490803182488,0.0,0.0,0.0
ds005540,de_ridge_strong,prior_calibration_gain,0,8,0.0,0.0,0.0,1986,-0.13000490803182488,0.13000490803182488,0.0,0.0,0.0
ds005540,de_ridge_strong,prior_calibration_gain,1,0,0.09924916678455967,-0.038392914972511905,0.23689124854163124,1986,-0.03075574124726521,0.22925407481638455,0.013869217618048851,-0.024934478173628385,0.05267291340972609
ds005540,de_ridge_strong,prior_calibration_gain,1,1,0.007320691617847153,-0.09442434874205179,0.10906573197774609,1986,-0.12268421641397773,0.13732559964967203,0.021038472449164874,-0.01610068114599518,0.05817762604432493
ds005540,de_ridge_strong,prior_calibration_gain,1,2,0.01966975066566512,-0.09442333802072188,0.13376283935205213,1986,-0.11033515736615976,0.14967465869749,0.016725891398225945,-0.020242634276105106,0.053694417072556996
ds005540,de_ridge_strong,prior_calibration_gain,1,4,-0.003166041337853809,-0.1260930752480246,0.11976099257231697,1986,-0.1331709493696787,0.12683886669397107,0.018836835976674626,-0.015797377247703026,0.05347104920105228
ds005540,de_ridge_strong,prior_calibration_gain,1,8,-0.01216530107098246,-0.1433970983363021,0.11906649619433718,1986,-0.14217020910280734,0.11783960696084242,0.022468361818147348,-0.013554814333583104,0.0584915379698778
ds005540,de_ridge_strong,prior_calibration_gain,2,0,0.12243970917015638,-0.007037697768704068,0.25191711610901685,1986,-0.007565198861668496,0.25244461720198125,0.008396654905662798,-0.02615868230926159,0.04295199212058719
ds005540,de_ridge_strong,prior_calibration_gain,2,1,0.02772596606002453,-0.06963829664223901,0.1250902287622881,1986,-0.10227894197180035,0.1577308740918494,0.014084899912897297,-0.017851172214647965,0.04602097204044256
ds005540,de_ridge_strong,prior_calibration_gain,2,2,0.0438297071442435,-0.06252025254911156,0.15017966683759856,1986,-0.08617520088758138,0.17383461517606838,0.010822605025806564,-0.02071276769033912,0.04235797774195225
ds005540,de_ridge_strong,prior_calibration_gain,2,4,0.026747379406672322,-0.09067909225136807,0.1441738510647127,1986,-0.10325752862515256,0.1567522874384972,0.008636541356511762,-0.023906194319779306,0.04117927703280283
ds005540,de_ridge_strong,prior_calibration_gain,2,8,0.021519841697927977,-0.10757589886916766,0.1506155822650236,1986,-0.1084850663338969,0.15152474972975286,0.011150206345866082,-0.022759430309677836,0.04505984300141
ds005540,de_ridge_strong,prior_calibration_gain,4,0,0.14312063768089678,0.019143130966025934,0.2670981443957676,1986,0.0131157296490719,0.27312554571272163,-0.0017181257869548772,-0.030097780903535667,0.026661529329625913
ds005540,de_ridge_strong,prior_calibration_gain,4,1,0.05156830668706086,-0.03896531881793025,0.14210193219205197,1986,-0.07843660134476402,0.18157321471888574,0.008132733610419496,-0.020796263565504576,0.03706173078634357
ds005540,de_ridge_strong,prior_calibration_gain,4,2,0.06696943994038806,-0.034049605394887605,0.16798848527566373,1986,-0.06303546809143681,0.19697434797221294,0.003995037048384165,-0.02469185263371094,0.032681926730479274
ds005540,de_ridge_strong,prior_calibration_gain,4,4,0.05563850424635036,-0.05603208822088951,0.16730909671359023,1986,-0.07436640378547452,0.18564341227817524,0.0011026828733629868,-0.027633982718530566,0.02983934846525654
ds005540,de_ridge_strong,prior_calibration_gain,4,8,0.05300629446510585,-0.06550169123121051,0.17151428016142223,1986,-0.07699861356671903,0.18301120249693073,0.0016867455684142774,-0.028321471813788163,0.03169496295061672
ds005540,de_ridge_strong,prior_calibration_gain,8,0,0.16339021787526942,0.031213197436145174,0.2955672383143937,1986,0.03338530984344454,0.29339512590709427,-0.007892811842705794,-0.03569091230128162,0.019905288615870036
ds005540,de_ridge_strong,prior_calibration_gain,8,1,0.06803443233513323,-0.026554710109692,0.16262357477995848,1986,-0.061970475696691646,0.1980393403669581,0.0026709508166692375,-0.022780972303370988,0.028122873936709463
ds005540,de_ridge_strong,prior_calibration_gain,8,2,0.0870097830585273,-0.0179535631822776,0.1919731292993322,1986,-0.04299512497329758,0.21701469109035218,-0.0011057967595128337,-0.026699949547626212,0.024488356028600545
ds005540,de_ridge_strong,prior_calibration_gain,8,4,0.08351550794294255,-0.031043598707425152,0.19807461459331024,1986,-0.04648940008888233,0.21352041597476742,-0.005033919105614126,-0.03006574320705804,0.019997904995829787
ds005540,de_ridge_strong,prior_calibration_gain,8,8,0.08741437508071326,-0.032853032618781586,0.2076817827802081,1986,-0.04259053295111162,0.21741928311253814,-0.006419678779287369,-0.03295479558585255,0.02011543802727781
ds005540,de_ridge_strong,combined_calibration_gain,0,0,0.0,0.0,0.0,1986,-0.12830806202161066,0.12830806202161066,0.0,0.0,0.0
ds005540,de_ridge_strong,combined_calibration_gain,0,1,0.0,0.0,0.0,1986,-0.12830806202161066,0.12830806202161066,0.0,0.0,0.0
ds005540,de_ridge_strong,combined_calibration_gain,0,2,0.0,0.0,0.0,1986,-0.12830806202161066,0.12830806202161066,0.0,0.0,0.0
ds005540,de_ridge_strong,combined_calibration_gain,0,4,0.0,0.0,0.0,1986,-0.12830806202161066,0.12830806202161066,0.0,0.0,0.0
ds005540,de_ridge_strong,combined_calibration_gain,0,8,0.0,0.0,0.0,1986,-0.12830806202161066,0.12830806202161066,0.0,0.0,0.0
ds005540,de_ridge_strong,combined_calibration_gain,1,0,0.04988551127828886,-0.10144999784774175,0.20122102040431947,1986,-0.0784225507433218,0.17819357329989952,0.01582726137755583,-0.019630107194345735,0.05128462994945739
ds005540,de_ridge_strong,combined_calibration_gain,1,1,-0.004787006339044442,-0.13218149572492827,0.12260748304683938,1986,-0.1330950683606551,0.12352105568256622,0.010889275752966193,-0.026499371783280545,0.04827792328921293
ds005540,de_ridge_strong,combined_calibration_gain,1,2,-0.0057120432493348305,-0.13537940719505054,0.12395532069638088,1986,-0.1340201052709455,0.12259601877227583,0.012976432610247862,-0.025582068317478758,0.05153493353797448
ds005540,de_ridge_strong,combined_calibration_gain,1,4,-0.035935864189102884,-0.15789848937285345,0.08602676099464766,1986,-0.16424392621071354,0.09237219783250777,0.018103022387520346,-0.014054674696402404,0.050260719471443095
ds005540,de_ridge_strong,combined_calibration_gain,1,8,-0.045461786425031736,-0.17552132059035755,0.08459774774029408,1986,-0.1737698484466424,0.08284627559657892,0.023760263743984378,-0.009573582781104123,0.05709411026907288
ds005540,de_ridge_strong,combined_calibration_gain,2,0,0.06678960303422006,-0.0732244771570335,0.2068036832254736,1986,-0.0615184589873906,0.1950976650558307,0.010100253145759103,-0.02329159760494632,0.043492103896464525
ds005540,de_ridge_strong,combined_calibration_gain,2,1,0.012690496047607525,-0.104701487354118,0.13008247944933304,1986,-0.11561756597400313,0.14099855806921818,0.005952320064903954,-0.028423474644713696,0.040328114774521605
ds005540,de_ridge_strong,combined_calibration_gain,2,2,0.01733648040951269,-0.10025749239711251,0.1349304532161379,1986,-0.11097158161209797,0.14564454243112335,0.006126557048892506,-0.027113201308753346,0.03936631540653836
ds005540,de_ridge_strong,combined_calibration_gain,2,4,-0.005273256518937841,-0.12508277203603463,0.11453625899815893,1986,-0.1335813185405485,0.12303480550267282,0.01056027307670912,-0.02053275748879394,0.04165330364221218
ds005540,de_ridge_strong,combined_calibration_gain,2,8,-0.015867621777955754,-0.14618320232529994,0.11444795876938843,1986,-0.1441756837995664,0.1124404402436549,0.014162771392441459,-0.018403386191461577,0.046728928976344494
ds005540,de_ridge_strong,combined_calibration_gain,4,0,0.09708761006501285,-0.023135959950985496,0.2173111800810112,1986,-0.03122045195659781,0.2253956720866235,-0.0021587797383142704,-0.028543633201724004,0.024226073725095464
ds005540,de_ridge_strong,combined_calibration_gain,4,1,0.04929773274030774,-0.052815485598410636,0.15141095107902613,1986,-0.07901032928130292,0.1776057947619184,-0.003506117973103573,-0.03392877780267187,0.026916541856464717
ds005540,de_ridge_strong,combined_calibration_gain,4,2,0.05444724327035105,-0.049769036641724454,0.15866352318242655,1986,-0.0738608187512596,0.1827553052919617,-0.003250117566579641,-0.03151574741406353,0.025015512280904244
ds005540,de_ridge_strong,combined_calibration_gain,4,4,0.03434186171384401,-0.07305085377535857,0.1417345772030466,1986,-0.09396620030776665,0.16264992373545467,0.0001723196196476151,-0.026567109324772943,0.026911748564068173
ds005540,de_ridge_strong,combined_calibration_gain,4,8,0.030120099495902997,-0.08342689347418385,0.14366709246598985,1986,-0.09818796252570766,0.15842816151751365,0.0013990028061062476,-0.02629111327771486,0.029089118889927355
ds005540,de_ridge_strong,combined_calibration_gain,8,0,0.11423436956671776,-0.012640835470155848,0.24110957460359136,1986,-0.0140736924548929,0.24254243158832842,-0.00808708780438519,-0.03367016309233573,0.017495987483565352
ds005540,de_ridge_strong,combined_calibration_gain,8,1,0.06767850559249977,-0.03540533270055664,0.17076234388555617,1986,-0.06062955642911089,0.19598656761411043,-0.010450165805575784,-0.0373325638417235,0.016432232230571935
ds005540,de_ridge_strong,combined_calibration_gain,8,2,0.07625212987745283,-0.030769368650468296,0.18327362840537398,1986,-0.052055932144157824,0.2045601918990635,-0.010277226942917078,-0.03706468119053502,0.01651022730470086
ds005540,de_ridge_strong,combined_calibration_gain,8,4,0.06018109261985993,-0.046750598413299455,0.16711278365301932,1986,-0.06812696940175073,0.1884891546414706,-0.006243426131649993,-0.029655077746301453,0.017168225483001467
ds005540,de_ridge_strong,combined_calibration_gain,8,8,0.06151760234717385,-0.05141769854225424,0.17445290323660195,1986,-0.06679045967443681,0.1898256643687845,-0.00622750041329892,-0.030452039049347786,0.017997038222749947
ds005540,de_ridge_strong,total_minus_uncalibrated_prior,0,0,0.04747124167224888,-0.05006138896784858,0.14500387231234635,1986,-0.08437765132144585,0.1793201346659436,0.0027627026206291094,-0.014209570651430966,0.019734975892689185
ds005540,de_ridge_strong,total_minus_uncalibrated_prior,0,1,-1.9981233786436903e-06,-0.08044889470220959,0.0804448984554523,1986,-0.13185089111707338,0.1318468948703161,0.01580067513326741,-0.007945260148863039,0.039546610415397865
ds005540,de_ridge_strong,total_minus_uncalibrated_prior,0,2,0.0021687291260710784,-0.07772268698080519,0.08206014523294734,1986,-0.12968016386762365,0.1340176221197658,0.013022803032491509,-0.008684537419248482,0.0347301434842315
ds005540,de_ridge_strong,total_minus_uncalibrated_prior,0,4,0.02424755078004387,-0.0383422498336288,0.08683735139371654,1986,-0.10760134221365086,0.1560964437737386,0.0020029018334469795,-0.01053798242414136,0.01454378609103532
ds005540,de_ridge_strong,total_minus_uncalibrated_prior,0,8,0.02380739577664226,-0.047995581227748635,0.09561037278103315,1986,-0.10804149721705247,0.155656288770337,0.0012489517229894997,-0.011718628297837349,0.014216531743816348
ds005540,de_ridge_strong,total_minus_uncalibrated_prior,1,0,0.09735675295053774,-0.03825018277052154,0.232963688671597,1986,-0.034492140043156996,0.22920564594423248,0.01858996399818494,-0.02005830943127688,0.057238237427646756
ds005540,de_ridge_strong,total_minus_uncalibrated_prior,1,1,-0.004789004462423085,-0.11993190726264356,0.1103538983377974,1986,-0.13663789745611782,0.12705988853127165,0.026689950886233604,-0.01470158944420643,0.06808149121667365
ds005540,de_ridge_strong,total_minus_uncalibrated_prior,1,2,-0.003543314123263752,-0.12598201856008262,0.11889539031355512,1986,-0.13539220711695849,0.12830557887043098,0.02599923564273937,-0.014898762085906708,0.06689723337138545
ds005540,de_ridge_strong,total_minus_uncalibrated_prior,1,4,-0.011688313409059015,-0.1390674141675202,0.11569078734940216,1986,-0.14353720640275375,0.12016057958463572,0.020105924220967325,-0.016528135689972717,0.05673998413190737
ds005540,de_ridge_strong,total_minus_uncalibrated_prior,1,8,-0.021654390648389477,-0.154832501638831,0.11152372034205205,1986,-0.1535032836420842,0.11019450234530526,0.025009215466973878,-0.0118484676072938,0.061866898541241555
ds005540,de_ridge_strong,total_minus_uncalibrated_prior,2,0,0.11426084470646894,-0.017581870646740633,0.2461035600596785,1986,-0.017588048287225794,0.24610973770016367,0.012862955766388212,-0.022481896837658687,0.04820780837043511
ds005540,de_ridge_strong,total_minus_uncalibrated_prior,2,1,0.012688497924228881,-0.0906996219979171,0.11607661784637487,1986,-0.11916039506946585,0.1445373909179236,0.021752995198171365,-0.011336950361676111,0.05484294075801884
ds005540,de_ridge_strong,total_minus_uncalibrated_prior,2,2,0.019505209535583767,-0.0942874581185727,0.13329787718974023,1986,-0.11234368345811097,0.1513541025292785,0.019149360081384015,-0.014597889824252454,0.05289660998702048
ds005540,de_ridge_strong,total_minus_uncalibrated_prior,2,4,0.01897429426110603,-0.10340762272146148,0.14135621124367354,1986,-0.1128745987325887,0.15082318725480076,0.0125631749101561,-0.021352763687063306,0.046479113507375505
ds005540,de_ridge_strong,total_minus_uncalibrated_prior,2,8,0.007939773998686506,-0.12633845644617414,0.14221800444354715,1986,-0.12390911899500823,0.13978866699238124,0.015411723115430959,-0.020300964182880833,0.05112441041374275
ds005540,de_ridge_strong,total_minus_uncalibrated_prior,4,0,0.1445588517372617,0.01316585994470068,0.2759518435298227,1986,0.01270995874356698,0.2764077447309564,0.000603922882314839,-0.029127720991931567,0.030335566756561246
ds005540,de_ridge_strong,total_minus_uncalibrated_prior,4,1,0.0492957346169291,-0.04953762000190291,0.14812908923576112,1986,-0.08255315837676563,0.18114462761062383,0.012294557160163838,-0.0177965704770879,0.04238568479741558
ds005540,de_ridge_strong,total_minus_uncalibrated_prior,4,2,0.05661597239642213,-0.05371541219933679,0.16694735699218105,1986,-0.0752329205972726,0.18846486539011686,0.009772685465911868,-0.019694969260216355,0.03924034019204009
ds005540,de_ridge_strong,total_minus_uncalibrated_prior,4,4,0.05858941249388788,-0.06004857474953147,0.17722739973730722,1986,-0.07325948049980685,0.19043830548758262,0.0021752214530945946,-0.02761601419551615,0.03196645710170534
ds005540,de_ridge_strong,total_minus_uncalibrated_prior,4,8,0.053927495272545256,-0.07102050144833498,0.1788754919934255,1986,-0.07792139772114948,0.18577638826624,0.0026479545290957474,-0.028613869493827986,0.03390977855201948
ds005540,de_ridge_strong,total_minus_uncalibrated_prior,8,0,0.16170561123896662,0.024340902291653727,0.29907032018627955,1986,0.02985671824527189,0.2935545042326614,-0.005324385183756081,-0.03487388076966459,0.024225110402152427
ds005540,de_ridge_strong,total_minus_uncalibrated_prior,8,1,0.06767650746912113,-0.0329845057221855,0.16833752066042776,1986,-0.0641723855245736,0.19952540046281586,0.005350509327691627,-0.021826755325854676,0.032527773981237934
ds005540,de_ridge_strong,total_minus_uncalibrated_prior,8,2,0.07842085900352391,-0.03379198147457807,0.1906336994816259,1986,-0.05342803399017082,0.21026975199721865,0.0027455760895744308,-0.02385402737691001,0.02934517955605887
ds005540,de_ridge_strong,total_minus_uncalibrated_prior,8,4,0.0844286433999038,-0.03577391552345674,0.20463120232326434,1986,-0.04742024959379093,0.21627753639359854,-0.004240524298203013,-0.030762439489203503,0.022281390892797476
ds005540,de_ridge_strong,total_minus_uncalibrated_prior,8,8,0.08532499812381611,-0.039162811721104376,0.20981280796873658,1986,-0.046523894869878624,0.21717389111751084,-0.00497854869030942,-0.033184999091303104,0.023227901710684264
ds005540,eegnet_lr1e3,eeg_added_population,0,0,0.0007572061557042662,-0.008419496086521198,0.009933908397929729,1986,-0.0158363895128497,0.01735080182425823,0.0005488973782609707,-0.0019320711092780953,0.0030298658658000368
ds005540,eegnet_lr1e3,eeg_added_population,0,1,-0.0018061548218973322,-0.00796047492854901,0.004348165284754347,1986,-0.018399750490451297,0.014787440846656633,0.00144820958029665,-0.00281754128074615,0.00571396044133945
ds005540,eegnet_lr1e3,eeg_added_population,0,2,0.0037609616253615474,-0.015605714305151796,0.02312763755587489,1986,-0.012832634043192417,0.020354557293915512,0.0004662922121581037,-0.004953090106638812,0.005885674530955019
ds005540,eegnet_lr1e3,eeg_added_population,0,4,6.53920866811597e-05,-0.009111110725793787,0.009241894899156106,1986,-0.016528203581872805,0.016658987755235125,-0.0004194616323289768,-0.002839450670591451,0.0020005274059334975
ds005540,eegnet_lr1e3,eeg_added_population,0,8,-0.0005511061050609278,-0.018186496699302626,0.01708428448918077,1986,-0.017144701773614893,0.016042489563493037,-0.0008136401055036102,-0.0042003477870190785,0.002573067576011858
ds005540,eegnet_lr1e3,eeg_added_population,1,0,0.0007572061557042662,-0.008419496086521198,0.009933908397929729,1986,-0.0158363895128497,0.01735080182425823,0.0005488973782609707,-0.0019320711092780953,0.0030298658658000368
ds005540,eegnet_lr1e3,eeg_added_population,1,1,-0.0018061548218973322,-0.00796047492854901,0.004348165284754347,1986,-0.018399750490451297,0.014787440846656633,0.00144820958029665,-0.00281754128074615,0.00571396044133945
ds005540,eegnet_lr1e3,eeg_added_population,1,2,0.0037609616253615474,-0.015605714305151796,0.02312763755587489,1986,-0.012832634043192417,0.020354557293915512,0.0004662922121581037,-0.004953090106638812,0.005885674530955019
ds005540,eegnet_lr1e3,eeg_added_population,1,4,6.53920866811597e-05,-0.009111110725793787,0.009241894899156106,1986,-0.016528203581872805,0.016658987755235125,-0.0004194616323289768,-0.002839450670591451,0.0020005274059334975
ds005540,eegnet_lr1e3,eeg_added_population,1,8,-0.0005511061050609278,-0.018186496699302626,0.01708428448918077,1986,-0.017144701773614893,0.016042489563493037,-0.0008136401055036102,-0.0042003477870190785,0.002573067576011858
ds005540,eegnet_lr1e3,eeg_added_population,2,0,0.0007572061557042662,-0.008419496086521198,0.009933908397929729,1986,-0.0158363895128497,0.01735080182425823,0.0005488973782609707,-0.0019320711092780953,0.0030298658658000368
ds005540,eegnet_lr1e3,eeg_added_population,2,1,-0.0018061548218973322,-0.00796047492854901,0.004348165284754347,1986,-0.018399750490451297,0.014787440846656633,0.00144820958029665,-0.00281754128074615,0.00571396044133945
ds005540,eegnet_lr1e3,eeg_added_population,2,2,0.0037609616253615474,-0.015605714305151796,0.02312763755587489,1986,-0.012832634043192417,0.020354557293915512,0.0004662922121581037,-0.004953090106638812,0.005885674530955019
ds005540,eegnet_lr1e3,eeg_added_population,2,4,6.53920866811597e-05,-0.009111110725793788,0.009241894899156108,1986,-0.016528203581872805,0.016658987755235125,-0.0004194616323289768,-0.002839450670591451,0.0020005274059334975
ds005540,eegnet_lr1e3,eeg_added_population,2,8,-0.0005511061050609278,-0.018186496699302626,0.01708428448918077,1986,-0.017144701773614893,0.016042489563493037,-0.0008136401055036102,-0.0042003477870190785,0.002573067576011858
ds005540,eegnet_lr1e3,eeg_added_population,4,0,0.0007572061557042662,-0.008419496086521198,0.009933908397929733,1986,-0.0158363895128497,0.01735080182425823,0.0005488973782609707,-0.0019320711092780953,0.0030298658658000368
ds005540,eegnet_lr1e3,eeg_added_population,4,1,-0.0018061548218973322,-0.00796047492854901,0.004348165284754347,1986,-0.018399750490451297,0.014787440846656633,0.00144820958029665,-0.00281754128074615,0.00571396044133945
ds005540,eegnet_lr1e3,eeg_added_population,4,2,0.0037609616253615474,-0.015605714305151796,0.02312763755587489,1986,-0.012832634043192417,0.020354557293915512,0.0004662922121581037,-0.004953090106638812,0.005885674530955019
ds005540,eegnet_lr1e3,eeg_added_population,4,4,6.53920866811597e-05,-0.009111110725793787,0.009241894899156106,1986,-0.016528203581872805,0.016658987755235125,-0.0004194616323289768,-0.002839450670591451,0.0020005274059334975
ds005540,eegnet_lr1e3,eeg_added_population,4,8,-0.0005511061050609278,-0.018186496699302626,0.01708428448918077,1986,-0.017144701773614893,0.016042489563493037,-0.0008136401055036102,-0.0042003477870190785,0.002573067576011858
ds005540,eegnet_lr1e3,eeg_added_population,8,0,0.0007572061557042662,-0.008419496086521198,0.009933908397929729,1986,-0.0158363895128497,0.01735080182425823,0.0005488973782609707,-0.0019320711092780953,0.0030298658658000368
ds005540,eegnet_lr1e3,eeg_added_population,8,1,-0.0018061548218973322,-0.00796047492854901,0.004348165284754347,1986,-0.018399750490451297,0.014787440846656633,0.00144820958029665,-0.00281754128074615,0.00571396044133945
ds005540,eegnet_lr1e3,eeg_added_population,8,2,0.0037609616253615474,-0.015605714305151796,0.02312763755587489,1986,-0.012832634043192417,0.020354557293915512,0.0004662922121581037,-0.004953090106638812,0.005885674530955019
ds005540,eegnet_lr1e3,eeg_added_population,8,4,6.53920866811597e-05,-0.009111110725793787,0.009241894899156106,1986,-0.016528203581872805,0.016658987755235125,-0.0004194616323289768,-0.002839450670591451,0.0020005274059334975
ds005540,eegnet_lr1e3,eeg_added_population,8,8,-0.0005511061050609278,-0.018186496699302626,0.01708428448918077,1986,-0.017144701773614893,0.016042489563493037,-0.0008136401055036102,-0.0042003477870190785,0.002573067576011858
ds005540,eegnet_lr1e3,eeg_added_matched_calibration,0,0,0.0007572061557042662,-0.008419496086521198,0.009933908397929729,1986,-0.01622102348584349,0.017735435797252022,0.0005488973782609707,-0.0019320711092780953,0.0030298658658000368
ds005540,eegnet_lr1e3,eeg_added_matched_calibration,0,1,-0.0018061548218973322,-0.00796047492854901,0.004348165284754347,1986,-0.01878438446344509,0.015172074819650425,0.00144820958029665,-0.00281754128074615,0.00571396044133945
ds005540,eegnet_lr1e3,eeg_added_matched_calibration,0,2,0.0037609616253615474,-0.015605714305151796,0.02312763755587489,1986,-0.01321726801618621,0.020739191266909304,0.0004662922121581037,-0.004953090106638812,0.005885674530955019
ds005540,eegnet_lr1e3,eeg_added_matched_calibration,0,4,6.53920866811597e-05,-0.009111110725793787,0.009241894899156106,1986,-0.016912837554866597,0.017043621728228917,-0.0004194616323289768,-0.002839450670591451,0.0020005274059334975
ds005540,eegnet_lr1e3,eeg_added_matched_calibration,0,8,-0.0005511061050609278,-0.018186496699302626,0.01708428448918077,1986,-0.017529335746608685,0.01642712353648683,-0.0008136401055036102,-0.0042003477870190785,0.002573067576011858
ds005540,eegnet_lr1e3,eeg_added_matched_calibration,1,0,0.00014688487960630436,-0.006980385018548586,0.0072741547777611945,1986,-0.016831344761941452,0.01712511452115406,0.00042733547643469816,-0.0009322143649924907,0.001786885317861887
ds005540,eegnet_lr1e3,eeg_added_matched_calibration,1,1,-0.0006308313869726745,-0.003613250658590137,0.002351587884644788,1986,-0.01760906102852043,0.016347398254575082,0.0002029241531292525,-0.001100597114892541,0.001506445421151046
ds005540,eegnet_lr1e3,eeg_added_matched_calibration,1,2,-0.0017154452273442922,-0.014196147285176732,0.010765256830488148,1986,-0.01869367486889205,0.015262784414203465,0.0006722982512791797,-0.0020415695487971007,0.00338616605135546
ds005540,eegnet_lr1e3,eeg_added_matched_calibration,1,4,-0.0009736565544602449,-0.007536396448002146,0.005589083339081656,1986,-0.017951886196008,0.016004573087087512,-8.870235838287499e-05,-0.0022267257306449063,0.0020493210138791563
ds005540,eegnet_lr1e3,eeg_added_matched_calibration,1,8,0.002026847773689,-0.00940846576181686,0.013462161309194861,1986,-0.014951381867858757,0.019005077415236757,-0.0005750691363144711,-0.003304455184323096,0.0021543169116941536
ds005540,eegnet_lr1e3,eeg_added_matched_calibration,2,0,0.0016230837906606732,-0.0054555889853383464,0.008701756566659693,1986,-0.015355145850887084,0.01860131343220843,-0.00027037458352721644,-0.0013280848443455989,0.000787335677291166
ds005540,eegnet_lr1e3,eeg_added_matched_calibration,2,1,0.0005648383852119299,-0.0021128803505908395,0.003242557121014699,1986,-0.016413391256335827,0.017543068026759687,-0.00020323671671718113,-0.0011461891020500407,0.0007397156686156784
ds005540,eegnet_lr1e3,eeg_added_matched_calibration,2,2,0.0009669210707204945,-0.015419075579010583,0.017352917720451572,1986,-0.016011308570827262,0.01794515071226825,0.0014695506814080272,-0.002271786640332211,0.005210888003148265
ds005540,eegnet_lr1e3,eeg_added_matched_calibration,2,4,0.000968907657645901,-0.005098116306987361,0.007035931622279163,1986,-0.016009321983901856,0.017947137299193658,-0.00013887026449227458,-0.0017961139626141126,0.0015183734336295634
ds005540,eegnet_lr1e3,eeg_added_matched_calibration,2,8,0.0015457613790088587,-0.008700658786848083,0.0117921815448658,1986,-0.015432468262538898,0.018523991020556616,-0.0004370662924293167,-0.002490862729266728,0.0016167301444080947
ds005540,eegnet_lr1e3,eeg_added_matched_calibration,4,0,0.002168235523620665,-0.004881922897266452,0.009218393944507783,1986,-0.014809994117927092,0.019146465165168422,-2.5742021099006696e-05,-0.0011827512152756854,0.001131267173077672
ds005540,eegnet_lr1e3,eeg_added_matched_calibration,4,1,0.00010148070374083051,-0.0027500997852881533,0.0029530611927698143,1986,-0.016876748937806926,0.017079710345288587,0.00010398297566660553,-0.0009470681216177574,0.0011550340729509685
ds005540,eegnet_lr1e3,eeg_added_matched_calibration,4,2,-0.0009361872526547077,-0.015905688093291497,0.014033313587982082,1986,-0.017914416894202465,0.01604204238889305,0.0009704542908353653,-0.002284935578509204,0.004225844160179935
ds005540,eegnet_lr1e3,eeg_added_matched_calibration,4,4,0.0007770240779371163,-0.005042212934713072,0.006596261090587304,1986,-0.01620120556361064,0.017755253719484873,0.00017548664602351494,-0.0014939789265451975,0.0018449522185922274
ds005540,eegnet_lr1e3,eeg_added_matched_calibration,4,8,0.0012604690164239596,-0.0076300246001848576,0.010150962633032777,1986,-0.015717760625123797,0.018238698657971716,-0.00020758067124576618,-0.0021070573507060673,0.0016918960082145352
ds005540,eegnet_lr1e3,eeg_added_matched_calibration,8,0,0.0015167681550978251,-0.005345723701323527,0.008379260011519177,1986,-0.015461461486449932,0.018494997796645582,0.00012863374723828813,-0.0010931845077391047,0.001350452002215681
ds005540,eegnet_lr1e3,eeg_added_matched_calibration,8,1,8.282459003444709e-05,-0.002735683514467981,0.002901332694536875,1986,-0.01689540505151331,0.017061054231582204,-0.00020453866758651795,-0.0012911839296013941,0.0008821065944283582
ds005540,eegnet_lr1e3,eeg_added_matched_calibration,8,2,-0.0005086230644320566,-0.01347481346952738,0.012457567340663266,1986,-0.017486852705979813,0.0164696065771157,0.00033485695807561333,-0.0023832294852907847,0.0030529434014420114
ds005540,eegnet_lr1e3,eeg_added_matched_calibration,8,4,0.0005775800955115651,-0.005359466533689769,0.006514626724712899,1986,-0.016400649546036192,0.017555809737059322,0.0002389890190438726,-0.0011427303859016713,0.0016207084239894165
ds005540,eegnet_lr1e3,eeg_added_matched_calibration,8,8,0.00019719095184855817,-0.00793590493540325,0.008330286839100367,1986,-0.0167810386896992,0.017175420593396315,-9.409757413439412e-05,-0.002069323982440457,0.001881128834171669
ds005540,eegnet_lr1e3,prior_calibration_gain,0,0,0.0,0.0,0.0,1986,-0.13000490803182488,0.13000490803182488,0.0,0.0,0.0
ds005540,eegnet_lr1e3,prior_calibration_gain,0,1,0.0,0.0,0.0,1986,-0.13000490803182488,0.13000490803182488,0.0,0.0,0.0
ds005540,eegnet_lr1e3,prior_calibration_gain,0,2,0.0,0.0,0.0,1986,-0.13000490803182488,0.13000490803182488,0.0,0.0,0.0
ds005540,eegnet_lr1e3,prior_calibration_gain,0,4,0.0,0.0,0.0,1986,-0.13000490803182488,0.13000490803182488,0.0,0.0,0.0
ds005540,eegnet_lr1e3,prior_calibration_gain,0,8,0.0,0.0,0.0,1986,-0.13000490803182488,0.13000490803182488,0.0,0.0,0.0
ds005540,eegnet_lr1e3,prior_calibration_gain,1,0,0.09924916678455967,-0.038392914972511905,0.23689124854163124,1986,-0.03075574124726521,0.22925407481638455,0.013869217618048851,-0.024934478173628385,0.05267291340972609
ds005540,eegnet_lr1e3,prior_calibration_gain,1,1,0.007320691617847153,-0.09442434874205179,0.10906573197774609,1986,-0.12268421641397773,0.13732559964967203,0.021038472449164874,-0.01610068114599518,0.05817762604432493
ds005540,eegnet_lr1e3,prior_calibration_gain,1,2,0.01966975066566512,-0.09442333802072188,0.13376283935205213,1986,-0.11033515736615976,0.14967465869749,0.016725891398225945,-0.020242634276105106,0.053694417072556996
ds005540,eegnet_lr1e3,prior_calibration_gain,1,4,-0.003166041337853809,-0.1260930752480246,0.11976099257231697,1986,-0.1331709493696787,0.12683886669397107,0.018836835976674626,-0.015797377247703026,0.05347104920105228
ds005540,eegnet_lr1e3,prior_calibration_gain,1,8,-0.01216530107098246,-0.1433970983363021,0.11906649619433718,1986,-0.14217020910280734,0.11783960696084242,0.022468361818147348,-0.013554814333583104,0.0584915379698778
ds005540,eegnet_lr1e3,prior_calibration_gain,2,0,0.12243970917015638,-0.007037697768704068,0.25191711610901685,1986,-0.007565198861668496,0.25244461720198125,0.008396654905662798,-0.02615868230926159,0.04295199212058719
ds005540,eegnet_lr1e3,prior_calibration_gain,2,1,0.02772596606002453,-0.06963829664223901,0.1250902287622881,1986,-0.10227894197180035,0.1577308740918494,0.014084899912897297,-0.017851172214647965,0.04602097204044256
ds005540,eegnet_lr1e3,prior_calibration_gain,2,2,0.0438297071442435,-0.06252025254911156,0.15017966683759856,1986,-0.08617520088758138,0.17383461517606838,0.010822605025806564,-0.02071276769033912,0.04235797774195225
ds005540,eegnet_lr1e3,prior_calibration_gain,2,4,0.026747379406672322,-0.09067909225136807,0.1441738510647127,1986,-0.10325752862515256,0.1567522874384972,0.008636541356511762,-0.023906194319779306,0.04117927703280283
ds005540,eegnet_lr1e3,prior_calibration_gain,2,8,0.021519841697927977,-0.10757589886916766,0.1506155822650236,1986,-0.1084850663338969,0.15152474972975286,0.011150206345866082,-0.022759430309677836,0.04505984300141
ds005540,eegnet_lr1e3,prior_calibration_gain,4,0,0.14312063768089678,0.019143130966025934,0.2670981443957676,1986,0.0131157296490719,0.27312554571272163,-0.0017181257869548772,-0.030097780903535667,0.026661529329625913
ds005540,eegnet_lr1e3,prior_calibration_gain,4,1,0.05156830668706086,-0.03896531881793025,0.14210193219205197,1986,-0.07843660134476402,0.18157321471888574,0.008132733610419496,-0.020796263565504576,0.03706173078634357
ds005540,eegnet_lr1e3,prior_calibration_gain,4,2,0.06696943994038806,-0.034049605394887605,0.16798848527566373,1986,-0.06303546809143681,0.19697434797221294,0.003995037048384165,-0.02469185263371094,0.032681926730479274
ds005540,eegnet_lr1e3,prior_calibration_gain,4,4,0.05563850424635036,-0.05603208822088951,0.16730909671359023,1986,-0.07436640378547452,0.18564341227817524,0.0011026828733629868,-0.027633982718530566,0.02983934846525654
ds005540,eegnet_lr1e3,prior_calibration_gain,4,8,0.05300629446510585,-0.06550169123121051,0.17151428016142223,1986,-0.07699861356671903,0.18301120249693073,0.0016867455684142774,-0.028321471813788163,0.03169496295061672
ds005540,eegnet_lr1e3,prior_calibration_gain,8,0,0.16339021787526942,0.031213197436145174,0.2955672383143937,1986,0.03338530984344454,0.29339512590709427,-0.007892811842705794,-0.03569091230128162,0.019905288615870036
ds005540,eegnet_lr1e3,prior_calibration_gain,8,1,0.06803443233513323,-0.026554710109692,0.16262357477995848,1986,-0.061970475696691646,0.1980393403669581,0.0026709508166692375,-0.022780972303370988,0.028122873936709463
ds005540,eegnet_lr1e3,prior_calibration_gain,8,2,0.0870097830585273,-0.0179535631822776,0.1919731292993322,1986,-0.04299512497329758,0.21701469109035218,-0.0011057967595128337,-0.026699949547626212,0.024488356028600545
ds005540,eegnet_lr1e3,prior_calibration_gain,8,4,0.08351550794294255,-0.031043598707425152,0.19807461459331024,1986,-0.04648940008888233,0.21352041597476742,-0.005033919105614126,-0.03006574320705804,0.019997904995829787
ds005540,eegnet_lr1e3,prior_calibration_gain,8,8,0.08741437508071326,-0.032853032618781586,0.2076817827802081,1986,-0.04259053295111162,0.21741928311253814,-0.006419678779287369,-0.03295479558585255,0.02011543802727781
ds005540,eegnet_lr1e3,combined_calibration_gain,0,0,0.0,0.0,0.0,1986,-0.12973990069267827,0.12973990069267827,0.0,0.0,0.0
ds005540,eegnet_lr1e3,combined_calibration_gain,0,1,0.0,0.0,0.0,1986,-0.12973990069267827,0.12973990069267827,0.0,0.0,0.0
ds005540,eegnet_lr1e3,combined_calibration_gain,0,2,0.0,0.0,0.0,1986,-0.12973990069267827,0.12973990069267827,0.0,0.0,0.0
ds005540,eegnet_lr1e3,combined_calibration_gain,0,4,0.0,0.0,0.0,1986,-0.12973990069267827,0.12973990069267827,0.0,0.0,0.0
ds005540,eegnet_lr1e3,combined_calibration_gain,0,8,0.0,0.0,0.0,1986,-0.12973990069267827,0.12973990069267827,0.0,0.0,0.0
ds005540,eegnet_lr1e3,combined_calibration_gain,1,0,0.0986388455084617,-0.03866505680835401,0.2359427478252774,1986,-0.03110105518421656,0.22837874620113996,0.013747655716222579,-0.024416567700640657,0.051911879133085814
ds005540,eegnet_lr1e3,combined_calibration_gain,1,1,0.00849601505277181,-0.09293704388538161,0.10992907399092523,1986,-0.12124388563990646,0.13823591574545008,0.019793187021997477,-0.016944915773313078,0.05653128981730803
ds005540,eegnet_lr1e3,combined_calibration_gain,1,2,0.01419334381295928,-0.09835125464814531,0.12673794227406388,1986,-0.11554655687971899,0.14393324450563755,0.01693189743734702,-0.019541091165231346,0.05340488603992539
ds005540,eegnet_lr1e3,combined_calibration_gain,1,4,-0.004205089978995213,-0.12690567016658694,0.1184954902085965,1986,-0.13394499067167348,0.12553481071368305,0.019167595250620728,-0.015723334017811348,0.054058524519052804
ds005540,eegnet_lr1e3,combined_calibration_gain,1,8,-0.009587347192232532,-0.14206167533385658,0.12288698094939152,1986,-0.1393272478849108,0.12015255350044574,0.022706932787336487,-0.013718127864692432,0.059131993439365406
ds005540,eegnet_lr1e3,combined_calibration_gain,2,0,0.12330558680511279,-0.005569491605267277,0.25218066521549287,1986,-0.0064343138875654765,0.25304548749779104,0.007577382943874611,-0.02596359721456578,0.041118363102315
ds005540,eegnet_lr1e3,combined_calibration_gain,2,1,0.030096959267133794,-0.06654485516379527,0.12673877369806286,1986,-0.09964294142554447,0.15983685995981206,0.012433453615883466,-0.018358280379187564,0.043225187610954494
ds005540,eegnet_lr1e3,combined_calibration_gain,2,2,0.04103566658960245,-0.0633852590949764,0.14545659227418128,1986,-0.08870423410307582,0.17077556728228072,0.011825863495056488,-0.019826685745287675,0.04347841273540065
ds005540,eegnet_lr1e3,combined_calibration_gain,2,4,0.027650894977637064,-0.08895363248659452,0.14425542244186865,1986,-0.1020890057150412,0.15739079567031533,0.008917132724348464,-0.023474684571991297,0.041308950020688226
ds005540,eegnet_lr1e3,combined_calibration_gain,2,8,0.023616709181997764,-0.107683496874376,0.15491691523837153,1986,-0.1061231915106805,0.15335660987467603,0.011526780158940375,-0.02264649537670086,0.04570005569458161
ds005540,eegnet_lr1e3,combined_calibration_gain,4,0,0.14453166704881318,0.020608524266777464,0.2684548098308489,1986,0.014791766356134911,0.2742715677414914,-0.0022927651863148546,-0.030072772995632015,0.025487242623002306
ds005540,eegnet_lr1e3,combined_calibration_gain,4,1,0.053475942212699024,-0.036807429073888565,0.1437593134992866,1986,-0.07626395847997924,0.1832158429053773,0.006788507005789451,-0.021637855143070116,0.03521486915464902
ds005540,eegnet_lr1e3,combined_calibration_gain,4,2,0.06227229106237181,-0.036288459815084426,0.16083304193982806,1986,-0.06746760963030646,0.19201219175505008,0.004499199127061426,-0.024262712199585854,0.033261110453708706
ds005540,eegnet_lr1e3,combined_calibration_gain,4,4,0.05635013623760632,-0.05510271631468207,0.1678029887898947,1986,-0.07338976445507195,0.18609003693028459,0.0016976311517154785,-0.026967624574168222,0.03036288687759918
ds005540,eegnet_lr1e3,combined_calibration_gain,4,8,0.05481786958659074,-0.06639634425762643,0.1760320834308079,1986,-0.07492203110608753,0.184557770279269,0.0022928050026721214,-0.027925643459514315,0.03251125346485856
ds005540,eegnet_lr1e3,combined_calibration_gain,8,0,0.16414977987466298,0.03172184057821867,0.2965777191711073,1986,0.03440987918198471,0.2938896805673412,-0.008313075473728476,-0.03573972234830962,0.01911357140085267
ds005540,eegnet_lr1e3,combined_calibration_gain,8,1,0.06992341174706501,-0.02429171136044471,0.16413853485457475,1986,-0.059816488945613255,0.19966331243974328,0.0010182025687860696,-0.023858474740750278,0.025894879878322417
ds005540,eegnet_lr1e3,combined_calibration_gain,8,2,0.0827401983687337,-0.018721059772994805,0.1842014565104622,1986,-0.04699970232394457,0.21248009906141196,-0.001237232013595324,-0.025936655936662733,0.023462191909472085
ds005540,eegnet_lr1e3,combined_calibration_gain,8,4,0.08402769595177295,-0.030839650366756635,0.19889504227030252,1986,-0.045712204740905316,0.21376759664445122,-0.004375468454241277,-0.02957708619488409,0.020826149286401537
ds005540,eegnet_lr1e3,combined_calibration_gain,8,8,0.08816267213762274,-0.03508772216778244,0.21141306644302793,1986,-0.04157722855505552,0.217902572830301,-0.005700136247918153,-0.032632254085817866,0.02123198158998156
ds005540,eegnet_lr1e3,total_minus_uncalibrated_prior,0,0,0.0007572061557042662,-0.008419496086521198,0.009933908397929729,1986,-0.1294616613713984,0.13097607368280692,0.0005488973782609707,-0.0019320711092780953,0.0030298658658000368
ds005540,eegnet_lr1e3,total_minus_uncalibrated_prior,0,1,-0.0018061548218973322,-0.00796047492854901,0.004348165284754347,1986,-0.132025022349,0.12841271270520532,0.00144820958029665,-0.00281754128074615,0.00571396044133945
ds005540,eegnet_lr1e3,total_minus_uncalibrated_prior,0,2,0.0037609616253615474,-0.015605714305151796,0.02312763755587489,1986,-0.1264579059017411,0.1339798291524642,0.0004662922121581037,-0.004953090106638812,0.005885674530955019
ds005540,eegnet_lr1e3,total_minus_uncalibrated_prior,0,4,6.53920866811597e-05,-0.009111110725793787,0.009241894899156106,1986,-0.1301534754404215,0.13028425961378381,-0.0004194616323289768,-0.002839450670591451,0.0020005274059334975
ds005540,eegnet_lr1e3,total_minus_uncalibrated_prior,0,8,-0.0005511061050609278,-0.018186496699302626,0.01708428448918077,1986,-0.13076997363216358,0.12966776142204173,-0.0008136401055036102,-0.0042003477870190785,0.002573067576011858
ds005540,eegnet_lr1e3,total_minus_uncalibrated_prior,1,0,0.09939605166416597,-0.03757682523596857,0.23636892856430053,1986,-0.030822815862936684,0.22961491919126864,0.01429655309448355,-0.02447801581397467,0.05307112200294177
ds005540,eegnet_lr1e3,total_minus_uncalibrated_prior,1,1,0.006689860230874478,-0.09546025246563355,0.10883997292738251,1986,-0.12352900729622818,0.13690872775797713,0.021241396602294127,-0.016112107239689887,0.05859490044427814
ds005540,eegnet_lr1e3,total_minus_uncalibrated_prior,1,2,0.017954305438320828,-0.09627881603103279,0.13218742690767443,1986,-0.11226456208878183,0.14817317296542348,0.017398189649505125,-0.01960295330101025,0.0543993326000205
ds005540,eegnet_lr1e3,total_minus_uncalibrated_prior,1,4,-0.004139697892314054,-0.12767085970644268,0.11939146392181457,1986,-0.1343585654194167,0.1260791696347886,0.01874813361829175,-0.015993272491772258,0.05348953972835576
ds005540,eegnet_lr1e3,total_minus_uncalibrated_prior,1,8,-0.01013845329729346,-0.14157418403483074,0.12129727744024382,1986,-0.14035732082439611,0.1200804142298092,0.021893292681832877,-0.014174956755121912,0.057961542118787665
ds005540,eegnet_lr1e3,total_minus_uncalibrated_prior,2,0,0.12406279296081706,-0.005925796717850998,0.2540513826394851,1986,-0.006156074566285599,0.2542816604879197,0.008126280322135582,-0.026311528578690728,0.04256408922296189
ds005540,eegnet_lr1e3,total_minus_uncalibrated_prior,2,1,0.02829080444523646,-0.06927906765139015,0.12586067654186306,1986,-0.1019280630818662,0.15850967197233912,0.013881663196180116,-0.01793449121625841,0.04569781760861864
ds005540,eegnet_lr1e3,total_minus_uncalibrated_prior,2,2,0.044796628214963996,-0.06278653398334569,0.15237979041327368,1986,-0.08542223931213866,0.17501549574206665,0.012292155707214591,-0.01980368535164531,0.044387996766074495
ds005540,eegnet_lr1e3,total_minus_uncalibrated_prior,2,4,0.027716287064318224,-0.09010270254746268,0.1455352766760991,1986,-0.10250258046278443,0.15793515459142088,0.008497671092019488,-0.02386620278070807,0.040861544964747046
ds005540,eegnet_lr1e3,total_minus_uncalibrated_prior,2,8,0.023065603076936836,-0.10685652365007317,0.15298772980394684,1986,-0.10715326445016582,0.1532844706040395,0.010713140053436765,-0.023133644983960817,0.04455992509083435
ds005540,eegnet_lr1e3,total_minus_uncalibrated_prior,4,0,0.14528887320451744,0.021268568287416523,0.26930917812161836,1986,0.015070005677414788,0.2755077407316201,-0.0017438678080538839,-0.030219361127341884,0.026731625511234116
ds005540,eegnet_lr1e3,total_minus_uncalibrated_prior,4,1,0.05166978739080169,-0.03908079216212708,0.14242036694373045,1986,-0.07854908013630096,0.18188865491790435,0.008236716586086101,-0.020864449529565985,0.037337882701738184
ds005540,eegnet_lr1e3,total_minus_uncalibrated_prior,4,2,0.06603325268773336,-0.038622696698636605,0.17068920207410332,1986,-0.0641856148393693,0.196252120214836,0.00496549133921953,-0.024344865976918408,0.03427584865535747
ds005540,eegnet_lr1e3,total_minus_uncalibrated_prior,4,4,0.05641552832428748,-0.05573176486520544,0.16856282151378038,1986,-0.07380333920281518,0.18663439585139013,0.0012781695193865017,-0.027486166010077036,0.03004250504885004
ds005540,eegnet_lr1e3,total_minus_uncalibrated_prior,4,8,0.05426676348152981,-0.06483793242210431,0.17337145938516393,1986,-0.07595210404557284,0.18448563100863247,0.0014791648971685112,-0.02864745666692087,0.03160578646125789
ds005540,eegnet_lr1e3,total_minus_uncalibrated_prior,8,0,0.16490698603036724,0.032937442295078195,0.29687652976565626,1986,0.03468811850326459,0.2951258535574699,-0.0077641780954675055,-0.035715626563878555,0.020187270372943548
ds005540,eegnet_lr1e3,total_minus_uncalibrated_prior,8,1,0.06811725692516768,-0.026552184624928837,0.1627866984752642,1986,-0.062101610601934976,0.19833612445227033,0.0024664121490827196,-0.023054625662642308,0.027987449960807747
ds005540,eegnet_lr1e3,total_minus_uncalibrated_prior,8,2,0.08650115999409524,-0.02142310900773363,0.19442542899592413,1986,-0.04371770753300741,0.2167200275211979,-0.0007709398014372204,-0.026534993584900364,0.024993113982025923
ds005540,eegnet_lr1e3,total_minus_uncalibrated_prior,8,4,0.08409308803845411,-0.031046149759012875,0.1992323258359211,1986,-0.046125779488648544,0.21431195556555677,-0.004794930086570254,-0.029907202926436362,0.020317342753295855
ds005540,eegnet_lr1e3,total_minus_uncalibrated_prior,8,8,0.08761156603256182,-0.03339813560818375,0.20862126767330738,1986,-0.04260730149454084,0.21783043355966447,-0.006513776353421763,-0.033259907650262384,0.020232354943418858
ds005540,eegnet_lr1e4,eeg_added_population,0,0,0.0072701583304435975,-0.004910026702205055,0.01945034336309225,1986,-0.0018690195465226158,0.01640933620740981,-0.0006281802335761089,-0.002194595460177566,0.0009382349930253482
ds005540,eegnet_lr1e4,eeg_added_population,0,1,0.00018519885474915787,-0.002198311594420982,0.002568709303919298,1986,-0.008953979022217055,0.009324376731715371,0.0001512930346591057,-0.0005512367080373575,0.0008538227773555689
ds005540,eegnet_lr1e4,eeg_added_population,0,2,0.001479423591160156,-0.0014241172693091877,0.0043829644516295,1986,-0.007659754285806057,0.01061860146812637,-0.0001402519002676461,-0.0008937888020215117,0.0006132850014862194
ds005540,eegnet_lr1e4,eeg_added_population,0,4,0.0006295305805430473,-0.0021805025239947633,0.003439563685080858,1986,-0.008509647296423166,0.00976870845750926,-1.3277027577501821e-05,-0.0006519284087837087,0.000625374353628705
ds005540,eegnet_lr1e4,eeg_added_population,0,8,0.0008422390250264478,-0.0020629704287042335,0.003747448478757129,1986,-0.008296938851939765,0.009981416901992661,-3.072976502577207e-05,-0.0006353240793149358,0.0005738645492633917
ds005540,eegnet_lr1e4,eeg_added_population,1,0,0.0072701583304435975,-0.004910026702205055,0.01945034336309225,1986,-0.0018690195465226158,0.01640933620740981,-0.0006281802335761089,-0.002194595460177566,0.0009382349930253482
ds005540,eegnet_lr1e4,eeg_added_population,1,1,0.00018519885474915787,-0.002198311594420982,0.002568709303919298,1986,-0.008953979022217055,0.009324376731715371,0.0001512930346591057,-0.0005512367080373575,0.0008538227773555689
ds005540,eegnet_lr1e4,eeg_added_population,1,2,0.001479423591160156,-0.0014241172693091877,0.0043829644516295,1986,-0.007659754285806057,0.01061860146812637,-0.0001402519002676461,-0.0008937888020215117,0.0006132850014862194
ds005540,eegnet_lr1e4,eeg_added_population,1,4,0.0006295305805430473,-0.0021805025239947633,0.003439563685080858,1986,-0.008509647296423166,0.00976870845750926,-1.3277027577501821e-05,-0.0006519284087837087,0.000625374353628705
ds005540,eegnet_lr1e4,eeg_added_population,1,8,0.0008422390250264478,-0.0020629704287042335,0.003747448478757129,1986,-0.008296938851939765,0.009981416901992661,-3.072976502577207e-05,-0.0006353240793149358,0.0005738645492633917
ds005540,eegnet_lr1e4,eeg_added_population,2,0,0.0072701583304435975,-0.004910026702205055,0.01945034336309225,1986,-0.0018690195465226158,0.01640933620740981,-0.0006281802335761089,-0.002194595460177566,0.0009382349930253482
ds005540,eegnet_lr1e4,eeg_added_population,2,1,0.00018519885474915787,-0.002198311594420982,0.002568709303919298,1986,-0.008953979022217055,0.009324376731715371,0.0001512930346591057,-0.0005512367080373575,0.0008538227773555689
ds005540,eegnet_lr1e4,eeg_added_population,2,2,0.001479423591160156,-0.0014241172693091877,0.0043829644516295,1986,-0.007659754285806057,0.01061860146812637,-0.0001402519002676461,-0.0008937888020215117,0.0006132850014862194
ds005540,eegnet_lr1e4,eeg_added_population,2,4,0.0006295305805430473,-0.002180502523994763,0.0034395636850808576,1986,-0.008509647296423166,0.00976870845750926,-1.3277027577501821e-05,-0.0006519284087837087,0.000625374353628705
ds005540,eegnet_lr1e4,eeg_added_population,2,8,0.0008422390250264478,-0.0020629704287042335,0.003747448478757129,1986,-0.008296938851939765,0.009981416901992661,-3.072976502577207e-05,-0.0006353240793149358,0.0005738645492633917
ds005540,eegnet_lr1e4,eeg_added_population,4,0,0.0072701583304435975,-0.004910026702205055,0.01945034336309225,1986,-0.0018690195465226158,0.01640933620740981,-0.0006281802335761089,-0.002194595460177566,0.0009382349930253482
ds005540,eegnet_lr1e4,eeg_added_population,4,1,0.00018519885474915787,-0.002198311594420982,0.002568709303919298,1986,-0.008953979022217055,0.009324376731715371,0.0001512930346591057,-0.0005512367080373575,0.0008538227773555689
ds005540,eegnet_lr1e4,eeg_added_population,4,2,0.001479423591160156,-0.0014241172693091877,0.0043829644516295,1986,-0.007659754285806057,0.01061860146812637,-0.0001402519002676461,-0.0008937888020215117,0.0006132850014862194
ds005540,eegnet_lr1e4,eeg_added_population,4,4,0.0006295305805430473,-0.0021805025239947633,0.003439563685080858,1986,-0.008509647296423166,0.00976870845750926,-1.3277027577501821e-05,-0.0006519284087837087,0.000625374353628705
ds005540,eegnet_lr1e4,eeg_added_population,4,8,0.0008422390250264478,-0.0020629704287042335,0.003747448478757129,1986,-0.008296938851939765,0.009981416901992661,-3.072976502577207e-05,-0.0006353240793149358,0.0005738645492633917
ds005540,eegnet_lr1e4,eeg_added_population,8,0,0.0072701583304435975,-0.004910026702205055,0.01945034336309225,1986,-0.0018690195465226158,0.01640933620740981,-0.0006281802335761089,-0.002194595460177566,0.0009382349930253482
ds005540,eegnet_lr1e4,eeg_added_population,8,1,0.00018519885474915787,-0.002198311594420982,0.002568709303919298,1986,-0.008953979022217055,0.009324376731715371,0.0001512930346591057,-0.0005512367080373577,0.0008538227773555691
ds005540,eegnet_lr1e4,eeg_added_population,8,2,0.001479423591160156,-0.0014241172693091877,0.0043829644516295,1986,-0.007659754285806057,0.01061860146812637,-0.0001402519002676461,-0.0008937888020215117,0.0006132850014862194
ds005540,eegnet_lr1e4,eeg_added_population,8,4,0.0006295305805430473,-0.0021805025239947633,0.003439563685080858,1986,-0.008509647296423166,0.00976870845750926,-1.3277027577501821e-05,-0.0006519284087837087,0.000625374353628705
ds005540,eegnet_lr1e4,eeg_added_population,8,8,0.0008422390250264478,-0.0020629704287042335,0.003747448478757129,1986,-0.008296938851939765,0.009981416901992661,-3.072976502577207e-05,-0.0006353240793149358,0.0005738645492633917
ds005540,eegnet_lr1e4,eeg_added_matched_calibration,0,0,0.0072701583304435975,-0.004910026702205055,0.01945034336309225,1986,-0.0030043247593402643,0.01754464142022746,-0.0006281802335761089,-0.002194595460177566,0.0009382349930253482
ds005540,eegnet_lr1e4,eeg_added_matched_calibration,0,1,0.00018519885474915787,-0.002198311594420982,0.002568709303919298,1986,-0.010089284235034704,0.01045968194453302,0.0001512930346591057,-0.0005512367080373575,0.0008538227773555689
ds005540,eegnet_lr1e4,eeg_added_matched_calibration,0,2,0.001479423591160156,-0.0014241172693091877,0.0043829644516295,1986,-0.008795059498623706,0.011753906680944018,-0.0001402519002676461,-0.0008937888020215117,0.0006132850014862194
ds005540,eegnet_lr1e4,eeg_added_matched_calibration,0,4,0.0006295305805430473,-0.0021805025239947633,0.003439563685080858,1986,-0.009644952509240814,0.01090401367032691,-1.3277027577501821e-05,-0.0006519284087837087,0.000625374353628705
ds005540,eegnet_lr1e4,eeg_added_matched_calibration,0,8,0.0008422390250264478,-0.0020629704287042335,0.003747448478757129,1986,-0.009432244064757414,0.01111672211481031,-3.072976502577207e-05,-0.0006353240793149358,0.0005738645492633917
ds005540,eegnet_lr1e4,eeg_added_matched_calibration,1,0,0.002367232299977498,-0.007317620168927081,0.012052084768882077,1986,-0.007907250789806364,0.01264171538976136,-0.00020824453865006531,-0.001635852882231953,0.0012193638049318224
ds005540,eegnet_lr1e4,eeg_added_matched_calibration,1,1,-0.0003001069301253878,-0.002544905838858955,0.0019446919786081794,1986,-0.01057459001990925,0.009974376159658474,4.790190806083783e-05,-0.0006741472719472991,0.0007699510880689748
ds005540,eegnet_lr1e4,eeg_added_matched_calibration,1,2,-0.0001835116220895716,-0.0031063257140010814,0.002739302469821938,1986,-0.010457994711873433,0.01009097146769429,2.711348572334571e-05,-0.0009442557889854294,0.0009984827604321207
ds005540,eegnet_lr1e4,eeg_added_matched_calibration,1,4,-0.00026049547658618666,-0.0031423616044562444,0.002621370651283871,1986,-0.010534978566370048,0.010013987613197675,-2.5128652165029575e-05,-0.0008353152159678639,0.0007850579116378048
ds005540,eegnet_lr1e4,eeg_added_matched_calibration,1,8,-0.0005612377856012429,-0.0036229901677232858,0.0025005145965208,1986,-0.010835720875385105,0.009713245304182619,0.0001523312629295448,-0.0006508658082675987,0.0009555283341266883
ds005540,eegnet_lr1e4,eeg_added_matched_calibration,2,0,0.006465055931965752,-0.005258354086844986,0.01818846595077649,1986,-0.00380942715781811,0.016739539021749614,-0.0005664147919919871,-0.0025920776407019185,0.0014592480567179444
ds005540,eegnet_lr1e4,eeg_added_matched_calibration,2,1,0.0007308503211438389,-0.001313172081083135,0.0027748727233708127,1986,-0.009543632768640023,0.0110053334109277,-0.00020827758595820534,-0.000828241361210311,0.0004116861892939003
ds005540,eegnet_lr1e4,eeg_added_matched_calibration,2,2,0.0014614224014324884,-0.001324829371127116,0.004247674173992093,1986,-0.008813060688351373,0.01173590549121635,-0.00024235412644663112,-0.0010946689669904014,0.0006099607140971393
ds005540,eegnet_lr1e4,eeg_added_matched_calibration,2,4,0.0009286383141456911,-0.0018862961153012026,0.0037435727435925848,1986,-0.00934584477563817,0.011203121403929553,-0.00013987407339197122,-0.0008661693099510667,0.0005864211631671243
ds005540,eegnet_lr1e4,eeg_added_matched_calibration,2,8,0.0008887062911440147,-0.0019274368385088603,0.0037048494207968896,1986,-0.009385776798639847,0.011163189380927876,-0.00019118662818745635,-0.0009233242905022709,0.0005409510341273582
ds005540,eegnet_lr1e4,eeg_added_matched_calibration,4,0,0.0054428212705689705,-0.005268245922806088,0.016153888463944027,1986,-0.004831661819214891,0.015717304360352832,-0.0006544293980544347,-0.0021833545613844964,0.0008744957652756268
ds005540,eegnet_lr1e4,eeg_added_matched_calibration,4,1,0.000225785530969691,-0.0015421195805521472,0.001993690642491529,1986,-0.01004869755881417,0.010500268620753553,4.9178116719950093e-05,-0.0005006676737199016,0.0005990239071598018
ds005540,eegnet_lr1e4,eeg_added_matched_calibration,4,2,0.0007959294378839243,-0.0015979427012852098,0.0031898015770530585,1986,-0.009478553651899937,0.011070412527667786,-3.5375921332347904e-05,-0.0007442350901199084,0.0006734832474552126
ds005540,eegnet_lr1e4,eeg_added_matched_calibration,4,4,0.0003911262483632383,-0.0019245511507277736,0.00270680364745425,1986,-0.009883356841420624,0.0106656093381471,-2.208088510369244e-06,-0.0005732579813238946,0.0005688418043031561
ds005540,eegnet_lr1e4,eeg_added_matched_calibration,4,8,0.0002996611313028641,-0.0020220808628704868,0.002621403125476215,1986,-0.009974821958480998,0.010574144221086726,5.318454968103459e-05,-0.0005312439812168524,0.0006376130805789216
ds005540,eegnet_lr1e4,eeg_added_matched_calibration,8,0,0.004166170733685637,-0.005317075494991129,0.013649416962362403,1986,-0.006108312356098225,0.014440653823469499,-0.000467550064449318,-0.0017217303467353692,0.0007866302178367332
ds005540,eegnet_lr1e4,eeg_added_matched_calibration,8,1,0.0004631249823088268,-0.0013933803467567187,0.002319630311374372,1986,-0.009811358107475035,0.010737608072092689,-2.3209127404860697e-05,-0.0005926919972271106,0.0005462737424173892
ds005540,eegnet_lr1e4,eeg_added_matched_calibration,8,2,0.000965825301639911,-0.0014713094522589986,0.0034029600555388205,1986,-0.00930865778814395,0.011240308391423773,-8.040653761887118e-05,-0.0007285677707284749,0.0005677546954907326
ds005540,eegnet_lr1e4,eeg_added_matched_calibration,8,4,0.0007331445716749485,-0.0015457083076664464,0.0030119974510163434,1986,-0.009541338518108913,0.01100762766145881,1.5436983766631274e-05,-0.0005196349089981429,0.0005505088765314054
ds005540,eegnet_lr1e4,eeg_added_matched_calibration,8,8,0.0006425976185500115,-0.001638829709919958,0.002924024947019981,1986,-0.00963188547123385,0.010917080708333873,-6.13170750837777e-05,-0.000603149306333757,0.00048051515616620154
ds005540,eegnet_lr1e4,prior_calibration_gain,0,0,0.0,0.0,0.0,1986,-0.13000490803182488,0.13000490803182488,0.0,0.0,0.0
ds005540,eegnet_lr1e4,prior_calibration_gain,0,1,0.0,0.0,0.0,1986,-0.13000490803182488,0.13000490803182488,0.0,0.0,0.0
ds005540,eegnet_lr1e4,prior_calibration_gain,0,2,0.0,0.0,0.0,1986,-0.13000490803182488,0.13000490803182488,0.0,0.0,0.0
ds005540,eegnet_lr1e4,prior_calibration_gain,0,4,0.0,0.0,0.0,1986,-0.13000490803182488,0.13000490803182488,0.0,0.0,0.0
ds005540,eegnet_lr1e4,prior_calibration_gain,0,8,0.0,0.0,0.0,1986,-0.13000490803182488,0.13000490803182488,0.0,0.0,0.0
ds005540,eegnet_lr1e4,prior_calibration_gain,1,0,0.09924916678455967,-0.038392914972511905,0.23689124854163124,1986,-0.03075574124726521,0.22925407481638455,0.013869217618048851,-0.024934478173628385,0.05267291340972609
ds005540,eegnet_lr1e4,prior_calibration_gain,1,1,0.007320691617847153,-0.09442434874205179,0.10906573197774609,1986,-0.12268421641397773,0.13732559964967203,0.021038472449164874,-0.01610068114599518,0.05817762604432493
ds005540,eegnet_lr1e4,prior_calibration_gain,1,2,0.01966975066566512,-0.09442333802072188,0.13376283935205213,1986,-0.11033515736615976,0.14967465869749,0.016725891398225945,-0.020242634276105106,0.053694417072556996
ds005540,eegnet_lr1e4,prior_calibration_gain,1,4,-0.003166041337853809,-0.1260930752480246,0.11976099257231697,1986,-0.1331709493696787,0.12683886669397107,0.018836835976674626,-0.015797377247703026,0.05347104920105228
ds005540,eegnet_lr1e4,prior_calibration_gain,1,8,-0.01216530107098246,-0.1433970983363021,0.11906649619433718,1986,-0.14217020910280734,0.11783960696084242,0.022468361818147348,-0.013554814333583104,0.0584915379698778
ds005540,eegnet_lr1e4,prior_calibration_gain,2,0,0.12243970917015638,-0.007037697768704068,0.25191711610901685,1986,-0.007565198861668496,0.25244461720198125,0.008396654905662798,-0.02615868230926159,0.04295199212058719
ds005540,eegnet_lr1e4,prior_calibration_gain,2,1,0.02772596606002453,-0.06963829664223901,0.1250902287622881,1986,-0.10227894197180035,0.1577308740918494,0.014084899912897297,-0.017851172214647965,0.04602097204044256
ds005540,eegnet_lr1e4,prior_calibration_gain,2,2,0.0438297071442435,-0.06252025254911156,0.15017966683759856,1986,-0.08617520088758138,0.17383461517606838,0.010822605025806564,-0.02071276769033912,0.04235797774195225
ds005540,eegnet_lr1e4,prior_calibration_gain,2,4,0.026747379406672322,-0.09067909225136807,0.1441738510647127,1986,-0.10325752862515256,0.1567522874384972,0.008636541356511762,-0.023906194319779306,0.04117927703280283
ds005540,eegnet_lr1e4,prior_calibration_gain,2,8,0.021519841697927977,-0.10757589886916766,0.1506155822650236,1986,-0.1084850663338969,0.15152474972975286,0.011150206345866082,-0.022759430309677836,0.04505984300141
ds005540,eegnet_lr1e4,prior_calibration_gain,4,0,0.14312063768089678,0.019143130966025934,0.2670981443957676,1986,0.0131157296490719,0.27312554571272163,-0.0017181257869548772,-0.030097780903535667,0.026661529329625913
ds005540,eegnet_lr1e4,prior_calibration_gain,4,1,0.05156830668706086,-0.03896531881793025,0.14210193219205197,1986,-0.07843660134476402,0.18157321471888574,0.008132733610419496,-0.020796263565504576,0.03706173078634357
ds005540,eegnet_lr1e4,prior_calibration_gain,4,2,0.06696943994038806,-0.034049605394887605,0.16798848527566373,1986,-0.06303546809143681,0.19697434797221294,0.003995037048384165,-0.02469185263371094,0.032681926730479274
ds005540,eegnet_lr1e4,prior_calibration_gain,4,4,0.05563850424635036,-0.05603208822088951,0.16730909671359023,1986,-0.07436640378547452,0.18564341227817524,0.0011026828733629868,-0.027633982718530566,0.02983934846525654
ds005540,eegnet_lr1e4,prior_calibration_gain,4,8,0.05300629446510585,-0.06550169123121051,0.17151428016142223,1986,-0.07699861356671903,0.18301120249693073,0.0016867455684142774,-0.028321471813788163,0.03169496295061672
ds005540,eegnet_lr1e4,prior_calibration_gain,8,0,0.16339021787526942,0.031213197436145174,0.2955672383143937,1986,0.03338530984344454,0.29339512590709427,-0.007892811842705794,-0.03569091230128162,0.019905288615870036
ds005540,eegnet_lr1e4,prior_calibration_gain,8,1,0.06803443233513323,-0.026554710109692,0.16262357477995848,1986,-0.061970475696691646,0.1980393403669581,0.0026709508166692375,-0.022780972303370988,0.028122873936709463
ds005540,eegnet_lr1e4,prior_calibration_gain,8,2,0.0870097830585273,-0.0179535631822776,0.1919731292993322,1986,-0.04299512497329758,0.21701469109035218,-0.0011057967595128337,-0.026699949547626212,0.024488356028600545
ds005540,eegnet_lr1e4,prior_calibration_gain,8,4,0.08351550794294255,-0.031043598707425152,0.19807461459331024,1986,-0.04648940008888233,0.21352041597476742,-0.005033919105614126,-0.03006574320705804,0.019997904995829787
ds005540,eegnet_lr1e4,prior_calibration_gain,8,8,0.08741437508071326,-0.032853032618781586,0.2076817827802081,1986,-0.04259053295111162,0.21741928311253814,-0.006419678779287369,-0.03295479558585255,0.02011543802727781
ds005540,eegnet_lr1e4,combined_calibration_gain,0,0,0.0,0.0,0.0,1986,-0.1297186893230614,0.1297186893230614,0.0,0.0,0.0
ds005540,eegnet_lr1e4,combined_calibration_gain,0,1,0.0,0.0,0.0,1986,-0.1297186893230614,0.1297186893230614,0.0,0.0,0.0
ds005540,eegnet_lr1e4,combined_calibration_gain,0,2,0.0,0.0,0.0,1986,-0.1297186893230614,0.1297186893230614,0.0,0.0,0.0
ds005540,eegnet_lr1e4,combined_calibration_gain,0,4,0.0,0.0,0.0,1986,-0.1297186893230614,0.1297186893230614,0.0,0.0,0.0
ds005540,eegnet_lr1e4,combined_calibration_gain,0,8,0.0,0.0,0.0,1986,-0.1297186893230614,0.1297186893230614,0.0,0.0,0.0
ds005540,eegnet_lr1e4,combined_calibration_gain,1,0,0.09434624075409356,-0.04330953859401282,0.23200202010219995,1986,-0.035372448568967846,0.22406493007715497,0.014289153312974895,-0.024200843644177468,0.05277915027012726
ds005540,eegnet_lr1e4,combined_calibration_gain,1,1,0.006835385832972607,-0.09461487321775658,0.10828564488370179,1986,-0.1228833034900888,0.13655407515603402,0.020935081322566607,-0.01596417957350204,0.05783434221863525
ds005540,eegnet_lr1e4,combined_calibration_gain,1,2,0.018006815452415392,-0.09598492625126846,0.13199855715609926,1986,-0.11171187387064602,0.1477255047754768,0.016893256784216937,-0.01981275579176419,0.053599269360198064
ds005540,eegnet_lr1e4,combined_calibration_gain,1,4,-0.004056067394983043,-0.12671846864799358,0.1186063338580275,1986,-0.13377475671804445,0.12566262192807837,0.0188249843520871,-0.015624813972125194,0.05327478267629939
ds005540,eegnet_lr1e4,combined_calibration_gain,1,8,-0.01356877788161015,-0.1443181715313987,0.1171806157681784,1986,-0.14328746720467156,0.11614991144145126,0.022651422846102665,-0.013080924337739566,0.058383770029944895
ds005540,eegnet_lr1e4,combined_calibration_gain,2,0,0.12163460677167853,-0.008831738046287063,0.25210095158964413,1986,-0.008084082551382876,0.25135329609473994,0.00845842034724692,-0.026190104007209163,0.043106944701703
ds005540,eegnet_lr1e4,combined_calibration_gain,2,1,0.028271617526419213,-0.06892212416723821,0.12546535922007662,1986,-0.1014470717966422,0.15799030684948062,0.013725329292279986,-0.017939462518715213,0.045390121103275186
ds005540,eegnet_lr1e4,combined_calibration_gain,2,2,0.043811705954515834,-0.06243540292699949,0.15005881483603117,1986,-0.08590698336854558,0.17353039527757724,0.01072050279962758,-0.02053717478778775,0.04197818038704291
ds005540,eegnet_lr1e4,combined_calibration_gain,2,4,0.027046487140274966,-0.09028599647157888,0.1443789707521288,1986,-0.10267220218278644,0.15676517646333638,0.008509944310697293,-0.023874984325739833,0.04089487294713442
ds005540,eegnet_lr1e4,combined_calibration_gain,2,8,0.021566308964045544,-0.10726326124176952,0.1503958791698606,1986,-0.10815238035901586,0.15128499828710695,0.010989749482704397,-0.022743504561453617,0.04472300352686241
ds005540,eegnet_lr1e4,combined_calibration_gain,4,0,0.14129330062102216,0.016916486196221117,0.2656701150458232,1986,0.011574611297960752,0.2710119899440836,-0.001744374951433203,-0.030123312058946642,0.026634562156080236
ds005540,eegnet_lr1e4,combined_calibration_gain,4,1,0.051608893363281394,-0.03881741642779868,0.14203520315436147,1986,-0.07810979595978002,0.1813275826863428,0.00803061869248034,-0.020720224769252945,0.03678146215421363
ds005540,eegnet_lr1e4,combined_calibration_gain,4,2,0.06628594578711183,-0.03453704074693785,0.16710893232116153,1986,-0.06343274353594958,0.19600463511017324,0.004099913027319463,-0.024218138362522745,0.032417964417161674
ds005540,eegnet_lr1e4,combined_calibration_gain,4,4,0.05540009991417055,-0.05613364626443275,0.16693384609277384,1986,-0.07431858940889086,0.18511878923723196,0.0011137518124301193,-0.027464082294027303,0.029691585918887542
ds005540,eegnet_lr1e4,combined_calibration_gain,4,8,0.05246371657138227,-0.06577865034594176,0.1707060834887063,1986,-0.07725497275167914,0.18218240589444368,0.001770659883121084,-0.028023253051180204,0.03156457281742237
ds005540,eegnet_lr1e4,combined_calibration_gain,8,0,0.16028623027851147,0.02834333934585742,0.2922291212111655,1986,0.030567540955450057,0.2900049196015729,-0.007732181673579003,-0.035471202621113404,0.0200068392739554
ds005540,eegnet_lr1e4,combined_calibration_gain,8,1,0.0683123584626929,-0.0261061527317457,0.16273086965713152,1986,-0.06140633086036851,0.1980310477857543,0.002496448654605271,-0.02268089488476622,0.02767379219397676
ds005540,eegnet_lr1e4,combined_calibration_gain,8,2,0.08649618476900706,-0.01827721314846671,0.1912695826864808,1986,-0.04322250455405435,0.21621487409206847,-0.0010459513968640588,-0.026347928202174648,0.02425602540844653
ds005540,eegnet_lr1e4,combined_calibration_gain,8,4,0.08361912193407445,-0.0307690770952945,0.1980073209634434,1986,-0.04609956738898696,0.21333781125713586,-0.005005205094269993,-0.029907178056449185,0.0198967678679092
ds005540,eegnet_lr1e4,combined_calibration_gain,8,8,0.08721473367423682,-0.03271409821324553,0.20714356556171917,1986,-0.04250395564882459,0.21693342299729823,-0.0064502660893453745,-0.03282062685823476,0.01992009467954401
ds005540,eegnet_lr1e4,total_minus_uncalibrated_prior,0,0,0.0072701583304435975,-0.004910026702205055,0.01945034336309225,1986,-0.12347700900387808,0.13801732566476527,-0.0006281802335761089,-0.002194595460177566,0.0009382349930253482
ds005540,eegnet_lr1e4,total_minus_uncalibrated_prior,0,1,0.00018519885474915787,-0.002198311594420982,0.002568709303919298,1986,-0.13056196847957252,0.13093236618907084,0.0001512930346591057,-0.0005512367080373575,0.0008538227773555689
ds005540,eegnet_lr1e4,total_minus_uncalibrated_prior,0,2,0.001479423591160156,-0.0014241172693091877,0.0043829644516295,1986,-0.12926774374316152,0.13222659092548184,-0.0001402519002676461,-0.0008937888020215117,0.0006132850014862194
ds005540,eegnet_lr1e4,total_minus_uncalibrated_prior,0,4,0.0006295305805430473,-0.0021805025239947633,0.003439563685080858,1986,-0.13011763675377863,0.13137669791486473,-1.3277027577501821e-05,-0.0006519284087837087,0.000625374353628705
ds005540,eegnet_lr1e4,total_minus_uncalibrated_prior,0,8,0.0008422390250264478,-0.0020629704287042335,0.003747448478757129,1986,-0.12990492830929523,0.13158940635934813,-3.072976502577207e-05,-0.0006353240793149358,0.0005738645492633917
ds005540,eegnet_lr1e4,total_minus_uncalibrated_prior,1,0,0.10161639908453717,-0.03409536328981015,0.23732816145888447,1986,-0.029130768249784514,0.23236356641885886,0.013660973079398786,-0.024984656973430545,0.05230660313222812
ds005540,eegnet_lr1e4,total_minus_uncalibrated_prior,1,1,0.007020584687721765,-0.09466673235086079,0.10870790172630432,1986,-0.12372658264659991,0.13776775202204344,0.021086374357225712,-0.016003474610735383,0.05817622332518681
ds005540,eegnet_lr1e4,total_minus_uncalibrated_prior,1,2,0.01948623904357555,-0.09436575625575329,0.13333823434290437,1986,-0.11126092829074613,0.15023340637789723,0.01675300488394929,-0.020181037052337404,0.053687046820235985
ds005540,eegnet_lr1e4,total_minus_uncalibrated_prior,1,4,-0.0034265368144399955,-0.12609092106223652,0.11923784743335651,1986,-0.13417370414876167,0.12732063051988168,0.018811707324509597,-0.015765985245111268,0.05338939989413046
ds005540,eegnet_lr1e4,total_minus_uncalibrated_prior,1,8,-0.012726538856583702,-0.1434748816524116,0.11802180393924419,1986,-0.14347370619090538,0.11802062847773798,0.022620693081076892,-0.013218811429722102,0.05846019759187589
ds005540,eegnet_lr1e4,total_minus_uncalibrated_prior,2,0,0.12890476510212212,-0.0018160499443181932,0.2596255801485624,1986,-0.0018424022321995581,0.2596519324364438,0.007830240113670811,-0.02692753277375412,0.04258801300109574
ds005540,eegnet_lr1e4,total_minus_uncalibrated_prior,2,1,0.02845681638116837,-0.06901338064777732,0.12592701341011406,1986,-0.10229035095315331,0.15920398371549005,0.013876622326939092,-0.017985131934739128,0.04573837658861731
ds005540,eegnet_lr1e4,total_minus_uncalibrated_prior,2,2,0.04529112954567599,-0.06104824401799154,0.1516305031093435,1986,-0.08545603778864569,0.17603829687999767,0.010580250899359933,-0.020885443126960966,0.04204594492568083
ds005540,eegnet_lr1e4,total_minus_uncalibrated_prior,2,4,0.027676017720818014,-0.08987967155644154,0.14523170699807758,1986,-0.10307114961350367,0.1584231850551397,0.008496667283119791,-0.02400254915344386,0.04099588371968344
ds005540,eegnet_lr1e4,total_minus_uncalibrated_prior,2,8,0.022408547989071992,-0.10664479189013706,0.15146188786828105,1986,-0.10833861934524969,0.15315571532339367,0.010959019717678625,-0.022875529815331662,0.04479356925068891
ds005540,eegnet_lr1e4,total_minus_uncalibrated_prior,4,0,0.14856345895146575,0.02353258720269491,0.2735943307002366,1986,0.01781629161714407,0.2793106262857874,-0.002372555185009312,-0.030956380362223177,0.026211269992204553
ds005540,eegnet_lr1e4,total_minus_uncalibrated_prior,4,1,0.05179409221803055,-0.03886482715831918,0.14245301159438029,1986,-0.07895307511629113,0.18254125955235223,0.008181911727139446,-0.020782001556707543,0.037145825010986434
ds005540,eegnet_lr1e4,total_minus_uncalibrated_prior,4,2,0.06776536937827199,-0.03337783540915702,0.168908574165701,1986,-0.06298179795604969,0.19851253671259367,0.003959661127051817,-0.024611196598301154,0.03253051885240479
ds005540,eegnet_lr1e4,total_minus_uncalibrated_prior,4,4,0.0560296304947136,-0.05574311449762506,0.16780237548705226,1986,-0.07471753683960808,0.18677679782903528,0.0011004747848526175,-0.02762745119054249,0.029828400760247724
ds005540,eegnet_lr1e4,total_minus_uncalibrated_prior,4,8,0.053305955596408716,-0.06513465438144042,0.17174656557425785,1986,-0.07744121173791296,0.1840531229307304,0.001739930118095312,-0.02816035513156072,0.03164021536775134
ds005540,eegnet_lr1e4,total_minus_uncalibrated_prior,8,0,0.16755638860895505,0.03561603382432674,0.29949674339358334,1986,0.036809221274633375,0.29830355594327673,-0.008360361907155112,-0.03619162442513005,0.01947090061081982
ds005540,eegnet_lr1e4,total_minus_uncalibrated_prior,8,1,0.06849755731744206,-0.02615899545924001,0.16315411009412412,1986,-0.06224961001687962,0.19924472465176374,0.002647741689264377,-0.022767234902002803,0.028062718280531557
ds005540,eegnet_lr1e4,total_minus_uncalibrated_prior,8,2,0.08797560836016721,-0.017080170534732944,0.19303138725506735,1986,-0.04277155897415447,0.2187227756944889,-0.001186203297131705,-0.026775094862978212,0.024402688268714803
ds005540,eegnet_lr1e4,total_minus_uncalibrated_prior,8,4,0.0842486525146175,-0.03034932712974825,0.19884663215898324,1986,-0.046498514819704184,0.21499581984893917,-0.005018482121847495,-0.030057866978480483,0.020020902734785493
ds005540,eegnet_lr1e4,total_minus_uncalibrated_prior,8,8,0.08805697269926327,-0.032056069247496086,0.20817001464602264,1986,-0.04269019463505841,0.21880414003358495,-0.0064809958543711466,-0.03294126808643193,0.019979276377689634
ds005540,labram_ridge_base,eeg_added_population,0,0,-0.004684212307439221,-0.1198905185917481,0.11052209397686966,1986,-0.08916923995472051,0.07980081533984207,0.014486127019190803,-0.004035800882878981,0.03300805492126059
ds005540,labram_ridge_base,eeg_added_population,0,1,-0.010063165259243612,-0.07195444303204046,0.05182811251355324,1986,-0.0945481929065249,0.07442186238803768,0.010510807822008,-0.00653539258254229,0.02755700822655829
ds005540,labram_ridge_base,eeg_added_population,0,2,-0.017633677892610278,-0.09745027132120376,0.06218291553598321,1986,-0.10211870553989157,0.06685134975467101,0.010896697198568034,-0.00813695105917531,0.029930345456311378
ds005540,labram_ridge_base,eeg_added_population,0,4,-0.02716144165140605,-0.10476583513050702,0.050442951827694926,1986,-0.11164646929868734,0.05732358599587524,0.014354802221388768,-0.0017007299034053035,0.03041033434618284
ds005540,labram_ridge_base,eeg_added_population,0,8,-0.04395741446413726,-0.12687813073115303,0.03896330180287852,1986,-0.12844244211141853,0.04052761318314403,0.015494163655879328,-0.0006825310094781024,0.031670858321236756
ds005540,labram_ridge_base,eeg_added_population,1,0,-0.004684212307439221,-0.1198905185917481,0.11052209397686966,1986,-0.08916923995472051,0.07980081533984207,0.014486127019190803,-0.004035800882878981,0.03300805492126059
ds005540,labram_ridge_base,eeg_added_population,1,1,-0.010063165259243612,-0.07195444303204046,0.05182811251355324,1986,-0.0945481929065249,0.07442186238803768,0.010510807822008,-0.00653539258254229,0.02755700822655829
ds005540,labram_ridge_base,eeg_added_population,1,2,-0.017633677892610278,-0.09745027132120376,0.06218291553598321,1986,-0.10211870553989157,0.06685134975467101,0.010896697198568034,-0.00813695105917531,0.029930345456311378
ds005540,labram_ridge_base,eeg_added_population,1,4,-0.02716144165140605,-0.10476583513050702,0.050442951827694926,1986,-0.11164646929868734,0.05732358599587524,0.014354802221388768,-0.0017007299034053035,0.03041033434618284
ds005540,labram_ridge_base,eeg_added_population,1,8,-0.04395741446413726,-0.12687813073115303,0.03896330180287852,1986,-0.12844244211141853,0.04052761318314403,0.015494163655879328,-0.0006825310094781024,0.031670858321236756
ds005540,labram_ridge_base,eeg_added_population,2,0,-0.004684212307439221,-0.1198905185917481,0.11052209397686966,1986,-0.08916923995472051,0.07980081533984207,0.014486127019190803,-0.004035800882878981,0.03300805492126059
ds005540,labram_ridge_base,eeg_added_population,2,1,-0.010063165259243612,-0.07195444303204046,0.05182811251355324,1986,-0.0945481929065249,0.07442186238803768,0.010510807822008,-0.00653539258254229,0.02755700822655829
ds005540,labram_ridge_base,eeg_added_population,2,2,-0.017633677892610278,-0.09745027132120376,0.06218291553598321,1986,-0.10211870553989157,0.06685134975467101,0.010896697198568034,-0.00813695105917531,0.029930345456311378
ds005540,labram_ridge_base,eeg_added_population,2,4,-0.02716144165140605,-0.10476583513050702,0.050442951827694926,1986,-0.11164646929868734,0.05732358599587524,0.014354802221388768,-0.0017007299034053035,0.03041033434618284
ds005540,labram_ridge_base,eeg_added_population,2,8,-0.04395741446413726,-0.12687813073115303,0.03896330180287852,1986,-0.12844244211141853,0.04052761318314403,0.015494163655879328,-0.0006825310094781024,0.031670858321236756
ds005540,labram_ridge_base,eeg_added_population,4,0,-0.004684212307439221,-0.1198905185917481,0.11052209397686966,1986,-0.08916923995472051,0.07980081533984207,0.014486127019190803,-0.004035800882878981,0.03300805492126059
ds005540,labram_ridge_base,eeg_added_population,4,1,-0.010063165259243612,-0.07195444303204046,0.05182811251355324,1986,-0.0945481929065249,0.07442186238803768,0.010510807822008,-0.00653539258254229,0.02755700822655829
ds005540,labram_ridge_base,eeg_added_population,4,2,-0.017633677892610278,-0.09745027132120376,0.06218291553598321,1986,-0.10211870553989157,0.06685134975467101,0.010896697198568034,-0.00813695105917531,0.029930345456311378
ds005540,labram_ridge_base,eeg_added_population,4,4,-0.02716144165140605,-0.10476583513050702,0.050442951827694926,1986,-0.11164646929868734,0.05732358599587524,0.014354802221388768,-0.0017007299034053035,0.03041033434618284
ds005540,labram_ridge_base,eeg_added_population,4,8,-0.04395741446413726,-0.12687813073115303,0.03896330180287852,1986,-0.12844244211141853,0.04052761318314403,0.015494163655879328,-0.0006825310094781024,0.031670858321236756
ds005540,labram_ridge_base,eeg_added_population,8,0,-0.004684212307439221,-0.1198905185917481,0.11052209397686966,1986,-0.08916923995472051,0.07980081533984207,0.014486127019190803,-0.004035800882878981,0.03300805492126059
ds005540,labram_ridge_base,eeg_added_population,8,1,-0.010063165259243612,-0.07195444303204046,0.05182811251355324,1986,-0.0945481929065249,0.07442186238803768,0.010510807822008,-0.00653539258254229,0.02755700822655829
ds005540,labram_ridge_base,eeg_added_population,8,2,-0.017633677892610278,-0.09745027132120376,0.06218291553598321,1986,-0.10211870553989157,0.06685134975467101,0.010896697198568034,-0.00813695105917531,0.029930345456311378
ds005540,labram_ridge_base,eeg_added_population,8,4,-0.02716144165140605,-0.10476583513050702,0.050442951827694926,1986,-0.11164646929868734,0.05732358599587524,0.014354802221388768,-0.0017007299034053035,0.03041033434618284
ds005540,labram_ridge_base,eeg_added_population,8,8,-0.04395741446413726,-0.12687813073115303,0.03896330180287852,1986,-0.12844244211141853,0.04052761318314403,0.015494163655879328,-0.0006825310094781024,0.031670858321236756
ds005540,labram_ridge_base,eeg_added_matched_calibration,0,0,-0.004684212307439221,-0.1198905185917481,0.11052209397686966,1986,-0.09576463194159811,0.08639620732671967,0.014486127019190803,-0.004035800882878981,0.03300805492126059
ds005540,labram_ridge_base,eeg_added_matched_calibration,0,1,-0.010063165259243612,-0.07195444303204046,0.05182811251355324,1986,-0.1011435848934025,0.08101725437491528,0.010510807822008,-0.00653539258254229,0.02755700822655829
ds005540,labram_ridge_base,eeg_added_matched_calibration,0,2,-0.017633677892610278,-0.09745027132120376,0.06218291553598321,1986,-0.10871409752676917,0.07344674174154861,0.010896697198568034,-0.00813695105917531,0.029930345456311378
ds005540,labram_ridge_base,eeg_added_matched_calibration,0,4,-0.02716144165140605,-0.10476583513050702,0.050442951827694926,1986,-0.11824186128556494,0.06391897798275284,0.014354802221388768,-0.0017007299034053035,0.03041033434618284
ds005540,labram_ridge_base,eeg_added_matched_calibration,0,8,-0.04395741446413726,-0.12687813073115303,0.03896330180287852,1986,-0.13503783409829614,0.04712300517002163,0.015494163655879328,-0.0006825310094781024,0.031670858321236756
ds005540,labram_ridge_base,eeg_added_matched_calibration,1,0,0.009008729196868168,-0.09228303432350499,0.11030049271724132,1986,-0.08207169043729072,0.10008914883102706,0.01152567281794209,-0.00680167169962655,0.02985301733551073
ds005540,labram_ridge_base,eeg_added_matched_calibration,1,1,-0.010558178114544181,-0.06984012108372864,0.048723764854640285,1986,-0.10163859774870307,0.0805222415196147,0.011031109115632626,-0.007042125720836671,0.029104343952101923
ds005540,labram_ridge_base,eeg_added_matched_calibration,1,2,-0.026350215709319724,-0.10031451008412397,0.04761407866548452,1986,-0.11743063534347861,0.06473020392483916,0.01991158339284657,0.00033130428824776,0.03949186249744538
ds005540,labram_ridge_base,eeg_added_matched_calibration,1,4,-0.03297463226913033,-0.10829868270125505,0.04234941816299438,1986,-0.12405505190328922,0.058105787365028555,0.017943868102853422,-0.002681429130031259,0.038569165335738106
ds005540,labram_ridge_base,eeg_added_matched_calibration,1,8,-0.024652040610744386,-0.10390843420528295,0.05460435298379418,1986,-0.11573246024490327,0.0664283790234145,0.014455642495261711,-0.0055046870311943955,0.03441597202171782
ds005540,labram_ridge_base,eeg_added_matched_calibration,2,0,0.004998408204602817,-0.0898051160393274,0.09980193244853304,1986,-0.08608201142955607,0.0960788278387617,0.00915563569180361,-0.008585261640870583,0.026896533024477802
ds005540,labram_ridge_base,eeg_added_matched_calibration,2,1,-0.003122281580382469,-0.05675901576757584,0.0505144526068109,1986,-0.09420270121454136,0.08795813805377642,0.004191342926895325,-0.012275822392983471,0.02065850824677412
ds005540,labram_ridge_base,eeg_added_matched_calibration,2,2,-0.012533701092979688,-0.0768609659519217,0.05179356376596232,1986,-0.10361412072713858,0.0785467185411792,0.010751362309513374,-0.007413196768728043,0.02891592138775479
ds005540,labram_ridge_base,eeg_added_matched_calibration,2,4,-0.026012152998159177,-0.08971670042594639,0.03769239442962803,1986,-0.11709257263231806,0.06506826663599971,0.01380252905436391,-0.0020190380968099116,0.029624096205537732
ds005540,labram_ridge_base,eeg_added_matched_calibration,2,8,-0.030415758521064373,-0.09592793277741957,0.03509641573529082,1986,-0.12149617815522326,0.060664661113094515,0.013339911202249866,-0.0020338497168593973,0.028713672121359127
ds005540,labram_ridge_base,eeg_added_matched_calibration,4,0,-0.013851242007985765,-0.10920919183482261,0.08150670781885108,1986,-0.10493166164214465,0.07722917762617312,0.01085607602664479,-0.004793757159231034,0.026505909212520613
ds005540,labram_ridge_base,eeg_added_matched_calibration,4,1,-0.005364455284574687,-0.05578017099327595,0.04505126042412658,1986,-0.09644487491873358,0.0857159643495842,0.0037054796246517863,-0.010611615530938394,0.018022574780241968
ds005540,labram_ridge_base,eeg_added_matched_calibration,4,2,-0.014655077551732787,-0.07415032293800675,0.04484016783454117,1986,-0.10573549718589167,0.0764253420824261,0.008824394693314808,-0.007493142000094873,0.02514193138672449
ds005540,labram_ridge_base,eeg_added_matched_calibration,4,4,-0.025493080328248596,-0.08543694062851498,0.03445077997201778,1986,-0.11657349996240748,0.06558733930591029,0.010166012911136946,-0.004401246040961138,0.02473327186323503
ds005540,labram_ridge_base,eeg_added_matched_calibration,4,8,-0.03583829772447511,-0.0973455183628183,0.025668922913868075,1986,-0.126918717358634,0.05524212190968378,0.011965547074695854,-0.0007756448749103029,0.02470673902430201
ds005540,labram_ridge_base,eeg_added_matched_calibration,8,0,-0.014947832991972637,-0.10621732383676503,0.07632165785281976,1986,-0.10602825262613153,0.07613258664218625,0.009646069609034635,-0.004315306780437506,0.023607445998506775
ds005540,labram_ridge_base,eeg_added_matched_calibration,8,1,-0.009197953462957376,-0.057800355947655126,0.039404449021740375,1986,-0.10027837309711626,0.08188246617120151,0.0022736200100404447,-0.012349241877531789,0.016896481897612677
ds005540,labram_ridge_base,eeg_added_matched_calibration,8,2,-0.019685081097447654,-0.07834230123349038,0.038972139038595074,1986,-0.11076550073160654,0.07139533853671123,0.0075182273523376475,-0.009164051982326584,0.02420050668700188
ds005540,labram_ridge_base,eeg_added_matched_calibration,8,4,-0.02906650879054018,-0.08648749487426813,0.028354477293187776,1986,-0.12014692842469907,0.06201391084361871,0.008169040505328518,-0.005648941328099814,0.02198702233875685
ds005540,labram_ridge_base,eeg_added_matched_calibration,8,8,-0.04043591705781335,-0.10043145350538499,0.01955961938975829,1986,-0.13151633669197224,0.050644502576345535,0.011505074710299268,-0.0012105098606207346,0.02422065928121927
ds005540,labram_ridge_base,prior_calibration_gain,0,0,0.0,0.0,0.0,1986,-0.13000490803182488,0.13000490803182488,0.0,0.0,0.0
ds005540,labram_ridge_base,prior_calibration_gain,0,1,0.0,0.0,0.0,1986,-0.13000490803182488,0.13000490803182488,0.0,0.0,0.0
ds005540,labram_ridge_base,prior_calibration_gain,0,2,0.0,0.0,0.0,1986,-0.13000490803182488,0.13000490803182488,0.0,0.0,0.0
ds005540,labram_ridge_base,prior_calibration_gain,0,4,0.0,0.0,0.0,1986,-0.13000490803182488,0.13000490803182488,0.0,0.0,0.0
ds005540,labram_ridge_base,prior_calibration_gain,0,8,0.0,0.0,0.0,1986,-0.13000490803182488,0.13000490803182488,0.0,0.0,0.0
ds005540,labram_ridge_base,prior_calibration_gain,1,0,0.09924916678455967,-0.038392914972511905,0.23689124854163124,1986,-0.03075574124726521,0.22925407481638455,0.013869217618048851,-0.024934478173628385,0.05267291340972609
ds005540,labram_ridge_base,prior_calibration_gain,1,1,0.007320691617847153,-0.09442434874205179,0.10906573197774609,1986,-0.12268421641397773,0.13732559964967203,0.021038472449164874,-0.01610068114599518,0.05817762604432493
ds005540,labram_ridge_base,prior_calibration_gain,1,2,0.01966975066566512,-0.09442333802072188,0.13376283935205213,1986,-0.11033515736615976,0.14967465869749,0.016725891398225945,-0.020242634276105106,0.053694417072556996
ds005540,labram_ridge_base,prior_calibration_gain,1,4,-0.003166041337853809,-0.1260930752480246,0.11976099257231697,1986,-0.1331709493696787,0.12683886669397107,0.018836835976674626,-0.015797377247703026,0.05347104920105228
ds005540,labram_ridge_base,prior_calibration_gain,1,8,-0.01216530107098246,-0.1433970983363021,0.11906649619433718,1986,-0.14217020910280734,0.11783960696084242,0.022468361818147348,-0.013554814333583104,0.0584915379698778
ds005540,labram_ridge_base,prior_calibration_gain,2,0,0.12243970917015638,-0.007037697768704068,0.25191711610901685,1986,-0.007565198861668496,0.25244461720198125,0.008396654905662798,-0.02615868230926159,0.04295199212058719
ds005540,labram_ridge_base,prior_calibration_gain,2,1,0.02772596606002453,-0.06963829664223901,0.1250902287622881,1986,-0.10227894197180035,0.1577308740918494,0.014084899912897297,-0.017851172214647965,0.04602097204044256
ds005540,labram_ridge_base,prior_calibration_gain,2,2,0.0438297071442435,-0.06252025254911156,0.15017966683759856,1986,-0.08617520088758138,0.17383461517606838,0.010822605025806564,-0.02071276769033912,0.04235797774195225
ds005540,labram_ridge_base,prior_calibration_gain,2,4,0.026747379406672322,-0.09067909225136807,0.1441738510647127,1986,-0.10325752862515256,0.1567522874384972,0.008636541356511762,-0.023906194319779306,0.04117927703280283
ds005540,labram_ridge_base,prior_calibration_gain,2,8,0.021519841697927977,-0.10757589886916766,0.1506155822650236,1986,-0.1084850663338969,0.15152474972975286,0.011150206345866082,-0.022759430309677836,0.04505984300141
ds005540,labram_ridge_base,prior_calibration_gain,4,0,0.14312063768089678,0.019143130966025934,0.2670981443957676,1986,0.0131157296490719,0.27312554571272163,-0.0017181257869548772,-0.030097780903535667,0.026661529329625913
ds005540,labram_ridge_base,prior_calibration_gain,4,1,0.05156830668706086,-0.03896531881793025,0.14210193219205197,1986,-0.07843660134476402,0.18157321471888574,0.008132733610419496,-0.020796263565504576,0.03706173078634357
ds005540,labram_ridge_base,prior_calibration_gain,4,2,0.06696943994038806,-0.034049605394887605,0.16798848527566373,1986,-0.06303546809143681,0.19697434797221294,0.003995037048384165,-0.02469185263371094,0.032681926730479274
ds005540,labram_ridge_base,prior_calibration_gain,4,4,0.05563850424635036,-0.05603208822088951,0.16730909671359023,1986,-0.07436640378547452,0.18564341227817524,0.0011026828733629868,-0.027633982718530566,0.02983934846525654
ds005540,labram_ridge_base,prior_calibration_gain,4,8,0.05300629446510585,-0.06550169123121051,0.17151428016142223,1986,-0.07699861356671903,0.18301120249693073,0.0016867455684142774,-0.028321471813788163,0.03169496295061672
ds005540,labram_ridge_base,prior_calibration_gain,8,0,0.16339021787526942,0.031213197436145174,0.2955672383143937,1986,0.03338530984344454,0.29339512590709427,-0.007892811842705794,-0.03569091230128162,0.019905288615870036
ds005540,labram_ridge_base,prior_calibration_gain,8,1,0.06803443233513323,-0.026554710109692,0.16262357477995848,1986,-0.061970475696691646,0.1980393403669581,0.0026709508166692375,-0.022780972303370988,0.028122873936709463
ds005540,labram_ridge_base,prior_calibration_gain,8,2,0.0870097830585273,-0.0179535631822776,0.1919731292993322,1986,-0.04299512497329758,0.21701469109035218,-0.0011057967595128337,-0.026699949547626212,0.024488356028600545
ds005540,labram_ridge_base,prior_calibration_gain,8,4,0.08351550794294255,-0.031043598707425152,0.19807461459331024,1986,-0.04648940008888233,0.21352041597476742,-0.005033919105614126,-0.03006574320705804,0.019997904995829787
ds005540,labram_ridge_base,prior_calibration_gain,8,8,0.08741437508071326,-0.032853032618781586,0.2076817827802081,1986,-0.04259053295111162,0.21741928311253814,-0.006419678779287369,-0.03295479558585255,0.02011543802727781
ds005540,labram_ridge_base,combined_calibration_gain,0,0,0.0,0.0,0.0,1986,-0.13692603181409535,0.13692603181409535,0.0,0.0,0.0
ds005540,labram_ridge_base,combined_calibration_gain,0,1,0.0,0.0,0.0,1986,-0.13692603181409535,0.13692603181409535,0.0,0.0,0.0
ds005540,labram_ridge_base,combined_calibration_gain,0,2,0.0,0.0,0.0,1986,-0.13692603181409535,0.13692603181409535,0.0,0.0,0.0
ds005540,labram_ridge_base,combined_calibration_gain,0,4,0.0,0.0,0.0,1986,-0.13692603181409535,0.13692603181409535,0.0,0.0,0.0
ds005540,labram_ridge_base,combined_calibration_gain,0,8,0.0,0.0,0.0,1986,-0.13692603181409535,0.13692603181409535,0.0,0.0,0.0
ds005540,labram_ridge_base,combined_calibration_gain,1,0,0.11294210828886705,-0.0337342590086136,0.2596184755863477,1986,-0.023983923525228296,0.2498681401029624,0.010908763416800138,-0.028393672384731318,0.050211199218331594
ds005540,labram_ridge_base,combined_calibration_gain,1,1,0.006825678762546583,-0.09810549518382224,0.1117568527089154,1986,-0.13010035305154877,0.14375171057664193,0.0215587737427895,-0.01975429382238411,0.06287184130796311
ds005540,labram_ridge_base,combined_calibration_gain,1,2,0.010953212848955673,-0.10352660912374863,0.12543303482165996,1986,-0.12597281896513968,0.14787924466305102,0.025740777592504482,-0.013883968472875569,0.06536552365788453
ds005540,labram_ridge_base,combined_calibration_gain,1,4,-0.008979231955578093,-0.12706225426212717,0.10910379035097098,1986,-0.14590526376967344,0.12794679985851726,0.02242590185813928,-0.014492682236692485,0.059344485952971045
ds005540,labram_ridge_base,combined_calibration_gain,1,8,0.0071400727824104115,-0.11939062730591302,0.13367077287073384,1986,-0.12978595903168494,0.14406610459650576,0.02142984065752973,-0.015285822009471768,0.05814550332453123
ds005540,labram_ridge_base,combined_calibration_gain,2,0,0.13212232968219842,-0.001970374263775082,0.2662150336281719,1986,-0.004803702131896931,0.26904836149629374,0.0030661635782756047,-0.02872098980588437,0.03485331696243558
ds005540,labram_ridge_base,combined_calibration_gain,2,1,0.034666849738885674,-0.06402455103026773,0.13335825050803907,1986,-0.10225918207520968,0.17159288155298102,0.007765435017784622,-0.023474884042520537,0.03900575407808978
ds005540,labram_ridge_base,combined_calibration_gain,2,2,0.04892968394387409,-0.05514885492166105,0.15300822280940923,1986,-0.08799634787022126,0.18585571575796944,0.010677270136751904,-0.021333323136969354,0.04268786341047316
ds005540,labram_ridge_base,combined_calibration_gain,2,4,0.027896668059919194,-0.08222552855125058,0.13801886467108898,1986,-0.10902936375417616,0.16482269987401454,0.008084268189486904,-0.025300653161887787,0.041469189540861595
ds005540,labram_ridge_base,combined_calibration_gain,2,8,0.03506149764100086,-0.08679363672484097,0.1569166320068427,1986,-0.10186453417309449,0.1719875294550962,0.008995953892236619,-0.024093303525721962,0.0420852113101952
ds005540,labram_ridge_base,combined_calibration_gain,4,0,0.13395360798035025,0.007243713895133175,0.2606635020655673,1986,-0.0029724238337451026,0.2708796397944456,-0.0053481767795008905,-0.03412221516624224,0.02342586160724046
ds005540,labram_ridge_base,combined_calibration_gain,4,1,0.056267016661729785,-0.03278610143358027,0.14532013475703984,1986,-0.08065901515236557,0.19319304847582514,0.0013274054130632817,-0.026703064112362056,0.02935787493848862
ds005540,labram_ridge_base,combined_calibration_gain,4,2,0.06994804028126556,-0.02639289320827981,0.16628897377081092,1986,-0.0669779915328298,0.2068740720953609,0.0019227345431309384,-0.025785670619033387,0.029631139705295264
ds005540,labram_ridge_base,combined_calibration_gain,4,4,0.057306865569507814,-0.048427662826012186,0.16304139396502781,1986,-0.07961916624458754,0.19423289738360316,-0.003086106436888836,-0.03374974806082309,0.02757753518704542
ds005540,labram_ridge_base,combined_calibration_gain,4,8,0.061125411204768,-0.05367865207473892,0.17592947448427493,1986,-0.07580062060932735,0.19805144301886335,-0.0018418710127691973,-0.03331116297664481,0.029627420951106417
ds005540,labram_ridge_base,combined_calibration_gain,8,0,0.153126597190736,0.009939118008487985,0.296314076372984,1986,0.016200565376640663,0.29005262900483136,-0.012732869252861961,-0.0413670754923549,0.01590133698663098
ds005540,labram_ridge_base,combined_calibration_gain,8,1,0.06889964413141947,-0.02921619431677011,0.16701548257960905,1986,-0.06802638768267588,0.20582567594551482,-0.005566236995298318,-0.030606170375815873,0.019473696385219237
ds005540,labram_ridge_base,combined_calibration_gain,8,2,0.08495837985368992,-0.0226073076328122,0.19252406734019206,1986,-0.051967651960405425,0.22188441166778528,-0.00448426660574322,-0.031247135970303572,0.022278602758817132
ds005540,labram_ridge_base,combined_calibration_gain,8,4,0.08161044080380842,-0.03772569715557872,0.20094657876319555,1986,-0.055315591010286935,0.21853647261790377,-0.011219680821674377,-0.03936291201626446,0.01692355037291571
ds005540,labram_ridge_base,combined_calibration_gain,8,8,0.09093587248703716,-0.03590232228462778,0.2177740672587021,1986,-0.04599015932705819,0.2278619043011325,-0.01040876772486743,-0.03896827255061314,0.018150737100878275
ds005540,labram_ridge_base,total_minus_uncalibrated_prior,0,0,-0.004684212307439221,-0.1198905185917481,0.11052209397686966,1986,-0.15427841547209048,0.144909990857212,0.014486127019190803,-0.004035800882878981,0.03300805492126059
ds005540,labram_ridge_base,total_minus_uncalibrated_prior,0,1,-0.010063165259243612,-0.07195444303204046,0.05182811251355324,1986,-0.15965736842389486,0.13953103790540763,0.010510807822008,-0.00653539258254229,0.02755700822655829
ds005540,labram_ridge_base,total_minus_uncalibrated_prior,0,2,-0.017633677892610278,-0.09745027132120376,0.06218291553598321,1986,-0.16722788105726152,0.13196052527204097,0.010896697198568034,-0.00813695105917531,0.029930345456311378
ds005540,labram_ridge_base,total_minus_uncalibrated_prior,0,4,-0.02716144165140605,-0.10476583513050702,0.050442951827694926,1986,-0.1767556448160573,0.1224327615132452,0.014354802221388768,-0.0017007299034053035,0.03041033434618284
ds005540,labram_ridge_base,total_minus_uncalibrated_prior,0,8,-0.04395741446413726,-0.12687813073115303,0.03896330180287852,1986,-0.1935516176287885,0.10563678870051399,0.015494163655879328,-0.0006825310094781024,0.031670858321236756
ds005540,labram_ridge_base,total_minus_uncalibrated_prior,1,0,0.10825789598142783,-0.05637871515879324,0.2728945071216489,1986,-0.04133630718322341,0.2578520991460791,0.02539489043599094,-0.019823800448779974,0.07061358132076186
ds005540,labram_ridge_base,total_minus_uncalibrated_prior,1,1,-0.0032374864966970285,-0.12154963683993802,0.11507466384654397,1986,-0.15283168966134827,0.14635671666795422,0.0320695815647975,-0.010410292068962872,0.07454945519855788
ds005540,labram_ridge_base,total_minus_uncalibrated_prior,1,2,-0.006680465043654604,-0.1385217344743738,0.1251608043870646,1986,-0.15627466820830585,0.14291373812099664,0.036637474791072516,-0.005900727070101398,0.07917567665224642
ds005540,labram_ridge_base,total_minus_uncalibrated_prior,1,4,-0.03614067360698414,-0.17459972161860668,0.1023183744046384,1986,-0.1857348767716354,0.1134535295576671,0.03678070407952805,-0.003696238648025721,0.07725764680708182
ds005540,labram_ridge_base,total_minus_uncalibrated_prior,1,8,-0.036817341681726845,-0.17994284089287807,0.10630815752942438,1986,-0.1864115448463781,0.1127768614829244,0.03692400431340906,-0.002820310946690989,0.07666831957350911
ds005540,labram_ridge_base,total_minus_uncalibrated_prior,2,0,0.12743811737475919,-0.026469671046567306,0.28134590579608565,1986,-0.02215608578989206,0.2770323205394104,0.017552290597466408,-0.01941432014415763,0.054518901339090445
ds005540,labram_ridge_base,total_minus_uncalibrated_prior,2,1,0.024603684479642063,-0.08453109407768332,0.13373846303696746,1986,-0.12499051868500918,0.1741978876442933,0.018276242839792622,-0.015301132356368596,0.05185361803595384
ds005540,labram_ridge_base,total_minus_uncalibrated_prior,2,2,0.031296006051263814,-0.09105527716452178,0.1536472892670494,1986,-0.11829819711338743,0.18089020921591506,0.021573967335319938,-0.014191146438878054,0.05733908110951793
ds005540,labram_ridge_base,total_minus_uncalibrated_prior,2,4,0.0007352264085131455,-0.12592394147556757,0.12739439429259386,1986,-0.1488589767561381,0.1503294295731644,0.022439070410875672,-0.01232198468684801,0.057200125508599355
ds005540,labram_ridge_base,total_minus_uncalibrated_prior,2,8,-0.008895916823136396,-0.14161223877191667,0.12382040512564388,1986,-0.15849011998778764,0.14069828634151485,0.024490117548115947,-0.009346111581856914,0.05832634667808881
ds005540,labram_ridge_base,total_minus_uncalibrated_prior,4,0,0.129269395672911,-0.012863259537306548,0.2714020508831286,1986,-0.020324807491740232,0.2788635988375623,0.009137950239689913,-0.023824721699171908,0.04210062217855173
ds005540,labram_ridge_base,total_minus_uncalibrated_prior,4,1,0.046203851402486174,-0.05337299395040608,0.1457806967553784,1986,-0.10339035176216507,0.19579805456713742,0.011838213235071282,-0.018420846801369788,0.04209727327151235
ds005540,labram_ridge_base,total_minus_uncalibrated_prior,4,2,0.05231436238865528,-0.059533628929378773,0.16416235370668933,1986,-0.09727984077599597,0.20190856555330652,0.012819431741698972,-0.01824738857904798,0.043886252062445924
ds005540,labram_ridge_base,total_minus_uncalibrated_prior,4,4,0.030145423918101766,-0.08656844328665955,0.14685929112286308,1986,-0.11944877924654948,0.179739627082753,0.011268695784499932,-0.019339322381701454,0.04187671395070132
ds005540,labram_ridge_base,total_minus_uncalibrated_prior,4,8,0.017167996740630742,-0.10470016432767433,0.1390361578089358,1986,-0.1324262064240205,0.166762199905282,0.013652292643110131,-0.017697665453498698,0.04500225073971896
ds005540,labram_ridge_base,total_minus_uncalibrated_prior,8,0,0.14844238488329678,-0.0010026480915522051,0.29788741785814576,1986,-0.0011518182813544664,0.298036588047948,0.0017532577663288418,-0.030298352036979434,0.03380486756963712
ds005540,labram_ridge_base,total_minus_uncalibrated_prior,8,1,0.05883647887217586,-0.04570555698241151,0.16337851472676324,1986,-0.09075772429247539,0.2084306820368271,0.004944570826709682,-0.023544089200750126,0.03343323085416949
ds005540,labram_ridge_base,total_minus_uncalibrated_prior,8,2,0.06732470196107965,-0.0518827856213136,0.1865321895434729,1986,-0.0822695012035716,0.2169189051257309,0.006412430592824814,-0.02344013091414219,0.03626499209979182
ds005540,labram_ridge_base,total_minus_uncalibrated_prior,8,4,0.054448999152402366,-0.06931052507808048,0.17820852338288523,1986,-0.09514520401224888,0.2040432023170536,0.003135121399714391,-0.025194188374420393,0.03146443117384917
ds005540,labram_ridge_base,total_minus_uncalibrated_prior,8,8,0.046978458022899905,-0.08163098548289915,0.17558790152869896,1986,-0.10261574514175134,0.19657266118755115,0.005085395931011899,-0.024136392110886036,0.034307183972909834
ds005540,labram_ridge_strong,eeg_added_population,0,0,-0.014414702195621003,-0.08281190997745963,0.053982505586217616,1986,-0.06529517139593846,0.03646576700469646,0.007423918353418102,-0.003984436847357385,0.01883227355419359
ds005540,labram_ridge_strong,eeg_added_population,0,1,-0.009123504819359862,-0.04475916081650891,0.026512151177789184,1986,-0.060003974019677324,0.0417569643809576,0.007022926204999835,-0.0031478497540331114,0.017193702164032782
ds005540,labram_ridge_strong,eeg_added_population,0,2,-0.010453361748708812,-0.05340068607937261,0.032493962581954985,1986,-0.06133383094902627,0.04042710745160865,0.005202668292534157,-0.0038048974676673612,0.014210234052735676
ds005540,labram_ridge_strong,eeg_added_population,0,4,-0.015345656161806165,-0.062395006399602874,0.031703694075990545,1986,-0.06622612536212363,0.0355348130385113,0.007181344168934983,-0.0021742745220367007,0.01653696285990667
ds005540,labram_ridge_strong,eeg_added_population,0,8,-0.02994303442557178,-0.08795254903327547,0.02806648018213191,1986,-0.08082350362588925,0.020937434774745682,0.008401729055311946,-0.0030451727078515557,0.019848630818475446
ds005540,labram_ridge_strong,eeg_added_population,1,0,-0.014414702195621003,-0.08281190997745963,0.053982505586217616,1986,-0.06529517139593846,0.03646576700469646,0.007423918353418102,-0.003984436847357385,0.01883227355419359
ds005540,labram_ridge_strong,eeg_added_population,1,1,-0.009123504819359862,-0.04475916081650891,0.026512151177789184,1986,-0.060003974019677324,0.0417569643809576,0.007022926204999835,-0.0031478497540331114,0.017193702164032782
ds005540,labram_ridge_strong,eeg_added_population,1,2,-0.010453361748708812,-0.05340068607937261,0.032493962581954985,1986,-0.06133383094902627,0.04042710745160865,0.005202668292534157,-0.0038048974676673612,0.014210234052735676
ds005540,labram_ridge_strong,eeg_added_population,1,4,-0.015345656161806165,-0.062395006399602874,0.031703694075990545,1986,-0.06622612536212363,0.0355348130385113,0.007181344168934983,-0.0021742745220367007,0.01653696285990667
ds005540,labram_ridge_strong,eeg_added_population,1,8,-0.02994303442557178,-0.08795254903327547,0.02806648018213191,1986,-0.08082350362588925,0.020937434774745682,0.008401729055311946,-0.0030451727078515557,0.019848630818475446
ds005540,labram_ridge_strong,eeg_added_population,2,0,-0.014414702195621003,-0.08281190997745963,0.053982505586217616,1986,-0.06529517139593846,0.03646576700469646,0.007423918353418102,-0.003984436847357385,0.01883227355419359
ds005540,labram_ridge_strong,eeg_added_population,2,1,-0.009123504819359862,-0.04475916081650891,0.026512151177789184,1986,-0.060003974019677324,0.0417569643809576,0.007022926204999835,-0.0031478497540331114,0.017193702164032782
ds005540,labram_ridge_strong,eeg_added_population,2,2,-0.010453361748708812,-0.05340068607937261,0.032493962581954985,1986,-0.06133383094902627,0.04042710745160865,0.005202668292534157,-0.0038048974676673612,0.014210234052735676
ds005540,labram_ridge_strong,eeg_added_population,2,4,-0.015345656161806165,-0.062395006399602874,0.031703694075990545,1986,-0.06622612536212363,0.0355348130385113,0.007181344168934983,-0.0021742745220367007,0.01653696285990667
ds005540,labram_ridge_strong,eeg_added_population,2,8,-0.02994303442557178,-0.08795254903327547,0.02806648018213191,1986,-0.08082350362588925,0.020937434774745682,0.008401729055311946,-0.0030451727078515557,0.019848630818475446
ds005540,labram_ridge_strong,eeg_added_population,4,0,-0.014414702195621003,-0.08281190997745963,0.053982505586217616,1986,-0.06529517139593846,0.03646576700469646,0.007423918353418102,-0.003984436847357385,0.01883227355419359
ds005540,labram_ridge_strong,eeg_added_population,4,1,-0.009123504819359862,-0.04475916081650891,0.026512151177789184,1986,-0.060003974019677324,0.0417569643809576,0.007022926204999835,-0.0031478497540331114,0.017193702164032782
ds005540,labram_ridge_strong,eeg_added_population,4,2,-0.010453361748708812,-0.05340068607937261,0.032493962581954985,1986,-0.06133383094902627,0.04042710745160865,0.005202668292534157,-0.0038048974676673612,0.014210234052735676
ds005540,labram_ridge_strong,eeg_added_population,4,4,-0.015345656161806165,-0.062395006399602874,0.031703694075990545,1986,-0.06622612536212363,0.0355348130385113,0.007181344168934983,-0.0021742745220367007,0.01653696285990667
ds005540,labram_ridge_strong,eeg_added_population,4,8,-0.02994303442557178,-0.08795254903327547,0.02806648018213191,1986,-0.08082350362588925,0.020937434774745682,0.008401729055311946,-0.0030451727078515557,0.019848630818475446
ds005540,labram_ridge_strong,eeg_added_population,8,0,-0.014414702195621003,-0.08281190997745963,0.053982505586217616,1986,-0.06529517139593846,0.03646576700469646,0.007423918353418102,-0.003984436847357385,0.01883227355419359
ds005540,labram_ridge_strong,eeg_added_population,8,1,-0.009123504819359862,-0.04475916081650891,0.026512151177789184,1986,-0.060003974019677324,0.0417569643809576,0.007022926204999835,-0.0031478497540331114,0.017193702164032782
ds005540,labram_ridge_strong,eeg_added_population,8,2,-0.010453361748708812,-0.05340068607937261,0.032493962581954985,1986,-0.06133383094902627,0.04042710745160865,0.005202668292534157,-0.0038048974676673612,0.014210234052735676
ds005540,labram_ridge_strong,eeg_added_population,8,4,-0.015345656161806165,-0.06239500639960286,0.03170369407599053,1986,-0.06622612536212363,0.0355348130385113,0.007181344168934983,-0.0021742745220367007,0.01653696285990667
ds005540,labram_ridge_strong,eeg_added_population,8,8,-0.02994303442557178,-0.08795254903327547,0.02806648018213191,1986,-0.08082350362588925,0.020937434774745682,0.008401729055311946,-0.0030451727078515557,0.019848630818475446
ds005540,labram_ridge_strong,eeg_added_matched_calibration,0,0,-0.014414702195621003,-0.08281190997745963,0.053982505586217616,1986,-0.07049296050660726,0.04166355611536526,0.007423918353418102,-0.003984436847357385,0.01883227355419359
ds005540,labram_ridge_strong,eeg_added_matched_calibration,0,1,-0.009123504819359862,-0.04475916081650891,0.026512151177789184,1986,-0.06520176313034612,0.0469547534916264,0.007022926204999835,-0.0031478497540331114,0.017193702164032782
ds005540,labram_ridge_strong,eeg_added_matched_calibration,0,2,-0.010453361748708812,-0.05340068607937261,0.032493962581954985,1986,-0.06653162005969507,0.04562489656227745,0.005202668292534157,-0.0038048974676673612,0.014210234052735676
ds005540,labram_ridge_strong,eeg_added_matched_calibration,0,4,-0.015345656161806165,-0.062395006399602874,0.031703694075990545,1986,-0.07142391447279242,0.0407326021491801,0.007181344168934983,-0.0021742745220367007,0.01653696285990667
ds005540,labram_ridge_strong,eeg_added_matched_calibration,0,8,-0.02994303442557178,-0.08795254903327547,0.02806648018213191,1986,-0.08602129273655804,0.026135223885414484,0.008401729055311946,-0.0030451727078515557,0.019848630818475446
ds005540,labram_ridge_strong,eeg_added_matched_calibration,1,0,0.007390870279939538,-0.05553927714652124,0.07032101770640031,1986,-0.048687388031046726,0.0634691285909258,0.0032324338544444664,-0.007198033684925045,0.013662901393813978
ds005540,labram_ridge_strong,eeg_added_matched_calibration,1,1,0.0007895856682509916,-0.03421586228767617,0.03579503362417815,1986,-0.05528867264273527,0.056867843979237255,0.0025917197981318585,-0.008183732223837097,0.013367171820100814
ds005540,labram_ridge_strong,eeg_added_matched_calibration,1,2,-0.00400135602724222,-0.04518259059374156,0.03717987853925712,1986,-0.06007961433822848,0.05207690228374404,0.005683324621309771,-0.0055383693749622535,0.016905018617581796
ds005540,labram_ridge_strong,eeg_added_matched_calibration,1,4,-0.00719929200204289,-0.05090677755489519,0.03650819355080941,1986,-0.06327755031302915,0.048878966308943374,0.00515513967600828,-0.007366505924365798,0.01767678527638236
ds005540,labram_ridge_strong,eeg_added_matched_calibration,1,8,-0.002459194499960682,-0.05503473517157666,0.05011634617165529,1986,-0.058537452810946945,0.05361906381102558,0.003171098591665783,-0.010664930216304528,0.017007127399636092
ds005540,labram_ridge_strong,eeg_added_matched_calibration,2,0,-0.002575373323319377,-0.06054899159986519,0.055398244953226435,1986,-0.05865363163430564,0.053502884987666886,0.00486121915387025,-0.005471700363406102,0.015194138671146601
ds005540,labram_ridge_strong,eeg_added_matched_calibration,2,1,-0.0019451085203707752,-0.0346158904989458,0.030725673458204247,1986,-0.05802336683135704,0.05413314979061549,0.001323558002866848,-0.009116548210936591,0.011763664216670288
ds005540,labram_ridge_strong,eeg_added_matched_calibration,2,2,-0.006259934240620879,-0.0435101360061039,0.030990267524862142,1986,-0.06233819255160714,0.049818324070365384,0.00493051373091663,-0.004692218316665175,0.014553245778498435
ds005540,labram_ridge_strong,eeg_added_matched_calibration,2,4,-0.011638232327483788,-0.0497470762502443,0.026470611595276722,1986,-0.06771649063847004,0.044440025983502475,0.005348063545989573,-0.004147601302625967,0.014843728394605113
ds005540,labram_ridge_strong,eeg_added_matched_calibration,2,8,-0.017869061097903427,-0.06379469246499439,0.02805657026918753,1986,-0.07394731940888968,0.038209197213082836,0.005145915511154314,-0.0067515301599109494,0.01704336118221958
ds005540,labram_ridge_strong,eeg_added_matched_calibration,4,0,-0.01293636840876114,-0.07001490814945568,0.044142171331933405,1986,-0.0690146267197474,0.043141889902225124,0.005071378578564989,-0.003796702788077767,0.013939459945207745
ds005540,labram_ridge_strong,eeg_added_matched_calibration,4,1,-0.002278026880967232,-0.03313967277171481,0.028583619009780348,1986,-0.058356285191953496,0.05380023143001903,0.0007418035032561998,-0.0076828667681050605,0.00916647377461746
ds005540,labram_ridge_strong,eeg_added_matched_calibration,4,2,-0.00647645215162812,-0.04053169506937828,0.02757879076612204,1986,-0.06255471046261438,0.04960180615935814,0.0030241610452966805,-0.005486889719033194,0.011535211809626555
ds005540,labram_ridge_strong,eeg_added_matched_calibration,4,4,-0.011271968708176039,-0.0464074447995437,0.023863507383191623,1986,-0.0673502270191623,0.044806289602810224,0.003963583503829193,-0.004251762252490023,0.01217892926014841
ds005540,labram_ridge_strong,eeg_added_matched_calibration,4,8,-0.02256421341622794,-0.06487708788053859,0.019748661048082698,1986,-0.0786424717272142,0.03351404489475832,0.0059898902405781385,-0.0034541276496296743,0.015433908130785951
ds005540,labram_ridge_strong,eeg_added_matched_calibration,8,0,-0.013364872446975234,-0.06894150881965708,0.0422117639257066,1986,-0.06944313075796149,0.04271338586401103,0.004638875580991048,-0.0034699014545608274,0.012747652616542923
ds005540,labram_ridge_strong,eeg_added_matched_calibration,8,1,-0.005674519209020568,-0.03575203097996521,0.02440299256192407,1986,-0.06175277752000683,0.050403739101965696,0.0005601103757874315,-0.008018872760563752,0.009139093512138615
ds005540,labram_ridge_strong,eeg_added_matched_calibration,8,2,-0.010103536558359105,-0.043350656687231724,0.023143583570513514,1986,-0.06618179486934536,0.04597472175262716,0.002874784697697974,-0.005571567046240606,0.011321136441636554
ds005540,labram_ridge_strong,eeg_added_matched_calibration,8,4,-0.014583465690158448,-0.049558323573123154,0.02039139219280626,1986,-0.0706617240011447,0.041494792620827815,0.003374708140479271,-0.004807025781378848,0.01155644206233739
ds005540,labram_ridge_strong,eeg_added_matched_calibration,8,8,-0.02436678878743459,-0.0663443934631856,0.017610815888316422,1986,-0.08044504709842085,0.03171146952355167,0.005973508755132723,-0.0031241966644474824,0.015071214174712928
ds005540,labram_ridge_strong,prior_calibration_gain,0,0,0.0,0.0,0.0,1986,-0.13000490803182488,0.13000490803182488,0.0,0.0,0.0
ds005540,labram_ridge_strong,prior_calibration_gain,0,1,0.0,0.0,0.0,1986,-0.13000490803182488,0.13000490803182488,0.0,0.0,0.0
ds005540,labram_ridge_strong,prior_calibration_gain,0,2,0.0,0.0,0.0,1986,-0.13000490803182488,0.13000490803182488,0.0,0.0,0.0
ds005540,labram_ridge_strong,prior_calibration_gain,0,4,0.0,0.0,0.0,1986,-0.13000490803182488,0.13000490803182488,0.0,0.0,0.0
ds005540,labram_ridge_strong,prior_calibration_gain,0,8,0.0,0.0,0.0,1986,-0.13000490803182488,0.13000490803182488,0.0,0.0,0.0
ds005540,labram_ridge_strong,prior_calibration_gain,1,0,0.09924916678455967,-0.038392914972511905,0.23689124854163124,1986,-0.03075574124726521,0.22925407481638455,0.013869217618048851,-0.024934478173628385,0.05267291340972609
ds005540,labram_ridge_strong,prior_calibration_gain,1,1,0.007320691617847153,-0.09442434874205179,0.10906573197774609,1986,-0.12268421641397773,0.13732559964967203,0.021038472449164874,-0.01610068114599518,0.05817762604432493
ds005540,labram_ridge_strong,prior_calibration_gain,1,2,0.01966975066566512,-0.09442333802072188,0.13376283935205213,1986,-0.11033515736615976,0.14967465869749,0.016725891398225945,-0.020242634276105106,0.053694417072556996
ds005540,labram_ridge_strong,prior_calibration_gain,1,4,-0.003166041337853809,-0.1260930752480246,0.11976099257231697,1986,-0.1331709493696787,0.12683886669397107,0.018836835976674626,-0.015797377247703026,0.05347104920105228
ds005540,labram_ridge_strong,prior_calibration_gain,1,8,-0.01216530107098246,-0.1433970983363021,0.11906649619433718,1986,-0.14217020910280734,0.11783960696084242,0.022468361818147348,-0.013554814333583104,0.0584915379698778
ds005540,labram_ridge_strong,prior_calibration_gain,2,0,0.12243970917015638,-0.007037697768704068,0.25191711610901685,1986,-0.007565198861668496,0.25244461720198125,0.008396654905662798,-0.02615868230926159,0.04295199212058719
ds005540,labram_ridge_strong,prior_calibration_gain,2,1,0.02772596606002453,-0.06963829664223901,0.1250902287622881,1986,-0.10227894197180035,0.1577308740918494,0.014084899912897297,-0.017851172214647965,0.04602097204044256
ds005540,labram_ridge_strong,prior_calibration_gain,2,2,0.0438297071442435,-0.06252025254911156,0.15017966683759856,1986,-0.08617520088758138,0.17383461517606838,0.010822605025806564,-0.02071276769033912,0.04235797774195225
ds005540,labram_ridge_strong,prior_calibration_gain,2,4,0.026747379406672322,-0.09067909225136807,0.1441738510647127,1986,-0.10325752862515256,0.1567522874384972,0.008636541356511762,-0.023906194319779306,0.04117927703280283
ds005540,labram_ridge_strong,prior_calibration_gain,2,8,0.021519841697927977,-0.10757589886916766,0.1506155822650236,1986,-0.1084850663338969,0.15152474972975286,0.011150206345866082,-0.022759430309677836,0.04505984300141
ds005540,labram_ridge_strong,prior_calibration_gain,4,0,0.14312063768089678,0.019143130966025934,0.2670981443957676,1986,0.0131157296490719,0.27312554571272163,-0.0017181257869548772,-0.030097780903535667,0.026661529329625913
ds005540,labram_ridge_strong,prior_calibration_gain,4,1,0.05156830668706086,-0.03896531881793025,0.14210193219205197,1986,-0.07843660134476402,0.18157321471888574,0.008132733610419496,-0.020796263565504576,0.03706173078634357
ds005540,labram_ridge_strong,prior_calibration_gain,4,2,0.06696943994038806,-0.034049605394887605,0.16798848527566373,1986,-0.06303546809143681,0.19697434797221294,0.003995037048384165,-0.02469185263371094,0.032681926730479274
ds005540,labram_ridge_strong,prior_calibration_gain,4,4,0.05563850424635036,-0.05603208822088951,0.16730909671359023,1986,-0.07436640378547452,0.18564341227817524,0.0011026828733629868,-0.027633982718530566,0.02983934846525654
ds005540,labram_ridge_strong,prior_calibration_gain,4,8,0.05300629446510585,-0.06550169123121051,0.17151428016142223,1986,-0.07699861356671903,0.18301120249693073,0.0016867455684142774,-0.028321471813788163,0.03169496295061672
ds005540,labram_ridge_strong,prior_calibration_gain,8,0,0.16339021787526942,0.031213197436145174,0.2955672383143937,1986,0.03338530984344454,0.29339512590709427,-0.007892811842705794,-0.03569091230128162,0.019905288615870036
ds005540,labram_ridge_strong,prior_calibration_gain,8,1,0.06803443233513323,-0.026554710109692,0.16262357477995848,1986,-0.061970475696691646,0.1980393403669581,0.0026709508166692375,-0.022780972303370988,0.028122873936709463
ds005540,labram_ridge_strong,prior_calibration_gain,8,2,0.0870097830585273,-0.0179535631822776,0.1919731292993322,1986,-0.04299512497329758,0.21701469109035218,-0.0011057967595128337,-0.026699949547626212,0.024488356028600545
ds005540,labram_ridge_strong,prior_calibration_gain,8,4,0.08351550794294255,-0.031043598707425152,0.19807461459331024,1986,-0.04648940008888233,0.21352041597476742,-0.005033919105614126,-0.03006574320705804,0.019997904995829787
ds005540,labram_ridge_strong,prior_calibration_gain,8,8,0.08741437508071326,-0.032853032618781586,0.2076817827802081,1986,-0.04259053295111162,0.21741928311253814,-0.006419678779287369,-0.03295479558585255,0.02011543802727781
ds005540,labram_ridge_strong,combined_calibration_gain,0,0,0.0,0.0,0.0,1986,-0.13964638732059081,0.13964638732059081,0.0,0.0,0.0
ds005540,labram_ridge_strong,combined_calibration_gain,0,1,0.0,0.0,0.0,1986,-0.13964638732059081,0.13964638732059081,0.0,0.0,0.0
ds005540,labram_ridge_strong,combined_calibration_gain,0,2,0.0,0.0,0.0,1986,-0.13964638732059081,0.13964638732059081,0.0,0.0,0.0
ds005540,labram_ridge_strong,combined_calibration_gain,0,4,0.0,0.0,0.0,1986,-0.13964638732059081,0.13964638732059081,0.0,0.0,0.0
ds005540,labram_ridge_strong,combined_calibration_gain,0,8,0.0,0.0,0.0,1986,-0.13964638732059081,0.13964638732059081,0.0,0.0,0.0
ds005540,labram_ridge_strong,combined_calibration_gain,1,0,0.12105473926012021,-0.0325710356014786,0.274680514121719,1986,-0.018591648060470603,0.26070112658071104,0.009677733119075216,-0.02847831546817247,0.0478337817063229
ds005540,labram_ridge_strong,combined_calibration_gain,1,1,0.017233782105458006,-0.08787992232408554,0.12234748653500155,1986,-0.12241260521513281,0.15688016942604882,0.016607266042296898,-0.021058428937019216,0.05427296102161301
ds005540,labram_ridge_strong,combined_calibration_gain,1,2,0.02612175638713171,-0.09302028623241501,0.14526379900667843,1986,-0.1135246309334591,0.16576814370772253,0.01720654772700156,-0.020869789836491036,0.05528288529049415
ds005540,labram_ridge_strong,combined_calibration_gain,1,4,0.004980322821909466,-0.11952660147610734,0.12948724711992626,1986,-0.13466606449868135,0.14462671014250028,0.016810631483747923,-0.017552380636976256,0.0511736436044721
ds005540,labram_ridge_strong,combined_calibration_gain,1,8,0.015318538854628638,-0.11223351225295117,0.14287058996220844,1986,-0.12432784846596218,0.15496492617521945,0.017237731354501185,-0.017299954059648993,0.05177541676865136
ds005540,labram_ridge_strong,combined_calibration_gain,2,0,0.134279038042458,-0.0005921708488871302,0.26915024693380313,1986,-0.005367349278132816,0.2739254253630488,0.005833955706114946,-0.027390388119747908,0.0390582995319778
ds005540,labram_ridge_strong,combined_calibration_gain,2,1,0.03490436235901362,-0.06383516303584572,0.13364388775387295,1986,-0.1047420249615772,0.17455074967960443,0.00838553171076431,-0.022535341274462623,0.03930640469599124
ds005540,labram_ridge_strong,combined_calibration_gain,2,2,0.048023134652331434,-0.059755210012655394,0.15580147931731825,1986,-0.09162325266825938,0.18766952197292225,0.010550450464189037,-0.021905377360423278,0.04300627828880135
ds005540,labram_ridge_strong,combined_calibration_gain,2,4,0.0304548032409947,-0.08530163343295705,0.14621123991494644,1986,-0.10919158407959612,0.1701011905615855,0.006803260733566352,-0.026532625203505328,0.04013914667063803
ds005540,labram_ridge_strong,combined_calibration_gain,2,8,0.03359381502559633,-0.08936340281896804,0.1565510328701607,1986,-0.10605257229499448,0.17324020234618714,0.00789439280170845,-0.025294081201038605,0.041082866804455505
ds005540,labram_ridge_strong,combined_calibration_gain,4,0,0.14459897146775666,0.019233727770186088,0.2699642151653272,1986,0.004952584147165845,0.28424535878834745,-0.00407066556180799,-0.03205797984391734,0.023916648720301362
ds005540,labram_ridge_strong,combined_calibration_gain,4,1,0.05841378462545349,-0.031218135453776358,0.14804570470468334,1986,-0.08123260269513732,0.1980601719460443,0.0018516109086758603,-0.0261433288828488,0.029846550700200522
ds005540,labram_ridge_strong,combined_calibration_gain,4,2,0.07094634953746876,-0.027493651145821876,0.16938635022075937,1986,-0.06870003778312206,0.21059273685805957,0.001816529801146688,-0.026465841078402975,0.03009890068069635
ds005540,labram_ridge_strong,combined_calibration_gain,4,4,0.05971219169998049,-0.04926144245903069,0.16868582585899167,1986,-0.07993419562061033,0.1993585790205713,-0.002115077791742803,-0.03181091162357112,0.027580756040085516
ds005540,labram_ridge_strong,combined_calibration_gain,4,8,0.06038511547444969,-0.05431929896590877,0.17508952991480814,1986,-0.07926127184614112,0.2000315027950405,-0.0007250932463195303,-0.031080781429539503,0.029630594936900442
ds005540,labram_ridge_strong,combined_calibration_gain,8,0,0.1644400476239152,0.02673541120880532,0.30214468403902506,1986,0.02479366030332439,0.30408643494450605,-0.010677854615132848,-0.03823725647454154,0.016881547244275846
ds005540,labram_ridge_strong,combined_calibration_gain,8,1,0.07148341794547253,-0.025086080234221222,0.16805291612516626,1986,-0.06816296937511829,0.21112980526606334,-0.0037918650125431663,-0.028878836984760646,0.021295106959674313
ds005540,labram_ridge_strong,combined_calibration_gain,8,2,0.08735960824887701,-0.01857343393337621,0.19329265043113023,1986,-0.05228677907171381,0.22700599556946782,-0.003433680354349017,-0.029202800476010874,0.02233543976731284
ds005540,labram_ridge_strong,combined_calibration_gain,8,4,0.08427769841459026,-0.032974555463046035,0.20152995229222656,1986,-0.05536868890600055,0.22392408573518108,-0.008840555134069839,-0.034971734482964825,0.017290624214825148
ds005540,labram_ridge_strong,combined_calibration_gain,8,8,0.09299062071885045,-0.03100947619664164,0.21699071763434252,1986,-0.04665576660174037,0.23263700803944126,-0.008847899079466592,-0.03612318680573158,0.018427388646798392
ds005540,labram_ridge_strong,total_minus_uncalibrated_prior,0,0,-0.014414702195621003,-0.08281190997745963,0.053982505586217616,1986,-0.15304481016024404,0.12421540576900204,0.007423918353418102,-0.003984436847357385,0.01883227355419359
ds005540,labram_ridge_strong,total_minus_uncalibrated_prior,0,1,-0.009123504819359862,-0.04475916081650891,0.026512151177789184,1986,-0.1477536127839829,0.1295066031452632,0.007022926204999835,-0.0031478497540331114,0.017193702164032782
ds005540,labram_ridge_strong,total_minus_uncalibrated_prior,0,2,-0.010453361748708812,-0.05340068607937261,0.032493962581954985,1986,-0.14908346971333186,0.12817674621591424,0.005202668292534157,-0.0038048974676673612,0.014210234052735676
ds005540,labram_ridge_strong,total_minus_uncalibrated_prior,0,4,-0.015345656161806165,-0.062395006399602874,0.031703694075990545,1986,-0.15397576412642922,0.12328445180281689,0.007181344168934983,-0.0021742745220367007,0.01653696285990667
ds005540,labram_ridge_strong,total_minus_uncalibrated_prior,0,8,-0.02994303442557178,-0.08795254903327547,0.02806648018213191,1986,-0.16857314239019483,0.10868707353905127,0.008401729055311946,-0.0030451727078515557,0.019848630818475446
ds005540,labram_ridge_strong,total_minus_uncalibrated_prior,1,0,0.1066400370644992,-0.046112386266904726,0.25939246039590313,1986,-0.031990070900123846,0.24527014502912226,0.017101651472493318,-0.02381378381179753,0.058017086756784166
ds005540,labram_ridge_strong,total_minus_uncalibrated_prior,1,1,0.008110277286098144,-0.09983942578600505,0.11605998035820134,1986,-0.1305198306785249,0.1467403852507212,0.023630192247296733,-0.014816591300032066,0.06207697579462553
ds005540,labram_ridge_strong,total_minus_uncalibrated_prior,1,2,0.0156683946384229,-0.10445680912984213,0.13579359840668792,1986,-0.12296171332620015,0.15429850260304595,0.022409216019535716,-0.015906106596524187,0.06072453863559562
ds005540,labram_ridge_strong,total_minus_uncalibrated_prior,1,4,-0.010365333339896698,-0.13919662011636963,0.11846595343657623,1986,-0.14899544130451975,0.12826477462472635,0.023991975652682906,-0.011862421664490468,0.05984637296985628
ds005540,labram_ridge_strong,total_minus_uncalibrated_prior,1,8,-0.014624495570943141,-0.14695944784049775,0.11771045669861147,1986,-0.1532546035355662,0.12400561239367991,0.02563946040981313,-0.010543691449684978,0.06182261226931124
ds005540,labram_ridge_strong,total_minus_uncalibrated_prior,2,0,0.119864335846837,-0.01860972236975883,0.25833839406343284,1986,-0.018765772117786045,0.25849444381146003,0.013257874059533048,-0.022076364588551993,0.04859211270761809
ds005540,labram_ridge_strong,total_minus_uncalibrated_prior,2,1,0.025780857539653756,-0.07577700694166307,0.12733872202097057,1986,-0.1128492504249693,0.1644109655042768,0.015408457915764145,-0.016388500136327075,0.047205415967855366
ds005540,labram_ridge_strong,total_minus_uncalibrated_prior,2,2,0.03756977290362262,-0.0741316125728826,0.14927115838012783,1986,-0.10106033506100043,0.17619988086824567,0.015753118756723195,-0.016752208070624067,0.048258445584070456
ds005540,labram_ridge_strong,total_minus_uncalibrated_prior,2,4,0.015109147079188534,-0.10564460325805393,0.13586289741643098,1986,-0.12352096088543452,0.15373925504381158,0.013984604902501335,-0.019675319883119498,0.04764452968812217
ds005540,labram_ridge_strong,total_minus_uncalibrated_prior,2,8,0.00365078060002455,-0.12735764553474926,0.13465920673479836,1986,-0.1349793273645985,0.1422808885646476,0.016296121857020396,-0.01793082267099501,0.0505230663850358
ds005540,labram_ridge_strong,total_minus_uncalibrated_prior,4,0,0.13018426927213564,0.001208898745731879,0.2591596397985394,1986,-0.008445838692487412,0.2688143772367587,0.003353252791610112,-0.0265140021108325,0.03322050769405273
ds005540,labram_ridge_strong,total_minus_uncalibrated_prior,4,1,0.04929027980609363,-0.044920752674479814,0.14350131228666707,1986,-0.08933982815852942,0.18792038777071668,0.008874537113675696,-0.02000882970525382,0.03775790393260521
ds005540,labram_ridge_strong,total_minus_uncalibrated_prior,4,2,0.060492987788759944,-0.043310720597448116,0.164296696174968,1986,-0.0781371201758631,0.199123095753383,0.007019198093680845,-0.021295757495439434,0.03533415368280113
ds005540,labram_ridge_strong,total_minus_uncalibrated_prior,4,4,0.04436653553817432,-0.06899697382031693,0.1577300448966656,1986,-0.09426357242644873,0.18299664350279737,0.00506626637719218,-0.024300116216231425,0.034432648970615785
ds005540,labram_ridge_strong,total_minus_uncalibrated_prior,4,8,0.03044208104887791,-0.09009717857999544,0.15098134067775126,1986,-0.10818802691574514,0.16907218901350096,0.007676635808992416,-0.023242567928422733,0.038595839546407565
ds005540,labram_ridge_strong,total_minus_uncalibrated_prior,8,0,0.15002534542829418,0.012174367228769689,0.2878763236278187,1986,0.011395237463671132,0.2886554533929172,-0.003253936261714746,-0.03301190480581862,0.02650403228238913
ds005540,labram_ridge_strong,total_minus_uncalibrated_prior,8,1,0.062359913126112665,-0.03729304486453246,0.16201287111675777,1986,-0.07627019483851039,0.20099002109073572,0.003231061192456669,-0.023843160346578286,0.030305282731491624
ds005540,labram_ridge_strong,total_minus_uncalibrated_prior,8,2,0.0769062465001682,-0.03288047246449445,0.18669296546483083,1986,-0.061723861464454854,0.21553635446479125,0.0017689879381851403,-0.02479206111828828,0.02833003699465856
ds005540,labram_ridge_strong,total_minus_uncalibrated_prior,8,4,0.0689320422527841,-0.05023542453771988,0.1880995090432881,1986,-0.06969806571183895,0.20756215021740715,-0.0016592109651348552,-0.028029884462932867,0.024711462532663157
ds005540,labram_ridge_strong,total_minus_uncalibrated_prior,8,8,0.06304758629327867,-0.06276720352533482,0.18886237611189216,1986,-0.07558252167134438,0.20167769425790172,-0.00044617002415464624,-0.028685454928929686,0.027793114880620393
ds006850,bandpower_ridge_base,eeg_added_population,0,0,0.047005497544228905,-0.048510333526021174,0.14252132861447897,2000,-0.0258278606960248,0.11983885578448261,0.008001630538791632,-0.012425427672638871,0.028428688750222135
ds006850,bandpower_ridge_base,eeg_added_population,0,1,-0.00020981901747144094,-0.06363318656200347,0.06321354852706058,2000,-0.07304317725772515,0.07262353922278227,0.014782048160530498,-0.002549863513727973,0.03211395983478897
ds006850,bandpower_ridge_base,eeg_added_population,0,2,0.008602365724274308,-0.07002401099010043,0.08722874243864905,2000,-0.0642309925159794,0.08143572396452801,0.009752545428951098,-0.006980249928031878,0.026485340785934074
ds006850,bandpower_ridge_base,eeg_added_population,0,4,-0.0032031341845982775,-0.08353211785926257,0.07712584949006601,2000,-0.07603649242485198,0.06963022405565543,0.010714109649295811,-0.007033096275726843,0.028461315574318465
ds006850,bandpower_ridge_base,eeg_added_population,0,8,0.007620200938548094,-0.06921484231541296,0.08445524419250915,2000,-0.06521315730170561,0.0804535591788018,0.008789200235293226,-0.007545988872436609,0.025124389343023062
ds006850,bandpower_ridge_base,eeg_added_population,1,0,0.04700549754422854,-0.04851033352602154,0.1425213286144786,2000,-0.02582786069602517,0.11983885578448225,0.008001630538791688,-0.012425427672638819,0.028428688750222194
ds006850,bandpower_ridge_base,eeg_added_population,1,1,-0.00020981901747160747,-0.06363318656200365,0.06321354852706043,2000,-0.07304317725772531,0.0726235392227821,0.014782048160530498,-0.002549863513727973,0.03211395983478897
ds006850,bandpower_ridge_base,eeg_added_population,1,2,0.008602365724274086,-0.07002401099010065,0.08722874243864882,2000,-0.06423099251597962,0.08143572396452779,0.009752545428951098,-0.006980249928031878,0.026485340785934074
ds006850,bandpower_ridge_base,eeg_added_population,1,4,-0.0032031341845982775,-0.08353211785926255,0.077125849490066,2000,-0.07603649242485198,0.06963022405565543,0.010714109649295811,-0.007033096275726843,0.028461315574318465
ds006850,bandpower_ridge_base,eeg_added_population,1,8,0.0076202009385481495,-0.0692148423154129,0.0844552441925092,2000,-0.06521315730170556,0.08045355917880186,0.008789200235293226,-0.007545988872436609,0.025124389343023062
ds006850,bandpower_ridge_base,eeg_added_population,2,0,0.04700549754422854,-0.04851033352602154,0.1425213286144786,2000,-0.02582786069602517,0.11983885578448225,0.008001630538791688,-0.012425427672638819,0.028428688750222194
ds006850,bandpower_ridge_base,eeg_added_population,2,1,-0.00020981901747174625,-0.06363318656200377,0.06321354852706028,2000,-0.07304317725772545,0.07262353922278196,0.014782048160530498,-0.0025498635137279693,0.032113959834788965
ds006850,bandpower_ridge_base,eeg_added_population,2,2,0.008602365724274086,-0.07002401099010067,0.08722874243864884,2000,-0.06423099251597962,0.08143572396452779,0.009752545428951098,-0.006980249928031878,0.026485340785934074
ds006850,bandpower_ridge_base,eeg_added_population,2,4,-0.003203134184598111,-0.0835321178592624,0.07712584949006618,2000,-0.07603649242485182,0.0696302240556556,0.010714109649295811,-0.007033096275726843,0.028461315574318465
ds006850,bandpower_ridge_base,eeg_added_population,2,8,0.0076202009385481495,-0.06921484231541292,0.08445524419250922,2000,-0.06521315730170556,0.08045355917880186,0.008789200235293226,-0.007545988872436609,0.025124389343023062
ds006850,bandpower_ridge_base,eeg_added_population,4,0,0.047005497544228704,-0.048510333526021375,0.14252132861447878,2000,-0.025827860696025003,0.11983885578448242,0.008001630538791632,-0.012425427672638874,0.02842868875022214
ds006850,bandpower_ridge_base,eeg_added_population,4,1,-0.000209819017471774,-0.06363318656200383,0.06321354852706028,2000,-0.07304317725772548,0.07262353922278193,0.014782048160530498,-0.002549863513727966,0.03211395983478896
ds006850,bandpower_ridge_base,eeg_added_population,4,2,0.008602365724274086,-0.07002401099010067,0.08722874243864884,2000,-0.06423099251597962,0.08143572396452779,0.009752545428951098,-0.006980249928031878,0.026485340785934074
ds006850,bandpower_ridge_base,eeg_added_population,4,4,-0.0032031341845980554,-0.08353211785926232,0.0771258494900662,2000,-0.07603649242485176,0.06963022405565565,0.010714109649295811,-0.007033096275726843,0.028461315574318465
ds006850,bandpower_ridge_base,eeg_added_population,4,8,0.0076202009385480385,-0.06921484231541301,0.08445524419250909,2000,-0.06521315730170567,0.08045355917880175,0.008789200235293254,-0.007545988872436578,0.025124389343023086
ds006850,bandpower_ridge_base,eeg_added_population,8,0,0.047005497544228704,-0.048510333526021375,0.14252132861447878,2000,-0.025827860696025003,0.11983885578448242,0.008001630538791632,-0.012425427672638874,0.02842868875022214
ds006850,bandpower_ridge_base,eeg_added_population,8,1,-0.000209819017471774,-0.06363318656200383,0.06321354852706028,2000,-0.07304317725772548,0.07262353922278193,0.014782048160530498,-0.002549863513727966,0.03211395983478896
ds006850,bandpower_ridge_base,eeg_added_population,8,2,0.008602365724274086,-0.07002401099010067,0.08722874243864884,2000,-0.06423099251597962,0.08143572396452779,0.009752545428951098,-0.006980249928031878,0.026485340785934074
ds006850,bandpower_ridge_base,eeg_added_population,8,4,-0.0032031341845980554,-0.08353211785926232,0.0771258494900662,2000,-0.07603649242485176,0.06963022405565565,0.010714109649295811,-0.007033096275726843,0.028461315574318465
ds006850,bandpower_ridge_base,eeg_added_population,8,8,0.0076202009385480385,-0.06921484231541301,0.08445524419250909,2000,-0.06521315730170567,0.08045355917880175,0.008789200235293254,-0.007545988872436578,0.025124389343023086
ds006850,bandpower_ridge_base,eeg_added_matched_calibration,0,0,0.047005497544228905,-0.048510333526021174,0.14252132861447897,2000,-0.027259100835230962,0.12127009592368877,0.008001630538791632,-0.012425427672638871,0.028428688750222135
ds006850,bandpower_ridge_base,eeg_added_matched_calibration,0,1,-0.00020981901747144094,-0.06363318656200347,0.06321354852706058,2000,-0.07447441739693131,0.07405477936198843,0.014782048160530498,-0.002549863513727973,0.03211395983478897
ds006850,bandpower_ridge_base,eeg_added_matched_calibration,0,2,0.008602365724274308,-0.07002401099010043,0.08722874243864905,2000,-0.06566223265518556,0.08286696410373418,0.009752545428951098,-0.006980249928031878,0.026485340785934074
ds006850,bandpower_ridge_base,eeg_added_matched_calibration,0,4,-0.0032031341845982775,-0.08353211785926257,0.07712584949006601,2000,-0.07746773256405814,0.07106146419486159,0.010714109649295811,-0.007033096275726843,0.028461315574318465
ds006850,bandpower_ridge_base,eeg_added_matched_calibration,0,8,0.007620200938548094,-0.06921484231541296,0.08445524419250915,2000,-0.06664439744091177,0.08188479931800796,0.008789200235293226,-0.007545988872436609,0.025124389343023062
ds006850,bandpower_ridge_base,eeg_added_matched_calibration,1,0,0.00992256864987251,-0.05740241758682378,0.0772475548865688,2000,-0.06434202972958736,0.08418716702933238,0.00964632474285465,-0.00890349998966683,0.02819614947537613
ds006850,bandpower_ridge_base,eeg_added_matched_calibration,1,1,-0.006187954445339372,-0.05513856250771546,0.04276265361703672,2000,-0.08045255282479924,0.0680766439341205,0.01106987324604397,-0.005242100192084646,0.027381846684172588
ds006850,bandpower_ridge_base,eeg_added_matched_calibration,1,2,-0.006950232753790253,-0.06372604983892435,0.04982558433134385,2000,-0.08121483113325012,0.06731436562566961,0.014645880078827694,-0.0051070829021319895,0.03439884305978738
ds006850,bandpower_ridge_base,eeg_added_matched_calibration,1,4,-0.005856149009275502,-0.06420112591548455,0.05248882789693355,2000,-0.08012074738873537,0.06840844937018437,0.013543609395266526,-0.004540358969175821,0.03162757775970887
ds006850,bandpower_ridge_base,eeg_added_matched_calibration,1,8,-0.00886861821650009,-0.06884991048767175,0.05111267405467156,2000,-0.08313321659595996,0.06539598016295978,0.01640753178443144,-0.0016893214168443305,0.03450438498570721
ds006850,bandpower_ridge_base,eeg_added_matched_calibration,2,0,0.012483951088929038,-0.05143299254745594,0.07640089472531401,2000,-0.06178064729053083,0.0867485494683889,0.004263359972652175,-0.010754402547255352,0.019281122492559703
ds006850,bandpower_ridge_base,eeg_added_matched_calibration,2,1,-0.0018397045059650452,-0.04486455380370708,0.04118514479177699,2000,-0.07610430288542491,0.07242489387349482,0.0054950807803755275,-0.008103069673298206,0.01909323123404926
ds006850,bandpower_ridge_base,eeg_added_matched_calibration,2,2,0.0049981098023769155,-0.04763475386637848,0.05763097347113231,2000,-0.06926648857708295,0.07926270818183678,0.006279648987671749,-0.00852664704990376,0.021085945025247257
ds006850,bandpower_ridge_base,eeg_added_matched_calibration,2,4,-0.0006914922971413828,-0.052487578931223654,0.05110459433694089,2000,-0.07495609067660125,0.07357310608231848,0.006887885020123274,-0.007098802567547101,0.02087457260779365
ds006850,bandpower_ridge_base,eeg_added_matched_calibration,2,8,0.0033210652330400436,-0.050177845696099795,0.05681997616217988,2000,-0.07094353314641982,0.07758566361249991,0.0064084699889378205,-0.007459479996060319,0.02027641997393596
ds006850,bandpower_ridge_base,eeg_added_matched_calibration,4,0,0.0061464127656790934,-0.06436480014136038,0.07665762567271857,2000,-0.06811818561378077,0.08041101114513896,0.007230217515295234,-0.006026355413921726,0.020486790444512196
ds006850,bandpower_ridge_base,eeg_added_matched_calibration,4,1,-0.007775042960563416,-0.052603496418563225,0.03705341049743639,2000,-0.08203964134002328,0.06648955541889645,0.006336387796661125,-0.006277728162402725,0.018950503755724976
ds006850,bandpower_ridge_base,eeg_added_matched_calibration,4,2,-0.003322802349809695,-0.05810111745252509,0.0514555127529057,2000,-0.07758740072926956,0.07094179602965017,0.010223546665007438,-0.002544741080338789,0.022991834410353663
ds006850,bandpower_ridge_base,eeg_added_matched_calibration,4,4,-0.007621249431424004,-0.06028562032154862,0.04504312145870061,2000,-0.08188584781088387,0.06664334894803586,0.008472804970240416,-0.004002289123873839,0.020947899064354673
ds006850,bandpower_ridge_base,eeg_added_matched_calibration,4,8,-0.0062681697644978995,-0.0604176957578898,0.047881356228894,2000,-0.08053276814395777,0.06799642861496197,0.008579968769146434,-0.004296165710181597,0.021456103248474467
ds006850,bandpower_ridge_base,eeg_added_matched_calibration,8,0,0.014334153108348083,-0.05211763518651605,0.08078594140321221,2000,-0.059930445271111785,0.08859875148780795,0.0040609328072094,-0.007653020463033339,0.015774886077452137
ds006850,bandpower_ridge_base,eeg_added_matched_calibration,8,1,-0.005707763045109615,-0.04704219054610902,0.03562666445588979,2000,-0.07997236142456948,0.06855683533435025,0.0061911860943001384,-0.005323465985690905,0.01770583817429118
ds006850,bandpower_ridge_base,eeg_added_matched_calibration,8,2,-0.0033610807274236376,-0.053891955221737786,0.04716979376689051,2000,-0.0776256791068835,0.07090351765203623,0.008024792691553262,-0.00345380534851167,0.019503390731618192
ds006850,bandpower_ridge_base,eeg_added_matched_calibration,8,4,-0.009165566167937622,-0.05868368448984694,0.040352552153971696,2000,-0.08343016454739749,0.06509903221152225,0.007726126872152794,-0.00434719416063397,0.01979944790493956
ds006850,bandpower_ridge_base,eeg_added_matched_calibration,8,8,-0.006964272517141046,-0.05686216092849072,0.042933615894208625,2000,-0.08122887089660091,0.06730032586231882,0.006565534843017001,-0.005159858604930144,0.018290928290964147
ds006850,bandpower_ridge_base,prior_calibration_gain,0,0,0.0,0.0,0.0,2000,-0.12349638874669523,0.12349638874669523,0.0,0.0,0.0
ds006850,bandpower_ridge_base,prior_calibration_gain,0,1,0.0,0.0,0.0,2000,-0.12349638874669523,0.12349638874669523,0.0,0.0,0.0
ds006850,bandpower_ridge_base,prior_calibration_gain,0,2,0.0,0.0,0.0,2000,-0.12349638874669523,0.12349638874669523,0.0,0.0,0.0
ds006850,bandpower_ridge_base,prior_calibration_gain,0,4,0.0,0.0,0.0,2000,-0.12349638874669523,0.12349638874669523,0.0,0.0,0.0
ds006850,bandpower_ridge_base,prior_calibration_gain,0,8,0.0,0.0,0.0,2000,-0.12349638874669523,0.12349638874669523,0.0,0.0,0.0
ds006850,bandpower_ridge_base,prior_calibration_gain,1,0,0.0812159340715726,-0.05293687898550259,0.2153687471286478,2000,-0.04228045467512263,0.20471232281826784,0.0367943654169694,-0.0003816759555194116,0.07397040678945821
ds006850,bandpower_ridge_base,prior_calibration_gain,1,1,0.011402095751169489,-0.10172424010594626,0.12452843160828524,2000,-0.11209429299552574,0.13489848449786473,0.02986427709017289,-0.004154059576463719,0.06388261375680951
ds006850,bandpower_ridge_base,prior_calibration_gain,1,2,-0.015043295131896894,-0.14696288644051209,0.1168762961767183,2000,-0.1385396838785921,0.10845309361479834,0.03791614176361208,0.002758817416004762,0.0730734661112194
ds006850,bandpower_ridge_base,prior_calibration_gain,1,4,-0.037443504692916796,-0.1692722042571528,0.09438519487131922,2000,-0.16093989343961201,0.08605288405377844,0.041073939694900696,0.007200418738977699,0.0749474606508237
ds006850,bandpower_ridge_base,prior_calibration_gain,1,8,-0.04107544120438217,-0.1776633209239918,0.09551243851522748,2000,-0.1645718299510774,0.08242094754231306,0.04110289645101725,0.005963982403230671,0.07624181049880382
ds006850,bandpower_ridge_base,prior_calibration_gain,2,0,0.10022886574736,-0.038550867869681885,0.23900859936440189,2000,-0.02326752299933524,0.22372525449405523,0.02327467525158297,-0.006813339164075453,0.05336268966724139
ds006850,bandpower_ridge_base,prior_calibration_gain,2,1,0.02395950322523957,-0.07980610603522124,0.1277251124857004,2000,-0.09953688552145566,0.14745589197193482,0.021937682081719173,-0.004986304829801752,0.0488616689932401
ds006850,bandpower_ridge_base,prior_calibration_gain,2,2,0.014777202650265053,-0.11318992829069918,0.1427443335912293,2000,-0.10871918609643018,0.13827359139696027,0.022369870934246555,-0.005281627853468151,0.050021369721961265
ds006850,bandpower_ridge_base,prior_calibration_gain,2,4,-0.001414553908970162,-0.13120582697071598,0.12837671915277565,2000,-0.1249109426556654,0.12208183483772507,0.02312365582988818,-0.003993599767146673,0.05024091142692303
ds006850,bandpower_ridge_base,prior_calibration_gain,2,8,-0.0007278942517837117,-0.13491870817637236,0.13346291967280494,2000,-0.12422428299847894,0.12276849449491152,0.023204224434160897,-0.005013692719628454,0.05142214158795025
ds006850,bandpower_ridge_base,prior_calibration_gain,4,0,0.0986597532129117,-0.03096616097781696,0.22828566740364037,2000,-0.024836635533783527,0.22215614195960692,0.010620805415001738,-0.01484649627368987,0.03608810710369335
ds006850,bandpower_ridge_base,prior_calibration_gain,4,1,0.03265559001086152,-0.05936690137169674,0.12467808139341978,2000,-0.09084079873583371,0.15615197875755676,0.018168954249749486,-0.005205410758308066,0.041543319257807035
ds006850,bandpower_ridge_base,prior_calibration_gain,4,2,0.02640804025089155,-0.08478406159380757,0.13760014209559068,2000,-0.09708834849580368,0.14990442899758677,0.01299693483904113,-0.011153913941785248,0.03714778361986751
ds006850,bandpower_ridge_base,prior_calibration_gain,4,4,0.012180967689737199,-0.10303382363195991,0.1273957590114343,2000,-0.11131542105695803,0.13567735643643242,0.015100407188959414,-0.008015736198864937,0.03821655057678376
ds006850,bandpower_ridge_base,prior_calibration_gain,4,8,0.013067758709551514,-0.10699229143521696,0.13312780885432,2000,-0.11042863003714372,0.13656414745624673,0.016112633274633303,-0.009032612271797667,0.04125787882106427
ds006850,bandpower_ridge_base,prior_calibration_gain,8,0,0.12280578902511728,0.004745700151787824,0.24086587789844674,2000,-0.0006905997215779502,0.2463021777718125,0.0017570499303646014,-0.019902072527926994,0.023416172388656196
ds006850,bandpower_ridge_base,prior_calibration_gain,8,1,0.05026448371291323,-0.026729351291453582,0.12725831871728005,2000,-0.073231905033782,0.17376087245960847,0.007248529499360251,-0.01150480184019623,0.026001860838916733
ds006850,bandpower_ridge_base,prior_calibration_gain,8,2,0.05724355183860946,-0.040351734903325415,0.15483883858054434,2000,-0.06625283690808577,0.18073994058530468,0.003184587256570698,-0.017168978545813028,0.023538153058954424
ds006850,bandpower_ridge_base,prior_calibration_gain,8,4,0.05330704390705843,-0.05037382479621971,0.15698791261033657,2000,-0.0701893448396368,0.17680343265375364,0.0037583371664300647,-0.0150737794424828,0.02259045377534293
ds006850,bandpower_ridge_base,prior_calibration_gain,8,8,0.05795844662425104,-0.051469374490865985,0.16738626773936804,2000,-0.0655379421224442,0.18145483537094625,0.004244995632473936,-0.016328679221859238,0.02481867048680711
ds006850,bandpower_ridge_base,combined_calibration_gain,0,0,0.0,0.0,0.0,2000,-0.12338346145477304,0.12338346145477304,0.0,0.0,0.0
ds006850,bandpower_ridge_base,combined_calibration_gain,0,1,0.0,0.0,0.0,2000,-0.12338346145477304,0.12338346145477304,0.0,0.0,0.0
ds006850,bandpower_ridge_base,combined_calibration_gain,0,2,0.0,0.0,0.0,2000,-0.12338346145477304,0.12338346145477304,0.0,0.0,0.0
ds006850,bandpower_ridge_base,combined_calibration_gain,0,4,0.0,0.0,0.0,2000,-0.12338346145477304,0.12338346145477304,0.0,0.0,0.0
ds006850,bandpower_ridge_base,combined_calibration_gain,0,8,0.0,0.0,0.0,2000,-0.12338346145477304,0.12338346145477304,0.0,0.0,0.0
ds006850,bandpower_ridge_base,combined_calibration_gain,1,0,0.044133005177216564,-0.09636220386149665,0.1846282142159298,2000,-0.07925045627755647,0.1675164666319896,0.03843905962103236,-0.0012328358919880406,0.07811095513405276
ds006850,bandpower_ridge_base,combined_calibration_gain,1,1,0.005423960323301724,-0.10244925665033783,0.11329717729694128,2000,-0.11795950113147131,0.12880742177807475,0.026152102175686365,-0.008459725836124116,0.060763930187496845
ds006850,bandpower_ridge_base,combined_calibration_gain,1,2,-0.030595893609961233,-0.1601192827044193,0.09892749548449684,2000,-0.15397935506473426,0.0927875678448118,0.04280947641348867,0.005245011118052353,0.08037394170892499
ds006850,bandpower_ridge_base,combined_calibration_gain,1,4,-0.04009651951759402,-0.1718814349724133,0.09168839593722525,2000,-0.16347998097236704,0.08328694193717902,0.04390343944087141,0.006788359063700421,0.0810185198180424
ds006850,bandpower_ridge_base,combined_calibration_gain,1,8,-0.05756426035943041,-0.18774782181139926,0.07261930109253845,2000,-0.18094772181420343,0.06581920109534263,0.048721228000155464,0.011529541173073532,0.0859129148272374
ds006850,bandpower_ridge_base,combined_calibration_gain,2,0,0.06570731929206049,-0.07796607455448394,0.2093807131386049,2000,-0.05767614216271255,0.18909078074683353,0.01953640468544346,-0.011167392741297761,0.050240202112184676
ds006850,bandpower_ridge_base,combined_calibration_gain,2,1,0.02232961773674627,-0.07796259642502787,0.12262183189852041,2000,-0.10105384371802677,0.14571307919151932,0.012650714701564203,-0.015370022855123708,0.04067145225825211
ds006850,bandpower_ridge_base,combined_calibration_gain,2,2,0.011172946728367883,-0.11372268199309277,0.13606857544982853,2000,-0.11221051472640516,0.1345564081831409,0.018896974492967206,-0.010567244156789356,0.04836119314272377
ds006850,bandpower_ridge_base,combined_calibration_gain,2,4,0.0010970879784865661,-0.1265501608755102,0.12874433683248332,2000,-0.12228637347628647,0.1244805494332596,0.019297431200715642,-0.010216650105317287,0.048811512506748575
ds006850,bandpower_ridge_base,combined_calibration_gain,2,8,-0.0050270299572918176,-0.1303884535553643,0.12033439364078066,2000,-0.12841049141206484,0.11835643149748122,0.02082349418780549,-0.007666221309846229,0.049313209685457216
ds006850,bandpower_ridge_base,combined_calibration_gain,4,0,0.05780066843436209,-0.0664027092734045,0.18200404614212867,2000,-0.06558279302041095,0.18118412988913513,0.00984939239150534,-0.016119355295084008,0.03581814007809469
ds006850,bandpower_ridge_base,combined_calibration_gain,4,1,0.025090366067769876,-0.05926274934852481,0.10944348148406456,2000,-0.09829309538700316,0.1484738275225429,0.009723293885880113,-0.015157484877194073,0.0346040726489543
ds006850,bandpower_ridge_base,combined_calibration_gain,4,2,0.01448287217680777,-0.08843984688205474,0.11740559123567028,2000,-0.10890058927796527,0.1378663336315808,0.01346793607509747,-0.012123248328015632,0.03905912047821057
ds006850,bandpower_ridge_base,combined_calibration_gain,4,4,0.00776285244291125,-0.09881926894098778,0.11434497382681028,2000,-0.11562060901186179,0.13114631389768427,0.012859102509904019,-0.012916016553780305,0.03863422157358834
ds006850,bandpower_ridge_base,combined_calibration_gain,4,8,-0.0008206119934944245,-0.10654688413806757,0.10490566015107872,2000,-0.12420407344826746,0.12256284946127861,0.015903401808486484,-0.009303646947313945,0.041110450564286916
ds006850,bandpower_ridge_base,combined_calibration_gain,8,0,0.09013444458923665,-0.02899408826532776,0.20926297744380107,2000,-0.033249016865536385,0.2135179060440097,-0.002183647801217631,-0.024362946060984953,0.01999565045854969
ds006850,bandpower_ridge_base,combined_calibration_gain,8,1,0.044766539685275386,-0.027402869357738724,0.1169359487282895,2000,-0.07861692176949765,0.1681500011400484,-0.001342332566870108,-0.02254571046038886,0.019861045326648643
ds006850,bandpower_ridge_base,combined_calibration_gain,8,2,0.04528010538691174,-0.04707149920724671,0.1376317099810702,2000,-0.0781033560678613,0.16866356684168476,0.0014568345191728616,-0.0206944890972932,0.023608158135638924
ds006850,bandpower_ridge_base,combined_calibration_gain,8,4,0.04734461192371886,-0.05301974716193464,0.14770897100937236,2000,-0.07603884953105418,0.17072807337849188,0.0007703543892870479,-0.021274031830654724,0.02281474060922882
ds006850,bandpower_ridge_base,combined_calibration_gain,8,8,0.04337397316856195,-0.054523627184444826,0.14127157352156872,2000,-0.08000948828621109,0.16675743462333498,0.002021330240197683,-0.018847596222149078,0.022890256702544444
ds006850,bandpower_ridge_base,total_minus_uncalibrated_prior,0,0,0.047005497544228905,-0.048510333526021174,0.14252132861447897,2000,-0.080190982931286,0.1742019780197438,0.008001630538791632,-0.012425427672638871,0.028428688750222135
ds006850,bandpower_ridge_base,total_minus_uncalibrated_prior,0,1,-0.00020981901747144094,-0.06363318656200347,0.06321354852706058,2000,-0.12740629949298635,0.12698666145804346,0.014782048160530498,-0.002549863513727973,0.03211395983478897
ds006850,bandpower_ridge_base,total_minus_uncalibrated_prior,0,2,0.008602365724274308,-0.07002401099010043,0.08722874243864905,2000,-0.1185941147512406,0.1357988461997892,0.009752545428951098,-0.006980249928031878,0.026485340785934074
ds006850,bandpower_ridge_base,total_minus_uncalibrated_prior,0,4,-0.0032031341845982775,-0.08353211785926257,0.07712584949006601,2000,-0.13039961466011318,0.12399334629091663,0.010714109649295811,-0.007033096275726843,0.028461315574318465
ds006850,bandpower_ridge_base,total_minus_uncalibrated_prior,0,8,0.007620200938548094,-0.06921484231541296,0.08445524419250915,2000,-0.11957627953696681,0.134816681414063,0.008789200235293226,-0.007545988872436609,0.025124389343023062
ds006850,bandpower_ridge_base,total_minus_uncalibrated_prior,1,0,0.09113850272144511,-0.04328936798044769,0.2255663734233379,2000,-0.0360579777540698,0.21833498319696001,0.04644069015982405,0.005698503807555488,0.08718287651209261
ds006850,bandpower_ridge_base,total_minus_uncalibrated_prior,1,1,0.005214141305830117,-0.10893162407845709,0.11935990669011733,2000,-0.12198233916968479,0.13241062178134502,0.04093415033621686,0.005426237300793529,0.0764420633716402
ds006850,bandpower_ridge_base,total_minus_uncalibrated_prior,1,2,-0.021993527885687147,-0.159036002645326,0.1150489468739517,2000,-0.14919000836120205,0.10520295258982776,0.05256202184243977,0.01385352008791569,0.09127052359696386
ds006850,bandpower_ridge_base,total_minus_uncalibrated_prior,1,4,-0.0432996537021923,-0.18208978808511544,0.09549048068073085,2000,-0.1704961341777072,0.08389682677332261,0.05461754909016722,0.016367495572254212,0.09286760260808023
ds006850,bandpower_ridge_base,total_minus_uncalibrated_prior,1,8,-0.04994405942088226,-0.19015134770682754,0.09026322886506302,2000,-0.17714053989639716,0.07725242105463265,0.05751042823544869,0.01923647454658324,0.09578438192431414
ds006850,bandpower_ridge_base,total_minus_uncalibrated_prior,2,0,0.11271281683628903,-0.026610603962575002,0.25203623763515304,2000,-0.014483663639225874,0.23990929731180394,0.027538035224235147,-0.0038699532653314883,0.05894602371380178
ds006850,bandpower_ridge_base,total_minus_uncalibrated_prior,2,1,0.022119798719274525,-0.08164520700602883,0.1258848044445779,2000,-0.10507668175624038,0.14931627919478943,0.0274327628620947,-0.0012839121572127826,0.056149437881402184
ds006850,bandpower_ridge_base,total_minus_uncalibrated_prior,2,2,0.01977531245264197,-0.10868982746484554,0.14824045237012948,2000,-0.10742116802287294,0.14697179292815687,0.028649519921918304,0.0002413015217051749,0.05705773832213143
ds006850,bandpower_ridge_base,total_minus_uncalibrated_prior,2,4,-0.002106046206111545,-0.13263369201076486,0.12842159959854177,2000,-0.12930252668162645,0.12509043426940336,0.030011540850011453,0.0014879915507072898,0.05853509014931561
ds006850,bandpower_ridge_base,total_minus_uncalibrated_prior,2,8,0.002593170981256332,-0.12816452365803496,0.13335086562054763,2000,-0.12460330949425857,0.12978965145677124,0.029612694423098718,0.000740376106843875,0.05848501273935356
ds006850,bandpower_ridge_base,total_minus_uncalibrated_prior,4,0,0.1048061659785908,-0.03087164499971959,0.24048397695690119,2000,-0.022390314496924107,0.2320026464541057,0.017851022930296973,-0.008108915820780112,0.04381096168137406
ds006850,bandpower_ridge_base,total_minus_uncalibrated_prior,4,1,0.024880547050298102,-0.06775336747280458,0.11751446157340079,2000,-0.1023159334252168,0.152077027525813,0.02450534204641061,-0.0013030834811354232,0.05031376757395664
ds006850,bandpower_ridge_base,total_minus_uncalibrated_prior,4,2,0.023085237901081856,-0.08959237697198215,0.13576285277414585,2000,-0.10411124257443305,0.15028171837659676,0.023220481504048568,-0.0015952976469331068,0.04803626065503024
ds006850,bandpower_ridge_base,total_minus_uncalibrated_prior,4,4,0.0045597182583131945,-0.11227186752989005,0.12139130404651644,2000,-0.12263676221720171,0.1317561987338281,0.02357321215919983,-0.0010679468717836559,0.04821437119018332
ds006850,bandpower_ridge_base,total_minus_uncalibrated_prior,4,8,0.006799588945053614,-0.11341319567143028,0.1270123735615375,2000,-0.12039689153046129,0.13399606942056852,0.024692602043779738,-0.0009187951043461637,0.05030399919190564
ds006850,bandpower_ridge_base,total_minus_uncalibrated_prior,8,0,0.13713994213346536,0.011346684003152752,0.262933200263778,2000,0.009943461657950459,0.26433642260898027,0.005817982737574001,-0.016161435462645674,0.027797400937793676
ds006850,bandpower_ridge_base,total_minus_uncalibrated_prior,8,1,0.04455672066780361,-0.037273105025421915,0.12638654636102914,2000,-0.0826397598077113,0.17175320114331852,0.01343971559366039,-0.008721762616665966,0.03560119380398674
ds006850,bandpower_ridge_base,total_minus_uncalibrated_prior,8,2,0.053882471111185826,-0.050038249563980855,0.1578031917863525,2000,-0.07331400936432908,0.18107895158670073,0.01120937994812396,-0.010575228180572546,0.03299398807682047
ds006850,bandpower_ridge_base,total_minus_uncalibrated_prior,8,4,0.044141477739120805,-0.06597431845403608,0.15425727393227767,2000,-0.0830550027363941,0.1713379582146357,0.011484464038582859,-0.009812334219052966,0.03278126229621868
ds006850,bandpower_ridge_base,total_minus_uncalibrated_prior,8,8,0.05099417410710999,-0.061223487251496414,0.16321183546571638,2000,-0.07620230636840492,0.1781906545826249,0.010810530475490937,-0.011104324830064235,0.03272538578104611
ds006850,bandpower_ridge_strong,eeg_added_population,0,0,0.031376783526847245,-0.021914354957244878,0.08466792201093937,2000,-0.007590241374613713,0.0703438084283082,-0.0002697394804608566,-0.008996461064460125,0.008456982103538412
ds006850,bandpower_ridge_strong,eeg_added_population,0,1,0.008989204105635223,-0.021090767550645807,0.03906917576191625,2000,-0.029977820795825734,0.04795622900709618,0.004696628988626578,-0.003242025452500151,0.012635283429753306
ds006850,bandpower_ridge_strong,eeg_added_population,0,2,0.016421861739953303,-0.02265835102161924,0.05550207450152585,2000,-0.022545163161507654,0.05538888664141426,0.001100413347653817,-0.006881669236065306,0.00908249593137294
ds006850,bandpower_ridge_strong,eeg_added_population,0,4,0.014611156803434222,-0.027456665215935698,0.05667897882280414,2000,-0.024355868098026735,0.05357818170489518,-3.88740510655905e-05,-0.008049475579642307,0.007971727477511126
ds006850,bandpower_ridge_strong,eeg_added_population,0,8,0.018391449162083517,-0.02553598487635137,0.062318883200518406,2000,-0.02057557573937744,0.057358474063544475,-0.0006789766087755833,-0.008676544659622048,0.007318591442070881
ds006850,bandpower_ridge_strong,eeg_added_population,1,0,0.03137678352684704,-0.02191435495724508,0.08466792201093915,2000,-0.007590241374613921,0.070343808428308,-0.0002697394804608566,-0.008996461064460124,0.00845698210353841
ds006850,bandpower_ridge_strong,eeg_added_population,1,1,0.008989204105635223,-0.021090767550645803,0.03906917576191625,2000,-0.029977820795825734,0.04795622900709618,0.004696628988626578,-0.003242025452500151,0.012635283429753306
ds006850,bandpower_ridge_strong,eeg_added_population,1,2,0.016421861739953303,-0.022658351021619248,0.055502074501525854,2000,-0.022545163161507654,0.05538888664141426,0.001100413347653817,-0.006881669236065308,0.009082495931372942
ds006850,bandpower_ridge_strong,eeg_added_population,1,4,0.014611156803434056,-0.027456665215935858,0.05667897882280397,2000,-0.024355868098026902,0.05357818170489501,-3.88740510655905e-05,-0.008049475579642307,0.007971727477511126
ds006850,bandpower_ridge_strong,eeg_added_population,1,8,0.018391449162083573,-0.0255359848763513,0.06231888320051845,2000,-0.020575575739377384,0.05735847406354453,-0.0006789766087755833,-0.008676544659622046,0.007318591442070879
ds006850,bandpower_ridge_strong,eeg_added_population,2,0,0.03137678352684679,-0.021914354957245315,0.0846679220109389,2000,-0.007590241374614171,0.07034380842830774,-0.0002697394804608566,-0.008996461064460124,0.00845698210353841
ds006850,bandpower_ridge_strong,eeg_added_population,2,1,0.008989204105635223,-0.021090767550645803,0.03906917576191625,2000,-0.029977820795825734,0.04795622900709618,0.004696628988626578,-0.0032420254525001493,0.012635283429753305
ds006850,bandpower_ridge_strong,eeg_added_population,2,2,0.016421861739953303,-0.022658351021619248,0.055502074501525854,2000,-0.022545163161507654,0.05538888664141426,0.001100413347653817,-0.006881669236065308,0.009082495931372942
ds006850,bandpower_ridge_strong,eeg_added_population,2,4,0.014611156803433778,-0.027456665215936128,0.056678978822803684,2000,-0.02435586809802718,0.053578181704894735,-3.88740510655905e-05,-0.008049475579642305,0.007971727477511124
ds006850,bandpower_ridge_strong,eeg_added_population,2,8,0.01839144916208385,-0.025535984876351038,0.06231888320051874,2000,-0.020575575739377107,0.05735847406354481,-0.0006789766087755833,-0.008676544659622048,0.007318591442070881
ds006850,bandpower_ridge_strong,eeg_added_population,4,0,0.03137678352684679,-0.021914354957245308,0.08466792201093888,2000,-0.007590241374614171,0.07034380842830774,-0.0002697394804608566,-0.008996461064460124,0.00845698210353841
ds006850,bandpower_ridge_strong,eeg_added_population,4,1,0.008989204105635223,-0.021090767550645793,0.039069175761916236,2000,-0.029977820795825734,0.04795622900709618,0.004696628988626578,-0.003242025452500151,0.012635283429753306
ds006850,bandpower_ridge_strong,eeg_added_population,4,2,0.016421861739953303,-0.02265835102161927,0.055502074501525875,2000,-0.022545163161507654,0.05538888664141426,0.001100413347653817,-0.006881669236065308,0.009082495931372942
ds006850,bandpower_ridge_strong,eeg_added_population,4,4,0.014611156803433667,-0.027456665215936232,0.056678978822803566,2000,-0.02435586809802729,0.053578181704894624,-3.88740510655905e-05,-0.008049475579642307,0.007971727477511126
ds006850,bandpower_ridge_strong,eeg_added_population,4,8,0.01839144916208385,-0.025535984876351024,0.062318883200518725,2000,-0.020575575739377107,0.05735847406354481,-0.0006789766087755833,-0.008676544659622048,0.007318591442070881
ds006850,bandpower_ridge_strong,eeg_added_population,8,0,0.03137678352684679,-0.021914354957245308,0.08466792201093888,2000,-0.007590241374614171,0.07034380842830774,-0.0002697394804608566,-0.008996461064460124,0.00845698210353841
ds006850,bandpower_ridge_strong,eeg_added_population,8,1,0.008989204105635223,-0.021090767550645793,0.039069175761916236,2000,-0.029977820795825734,0.04795622900709618,0.004696628988626578,-0.003242025452500151,0.012635283429753306
ds006850,bandpower_ridge_strong,eeg_added_population,8,2,0.016421861739953303,-0.02265835102161927,0.055502074501525875,2000,-0.022545163161507654,0.05538888664141426,0.001100413347653817,-0.006881669236065308,0.009082495931372942
ds006850,bandpower_ridge_strong,eeg_added_population,8,4,0.014611156803433667,-0.02745666521593624,0.05667897882280357,2000,-0.02435586809802729,0.053578181704894624,-3.88740510655905e-05,-0.008049475579642307,0.007971727477511126
ds006850,bandpower_ridge_strong,eeg_added_population,8,8,0.01839144916208385,-0.025535984876351024,0.062318883200518725,2000,-0.020575575739377107,0.05735847406354481,-0.0006789766087755833,-0.008676544659622048,0.007318591442070881
ds006850,bandpower_ridge_strong,eeg_added_matched_calibration,0,0,0.031376783526847245,-0.021914354957244878,0.08466792201093937,2000,-0.008014659906895441,0.07076822696058993,-0.0002697394804608566,-0.008996461064460125,0.008456982103538412
ds006850,bandpower_ridge_strong,eeg_added_matched_calibration,0,1,0.008989204105635223,-0.021090767550645807,0.03906917576191625,2000,-0.030402239328107462,0.04838064753937791,0.004696628988626578,-0.003242025452500151,0.012635283429753306
ds006850,bandpower_ridge_strong,eeg_added_matched_calibration,0,2,0.016421861739953303,-0.02265835102161924,0.05550207450152585,2000,-0.022969581693789383,0.05581330517369599,0.001100413347653817,-0.006881669236065306,0.00908249593137294
ds006850,bandpower_ridge_strong,eeg_added_matched_calibration,0,4,0.014611156803434222,-0.027456665215935698,0.05667897882280414,2000,-0.024780286630308464,0.05400260023717691,-3.88740510655905e-05,-0.008049475579642307,0.007971727477511126
ds006850,bandpower_ridge_strong,eeg_added_matched_calibration,0,8,0.018391449162083517,-0.02553598487635137,0.062318883200518406,2000,-0.02099999427165917,0.0577828925958262,-0.0006789766087755833,-0.008676544659622048,0.007318591442070881
ds006850,bandpower_ridge_strong,eeg_added_matched_calibration,1,0,0.010821047379992899,-0.02591762772692615,0.04755972248691195,2000,-0.028570396053749787,0.050212490813735584,0.002629658653400313,-0.007582675401828377,0.012841992708629003
ds006850,bandpower_ridge_strong,eeg_added_matched_calibration,1,1,0.005170033893303394,-0.02123983214775295,0.03157989993435974,2000,-0.03422140954043929,0.04456147732704608,0.0015677611420513715,-0.007500118657667363,0.010635640941770106
ds006850,bandpower_ridge_strong,eeg_added_matched_calibration,1,2,0.0043885804525160554,-0.02650550120158937,0.03528266210662148,2000,-0.03500286298122663,0.04378002388625874,0.004124076165355622,-0.006462387150836689,0.014710539481547933
ds006850,bandpower_ridge_strong,eeg_added_matched_calibration,1,4,0.006412005622377093,-0.02521502828969823,0.03803903953445242,2000,-0.03297943781136559,0.04580344905611978,0.002983209217172267,-0.007144492738793997,0.01311091117313853
ds006850,bandpower_ridge_strong,eeg_added_matched_calibration,1,8,0.003601757827506713,-0.02996933627751873,0.037172851932532155,2000,-0.03578968560623597,0.0429932012612494,0.004577980467379145,-0.005370039820884168,0.014526000755642457
ds006850,bandpower_ridge_strong,eeg_added_matched_calibration,2,0,0.009176248953056826,-0.02291669305483822,0.04126919096095187,2000,-0.03021519448068586,0.04856769238679951,0.00016581707838034254,-0.007596964232602511,0.007928598389363196
ds006850,bandpower_ridge_strong,eeg_added_matched_calibration,2,1,0.004614309538053307,-0.01708326223771205,0.026311881313818664,2000,-0.03477713389568938,0.04400575297179599,-0.0004897966981439739,-0.007651454659873334,0.0066718612635853864
ds006850,bandpower_ridge_strong,eeg_added_matched_calibration,2,2,0.008551618741295897,-0.017488492005033128,0.03459172948762492,2000,-0.03083982469244679,0.04794306217503858,0.0006219177782015306,-0.006603159187813919,0.00784699474421698
ds006850,bandpower_ridge_strong,eeg_added_matched_calibration,2,4,0.007214378472572336,-0.01808793893815675,0.03251669588330142,2000,-0.03217706496117035,0.04660582190631502,0.0005399033253417618,-0.006246065178532592,0.007325871829216115
ds006850,bandpower_ridge_strong,eeg_added_matched_calibration,2,8,0.008203319627833827,-0.01908585759604217,0.035492496851709826,2000,-0.03118812380590886,0.04759476306157651,0.00039050706710569427,-0.006655807350875067,0.007436821485086456
ds006850,bandpower_ridge_strong,eeg_added_matched_calibration,4,0,0.00666949347135104,-0.027866346003308368,0.04120533294601045,2000,-0.032721949962391646,0.046060936905093726,0.001268173636213371,-0.005433811570029956,0.007970158842456698
ds006850,bandpower_ridge_strong,eeg_added_matched_calibration,4,1,0.0022963948566584458,-0.019932567355400596,0.024525357068717488,2000,-0.03709504857708424,0.04168783829040113,5.2382041898224596e-05,-0.006357587916111332,0.006462351999907781
ds006850,bandpower_ridge_strong,eeg_added_matched_calibration,4,2,0.005524977546039089,-0.021201796525146407,0.032251751617224586,2000,-0.033866465887703597,0.044916420979781775,0.001507479860937494,-0.004877227468588172,0.007892187190463161
ds006850,bandpower_ridge_strong,eeg_added_matched_calibration,4,4,0.004545510249012064,-0.021268779705265955,0.030359800203290082,2000,-0.03484593318473062,0.04393695368275475,8.418306061988567e-05,-0.006145803510581577,0.006314169631821348
ds006850,bandpower_ridge_strong,eeg_added_matched_calibration,4,8,0.004814239146078203,-0.022895394292675203,0.03252387258483161,2000,-0.03457720428766448,0.04420568257982089,0.0005374848129824361,-0.005977353085189931,0.007052322711154803
ds006850,bandpower_ridge_strong,eeg_added_matched_calibration,8,0,0.012797994656519499,-0.01988610068033861,0.045482089993377606,2000,-0.026593448777223187,0.052189438090262184,8.071761104097575e-05,-0.005473466265648208,0.0056349014877301595
ds006850,bandpower_ridge_strong,eeg_added_matched_calibration,8,1,0.0028356702893789776,-0.017096951824245425,0.02276829240300338,2000,-0.03655577314436371,0.04222711372312166,0.0009768597618515784,-0.0048149734690580434,0.0067686929927612
ds006850,bandpower_ridge_strong,eeg_added_matched_calibration,8,2,0.006453133023828328,-0.018493092849261643,0.0313993588969183,2000,-0.03293831040991436,0.045844576457571014,0.0010905300795132078,-0.004809699394134763,0.006990759553161178
ds006850,bandpower_ridge_strong,eeg_added_matched_calibration,8,4,0.0042978738465779265,-0.020178544058035396,0.02877429175119125,2000,-0.03509356958716476,0.04368931728032061,0.000892998034568937,-0.004733091956914393,0.006519088026052267
ds006850,bandpower_ridge_strong,eeg_added_matched_calibration,8,8,0.0049404110216944574,-0.020797922298117184,0.0306787443415061,2000,-0.03445103241204823,0.04433185445543714,0.0005985313456089436,-0.005222894452550943,0.006419957143768831
ds006850,bandpower_ridge_strong,prior_calibration_gain,0,0,0.0,0.0,0.0,2000,-0.12349638874669523,0.12349638874669523,0.0,0.0,0.0
ds006850,bandpower_ridge_strong,prior_calibration_gain,0,1,0.0,0.0,0.0,2000,-0.12349638874669523,0.12349638874669523,0.0,0.0,0.0
ds006850,bandpower_ridge_strong,prior_calibration_gain,0,2,0.0,0.0,0.0,2000,-0.12349638874669523,0.12349638874669523,0.0,0.0,0.0
ds006850,bandpower_ridge_strong,prior_calibration_gain,0,4,0.0,0.0,0.0,2000,-0.12349638874669523,0.12349638874669523,0.0,0.0,0.0
ds006850,bandpower_ridge_strong,prior_calibration_gain,0,8,0.0,0.0,0.0,2000,-0.12349638874669523,0.12349638874669523,0.0,0.0,0.0
ds006850,bandpower_ridge_strong,prior_calibration_gain,1,0,0.0812159340715726,-0.05293687898550259,0.2153687471286478,2000,-0.04228045467512263,0.20471232281826784,0.0367943654169694,-0.0003816759555194116,0.07397040678945821
ds006850,bandpower_ridge_strong,prior_calibration_gain,1,1,0.011402095751169489,-0.10172424010594626,0.12452843160828524,2000,-0.11209429299552574,0.13489848449786473,0.02986427709017289,-0.004154059576463719,0.06388261375680951
ds006850,bandpower_ridge_strong,prior_calibration_gain,1,2,-0.015043295131896894,-0.14696288644051209,0.1168762961767183,2000,-0.1385396838785921,0.10845309361479834,0.03791614176361208,0.002758817416004762,0.0730734661112194
ds006850,bandpower_ridge_strong,prior_calibration_gain,1,4,-0.037443504692916796,-0.1692722042571528,0.09438519487131922,2000,-0.16093989343961201,0.08605288405377844,0.041073939694900696,0.007200418738977699,0.0749474606508237
ds006850,bandpower_ridge_strong,prior_calibration_gain,1,8,-0.04107544120438217,-0.1776633209239918,0.09551243851522748,2000,-0.1645718299510774,0.08242094754231306,0.04110289645101725,0.005963982403230671,0.07624181049880382
ds006850,bandpower_ridge_strong,prior_calibration_gain,2,0,0.10022886574736,-0.038550867869681885,0.23900859936440189,2000,-0.02326752299933524,0.22372525449405523,0.02327467525158297,-0.006813339164075453,0.05336268966724139
ds006850,bandpower_ridge_strong,prior_calibration_gain,2,1,0.02395950322523957,-0.07980610603522124,0.1277251124857004,2000,-0.09953688552145566,0.14745589197193482,0.021937682081719173,-0.004986304829801752,0.0488616689932401
ds006850,bandpower_ridge_strong,prior_calibration_gain,2,2,0.014777202650265053,-0.11318992829069918,0.1427443335912293,2000,-0.10871918609643018,0.13827359139696027,0.022369870934246555,-0.005281627853468151,0.050021369721961265
ds006850,bandpower_ridge_strong,prior_calibration_gain,2,4,-0.001414553908970162,-0.13120582697071598,0.12837671915277565,2000,-0.1249109426556654,0.12208183483772507,0.02312365582988818,-0.003993599767146673,0.05024091142692303
ds006850,bandpower_ridge_strong,prior_calibration_gain,2,8,-0.0007278942517837117,-0.13491870817637236,0.13346291967280494,2000,-0.12422428299847894,0.12276849449491152,0.023204224434160897,-0.005013692719628454,0.05142214158795025
ds006850,bandpower_ridge_strong,prior_calibration_gain,4,0,0.0986597532129117,-0.03096616097781696,0.22828566740364037,2000,-0.024836635533783527,0.22215614195960692,0.010620805415001738,-0.01484649627368987,0.03608810710369335
ds006850,bandpower_ridge_strong,prior_calibration_gain,4,1,0.03265559001086152,-0.05936690137169674,0.12467808139341978,2000,-0.09084079873583371,0.15615197875755676,0.018168954249749486,-0.005205410758308066,0.041543319257807035
ds006850,bandpower_ridge_strong,prior_calibration_gain,4,2,0.02640804025089155,-0.08478406159380757,0.13760014209559068,2000,-0.09708834849580368,0.14990442899758677,0.01299693483904113,-0.011153913941785248,0.03714778361986751
ds006850,bandpower_ridge_strong,prior_calibration_gain,4,4,0.012180967689737199,-0.10303382363195991,0.1273957590114343,2000,-0.11131542105695803,0.13567735643643242,0.015100407188959414,-0.008015736198864937,0.03821655057678376
ds006850,bandpower_ridge_strong,prior_calibration_gain,4,8,0.013067758709551514,-0.10699229143521696,0.13312780885432,2000,-0.11042863003714372,0.13656414745624673,0.016112633274633303,-0.009032612271797667,0.04125787882106427
ds006850,bandpower_ridge_strong,prior_calibration_gain,8,0,0.12280578902511728,0.004745700151787824,0.24086587789844674,2000,-0.0006905997215779502,0.2463021777718125,0.0017570499303646014,-0.019902072527926994,0.023416172388656196
ds006850,bandpower_ridge_strong,prior_calibration_gain,8,1,0.05026448371291323,-0.026729351291453582,0.12725831871728005,2000,-0.073231905033782,0.17376087245960847,0.007248529499360251,-0.01150480184019623,0.026001860838916733
ds006850,bandpower_ridge_strong,prior_calibration_gain,8,2,0.05724355183860946,-0.040351734903325415,0.15483883858054434,2000,-0.06625283690808577,0.18073994058530468,0.003184587256570698,-0.017168978545813028,0.023538153058954424
ds006850,bandpower_ridge_strong,prior_calibration_gain,8,4,0.05330704390705843,-0.05037382479621971,0.15698791261033657,2000,-0.0701893448396368,0.17680343265375364,0.0037583371664300647,-0.0150737794424828,0.02259045377534293
ds006850,bandpower_ridge_strong,prior_calibration_gain,8,8,0.05795844662425104,-0.051469374490865985,0.16738626773936804,2000,-0.0655379421224442,0.18145483537094625,0.004244995632473936,-0.016328679221859238,0.02481867048680711
ds006850,bandpower_ridge_strong,combined_calibration_gain,0,0,0.0,0.0,0.0,2000,-0.11945473078373949,0.11945473078373949,0.0,0.0,0.0
ds006850,bandpower_ridge_strong,combined_calibration_gain,0,1,0.0,0.0,0.0,2000,-0.11945473078373949,0.11945473078373949,0.0,0.0,0.0
ds006850,bandpower_ridge_strong,combined_calibration_gain,0,2,0.0,0.0,0.0,2000,-0.11945473078373949,0.11945473078373949,0.0,0.0,0.0
ds006850,bandpower_ridge_strong,combined_calibration_gain,0,4,0.0,0.0,0.0,2000,-0.11945473078373949,0.11945473078373949,0.0,0.0,0.0
ds006850,bandpower_ridge_strong,combined_calibration_gain,0,8,0.0,0.0,0.0,2000,-0.11945473078373949,0.11945473078373949,0.0,0.0,0.0
ds006850,bandpower_ridge_strong,combined_calibration_gain,1,0,0.060660197924718454,-0.07279788980733524,0.19411828565677214,2000,-0.05879453285902103,0.18011492870845794,0.03969376355083057,0.0019440718640571092,0.07744345523760403
ds006850,bandpower_ridge_strong,combined_calibration_gain,1,1,0.007582925538837659,-0.10179287585232459,0.11695872692999991,2000,-0.11187180524490183,0.12703765632257713,0.026735409243597685,-0.007063561795992865,0.060534380283188235
ds006850,bandpower_ridge_strong,combined_calibration_gain,1,2,-0.027076576419334142,-0.15693209254438054,0.10277893970571225,2000,-0.1465313072030736,0.09237815436440534,0.04093980458131388,0.004955615572789576,0.07692399358983819
ds006850,bandpower_ridge_strong,combined_calibration_gain,1,4,-0.04564265587397376,-0.17655230833627966,0.08526699658833214,2000,-0.16509738665771323,0.07381207490976573,0.044096022963138554,0.008904263603660256,0.07928778232261685
ds006850,bandpower_ridge_strong,combined_calibration_gain,1,8,-0.05586513253895903,-0.19100171872737287,0.07927145364945481,2000,-0.1753198633226985,0.06358959824478046,0.04635985352717198,0.010412743607818326,0.08230696344652563
ds006850,bandpower_ridge_strong,combined_calibration_gain,2,0,0.07802833117357003,-0.05919036263648658,0.21524702498362663,2000,-0.04142639961016946,0.19748306195730952,0.02371023181042417,-0.0046372346610246175,0.052057698281872955
ds006850,bandpower_ridge_strong,combined_calibration_gain,2,1,0.019584608657657654,-0.08021714578050174,0.11938636309581704,2000,-0.09987012212608183,0.13903933944139713,0.01675125639494862,-0.009686771095021206,0.04318928388491845
ds006850,bandpower_ridge_strong,combined_calibration_gain,2,2,0.006906959651607647,-0.11669094435541429,0.13050486365862957,2000,-0.11254777113213184,0.12636169043534712,0.02189137536479427,-0.0054103906241413854,0.04919314135372992
ds006850,bandpower_ridge_strong,combined_calibration_gain,2,4,-0.008811332239831604,-0.13466156416234074,0.11703889968267753,2000,-0.12826606302357108,0.11064339854390788,0.02370243320629553,-0.003129198248167632,0.050534064660758694
ds006850,bandpower_ridge_strong,combined_calibration_gain,2,8,-0.010916023786033735,-0.14005335348971729,0.11822130591764982,2000,-0.1303707545697732,0.10853870699770575,0.024273708110042175,-0.0030983421148993405,0.051645758334983694
ds006850,bandpower_ridge_strong,combined_calibration_gain,4,0,0.07395246315741595,-0.04790661214509692,0.19581153845992882,2000,-0.045502267626323534,0.19340719394115544,0.012158718531675966,-0.010118180438716977,0.03443561750206891
ds006850,bandpower_ridge_strong,combined_calibration_gain,4,1,0.02596278076188474,-0.05871309805264381,0.11063865957641329,2000,-0.09349195002185474,0.1454175115456242,0.013524707303021133,-0.008824337221606391,0.03587375182764865
ds006850,bandpower_ridge_strong,combined_calibration_gain,4,2,0.015511156056977338,-0.08687384674448047,0.11789615885843514,2000,-0.10394357472676215,0.1349658868407168,0.013404001352324807,-0.009796357841962273,0.03660436054661188
ds006850,bandpower_ridge_strong,combined_calibration_gain,4,4,0.0021153211353155954,-0.10326938882632136,0.10750003109695255,2000,-0.11733940964842389,0.12157005191905508,0.01522346430064489,-0.007031267217922167,0.03747819581921195
ds006850,bandpower_ridge_strong,combined_calibration_gain,4,8,-0.0005094513064541339,-0.1097589634671456,0.10874006085423733,2000,-0.11996418209019362,0.11894527947728535,0.017329094696391323,-0.006116923325621609,0.040775112718404255
ds006850,bandpower_ridge_strong,combined_calibration_gain,8,0,0.10422700015478999,-0.00882481191355658,0.21727881222313655,2000,-0.015227730628949498,0.22368173093852947,0.002107507021866434,-0.017464670990233355,0.021679685033966223
ds006850,bandpower_ridge_strong,combined_calibration_gain,8,1,0.04411094989665698,-0.027022389731771124,0.11524428952508509,2000,-0.0753437808870825,0.16356568068039645,0.003528760272585252,-0.015363603468736244,0.022421124013906748
ds006850,bandpower_ridge_strong,combined_calibration_gain,8,2,0.04727482312248449,-0.04413735442141406,0.13868700066638304,2000,-0.072179907661255,0.16672955390622396,0.0031747039884300887,-0.017210753589630073,0.02356016156649025
ds006850,bandpower_ridge_strong,combined_calibration_gain,8,4,0.042993760950202686,-0.054410708646155256,0.14039823054656064,2000,-0.0764609698335368,0.16244849173394216,0.004690209252064592,-0.014262827580013585,0.02364324608414277
ds006850,bandpower_ridge_strong,combined_calibration_gain,8,8,0.044507408483861644,-0.05601983868242044,0.14503465565014373,2000,-0.07494732229987784,0.16396213926760111,0.005522503586858463,-0.014402465175655754,0.02544747234937268
ds006850,bandpower_ridge_strong,total_minus_uncalibrated_prior,0,0,0.031376783526847245,-0.021914354957244878,0.08466792201093937,2000,-0.09133101017421025,0.15408457722790475,-0.0002697394804608566,-0.008996461064460125,0.008456982103538412
ds006850,bandpower_ridge_strong,total_minus_uncalibrated_prior,0,1,0.008989204105635223,-0.021090767550645807,0.03906917576191625,2000,-0.11371858959542228,0.13169699780669272,0.004696628988626578,-0.003242025452500151,0.012635283429753306
ds006850,bandpower_ridge_strong,total_minus_uncalibrated_prior,0,2,0.016421861739953303,-0.02265835102161924,0.05550207450152585,2000,-0.1062859319611042,0.1391296554410108,0.001100413347653817,-0.006881669236065306,0.00908249593137294
ds006850,bandpower_ridge_strong,total_minus_uncalibrated_prior,0,4,0.014611156803434222,-0.027456665215935698,0.05667897882280414,2000,-0.10809663689762328,0.13731895050449172,-3.88740510655905e-05,-0.008049475579642307,0.007971727477511126
ds006850,bandpower_ridge_strong,total_minus_uncalibrated_prior,0,8,0.018391449162083517,-0.02553598487635137,0.062318883200518406,2000,-0.10431634453897398,0.14109924286314102,-0.0006789766087755833,-0.008676544659622048,0.007318591442070881
ds006850,bandpower_ridge_strong,total_minus_uncalibrated_prior,1,0,0.0920369814515655,-0.03864063597966699,0.222714598882798,2000,-0.030670812249492002,0.214744775152623,0.03942402407036971,0.0005970305038623253,0.0782510176368771
ds006850,bandpower_ridge_strong,total_minus_uncalibrated_prior,1,1,0.016572129644472883,-0.09542130891542987,0.12856556820437565,2000,-0.10613566405658462,0.13927992334553038,0.03143203823222426,-0.0027685422163065757,0.0656326186807551
ds006850,bandpower_ridge_strong,total_minus_uncalibrated_prior,1,2,-0.010654714679380839,-0.14301402267009197,0.1217045933113303,2000,-0.13336250838043834,0.11205307902167666,0.0420402179289677,0.00570807802615856,0.07837235783177685
ds006850,bandpower_ridge_strong,total_minus_uncalibrated_prior,1,4,-0.031031499070539703,-0.16390182529487238,0.10183882715379297,2000,-0.1537392927715972,0.0916762946305178,0.04405714891207296,0.008608299926444504,0.07950599789770142
ds006850,bandpower_ridge_strong,total_minus_uncalibrated_prior,1,8,-0.037473683376875455,-0.17467609168431053,0.09972872493055962,2000,-0.16018147707793295,0.08523411032418204,0.045680876918396396,0.009242643239977678,0.08211911059681512
ds006850,bandpower_ridge_strong,total_minus_uncalibrated_prior,2,0,0.10940511470041682,-0.026065907804762964,0.2448761372055966,2000,-0.01330267900064068,0.2321129084014743,0.023440492329963314,-0.006909572191769402,0.05379055685169603
ds006850,bandpower_ridge_strong,total_minus_uncalibrated_prior,2,1,0.028573812763292877,-0.07313884094294451,0.13028646646953027,2000,-0.09413398093776462,0.15128160646435038,0.0214478853835752,-0.005677046183356505,0.0485728169505069
ds006850,bandpower_ridge_strong,total_minus_uncalibrated_prior,2,2,0.02332882139156095,-0.10262228691059222,0.14927992969371412,2000,-0.09937897230949655,0.14603661509261845,0.022991788712448086,-0.004274544145650937,0.05025812157054711
ds006850,bandpower_ridge_strong,total_minus_uncalibrated_prior,2,4,0.005799824563602174,-0.12214504701497314,0.1337446961421775,2000,-0.11690796913745533,0.12850761826465967,0.02366355915522994,-0.003493027978745067,0.05082014628920495
ds006850,bandpower_ridge_strong,total_minus_uncalibrated_prior,2,8,0.0074754253760501155,-0.12381030274516958,0.1387611534972698,2000,-0.11523236832500738,0.13018321907710761,0.02359473150126659,-0.004468138783271538,0.051657601785804724
ds006850,bandpower_ridge_strong,total_minus_uncalibrated_prior,4,0,0.10532924668426275,-0.02397302026383938,0.23463151363236487,2000,-0.017378547016794754,0.22803704038532024,0.01188897905121511,-0.012857352139331393,0.036635310241761615
ds006850,bandpower_ridge_strong,total_minus_uncalibrated_prior,4,1,0.034951984867519964,-0.054964822547474756,0.12486879228251468,2000,-0.08775580883353754,0.15765977856857746,0.01822133629164771,-0.005276007459870571,0.04171868004316599
ds006850,bandpower_ridge_strong,total_minus_uncalibrated_prior,4,2,0.03193301779693064,-0.07684949513123344,0.14071553072509474,2000,-0.09077477590412686,0.15464081149798814,0.014504414699978624,-0.009280539386304704,0.03828936878626195
ds006850,bandpower_ridge_strong,total_minus_uncalibrated_prior,4,4,0.016726477938749262,-0.09620396993435876,0.12965692581185728,2000,-0.10598131576230824,0.13943427163980676,0.0151845902495793,-0.007795661612315485,0.038164842111474084
ds006850,bandpower_ridge_strong,total_minus_uncalibrated_prior,4,8,0.017881997855629717,-0.10027324466558532,0.13603724037684475,2000,-0.10482579584542778,0.14058979155668722,0.01665011808761574,-0.008219537528371977,0.041519773703603456
ds006850,bandpower_ridge_strong,total_minus_uncalibrated_prior,8,0,0.13560378368163678,0.01729738933849008,0.2539101780247835,2000,0.012895989980579281,0.2583115773826943,0.0018377675414055772,-0.019531980115369284,0.02320751519818044
ds006850,bandpower_ridge_strong,total_minus_uncalibrated_prior,8,1,0.053100154002292205,-0.023358592821953406,0.12955890082653782,2000,-0.0696076396987653,0.1758079477033497,0.00822538926121183,-0.01146956931611336,0.02792034783853702
ds006850,bandpower_ridge_strong,total_minus_uncalibrated_prior,8,2,0.06369668486243779,-0.03404920917150625,0.16144257889638183,2000,-0.05901110883861971,0.1864044785634953,0.004275117336083906,-0.01625486651726661,0.024805101189434423
ds006850,bandpower_ridge_strong,total_minus_uncalibrated_prior,8,4,0.05760491775363635,-0.04590556983183525,0.16111540533910795,2000,-0.06510287594742115,0.18031271145469385,0.004651335200999002,-0.014574149611735844,0.023876820013733847
ds006850,bandpower_ridge_strong,total_minus_uncalibrated_prior,8,8,0.0628988576459455,-0.04590409577265235,0.17170181106454335,2000,-0.059808936055112005,0.185606651347003,0.004843526978082879,-0.01604102506059273,0.025728079016758488
ds006850,eegnet_lr1e3,eeg_added_population,0,0,-4.804673536027898e-05,-0.04381626996481305,0.043720176494092496,2000,-0.03464775944913293,0.03455166597841238,0.0028725554523026664,-0.004643503332393127,0.01038861423699846
ds006850,eegnet_lr1e3,eeg_added_population,0,1,-0.0030762638428682154,-0.02816092473399203,0.0220083970482556,2000,-0.03767597655664087,0.03152344887090444,0.004522984905886568,-0.004889292461593404,0.01393526227336654
ds006850,eegnet_lr1e3,eeg_added_population,0,2,0.0005087212829408827,-0.023472441669478036,0.0244898842353598,2000,-0.034090991430831774,0.03510843399671354,0.002656290536003608,-0.0024449443378638516,0.007757525409871068
ds006850,eegnet_lr1e3,eeg_added_population,0,4,-0.00072459671785291,-0.027994561396605465,0.026545367960899645,2000,-0.03532430943162557,0.03387511599591975,0.001191620656650405,-0.004018444755908241,0.006401686069209051
ds006850,eegnet_lr1e3,eeg_added_population,0,8,-0.00962806815759265,-0.043113884491480424,0.023857748176295122,2000,-0.04422778087136531,0.024971644556180006,0.0035577364313470194,-0.0038321347834880098,0.010947607646182049
ds006850,eegnet_lr1e3,eeg_added_population,1,0,-4.804673536027898e-05,-0.04381626996481305,0.043720176494092496,2000,-0.03464775944913293,0.03455166597841238,0.0028725554523026664,-0.004643503332393127,0.01038861423699846
ds006850,eegnet_lr1e3,eeg_added_population,1,1,-0.0030762638428682154,-0.02816092473399203,0.0220083970482556,2000,-0.03767597655664087,0.03152344887090444,0.004522984905886568,-0.004889292461593404,0.01393526227336654
ds006850,eegnet_lr1e3,eeg_added_population,1,2,0.0005087212829408827,-0.023472441669478036,0.0244898842353598,2000,-0.034090991430831774,0.03510843399671354,0.002656290536003608,-0.0024449443378638516,0.007757525409871068
ds006850,eegnet_lr1e3,eeg_added_population,1,4,-0.00072459671785291,-0.027994561396605465,0.026545367960899645,2000,-0.03532430943162557,0.03387511599591975,0.001191620656650405,-0.004018444755908241,0.006401686069209051
ds006850,eegnet_lr1e3,eeg_added_population,1,8,-0.00962806815759265,-0.043113884491480424,0.023857748176295122,2000,-0.04422778087136531,0.024971644556180006,0.0035577364313470194,-0.0038321347834880098,0.010947607646182049
ds006850,eegnet_lr1e3,eeg_added_population,2,0,-4.804673536027898e-05,-0.04381626996481305,0.043720176494092496,2000,-0.03464775944913293,0.03455166597841238,0.0028725554523026664,-0.004643503332393127,0.01038861423699846
ds006850,eegnet_lr1e3,eeg_added_population,2,1,-0.0030762638428682154,-0.02816092473399203,0.0220083970482556,2000,-0.03767597655664087,0.03152344887090444,0.004522984905886568,-0.004889292461593404,0.01393526227336654
ds006850,eegnet_lr1e3,eeg_added_population,2,2,0.0005087212829408827,-0.023472441669478036,0.0244898842353598,2000,-0.034090991430831774,0.03510843399671354,0.002656290536003608,-0.0024449443378638516,0.007757525409871068
ds006850,eegnet_lr1e3,eeg_added_population,2,4,-0.00072459671785291,-0.027994561396605465,0.026545367960899645,2000,-0.03532430943162557,0.03387511599591975,0.001191620656650405,-0.004018444755908241,0.006401686069209051
ds006850,eegnet_lr1e3,eeg_added_population,2,8,-0.00962806815759265,-0.043113884491480424,0.023857748176295122,2000,-0.04422778087136531,0.024971644556180006,0.0035577364313470194,-0.0038321347834880098,0.010947607646182049
ds006850,eegnet_lr1e3,eeg_added_population,4,0,-4.804673536027898e-05,-0.04381626996481305,0.043720176494092496,2000,-0.03464775944913293,0.03455166597841238,0.0028725554523026664,-0.004643503332393127,0.01038861423699846
ds006850,eegnet_lr1e3,eeg_added_population,4,1,-0.0030762638428682154,-0.02816092473399203,0.0220083970482556,2000,-0.03767597655664087,0.03152344887090444,0.004522984905886568,-0.004889292461593404,0.01393526227336654
ds006850,eegnet_lr1e3,eeg_added_population,4,2,0.0005087212829408827,-0.023472441669478036,0.0244898842353598,2000,-0.034090991430831774,0.03510843399671354,0.002656290536003608,-0.0024449443378638516,0.007757525409871068
ds006850,eegnet_lr1e3,eeg_added_population,4,4,-0.00072459671785291,-0.027994561396605465,0.026545367960899645,2000,-0.03532430943162557,0.03387511599591975,0.001191620656650405,-0.004018444755908241,0.006401686069209051
ds006850,eegnet_lr1e3,eeg_added_population,4,8,-0.00962806815759265,-0.043113884491480424,0.023857748176295122,2000,-0.04422778087136531,0.024971644556180006,0.0035577364313470194,-0.0038321347834880098,0.010947607646182049
ds006850,eegnet_lr1e3,eeg_added_population,8,0,-4.804673536027898e-05,-0.04381626996481305,0.043720176494092496,2000,-0.03464775944913293,0.03455166597841238,0.0028725554523026664,-0.004643503332393127,0.01038861423699846
ds006850,eegnet_lr1e3,eeg_added_population,8,1,-0.0030762638428682154,-0.02816092473399203,0.0220083970482556,2000,-0.03767597655664087,0.03152344887090444,0.004522984905886568,-0.004889292461593404,0.01393526227336654
ds006850,eegnet_lr1e3,eeg_added_population,8,2,0.0005087212829408827,-0.023472441669478036,0.0244898842353598,2000,-0.034090991430831774,0.03510843399671354,0.002656290536003608,-0.0024449443378638516,0.007757525409871068
ds006850,eegnet_lr1e3,eeg_added_population,8,4,-0.00072459671785291,-0.027994561396605465,0.026545367960899645,2000,-0.03532430943162557,0.03387511599591975,0.001191620656650405,-0.004018444755908241,0.006401686069209051
ds006850,eegnet_lr1e3,eeg_added_population,8,8,-0.00962806815759265,-0.043113884491480424,0.023857748176295122,2000,-0.04422778087136531,0.024971644556180006,0.0035577364313470194,-0.0038321347834880098,0.010947607646182049
ds006850,eegnet_lr1e3,eeg_added_matched_calibration,0,0,-4.804673536027898e-05,-0.04381626996481305,0.043720176494092496,2000,-0.03930071317860346,0.03920461970788291,0.0028725554523026664,-0.004643503332393127,0.01038861423699846
ds006850,eegnet_lr1e3,eeg_added_matched_calibration,0,1,-0.0030762638428682154,-0.02816092473399203,0.0220083970482556,2000,-0.0423289302861114,0.03617640260037497,0.004522984905886568,-0.004889292461593404,0.01393526227336654
ds006850,eegnet_lr1e3,eeg_added_matched_calibration,0,2,0.0005087212829408827,-0.023472441669478036,0.0244898842353598,2000,-0.0387439451603023,0.039761387726184066,0.002656290536003608,-0.0024449443378638516,0.007757525409871068
ds006850,eegnet_lr1e3,eeg_added_matched_calibration,0,4,-0.00072459671785291,-0.027994561396605465,0.026545367960899645,2000,-0.039977263161096094,0.038528069725390274,0.001191620656650405,-0.004018444755908241,0.006401686069209051
ds006850,eegnet_lr1e3,eeg_added_matched_calibration,0,8,-0.00962806815759265,-0.043113884491480424,0.023857748176295122,2000,-0.048880734600835835,0.029624598285650533,0.0035577364313470194,-0.0038321347834880098,0.010947607646182049
ds006850,eegnet_lr1e3,eeg_added_matched_calibration,1,0,0.006098654644562759,-0.022437440311416982,0.0346347496005425,2000,-0.033154011798680424,0.04535132108780594,0.0023228003325356794,-0.0077973845225784225,0.012442985187649781
ds006850,eegnet_lr1e3,eeg_added_matched_calibration,1,1,-0.014868382195242308,-0.05530621520345603,0.025569450812971413,2000,-0.05412104863848549,0.024384284248000876,0.007897956188579747,-0.013025022838833437,0.02882093521599293
ds006850,eegnet_lr1e3,eeg_added_matched_calibration,1,2,-0.0006504236392015916,-0.02715475643929,0.025853909160886816,2000,-0.039903090082444775,0.03860224280404159,0.0012290105039273747,-0.007366039476948343,0.009824060484803093
ds006850,eegnet_lr1e3,eeg_added_matched_calibration,1,4,0.0032210228546136754,-0.019338846827241754,0.025780892536469105,2000,-0.03603164358862951,0.04247368929785686,9.678980132130088e-05,-0.0069416544381846025,0.007135234040827204
ds006850,eegnet_lr1e3,eeg_added_matched_calibration,1,8,-0.00749220445022758,-0.044637884465922956,0.029653475565467796,2000,-0.046744870893470764,0.031760461993015604,0.005247278650667875,-0.008197043022302435,0.018691600323638185
ds006850,eegnet_lr1e3,eeg_added_matched_calibration,2,0,0.002649752218861906,-0.02775964296178256,0.03305914739950637,2000,-0.03660291422438128,0.04190241866210509,0.0012915359456223408,-0.005574041060305301,0.008157112951549982
ds006850,eegnet_lr1e3,eeg_added_matched_calibration,2,1,-0.01196556053624781,-0.04311174034266073,0.019180619270165105,2000,-0.051218226979490994,0.027287105906995374,0.005814953498688991,-0.005299711662510488,0.01692961865988847
ds006850,eegnet_lr1e3,eeg_added_matched_calibration,2,2,-0.00045553553546240355,-0.024457613628086943,0.023546542557162136,2000,-0.03970820197870559,0.03879713090778078,0.0013153014901713944,-0.00452517904179158,0.007155782022134368
ds006850,eegnet_lr1e3,eeg_added_matched_calibration,2,4,0.001984631274364601,-0.02260003016698469,0.026569292715713892,2000,-0.03726803516887858,0.041237297717607785,0.000573196469434073,-0.005025341071222144,0.00617173401009029
ds006850,eegnet_lr1e3,eeg_added_matched_calibration,2,8,-0.014310543875003356,-0.0471587059868075,0.018537618236800786,2000,-0.05356321031824654,0.024942122568239827,0.006134362370204149,-0.0018695640905313678,0.014138288830939667
ds006850,eegnet_lr1e3,eeg_added_matched_calibration,4,0,0.005698247046818386,-0.022368925214078957,0.03376541930771573,2000,-0.0335544193964248,0.04495091349006157,0.0026223832299830663,-0.0041327157101235055,0.009377482170089638
ds006850,eegnet_lr1e3,eeg_added_matched_calibration,4,1,-0.005222397372241505,-0.033573017072116684,0.023128222327633674,2000,-0.04447506381548469,0.03403026907100168,0.003916781442624695,-0.00611598549360598,0.01394954837885537
ds006850,eegnet_lr1e3,eeg_added_matched_calibration,4,2,0.0012273777295008226,-0.02102987267153024,0.023484628130531884,2000,-0.03802528871374236,0.040480044172744006,0.0019574241487192445,-0.003336260812936322,0.007251109110374811
ds006850,eegnet_lr1e3,eeg_added_matched_calibration,4,4,0.0015861840962176355,-0.022766751925884437,0.025939120118319708,2000,-0.03766648234702555,0.04083885053946082,0.0005593341515581496,-0.004812215005088972,0.005930883308205271
ds006850,eegnet_lr1e3,eeg_added_matched_calibration,4,8,-0.007410309227920853,-0.0421001098615109,0.027279491405669196,2000,-0.046662975671164036,0.03184235721532233,0.003843311224484225,-0.004547728024970067,0.012234350473938517
ds006850,eegnet_lr1e3,eeg_added_matched_calibration,8,0,0.005505148369887317,-0.02198278178222942,0.03299307852200405,2000,-0.03374751807335587,0.0447578148131305,0.003044121119815557,-0.004366323832370948,0.010454566072002063
ds006850,eegnet_lr1e3,eeg_added_matched_calibration,8,1,-0.0038771427809333736,-0.032210041742111485,0.024455756180244738,2000,-0.04312980922417656,0.03537552366230981,0.003893849710185582,-0.0060219680648577936,0.013809667485228957
ds006850,eegnet_lr1e3,eeg_added_matched_calibration,8,2,0.0010385835509395536,-0.020319171661271854,0.02239633876315096,2000,-0.03821408289230363,0.04029124999418274,0.0010600373387323336,-0.0038986647059415644,0.006018739383406232
ds006850,eegnet_lr1e3,eeg_added_matched_calibration,8,4,0.0010132951478675767,-0.022256780061483294,0.024283370357218448,2000,-0.03823937129537561,0.04026596159111076,0.0007320379785070441,-0.004184717602556938,0.005648793559571026
ds006850,eegnet_lr1e3,eeg_added_matched_calibration,8,8,-0.007233842013930847,-0.04449812093082271,0.03003043690296102,2000,-0.04648650845717403,0.03201882442931234,0.0044922032450239735,-0.003906410308228744,0.01289081679827669
ds006850,eegnet_lr1e3,prior_calibration_gain,0,0,0.0,-1.143220799046925e-16,1.143220799046925e-16,2000,-0.12349638874669523,0.12349638874669523,0.0,0.0,0.0
ds006850,eegnet_lr1e3,prior_calibration_gain,0,1,0.0,0.0,0.0,2000,-0.12349638874669523,0.12349638874669523,0.0,0.0,0.0
ds006850,eegnet_lr1e3,prior_calibration_gain,0,2,0.0,0.0,0.0,2000,-0.12349638874669523,0.12349638874669523,0.0,0.0,0.0
ds006850,eegnet_lr1e3,prior_calibration_gain,0,4,0.0,0.0,0.0,2000,-0.12349638874669523,0.12349638874669523,0.0,0.0,0.0
ds006850,eegnet_lr1e3,prior_calibration_gain,0,8,0.0,0.0,0.0,2000,-0.12349638874669523,0.12349638874669523,0.0,0.0,0.0
ds006850,eegnet_lr1e3,prior_calibration_gain,1,0,0.0812159340715726,-0.05293687898550259,0.2153687471286478,2000,-0.04228045467512263,0.20471232281826784,0.0367943654169694,-0.0003816759555194116,0.07397040678945821
ds006850,eegnet_lr1e3,prior_calibration_gain,1,1,0.011402095751169489,-0.10172424010594626,0.12452843160828524,2000,-0.11209429299552574,0.13489848449786473,0.02986427709017289,-0.004154059576463719,0.06388261375680951
ds006850,eegnet_lr1e3,prior_calibration_gain,1,2,-0.015043295131896894,-0.14696288644051209,0.1168762961767183,2000,-0.1385396838785921,0.10845309361479834,0.03791614176361208,0.002758817416004762,0.0730734661112194
ds006850,eegnet_lr1e3,prior_calibration_gain,1,4,-0.037443504692916796,-0.1692722042571528,0.09438519487131922,2000,-0.16093989343961201,0.08605288405377844,0.041073939694900696,0.007200418738977699,0.0749474606508237
ds006850,eegnet_lr1e3,prior_calibration_gain,1,8,-0.04107544120438217,-0.1776633209239918,0.09551243851522748,2000,-0.1645718299510774,0.08242094754231306,0.04110289645101725,0.005963982403230671,0.07624181049880382
ds006850,eegnet_lr1e3,prior_calibration_gain,2,0,0.10022886574736,-0.038550867869681885,0.23900859936440189,2000,-0.02326752299933524,0.22372525449405523,0.02327467525158297,-0.006813339164075453,0.05336268966724139
ds006850,eegnet_lr1e3,prior_calibration_gain,2,1,0.02395950322523957,-0.07980610603522124,0.1277251124857004,2000,-0.09953688552145566,0.14745589197193482,0.021937682081719173,-0.004986304829801752,0.0488616689932401
ds006850,eegnet_lr1e3,prior_calibration_gain,2,2,0.014777202650265053,-0.11318992829069918,0.1427443335912293,2000,-0.10871918609643018,0.13827359139696027,0.022369870934246555,-0.005281627853468151,0.050021369721961265
ds006850,eegnet_lr1e3,prior_calibration_gain,2,4,-0.001414553908970162,-0.13120582697071598,0.12837671915277565,2000,-0.1249109426556654,0.12208183483772507,0.02312365582988818,-0.003993599767146673,0.05024091142692303
ds006850,eegnet_lr1e3,prior_calibration_gain,2,8,-0.0007278942517837117,-0.13491870817637236,0.13346291967280494,2000,-0.12422428299847894,0.12276849449491152,0.023204224434160897,-0.005013692719628454,0.05142214158795025
ds006850,eegnet_lr1e3,prior_calibration_gain,4,0,0.0986597532129117,-0.03096616097781696,0.22828566740364037,2000,-0.024836635533783527,0.22215614195960692,0.010620805415001738,-0.01484649627368987,0.03608810710369335
ds006850,eegnet_lr1e3,prior_calibration_gain,4,1,0.03265559001086152,-0.05936690137169674,0.12467808139341978,2000,-0.09084079873583371,0.15615197875755676,0.018168954249749486,-0.005205410758308066,0.041543319257807035
ds006850,eegnet_lr1e3,prior_calibration_gain,4,2,0.02640804025089155,-0.08478406159380757,0.13760014209559068,2000,-0.09708834849580368,0.14990442899758677,0.01299693483904113,-0.011153913941785248,0.03714778361986751
ds006850,eegnet_lr1e3,prior_calibration_gain,4,4,0.012180967689737199,-0.10303382363195991,0.1273957590114343,2000,-0.11131542105695803,0.13567735643643242,0.015100407188959414,-0.008015736198864937,0.03821655057678376
ds006850,eegnet_lr1e3,prior_calibration_gain,4,8,0.013067758709551514,-0.10699229143521696,0.13312780885432,2000,-0.11042863003714372,0.13656414745624673,0.016112633274633303,-0.009032612271797667,0.04125787882106427
ds006850,eegnet_lr1e3,prior_calibration_gain,8,0,0.12280578902511728,0.004745700151787824,0.24086587789844674,2000,-0.0006905997215779502,0.2463021777718125,0.0017570499303646014,-0.019902072527926994,0.023416172388656196
ds006850,eegnet_lr1e3,prior_calibration_gain,8,1,0.05026448371291323,-0.026729351291453582,0.12725831871728005,2000,-0.073231905033782,0.17376087245960847,0.007248529499360251,-0.01150480184019623,0.026001860838916733
ds006850,eegnet_lr1e3,prior_calibration_gain,8,2,0.05724355183860946,-0.040351734903325415,0.15483883858054434,2000,-0.06625283690808577,0.18073994058530468,0.003184587256570698,-0.017168978545813028,0.023538153058954424
ds006850,eegnet_lr1e3,prior_calibration_gain,8,4,0.05330704390705843,-0.05037382479621971,0.15698791261033657,2000,-0.0701893448396368,0.17680343265375364,0.0037583371664300647,-0.0150737794424828,0.02259045377534293
ds006850,eegnet_lr1e3,prior_calibration_gain,8,8,0.05795844662425104,-0.051469374490865985,0.16738626773936804,2000,-0.0655379421224442,0.18145483537094625,0.004244995632473936,-0.016328679221859238,0.02481867048680711
ds006850,eegnet_lr1e3,combined_calibration_gain,0,0,0.0,-4.157111315831437e-17,4.157111315831437e-17,2000,-0.12050445241898387,0.12050445241898387,0.0,-3.4463098991348704e-18,3.4463098991348704e-18
ds006850,eegnet_lr1e3,combined_calibration_gain,0,1,0.0,0.0,0.0,2000,-0.12050445241898387,0.12050445241898387,0.0,0.0,0.0
ds006850,eegnet_lr1e3,combined_calibration_gain,0,2,0.0,-1.8954704445241786e-17,1.8954704445241786e-17,2000,-0.12050445241898387,0.12050445241898387,0.0,0.0,0.0
ds006850,eegnet_lr1e3,combined_calibration_gain,0,4,0.0,0.0,0.0,2000,-0.12050445241898387,0.12050445241898387,0.0,0.0,0.0
ds006850,eegnet_lr1e3,combined_calibration_gain,0,8,0.0,0.0,0.0,2000,-0.12050445241898387,0.12050445241898387,0.0,0.0,0.0
ds006850,eegnet_lr1e3,combined_calibration_gain,1,0,0.08736263545149563,-0.04859364691830435,0.2233189178212956,2000,-0.03314181696748825,0.2078670878704795,0.03624461029720241,-0.0003957777144026689,0.07288499830880749
ds006850,eegnet_lr1e3,combined_calibration_gain,1,1,-0.00039002260120460375,-0.11604622876332792,0.11526618356091871,2000,-0.12089447502018848,0.12011442981777927,0.03323924837286607,-0.004460158215839845,0.07093865496157198
ds006850,eegnet_lr1e3,combined_calibration_gain,1,2,-0.01620244005403937,-0.14496403575737188,0.11255915564929314,2000,-0.13670689247302326,0.1043020123649445,0.03648886173153584,0.0010553328079413518,0.07192239065513034
ds006850,eegnet_lr1e3,combined_calibration_gain,1,4,-0.03349788512045021,-0.1623799154228514,0.09538414518195099,2000,-0.1540023375394341,0.08700656729853366,0.03997910883957159,0.006385804755018126,0.07357241292412506
ds006850,eegnet_lr1e3,combined_calibration_gain,1,8,-0.0389395774970171,-0.17429526374331847,0.09641610874928427,2000,-0.15944402991600098,0.08156487492196678,0.04279243867033811,0.0053708285363806285,0.08021404880429558
ds006850,eegnet_lr1e3,combined_calibration_gain,2,0,0.10292666470158217,-0.030703428233054927,0.23655675763621925,2000,-0.017577787717401705,0.22343111712056604,0.021693655744902646,-0.00766145052172236,0.05104876201152765
ds006850,eegnet_lr1e3,combined_calibration_gain,2,1,0.015070206531859975,-0.08841257517623115,0.1185529882399511,2000,-0.1054342458871239,0.13557465895084386,0.023229650674521596,-0.004294346834899671,0.05075364818394286
ds006850,eegnet_lr1e3,combined_calibration_gain,2,2,0.013812945831861767,-0.11077856457137641,0.13840445623509995,2000,-0.1066915065871221,0.13431739825084565,0.02102888188841434,-0.006760014231830067,0.048817778008658747
ds006850,eegnet_lr1e3,combined_calibration_gain,2,4,0.0012946740832473491,-0.12489444617432402,0.12748379434081872,2000,-0.11920977833573652,0.12179912650223122,0.022505231642671847,-0.004638362035293494,0.04964882532063719
ds006850,eegnet_lr1e3,combined_calibration_gain,2,8,-0.005410369969194417,-0.1390067845281371,0.12818604458974828,2000,-0.1259148223881783,0.11509408244978946,0.025780850373018027,-0.0040046152448561315,0.055566315990892186
ds006850,eegnet_lr1e3,combined_calibration_gain,4,0,0.10440604699509036,-0.024789914485062972,0.2336020084752437,2000,-0.016098405423893514,0.22491049941407423,0.010370633192682138,-0.014366928689395785,0.03510819507476006
ds006850,eegnet_lr1e3,combined_calibration_gain,4,1,0.03050945648148823,-0.059401036886398986,0.12041994984937544,2000,-0.08999499593749564,0.15101390890047212,0.017562750786487613,-0.005434269010674918,0.040559770583650144
ds006850,eegnet_lr1e3,combined_calibration_gain,4,2,0.02712669669745149,-0.08064135940997769,0.13489475280488067,2000,-0.09337775572153238,0.14763114911643538,0.012298068451756766,-0.011413581449567618,0.03600971835308115
ds006850,eegnet_lr1e3,combined_calibration_gain,4,4,0.014491748503807744,-0.09611378834271889,0.12509728535033438,2000,-0.10601270391517613,0.13499620092279163,0.014468120683867158,-0.007970570564205696,0.03690681193194001
ds006850,eegnet_lr1e3,combined_calibration_gain,4,8,0.015285517639223312,-0.10232411818080839,0.132895153459255,2000,-0.10521893477976056,0.1357899700582072,0.01639820806777051,-0.009137157364653984,0.041933573500195
ds006850,eegnet_lr1e3,combined_calibration_gain,8,0,0.12835898413036487,0.008256199885972912,0.2484617683747568,2000,0.007854531711380994,0.24886343654934873,0.0019286155978774921,-0.02038472435680841,0.024241955552563393
ds006850,eegnet_lr1e3,combined_calibration_gain,8,1,0.04946360477484807,-0.02559747150814025,0.12452468105783639,2000,-0.0710408476441358,0.16996805719383196,0.006619394303659265,-0.012407592881514305,0.025646381488832835
ds006850,eegnet_lr1e3,combined_calibration_gain,8,2,0.057773414106608134,-0.03757754543363419,0.15312437364685044,2000,-0.06273103831237574,0.17827786652559202,0.0015883340592994233,-0.01870342971081191,0.021880097829410756
ds006850,eegnet_lr1e3,combined_calibration_gain,8,4,0.055044935772778913,-0.045645925045553024,0.15573579659111086,2000,-0.06545951664620496,0.1755493881917628,0.0032987544882867037,-0.015141326069117902,0.02173883504569131
ds006850,eegnet_lr1e3,combined_calibration_gain,8,8,0.06035267276791284,-0.04685092135645784,0.16755626689228353,2000,-0.06015177965107103,0.18085712518689673,0.00517946244615089,-0.015700084726846412,0.026059009619148192
ds006850,eegnet_lr1e3,total_minus_uncalibrated_prior,0,0,-4.804673536027898e-05,-0.04381626996481305,0.043720176494092496,2000,-0.1243231613431552,0.12422706787243463,0.0028725554523026664,-0.004643503332393127,0.01038861423699846
ds006850,eegnet_lr1e3,total_minus_uncalibrated_prior,0,1,-0.0030762638428682154,-0.02816092473399203,0.0220083970482556,2000,-0.12735137845066313,0.1211988507649267,0.004522984905886568,-0.004889292461593404,0.01393526227336654
ds006850,eegnet_lr1e3,total_minus_uncalibrated_prior,0,2,0.0005087212829408827,-0.023472441669478036,0.0244898842353598,2000,-0.12376639332485403,0.1247838358907358,0.002656290536003608,-0.0024449443378638516,0.007757525409871068
ds006850,eegnet_lr1e3,total_minus_uncalibrated_prior,0,4,-0.00072459671785291,-0.027994561396605465,0.026545367960899645,2000,-0.12499971132564783,0.12355051788994201,0.001191620656650405,-0.004018444755908241,0.006401686069209051
ds006850,eegnet_lr1e3,total_minus_uncalibrated_prior,0,8,-0.00962806815759265,-0.043113884491480424,0.023857748176295122,2000,-0.13390318276538757,0.11464704645020227,0.0035577364313470194,-0.0038321347834880098,0.010947607646182049
ds006850,eegnet_lr1e3,total_minus_uncalibrated_prior,1,0,0.08731458871613536,-0.04683101695137094,0.22146019438364167,2000,-0.03696052589165956,0.2115897033239303,0.03911716574950508,0.0017995522371845943,0.07643477926182557
ds006850,eegnet_lr1e3,total_minus_uncalibrated_prior,1,1,-0.003466286444072819,-0.12393521661585803,0.1170026437277124,2000,-0.12774140105186774,0.1208088281637221,0.03776223327875264,-0.002488592760002281,0.07801305931750756
ds006850,eegnet_lr1e3,total_minus_uncalibrated_prior,1,2,-0.015693718771098486,-0.14899972495269148,0.11761228741049451,2000,-0.1399688333788934,0.10858139583669643,0.03914515226753945,0.0030697313057851464,0.07522057322929376
ds006850,eegnet_lr1e3,total_minus_uncalibrated_prior,1,4,-0.03422248183830312,-0.1675201824553613,0.09907521877875505,2000,-0.15849759644609804,0.0900526327694918,0.041170729496222,0.006975335128153369,0.07536612386429062
ds006850,eegnet_lr1e3,total_minus_uncalibrated_prior,1,8,-0.04856764565460975,-0.1884305673474528,0.09129527603823331,2000,-0.17284276026240467,0.07570746895318517,0.046350175101685126,0.00876047925024541,0.08393987095312484
ds006850,eegnet_lr1e3,total_minus_uncalibrated_prior,2,0,0.1028786179662219,-0.03558955639569027,0.24134679232813405,2000,-0.021396496641573018,0.22715373257401683,0.024566211197205312,-0.005227770110079546,0.054360192504490173
ds006850,eegnet_lr1e3,total_minus_uncalibrated_prior,2,1,0.01199394268899176,-0.09630566552570388,0.1202935509036874,2000,-0.11228117191880316,0.13626905729678668,0.027752635580408164,-0.0014775318496673857,0.05698280301048371
ds006850,eegnet_lr1e3,total_minus_uncalibrated_prior,2,2,0.01432166711480265,-0.1136655315301022,0.1423088657597075,2000,-0.10995344749299227,0.13859678172259757,0.02368517242441795,-0.004434817678133432,0.05180516252696933
ds006850,eegnet_lr1e3,total_minus_uncalibrated_prior,2,4,0.0005700773653944391,-0.1290932423926836,0.13023339712347248,2000,-0.12370503724240048,0.12484519197318936,0.023696852299322252,-0.00375016774017016,0.051143872338814664
ds006850,eegnet_lr1e3,total_minus_uncalibrated_prior,2,8,-0.015038438126787068,-0.1523241717351925,0.12224729548161836,2000,-0.13931355273458199,0.10923667648100785,0.029338586804365047,-0.00025425868299875504,0.05893143229172885
ds006850,eegnet_lr1e3,total_minus_uncalibrated_prior,4,0,0.10435800025973009,-0.024661540790052852,0.23337754130951305,2000,-0.019917114348064827,0.22863311486752502,0.013243188644984805,-0.01158641111623681,0.03807278840620642
ds006850,eegnet_lr1e3,total_minus_uncalibrated_prior,4,1,0.027433192638620013,-0.06642020799215169,0.12128659326939172,2000,-0.0968419219691749,0.15170830724641493,0.02208573569237418,-0.002610708871212463,0.04678218025596083
ds006850,eegnet_lr1e3,total_minus_uncalibrated_prior,4,2,0.027635417980392374,-0.08299908062110198,0.13826991658188673,2000,-0.09663969662740254,0.1519105325881873,0.014954358987760374,-0.009238906730400613,0.03914762470592136
ds006850,eegnet_lr1e3,total_minus_uncalibrated_prior,4,4,0.013767151785954834,-0.10026379365452791,0.1277980972264376,2000,-0.11050796282184008,0.13804226639374975,0.015659741340517563,-0.0072816748072587895,0.038601157488293916
ds006850,eegnet_lr1e3,total_minus_uncalibrated_prior,4,8,0.005657449481630661,-0.11606120223304286,0.1273761011963042,2000,-0.11861766512616426,0.12993256408942558,0.01995594449911753,-0.0061047134263228185,0.04601660242455788
ds006850,eegnet_lr1e3,total_minus_uncalibrated_prior,8,0,0.1283109373950046,0.010136355479417436,0.24648551931059176,2000,0.004035822787209681,0.2525860520027995,0.0048011710501801586,-0.017688863225952124,0.02729120532631244
ds006850,eegnet_lr1e3,total_minus_uncalibrated_prior,8,1,0.046387340931979854,-0.03300424279901486,0.12577892466297458,2000,-0.07788777367581506,0.17066245553977477,0.011142379209545833,-0.009541333645835648,0.031826092064927314
ds006850,eegnet_lr1e3,total_minus_uncalibrated_prior,8,2,0.05828213538954902,-0.03970064770503236,0.15626491848413038,2000,-0.0659929792182459,0.18255724999734393,0.0042446245953030315,-0.016556122784433847,0.02504537197503991
ds006850,eegnet_lr1e3,total_minus_uncalibrated_prior,8,4,0.054320339054926,-0.04983794863352811,0.15847862674338012,2000,-0.06995477555286891,0.17859545366272092,0.004490375144937109,-0.014481132219647315,0.023461882509521532
ds006850,eegnet_lr1e3,total_minus_uncalibrated_prior,8,8,0.05072460461032019,-0.06093209185518504,0.16238130107582543,2000,-0.07355050999747473,0.1749997192181151,0.00873719887749791,-0.01292875628334925,0.03040315403834507
ds006850,eegnet_lr1e4,eeg_added_population,0,0,0.005321148906819622,-0.006150951280604911,0.016793249094244157,2000,-0.018629526016424765,0.029271823830064013,0.00010918493952835617,-0.001649332945790229,0.0018677028248469413
ds006850,eegnet_lr1e4,eeg_added_population,0,1,0.0037128596030189254,-0.0040137524428073895,0.011439471648845241,2000,-0.020237815320225463,0.027663534526263314,6.979154000483212e-05,-0.0015549521074711505,0.0016945351874808148
ds006850,eegnet_lr1e4,eeg_added_population,0,2,0.004960907951019389,-0.0061274314793182995,0.016049247381357077,2000,-0.018989766972225,0.028911582874263778,7.715762253357461e-05,-0.0021593831900451367,0.002313698435112286
ds006850,eegnet_lr1e4,eeg_added_population,0,4,0.0038073547022154375,-0.030171809412053566,0.03778651881648444,2000,-0.02014332022102895,0.027758029625459826,0.0002027224753138046,-0.005691377953789551,0.00609682290441716
ds006850,eegnet_lr1e4,eeg_added_population,0,8,0.006928486829488267,-0.015063419646689866,0.0289203933056664,2000,-0.01702218809375612,0.030879161752732656,-0.0011951073793023126,-0.004419701616407309,0.0020294868578026835
ds006850,eegnet_lr1e4,eeg_added_population,1,0,0.005321148906819622,-0.006150951280604906,0.01679324909424415,2000,-0.018629526016424765,0.029271823830064013,0.00010918493952835617,-0.001649332945790229,0.0018677028248469413
ds006850,eegnet_lr1e4,eeg_added_population,1,1,0.0037128596030189254,-0.0040137524428073895,0.011439471648845241,2000,-0.020237815320225463,0.027663534526263314,6.979154000483212e-05,-0.0015549521074711505,0.0016945351874808148
ds006850,eegnet_lr1e4,eeg_added_population,1,2,0.004960907951019389,-0.006127431479318303,0.01604924738135708,2000,-0.018989766972225,0.028911582874263778,7.715762253357461e-05,-0.0021593831900451367,0.002313698435112286
ds006850,eegnet_lr1e4,eeg_added_population,1,4,0.0038073547022154375,-0.030171809412053566,0.03778651881648444,2000,-0.02014332022102895,0.027758029625459826,0.0002027224753138046,-0.005691377953789551,0.00609682290441716
ds006850,eegnet_lr1e4,eeg_added_population,1,8,0.006928486829488267,-0.015063419646689856,0.02892039330566639,2000,-0.01702218809375612,0.030879161752732656,-0.0011951073793023126,-0.004419701616407309,0.0020294868578026835
ds006850,eegnet_lr1e4,eeg_added_population,2,0,0.005321148906819622,-0.006150951280604906,0.01679324909424415,2000,-0.018629526016424765,0.029271823830064013,0.00010918493952835617,-0.001649332945790229,0.0018677028248469413
ds006850,eegnet_lr1e4,eeg_added_population,2,1,0.0037128596030189254,-0.0040137524428073895,0.011439471648845241,2000,-0.020237815320225463,0.027663534526263314,6.979154000483212e-05,-0.0015549521074711505,0.0016945351874808148
ds006850,eegnet_lr1e4,eeg_added_population,2,2,0.004960907951019389,-0.006127431479318303,0.01604924738135708,2000,-0.018989766972225,0.028911582874263778,7.715762253357461e-05,-0.0021593831900451367,0.002313698435112286
ds006850,eegnet_lr1e4,eeg_added_population,2,4,0.0038073547022154375,-0.030171809412053566,0.03778651881648444,2000,-0.02014332022102895,0.027758029625459826,0.0002027224753138046,-0.005691377953789551,0.00609682290441716
ds006850,eegnet_lr1e4,eeg_added_population,2,8,0.006928486829488267,-0.015063419646689856,0.02892039330566639,2000,-0.01702218809375612,0.030879161752732656,-0.0011951073793023126,-0.004419701616407309,0.0020294868578026835
ds006850,eegnet_lr1e4,eeg_added_population,4,0,0.005321148906819622,-0.006150951280604911,0.016793249094244157,2000,-0.018629526016424765,0.029271823830064013,0.00010918493952835617,-0.001649332945790229,0.0018677028248469413
ds006850,eegnet_lr1e4,eeg_added_population,4,1,0.0037128596030189254,-0.004013752442807387,0.011439471648845238,2000,-0.020237815320225463,0.027663534526263314,6.979154000483212e-05,-0.00155495210747115,0.0016945351874808143
ds006850,eegnet_lr1e4,eeg_added_population,4,2,0.004960907951019389,-0.006127431479318303,0.01604924738135708,2000,-0.018989766972225,0.028911582874263778,7.715762253357461e-05,-0.0021593831900451367,0.002313698435112286
ds006850,eegnet_lr1e4,eeg_added_population,4,4,0.0038073547022154375,-0.030171809412053566,0.03778651881648444,2000,-0.02014332022102895,0.027758029625459826,0.0002027224753138046,-0.005691377953789551,0.00609682290441716
ds006850,eegnet_lr1e4,eeg_added_population,4,8,0.006928486829488267,-0.01506341964668986,0.028920393305666394,2000,-0.01702218809375612,0.030879161752732656,-0.0011951073793023126,-0.004419701616407309,0.0020294868578026835
ds006850,eegnet_lr1e4,eeg_added_population,8,0,0.005321148906819622,-0.006150951280604909,0.016793249094244154,2000,-0.018629526016424765,0.029271823830064013,0.00010918493952835617,-0.001649332945790229,0.0018677028248469413
ds006850,eegnet_lr1e4,eeg_added_population,8,1,0.0037128596030189254,-0.004013752442807387,0.011439471648845238,2000,-0.020237815320225463,0.027663534526263314,6.979154000483212e-05,-0.00155495210747115,0.0016945351874808143
ds006850,eegnet_lr1e4,eeg_added_population,8,2,0.004960907951019389,-0.006127431479318303,0.01604924738135708,2000,-0.018989766972225,0.028911582874263778,7.715762253357461e-05,-0.0021593831900451367,0.002313698435112286
ds006850,eegnet_lr1e4,eeg_added_population,8,4,0.0038073547022154375,-0.030171809412053566,0.03778651881648444,2000,-0.02014332022102895,0.027758029625459826,0.0002027224753138046,-0.005691377953789551,0.00609682290441716
ds006850,eegnet_lr1e4,eeg_added_population,8,8,0.006928486829488267,-0.01506341964668986,0.028920393305666394,2000,-0.01702218809375612,0.030879161752732656,-0.0011951073793023126,-0.004419701616407309,0.0020294868578026835
ds006850,eegnet_lr1e4,eeg_added_matched_calibration,0,0,0.005321148906819622,-0.006150951280604911,0.016793249094244157,2000,-0.02142233222214586,0.03206463003578511,0.00010918493952835617,-0.001649332945790229,0.0018677028248469413
ds006850,eegnet_lr1e4,eeg_added_matched_calibration,0,1,0.0037128596030189254,-0.0040137524428073895,0.011439471648845241,2000,-0.023030621525946558,0.03045634073198441,6.979154000483212e-05,-0.0015549521074711505,0.0016945351874808148
ds006850,eegnet_lr1e4,eeg_added_matched_calibration,0,2,0.004960907951019389,-0.0061274314793182995,0.016049247381357077,2000,-0.021782573177946095,0.03170438907998487,7.715762253357461e-05,-0.0021593831900451367,0.002313698435112286
ds006850,eegnet_lr1e4,eeg_added_matched_calibration,0,4,0.0038073547022154375,-0.030171809412053566,0.03778651881648444,2000,-0.022936126426750046,0.03055083583118092,0.0002027224753138046,-0.005691377953789551,0.00609682290441716
ds006850,eegnet_lr1e4,eeg_added_matched_calibration,0,8,0.006928486829488267,-0.015063419646689866,0.0289203933056664,2000,-0.019814994299477216,0.03367196795845375,-0.0011951073793023126,-0.004419701616407309,0.0020294868578026835
ds006850,eegnet_lr1e4,eeg_added_matched_calibration,1,0,0.0029261790527541492,-0.007218974570955761,0.01307133267646406,2000,-0.023817302076211334,0.029669660181719633,-0.00019661704138485003,-0.0024709284204506845,0.0020776943376809845
ds006850,eegnet_lr1e4,eeg_added_matched_calibration,1,1,0.002267708979124261,-0.007207514286459252,0.011742932244707774,2000,-0.024475772149841223,0.029011190108089745,1.2609954756048758e-05,-0.002229442155351979,0.0022546620648640765
ds006850,eegnet_lr1e4,eeg_added_matched_calibration,1,2,0.001323288034191017,-0.009393564946554604,0.012040141014936638,2000,-0.025420193094774467,0.0280667691631565,-0.00018337142808966256,-0.0032857677159753448,0.0029190248597960196
ds006850,eegnet_lr1e4,eeg_added_matched_calibration,1,4,0.0016398012186203959,-0.02976982439610945,0.03304942683335024,2000,-0.025103679910345088,0.02838328234758588,-0.0007580555005765321,-0.009586280559786014,0.00807016955863295
ds006850,eegnet_lr1e4,eeg_added_matched_calibration,1,8,-0.000434978862755786,-0.018610244552048533,0.01774028682653696,2000,-0.02717845999172127,0.026308502266209698,-0.0003131090342323728,-0.004914365465994515,0.0042881473975297695
ds006850,eegnet_lr1e4,eeg_added_matched_calibration,2,0,0.0024393050094091012,-0.007049960986361998,0.0119285710051802,2000,-0.024304176119556382,0.029182786138374585,0.00024379555096115668,-0.0015561065577904222,0.0020436976597127355
ds006850,eegnet_lr1e4,eeg_added_matched_calibration,2,1,0.0012086929700514948,-0.006470451175563823,0.008887837115666812,2000,-0.02553478815891399,0.02795217409901698,0.0004208313550285725,-0.001723483465369127,0.002565146175426272
ds006850,eegnet_lr1e4,eeg_added_matched_calibration,2,2,0.0007529011201655167,-0.008970280481383782,0.010476082721714816,2000,-0.025990580008799967,0.027496382249131,0.00015731525851728212,-0.0022331044632821475,0.0025477349803167118
ds006850,eegnet_lr1e4,eeg_added_matched_calibration,2,4,-0.0022560089667945094,-0.030119701692781116,0.025607683759192097,2000,-0.028999490095759993,0.024487472162170974,0.0007304186939990631,-0.0055092404862160365,0.006970077874214163
ds006850,eegnet_lr1e4,eeg_added_matched_calibration,2,8,-0.0005221771916145146,-0.016309170869523004,0.015264816486293974,2000,-0.027265658320579998,0.02622130393735097,0.0002479109663229284,-0.0031876610952037165,0.0036834830278495733
ds006850,eegnet_lr1e4,eeg_added_matched_calibration,4,0,0.0025371201958064304,-0.007173114622166127,0.012247355013778988,2000,-0.024206360933159053,0.029280601324771914,-0.0001455895466240531,-0.0017579412140229498,0.0014667621207748436
ds006850,eegnet_lr1e4,eeg_added_matched_calibration,4,1,0.0018548050274219685,-0.00562453902816398,0.009334149083007916,2000,-0.024888676101543515,0.028598286156387452,-0.0002833086078748437,-0.0019317736912903203,0.0013651564755406329
ds006850,eegnet_lr1e4,eeg_added_matched_calibration,4,2,0.001304999995788536,-0.00838042453735185,0.010990424528928922,2000,-0.025438481133176948,0.02804848112475402,-0.0002529518474803094,-0.0022862345354576837,0.0017803308404970648
ds006850,eegnet_lr1e4,eeg_added_matched_calibration,4,4,-0.00027987042288635244,-0.030030346366804413,0.029470605521031708,2000,-0.027023351551851836,0.02646361070607913,-0.000857797141610106,-0.006763717073292405,0.005048122790072193
ds006850,eegnet_lr1e4,eeg_added_matched_calibration,4,8,-0.0009079167936388299,-0.01851308157321257,0.01669724798593491,2000,-0.027651397922604314,0.025835564335326654,-2.199779074182895e-05,-0.003332634049385804,0.0032886384679021463
ds006850,eegnet_lr1e4,eeg_added_matched_calibration,8,0,0.0036551910182315156,-0.006861460649885917,0.014171842686348949,2000,-0.023088290110733968,0.030398672147197,5.427085238940421e-05,-0.0014770062584495178,0.0015855479632283262
ds006850,eegnet_lr1e4,eeg_added_matched_calibration,8,1,0.002585895131879179,-0.004925159742301363,0.01009695000605972,2000,-0.024157585997086305,0.029329376260844663,-0.0003123636237918337,-0.0018045478234300374,0.00117982057584637
ds006850,eegnet_lr1e4,eeg_added_matched_calibration,8,2,0.002713682624631175,-0.006838226187587591,0.012265591436849941,2000,-0.02402979850433431,0.02945716375359666,-0.0008425186454492084,-0.0028110322215662157,0.0011259949306677989
ds006850,eegnet_lr1e4,eeg_added_matched_calibration,8,4,0.001631359482724748,-0.027153291211048734,0.03041601017649823,2000,-0.025112121646240736,0.02837484061169023,-0.0004224049394833118,-0.00594874328300319,0.005103933404036566
ds006850,eegnet_lr1e4,eeg_added_matched_calibration,8,8,0.0016910356886250533,-0.015123972475013042,0.01850604385226315,2000,-0.02505244544034043,0.028434516817590537,-0.0007076430524293742,-0.0037415221855914907,0.0023262360807327423
ds006850,eegnet_lr1e4,prior_calibration_gain,0,0,0.0,0.0,0.0,2000,-0.12349638874669523,0.12349638874669523,0.0,0.0,0.0
ds006850,eegnet_lr1e4,prior_calibration_gain,0,1,0.0,0.0,0.0,2000,-0.12349638874669523,0.12349638874669523,0.0,0.0,0.0
ds006850,eegnet_lr1e4,prior_calibration_gain,0,2,0.0,0.0,0.0,2000,-0.12349638874669523,0.12349638874669523,0.0,0.0,0.0
ds006850,eegnet_lr1e4,prior_calibration_gain,0,4,0.0,0.0,0.0,2000,-0.12349638874669523,0.12349638874669523,0.0,0.0,0.0
ds006850,eegnet_lr1e4,prior_calibration_gain,0,8,0.0,0.0,0.0,2000,-0.12349638874669523,0.12349638874669523,0.0,0.0,0.0
ds006850,eegnet_lr1e4,prior_calibration_gain,1,0,0.0812159340715726,-0.05293687898550259,0.2153687471286478,2000,-0.04228045467512263,0.20471232281826784,0.0367943654169694,-0.0003816759555194116,0.07397040678945821
ds006850,eegnet_lr1e4,prior_calibration_gain,1,1,0.011402095751169489,-0.10172424010594626,0.12452843160828524,2000,-0.11209429299552574,0.13489848449786473,0.02986427709017289,-0.004154059576463719,0.06388261375680951
ds006850,eegnet_lr1e4,prior_calibration_gain,1,2,-0.015043295131896894,-0.14696288644051209,0.1168762961767183,2000,-0.1385396838785921,0.10845309361479834,0.03791614176361208,0.002758817416004762,0.0730734661112194
ds006850,eegnet_lr1e4,prior_calibration_gain,1,4,-0.037443504692916796,-0.1692722042571528,0.09438519487131922,2000,-0.16093989343961201,0.08605288405377844,0.041073939694900696,0.007200418738977699,0.0749474606508237
ds006850,eegnet_lr1e4,prior_calibration_gain,1,8,-0.04107544120438217,-0.1776633209239918,0.09551243851522748,2000,-0.1645718299510774,0.08242094754231306,0.04110289645101725,0.005963982403230671,0.07624181049880382
ds006850,eegnet_lr1e4,prior_calibration_gain,2,0,0.10022886574736,-0.038550867869681885,0.23900859936440189,2000,-0.02326752299933524,0.22372525449405523,0.02327467525158297,-0.006813339164075453,0.05336268966724139
ds006850,eegnet_lr1e4,prior_calibration_gain,2,1,0.02395950322523957,-0.07980610603522124,0.1277251124857004,2000,-0.09953688552145566,0.14745589197193482,0.021937682081719173,-0.004986304829801752,0.0488616689932401
ds006850,eegnet_lr1e4,prior_calibration_gain,2,2,0.014777202650265053,-0.11318992829069918,0.1427443335912293,2000,-0.10871918609643018,0.13827359139696027,0.022369870934246555,-0.005281627853468151,0.050021369721961265
ds006850,eegnet_lr1e4,prior_calibration_gain,2,4,-0.001414553908970162,-0.13120582697071598,0.12837671915277565,2000,-0.1249109426556654,0.12208183483772507,0.02312365582988818,-0.003993599767146673,0.05024091142692303
ds006850,eegnet_lr1e4,prior_calibration_gain,2,8,-0.0007278942517837117,-0.13491870817637236,0.13346291967280494,2000,-0.12422428299847894,0.12276849449491152,0.023204224434160897,-0.005013692719628454,0.05142214158795025
ds006850,eegnet_lr1e4,prior_calibration_gain,4,0,0.0986597532129117,-0.03096616097781696,0.22828566740364037,2000,-0.024836635533783527,0.22215614195960692,0.010620805415001738,-0.01484649627368987,0.03608810710369335
ds006850,eegnet_lr1e4,prior_calibration_gain,4,1,0.03265559001086152,-0.05936690137169674,0.12467808139341978,2000,-0.09084079873583371,0.15615197875755676,0.018168954249749486,-0.005205410758308066,0.041543319257807035
ds006850,eegnet_lr1e4,prior_calibration_gain,4,2,0.02640804025089155,-0.08478406159380757,0.13760014209559068,2000,-0.09708834849580368,0.14990442899758677,0.01299693483904113,-0.011153913941785248,0.03714778361986751
ds006850,eegnet_lr1e4,prior_calibration_gain,4,4,0.012180967689737199,-0.10303382363195991,0.1273957590114343,2000,-0.11131542105695803,0.13567735643643242,0.015100407188959414,-0.008015736198864937,0.03821655057678376
ds006850,eegnet_lr1e4,prior_calibration_gain,4,8,0.013067758709551514,-0.10699229143521696,0.13312780885432,2000,-0.11042863003714372,0.13656414745624673,0.016112633274633303,-0.009032612271797667,0.04125787882106427
ds006850,eegnet_lr1e4,prior_calibration_gain,8,0,0.12280578902511728,0.004745700151787824,0.24086587789844674,2000,-0.0006905997215779502,0.2463021777718125,0.0017570499303646014,-0.019902072527926994,0.023416172388656196
ds006850,eegnet_lr1e4,prior_calibration_gain,8,1,0.05026448371291323,-0.026729351291453582,0.12725831871728005,2000,-0.073231905033782,0.17376087245960847,0.007248529499360251,-0.01150480184019623,0.026001860838916733
ds006850,eegnet_lr1e4,prior_calibration_gain,8,2,0.05724355183860946,-0.040351734903325415,0.15483883858054434,2000,-0.06625283690808577,0.18073994058530468,0.003184587256570698,-0.017168978545813028,0.023538153058954424
ds006850,eegnet_lr1e4,prior_calibration_gain,8,4,0.05330704390705843,-0.05037382479621971,0.15698791261033657,2000,-0.0701893448396368,0.17680343265375364,0.0037583371664300647,-0.0150737794424828,0.02259045377534293
ds006850,eegnet_lr1e4,prior_calibration_gain,8,8,0.05795844662425104,-0.051469374490865985,0.16738626773936804,2000,-0.0655379421224442,0.18145483537094625,0.004244995632473936,-0.016328679221859238,0.02481867048680711
ds006850,eegnet_lr1e4,combined_calibration_gain,0,0,0.0,0.0,0.0,2000,-0.12206226980374092,0.12206226980374092,0.0,0.0,0.0
ds006850,eegnet_lr1e4,combined_calibration_gain,0,1,0.0,0.0,0.0,2000,-0.12206226980374092,0.12206226980374092,0.0,0.0,0.0
ds006850,eegnet_lr1e4,combined_calibration_gain,0,2,0.0,0.0,0.0,2000,-0.12206226980374092,0.12206226980374092,0.0,0.0,0.0
ds006850,eegnet_lr1e4,combined_calibration_gain,0,4,0.0,0.0,0.0,2000,-0.12206226980374092,0.12206226980374092,0.0,0.0,0.0
ds006850,eegnet_lr1e4,combined_calibration_gain,0,8,0.0,0.0,0.0,2000,-0.12206226980374092,0.12206226980374092,0.0,0.0,0.0
ds006850,eegnet_lr1e4,combined_calibration_gain,1,0,0.07882096421750712,-0.05553214531807771,0.21317407375309194,2000,-0.043241305586233805,0.20088323402124802,0.03648856343605619,-0.0005890413708456929,0.07356616824295809
ds006850,eegnet_lr1e4,combined_calibration_gain,1,1,0.009956945127274824,-0.10349133280070726,0.1234052230552569,2000,-0.1121053246764661,0.13201921493101576,0.029807095504924108,-0.004141211307869354,0.06375540231771756
ds006850,eegnet_lr1e4,combined_calibration_gain,1,2,-0.018680915048725266,-0.14954192042308417,0.11218009032563364,2000,-0.14074318485246617,0.10338135475501566,0.03765561271298884,0.002625680744506996,0.07268554468147068
ds006850,eegnet_lr1e4,combined_calibration_gain,1,4,-0.03961105817651184,-0.16837579682025877,0.0891536804672351,2000,-0.16167332798025275,0.08245121162722908,0.04011316171901036,0.006239883027685494,0.07398644041033522
ds006850,eegnet_lr1e4,combined_calibration_gain,1,8,-0.04843890689662622,-0.1816814666793632,0.08480365288611075,2000,-0.17050117670036713,0.0736233629071147,0.04198489479608719,0.007357461481532518,0.07661232811064186
ds006850,eegnet_lr1e4,combined_calibration_gain,2,0,0.09734702184994946,-0.04201024709544325,0.23670429079534216,2000,-0.024715247953791458,0.21940929165369039,0.023409285863015772,-0.00654826080875626,0.0533668325347878
ds006850,eegnet_lr1e4,combined_calibration_gain,2,1,0.02145533659227214,-0.08319996882302028,0.12611064200756456,2000,-0.10060693321146878,0.14351760639601308,0.022288721896742913,-0.004536650659411209,0.049114094452897036
ds006850,eegnet_lr1e4,combined_calibration_gain,2,2,0.010569195819411181,-0.11709229490103734,0.1382306865398597,2000,-0.11149307398432974,0.1326314656231521,0.022450028570230263,-0.004965039962780304,0.04986509710324083
ds006850,eegnet_lr1e4,combined_calibration_gain,2,4,-0.007477917577980109,-0.13529932665894656,0.12034349150298634,2000,-0.12954018738172102,0.11458435222576081,0.023651352048573437,-0.0033466327932044175,0.050649336890351296
ds006850,eegnet_lr1e4,combined_calibration_gain,2,8,-0.008178558272886494,-0.14006865812910313,0.12371154158333014,2000,-0.1302408280766274,0.11388371153085443,0.024647242779786138,-0.003351799899125426,0.052646285458697706
ds006850,eegnet_lr1e4,combined_calibration_gain,4,0,0.0958757245018985,-0.03375352852748596,0.22550497753128296,2000,-0.026186545301842418,0.21793799430563943,0.010366030928849329,-0.014928520321711776,0.035660582179410434
ds006850,eegnet_lr1e4,combined_calibration_gain,4,1,0.03079753543526456,-0.06141502800243834,0.12301009887296746,2000,-0.09126473436847636,0.1528598052390055,0.01781585410186981,-0.00527786805915292,0.040909576262892544
ds006850,eegnet_lr1e4,combined_calibration_gain,4,2,0.0227521322956607,-0.08695068681484189,0.13245495140616328,2000,-0.09931013750808022,0.1448144020994016,0.012666825369027246,-0.01115766409842655,0.03649131483648104
ds006850,eegnet_lr1e4,combined_calibration_gain,4,4,0.008093742564635409,-0.1021351175142732,0.11832260264354402,2000,-0.11396852723910551,0.13015601236837632,0.014039887572035503,-0.008587964278056012,0.03666773942212702
ds006850,eegnet_lr1e4,combined_calibration_gain,4,8,0.005231355086424416,-0.11042580772755124,0.12088851790040007,2000,-0.1168309147173165,0.12729362489016532,0.017285742863193787,-0.00706275251003988,0.04163423823642745
ds006850,eegnet_lr1e4,combined_calibration_gain,8,0,0.12113983113652917,0.002917661219183104,0.23936200105387523,2000,-0.0009224386672117557,0.2432021009402701,0.0017021358432256495,-0.019865627344822532,0.02326989903127383
ds006850,eegnet_lr1e4,combined_calibration_gain,8,1,0.04913751924177348,-0.028158407252784567,0.12643344573633153,2000,-0.07292475056196744,0.17119978904551442,0.006866374335563585,-0.011813061043882085,0.025545809715009256
ds006850,eegnet_lr1e4,combined_calibration_gain,8,2,0.05499632651222125,-0.041502238438252695,0.15149489146269518,2000,-0.06706594329151967,0.17705859631596216,0.002264910988587915,-0.01782039309335123,0.02235021507052706
ds006850,eegnet_lr1e4,combined_calibration_gain,8,4,0.05113104868756774,-0.048674004848420216,0.1509361022235557,2000,-0.07093122111617318,0.17319331849130865,0.0031332097516329482,-0.01542590240710039,0.021692321910366286
ds006850,eegnet_lr1e4,combined_calibration_gain,8,8,0.05272099548338782,-0.05273889969115633,0.15818089065793198,2000,-0.0693412743203531,0.17478326528712873,0.004732459959346874,-0.015185206966746249,0.024650126885439997
ds006850,eegnet_lr1e4,total_minus_uncalibrated_prior,0,0,0.005321148906819622,-0.006150951280604911,0.016793249094244157,2000,-0.11952014005102489,0.13016243786466414,0.00010918493952835617,-0.001649332945790229,0.0018677028248469413
ds006850,eegnet_lr1e4,total_minus_uncalibrated_prior,0,1,0.0037128596030189254,-0.0040137524428073895,0.011439471648845241,2000,-0.12112842935482558,0.12855414856086345,6.979154000483212e-05,-0.0015549521074711505,0.0016945351874808148
ds006850,eegnet_lr1e4,total_minus_uncalibrated_prior,0,2,0.004960907951019389,-0.0061274314793182995,0.016049247381357077,2000,-0.11988038100682512,0.1298021969088639,7.715762253357461e-05,-0.0021593831900451367,0.002313698435112286
ds006850,eegnet_lr1e4,total_minus_uncalibrated_prior,0,4,0.0038073547022154375,-0.030171809412053566,0.03778651881648444,2000,-0.12103393425562907,0.12864864366005996,0.0002027224753138046,-0.005691377953789551,0.00609682290441716
ds006850,eegnet_lr1e4,total_minus_uncalibrated_prior,0,8,0.006928486829488267,-0.015063419646689866,0.0289203933056664,2000,-0.11791280212835624,0.1317697757873328,-0.0011951073793023126,-0.004419701616407309,0.0020294868578026835
ds006850,eegnet_lr1e4,total_minus_uncalibrated_prior,1,0,0.08414211312432675,-0.05001807962627229,0.21830230587492577,2000,-0.04069917583351776,0.20898340208217125,0.03659774837558455,-0.0005735962760994723,0.07376909302726857
ds006850,eegnet_lr1e4,total_minus_uncalibrated_prior,1,1,0.01366980473029375,-0.0993842572813059,0.1267238667418934,2000,-0.11117148422755076,0.13851109368813824,0.02987688704492894,-0.004341086550627517,0.06409486064048539
ds006850,eegnet_lr1e4,total_minus_uncalibrated_prior,1,2,-0.013720007097705877,-0.14544546182878346,0.1180054476333717,2000,-0.1385612960555504,0.11112128186013863,0.037732770335522414,0.002294811342654572,0.07317072932839025
ds006850,eegnet_lr1e4,total_minus_uncalibrated_prior,1,4,-0.0358037034742964,-0.16801444227218953,0.09640703532359673,2000,-0.16064499243214092,0.0890375854835481,0.040315884194324164,0.005941390095866923,0.07469037829278141
ds006850,eegnet_lr1e4,total_minus_uncalibrated_prior,1,8,-0.041510420067137954,-0.1767632513079386,0.09374241117366269,2000,-0.16635170902498247,0.08333086889070655,0.04078978741678488,0.0060860721756594155,0.07549350265791034
ds006850,eegnet_lr1e4,total_minus_uncalibrated_prior,2,0,0.1026681707567691,-0.03717231738449597,0.24250865889803416,2000,-0.022173118201075412,0.22750945971461362,0.023518470802544128,-0.0067326173820895785,0.053769558987177835
ds006850,eegnet_lr1e4,total_minus_uncalibrated_prior,2,1,0.025168196195291065,-0.07943576831026841,0.12977216070085054,2000,-0.09967309276255344,0.15000948515313556,0.022358513436747746,-0.004794465769855254,0.049511492643350745
ds006850,eegnet_lr1e4,total_minus_uncalibrated_prior,2,2,0.01553010377043057,-0.11363920300136743,0.14469941054222857,2000,-0.10931118518741394,0.1403713927282751,0.022527186192763837,-0.0052943000942517054,0.05034867247977938
ds006850,eegnet_lr1e4,total_minus_uncalibrated_prior,2,4,-0.0036705628757646713,-0.13696779957023092,0.12962667381870158,2000,-0.1285118518336092,0.12117072608207984,0.023854074523887242,-0.00383176147589441,0.051539910523668894
ds006850,eegnet_lr1e4,total_minus_uncalibrated_prior,2,8,-0.0012500714433982263,-0.13655955598716846,0.134059413100372,2000,-0.12609136040124275,0.12359121751444628,0.023452135400483826,-0.004923918933760207,0.05182818973472786
ds006850,eegnet_lr1e4,total_minus_uncalibrated_prior,4,0,0.10119687340871814,-0.02855411108190639,0.23094785789934266,2000,-0.02364441554912637,0.22603816236656266,0.010475215868377685,-0.014972562386592066,0.035922994123347436
ds006850,eegnet_lr1e4,total_minus_uncalibrated_prior,4,1,0.03451039503828349,-0.05766519842623713,0.1266859885028041,2000,-0.09033089391956102,0.15935168399612798,0.017885645641874642,-0.005421025562598554,0.04119231684634784
ds006850,eegnet_lr1e4,total_minus_uncalibrated_prior,4,2,0.027713040246680087,-0.08329724287232138,0.13872332336568155,2000,-0.09712824871116442,0.1525543292045246,0.01274398299156082,-0.011242810480428158,0.0367307764635498
ds006850,eegnet_lr1e4,total_minus_uncalibrated_prior,4,4,0.011901097266850846,-0.10391322587416763,0.12771542040786932,2000,-0.11294019169099366,0.13674238622469537,0.014242610047349308,-0.009131573631209564,0.037616793725908176
ds006850,eegnet_lr1e4,total_minus_uncalibrated_prior,4,8,0.012159841915912684,-0.10754333125858166,0.13186301509040704,2000,-0.11268144704193182,0.1370011308737572,0.016090635483891474,-0.008804668359754457,0.040985939327537406
ds006850,eegnet_lr1e4,total_minus_uncalibrated_prior,8,0,0.1264609800433488,0.00811465713492189,0.24480730295177572,2000,0.0016196910855042906,0.2513022690011933,0.0018113207827540057,-0.019704372302253147,0.02332701386776116
ds006850,eegnet_lr1e4,total_minus_uncalibrated_prior,8,1,0.052850378844792406,-0.02432933974815568,0.1300300974377405,2000,-0.0719909101130521,0.1776916678026369,0.0069361658755684175,-0.011841277423764094,0.02571360917490093
ds006850,eegnet_lr1e4,total_minus_uncalibrated_prior,8,2,0.05995723446324064,-0.0375530444675133,0.15746751339399456,2000,-0.06488405449460387,0.18479852342108516,0.0023420686111214895,-0.01788697872002779,0.022571115942270768
ds006850,eegnet_lr1e4,total_minus_uncalibrated_prior,8,4,0.054938403389783175,-0.051082335485976724,0.1609591422655431,2000,-0.06990288556806133,0.1797796923476277,0.003335932226946753,-0.01581514894029086,0.022487013394184366
ds006850,eegnet_lr1e4,total_minus_uncalibrated_prior,8,8,0.05964948231287609,-0.0508383465855137,0.17013731121126588,2000,-0.06519180664496842,0.1844907712707206,0.0035373525800445615,-0.01691312453041334,0.023987829690502463
ds006850,labram_ridge_base,eeg_added_population,0,0,-0.0033179079313471393,-0.07654647340715141,0.06991065754445715,2000,-0.05838758563607654,0.05175176977338226,0.005763876924332945,-0.004547562774099017,0.01607531662276491
ds006850,labram_ridge_base,eeg_added_population,0,1,-0.0020908333364577647,-0.049659227930518,0.045477561257602474,2000,-0.05716051104118716,0.05297884436827163,0.0056597671910407765,-0.005217558432075404,0.016537092814156957
ds006850,labram_ridge_base,eeg_added_population,0,2,-0.0027914021722355575,-0.06103063617951876,0.055447831835047645,2000,-0.057861079876964955,0.05227827553249384,0.006827048167216437,-0.004216002120385644,0.017870098454818517
ds006850,labram_ridge_base,eeg_added_population,0,4,-0.015864448936522446,-0.07234137675704597,0.04061247888400107,2000,-0.07093412664125184,0.03920522876820695,0.007284851960846217,-0.0027564573434507023,0.017326161265143136
ds006850,labram_ridge_base,eeg_added_population,0,8,-0.017201048388242546,-0.08138723466867172,0.046985137892186626,2000,-0.07227072609297194,0.03786862931648685,0.00766184067066214,-0.0031218649159636853,0.018445546257287965
ds006850,labram_ridge_base,eeg_added_population,1,0,-0.003317907931346934,-0.07654647340715119,0.06991065754445731,2000,-0.05838758563607633,0.051751769773382465,0.005763876924332945,-0.004547562774099017,0.01607531662276491
ds006850,labram_ridge_base,eeg_added_population,1,1,-0.0020908333364577647,-0.049659227930518,0.045477561257602474,2000,-0.05716051104118716,0.05297884436827163,0.0056597671910407765,-0.005217558432075404,0.016537092814156957
ds006850,labram_ridge_base,eeg_added_population,1,2,-0.002791402172235613,-0.061030636179518816,0.05544783183504759,2000,-0.05786107987696501,0.052278275532493784,0.006827048167216437,-0.004216002120385644,0.017870098454818517
ds006850,labram_ridge_base,eeg_added_population,1,4,-0.015864448936522446,-0.07234137675704597,0.04061247888400107,2000,-0.07093412664125184,0.03920522876820695,0.007284851960846217,-0.0027564573434507023,0.017326161265143136
ds006850,labram_ridge_base,eeg_added_population,1,8,-0.017201048388242546,-0.08138723466867173,0.04698513789218664,2000,-0.07227072609297194,0.03786862931648685,0.00766184067066214,-0.0031218649159636853,0.018445546257287965
ds006850,labram_ridge_base,eeg_added_population,2,0,-0.0033179079313466813,-0.07654647340715094,0.06991065754445759,2000,-0.05838758563607608,0.051751769773382715,0.005763876924332945,-0.004547562774099019,0.01607531662276491
ds006850,labram_ridge_base,eeg_added_population,2,1,-0.0020908333364576814,-0.0496592279305179,0.045477561257602536,2000,-0.05716051104118708,0.052978844368271716,0.0056597671910407765,-0.005217558432075404,0.016537092814156957
ds006850,labram_ridge_base,eeg_added_population,2,2,-0.002791402172235613,-0.0610306361795188,0.055447831835047576,2000,-0.05786107987696501,0.052278275532493784,0.006827048167216437,-0.004216002120385644,0.017870098454818517
ds006850,labram_ridge_base,eeg_added_population,2,4,-0.015864448936522446,-0.07234137675704597,0.04061247888400108,2000,-0.07093412664125184,0.03920522876820695,0.007284851960846217,-0.0027564573434507023,0.017326161265143136
ds006850,labram_ridge_base,eeg_added_population,2,8,-0.017201048388242546,-0.08138723466867172,0.046985137892186626,2000,-0.07227072609297194,0.03786862931648685,0.00766184067066214,-0.0031218649159636853,0.018445546257287965
ds006850,labram_ridge_base,eeg_added_population,4,0,-0.003317907931346681,-0.0765464734071509,0.06991065754445755,2000,-0.05838758563607608,0.051751769773382715,0.005763876924332972,-0.004547562774098988,0.016075316622764933
ds006850,labram_ridge_base,eeg_added_population,4,1,-0.0020908333364577925,-0.04965922793051801,0.045477561257602425,2000,-0.05716051104118719,0.052978844368271605,0.0056597671910407765,-0.005217558432075404,0.016537092814156957
ds006850,labram_ridge_base,eeg_added_population,4,2,-0.002791402172235724,-0.06103063617951893,0.05544783183504748,2000,-0.05786107987696512,0.05227827553249367,0.006827048167216437,-0.004216002120385648,0.017870098454818524
ds006850,labram_ridge_base,eeg_added_population,4,4,-0.0158644489365225,-0.07234137675704604,0.04061247888400103,2000,-0.0709341266412519,0.039205228768206896,0.007284851960846217,-0.0027564573434507005,0.017326161265143136
ds006850,labram_ridge_base,eeg_added_population,4,8,-0.0172010483882426,-0.08138723466867176,0.04698513789218656,2000,-0.072270726092972,0.037868629316486796,0.00766184067066214,-0.0031218649159636853,0.018445546257287965
ds006850,labram_ridge_base,eeg_added_population,8,0,-0.003317907931346681,-0.0765464734071509,0.06991065754445755,2000,-0.05838758563607608,0.051751769773382715,0.005763876924332972,-0.004547562774098988,0.016075316622764933
ds006850,labram_ridge_base,eeg_added_population,8,1,-0.0020908333364577925,-0.04965922793051801,0.045477561257602425,2000,-0.05716051104118719,0.052978844368271605,0.0056597671910407765,-0.005217558432075404,0.016537092814156957
ds006850,labram_ridge_base,eeg_added_population,8,2,-0.002791402172235724,-0.06103063617951893,0.05544783183504748,2000,-0.05786107987696512,0.05227827553249367,0.006827048167216437,-0.004216002120385648,0.017870098454818524
ds006850,labram_ridge_base,eeg_added_population,8,4,-0.0158644489365225,-0.07234137675704604,0.04061247888400103,2000,-0.0709341266412519,0.039205228768206896,0.007284851960846217,-0.0027564573434507005,0.017326161265143136
ds006850,labram_ridge_base,eeg_added_population,8,8,-0.0172010483882426,-0.08138723466867176,0.04698513789218656,2000,-0.072270726092972,0.037868629316486796,0.00766184067066214,-0.0031218649159636853,0.018445546257287965
ds006850,labram_ridge_base,eeg_added_matched_calibration,0,0,-0.0033179079313471393,-0.07654647340715141,0.06991065754445715,2000,-0.060409321205720665,0.053773505343026384,0.005763876924332945,-0.004547562774099017,0.01607531662276491
ds006850,labram_ridge_base,eeg_added_matched_calibration,0,1,-0.0020908333364577647,-0.049659227930518,0.045477561257602474,2000,-0.05918224661083129,0.05500057993791576,0.0056597671910407765,-0.005217558432075404,0.016537092814156957
ds006850,labram_ridge_base,eeg_added_matched_calibration,0,2,-0.0027914021722355575,-0.06103063617951876,0.055447831835047645,2000,-0.05988281544660908,0.05430001110213797,0.006827048167216437,-0.004216002120385644,0.017870098454818517
ds006850,labram_ridge_base,eeg_added_matched_calibration,0,4,-0.015864448936522446,-0.07234137675704597,0.04061247888400107,2000,-0.07295586221089598,0.04122696433785108,0.007284851960846217,-0.0027564573434507023,0.017326161265143136
ds006850,labram_ridge_base,eeg_added_matched_calibration,0,8,-0.017201048388242546,-0.08138723466867172,0.046985137892186626,2000,-0.07429246166261608,0.03989036488613098,0.00766184067066214,-0.0031218649159636853,0.018445546257287965
ds006850,labram_ridge_base,eeg_added_matched_calibration,1,0,-0.004497415331497875,-0.06581493986542354,0.05682010920242779,2000,-0.0615888286058714,0.05259399794287565,0.007265553658245827,-0.008729454830598674,0.023260562147090328
ds006850,labram_ridge_base,eeg_added_matched_calibration,1,1,-0.0037263561206767326,-0.046258246087945674,0.03880553384659221,2000,-0.06081776939505026,0.05336505715369679,0.005606331434921563,-0.008762156628615578,0.019974819498458703
ds006850,labram_ridge_base,eeg_added_matched_calibration,1,2,-0.007158666169827188,-0.05476813484319832,0.040450802503543944,2000,-0.06425007944420072,0.049932747104546336,0.0071966820341014814,-0.009179263644366695,0.02357262771256966
ds006850,labram_ridge_base,eeg_added_matched_calibration,1,4,-0.017808754736933552,-0.06566106276732356,0.030043553293456454,2000,-0.07490016801130708,0.03928265853743997,0.009027049470602316,-0.005949451369480838,0.02400355031068547
ds006850,labram_ridge_base,eeg_added_matched_calibration,1,8,-0.01769088402841018,-0.0741483110639855,0.038766543007165144,2000,-0.07478229730278371,0.039400529245963344,0.013490593521651079,-0.004638773898989812,0.03161996094229197
ds006850,labram_ridge_base,eeg_added_matched_calibration,2,0,-0.010459867088134359,-0.06928591234712725,0.04836617817085854,2000,-0.06755128036250788,0.046631546186239166,0.005965418825137292,-0.005404549404025764,0.01733538705430035
ds006850,labram_ridge_base,eeg_added_matched_calibration,2,1,0.0008120193206554438,-0.038299781995854855,0.03992382063716574,2000,-0.05627939395371808,0.05790343259502897,0.0038979648308641868,-0.00799347972175342,0.015789409383481792
ds006850,labram_ridge_base,eeg_added_matched_calibration,2,2,-0.0022670497874633933,-0.048503503917437824,0.04396940434251104,2000,-0.05935846306183692,0.05482436348691013,0.0036987785414111796,-0.009017745310069564,0.016415302392891924
ds006850,labram_ridge_base,eeg_added_matched_calibration,2,4,-0.010318474509536546,-0.05597254473196488,0.035335595712891785,2000,-0.06740988778391008,0.04677293876483698,0.003617011653016311,-0.0075734802093220255,0.014807503515354647
ds006850,labram_ridge_base,eeg_added_matched_calibration,2,8,-0.011837968242151053,-0.064795347897313,0.0411194114130109,2000,-0.06892938151652458,0.04525344503222247,0.007555039770242855,-0.006941571985415387,0.0220516515259011
ds006850,labram_ridge_base,eeg_added_matched_calibration,4,0,-0.0026989501961263845,-0.0589517405058567,0.05355384011360393,2000,-0.05979036347049991,0.05439246307824714,0.006374367418508914,-0.003624778436485279,0.01637351327350311
ds006850,labram_ridge_base,eeg_added_matched_calibration,4,1,0.003578034651334716,-0.03181739395630309,0.038973463258972524,2000,-0.05351337862303881,0.06066944792570824,0.0008295191948656799,-0.008404002644398074,0.010063041034129434
ds006850,labram_ridge_base,eeg_added_matched_calibration,4,2,0.0024857213596726213,-0.04131282355944156,0.046284266278786804,2000,-0.0546056919147009,0.059577134634046146,0.003585125244818188,-0.006838127979882437,0.014008378469518813
ds006850,labram_ridge_base,eeg_added_matched_calibration,4,4,-0.007030374709758591,-0.05021793966763145,0.03615719024811427,2000,-0.06412178798413212,0.05006103856461493,0.004133627955617142,-0.006319576606379931,0.014586832517614215
ds006850,labram_ridge_base,eeg_added_matched_calibration,4,8,-0.007637962601509951,-0.05717248085762732,0.04189655565460742,2000,-0.06472937587588348,0.04945345067286357,0.0051492867485256055,-0.006480436050723766,0.016779009547774976
ds006850,labram_ridge_base,eeg_added_matched_calibration,8,0,-0.004083499861554998,-0.0627986896300069,0.05463168990689691,2000,-0.06117491313592852,0.053007913412818526,0.006271813899538264,-0.0033425785432521574,0.015886206342328686
ds006850,labram_ridge_base,eeg_added_matched_calibration,8,1,0.003108479506178652,-0.03521872247827632,0.041435681490633626,2000,-0.05398293376819487,0.060199892780552176,0.0015795345126098925,-0.0075992224434838825,0.010758291468703668
ds006850,labram_ridge_base,eeg_added_matched_calibration,8,2,0.0014706886871905245,-0.04530696520736278,0.048248342581743826,2000,-0.055620724587183,0.05856210196156405,0.003923605090627447,-0.005898872867220959,0.013746083048475853
ds006850,labram_ridge_base,eeg_added_matched_calibration,8,4,-0.009700542979578397,-0.055455151340035654,0.03605406538087886,2000,-0.06679195625395193,0.04739087029479513,0.005238069250230987,-0.0040727113541848235,0.014548849854646797
ds006850,labram_ridge_base,eeg_added_matched_calibration,8,8,-0.014790744180125881,-0.0668681079872459,0.03728661962699414,2000,-0.07188215745449941,0.042300669094247643,0.005899913911861537,-0.004383582799214443,0.016183410622937516
ds006850,labram_ridge_base,prior_calibration_gain,0,0,0.0,0.0,0.0,2000,-0.12349638874669523,0.12349638874669523,0.0,0.0,0.0
ds006850,labram_ridge_base,prior_calibration_gain,0,1,0.0,0.0,0.0,2000,-0.12349638874669523,0.12349638874669523,0.0,0.0,0.0
ds006850,labram_ridge_base,prior_calibration_gain,0,2,0.0,0.0,0.0,2000,-0.12349638874669523,0.12349638874669523,0.0,0.0,0.0
ds006850,labram_ridge_base,prior_calibration_gain,0,4,0.0,0.0,0.0,2000,-0.12349638874669523,0.12349638874669523,0.0,0.0,0.0
ds006850,labram_ridge_base,prior_calibration_gain,0,8,0.0,0.0,0.0,2000,-0.12349638874669523,0.12349638874669523,0.0,0.0,0.0
ds006850,labram_ridge_base,prior_calibration_gain,1,0,0.0812159340715726,-0.05293687898550259,0.2153687471286478,2000,-0.04228045467512263,0.20471232281826784,0.0367943654169694,-0.0003816759555194116,0.07397040678945821
ds006850,labram_ridge_base,prior_calibration_gain,1,1,0.011402095751169489,-0.10172424010594626,0.12452843160828524,2000,-0.11209429299552574,0.13489848449786473,0.02986427709017289,-0.004154059576463719,0.06388261375680951
ds006850,labram_ridge_base,prior_calibration_gain,1,2,-0.015043295131896894,-0.14696288644051209,0.1168762961767183,2000,-0.1385396838785921,0.10845309361479834,0.03791614176361208,0.002758817416004762,0.0730734661112194
ds006850,labram_ridge_base,prior_calibration_gain,1,4,-0.037443504692916796,-0.1692722042571528,0.09438519487131922,2000,-0.16093989343961201,0.08605288405377844,0.041073939694900696,0.007200418738977699,0.0749474606508237
ds006850,labram_ridge_base,prior_calibration_gain,1,8,-0.04107544120438217,-0.1776633209239918,0.09551243851522748,2000,-0.1645718299510774,0.08242094754231306,0.04110289645101725,0.005963982403230671,0.07624181049880382
ds006850,labram_ridge_base,prior_calibration_gain,2,0,0.10022886574736,-0.038550867869681885,0.23900859936440189,2000,-0.02326752299933524,0.22372525449405523,0.02327467525158297,-0.006813339164075453,0.05336268966724139
ds006850,labram_ridge_base,prior_calibration_gain,2,1,0.02395950322523957,-0.07980610603522124,0.1277251124857004,2000,-0.09953688552145566,0.14745589197193482,0.021937682081719173,-0.004986304829801752,0.0488616689932401
ds006850,labram_ridge_base,prior_calibration_gain,2,2,0.014777202650265053,-0.11318992829069918,0.1427443335912293,2000,-0.10871918609643018,0.13827359139696027,0.022369870934246555,-0.005281627853468151,0.050021369721961265
ds006850,labram_ridge_base,prior_calibration_gain,2,4,-0.001414553908970162,-0.13120582697071598,0.12837671915277565,2000,-0.1249109426556654,0.12208183483772507,0.02312365582988818,-0.003993599767146673,0.05024091142692303
ds006850,labram_ridge_base,prior_calibration_gain,2,8,-0.0007278942517837117,-0.13491870817637236,0.13346291967280494,2000,-0.12422428299847894,0.12276849449491152,0.023204224434160897,-0.005013692719628454,0.05142214158795025
ds006850,labram_ridge_base,prior_calibration_gain,4,0,0.0986597532129117,-0.03096616097781696,0.22828566740364037,2000,-0.024836635533783527,0.22215614195960692,0.010620805415001738,-0.01484649627368987,0.03608810710369335
ds006850,labram_ridge_base,prior_calibration_gain,4,1,0.03265559001086152,-0.05936690137169674,0.12467808139341978,2000,-0.09084079873583371,0.15615197875755676,0.018168954249749486,-0.005205410758308066,0.041543319257807035
ds006850,labram_ridge_base,prior_calibration_gain,4,2,0.02640804025089155,-0.08478406159380757,0.13760014209559068,2000,-0.09708834849580368,0.14990442899758677,0.01299693483904113,-0.011153913941785248,0.03714778361986751
ds006850,labram_ridge_base,prior_calibration_gain,4,4,0.012180967689737199,-0.10303382363195991,0.1273957590114343,2000,-0.11131542105695803,0.13567735643643242,0.015100407188959414,-0.008015736198864937,0.03821655057678376
ds006850,labram_ridge_base,prior_calibration_gain,4,8,0.013067758709551514,-0.10699229143521696,0.13312780885432,2000,-0.11042863003714372,0.13656414745624673,0.016112633274633303,-0.009032612271797667,0.04125787882106427
ds006850,labram_ridge_base,prior_calibration_gain,8,0,0.12280578902511728,0.004745700151787824,0.24086587789844674,2000,-0.0006905997215779502,0.2463021777718125,0.0017570499303646014,-0.019902072527926994,0.023416172388656196
ds006850,labram_ridge_base,prior_calibration_gain,8,1,0.05026448371291323,-0.026729351291453582,0.12725831871728005,2000,-0.073231905033782,0.17376087245960847,0.007248529499360251,-0.01150480184019623,0.026001860838916733
ds006850,labram_ridge_base,prior_calibration_gain,8,2,0.05724355183860946,-0.040351734903325415,0.15483883858054434,2000,-0.06625283690808577,0.18073994058530468,0.003184587256570698,-0.017168978545813028,0.023538153058954424
ds006850,labram_ridge_base,prior_calibration_gain,8,4,0.05330704390705843,-0.05037382479621971,0.15698791261033657,2000,-0.0701893448396368,0.17680343265375364,0.0037583371664300647,-0.0150737794424828,0.02259045377534293
ds006850,labram_ridge_base,prior_calibration_gain,8,8,0.05795844662425104,-0.051469374490865985,0.16738626773936804,2000,-0.0655379421224442,0.18145483537094625,0.004244995632473936,-0.016328679221859238,0.02481867048680711
ds006850,labram_ridge_base,combined_calibration_gain,0,0,0.0,0.0,0.0,2000,-0.12659436777485736,0.12659436777485736,0.0,0.0,0.0
ds006850,labram_ridge_base,combined_calibration_gain,0,1,0.0,0.0,0.0,2000,-0.12659436777485736,0.12659436777485736,0.0,0.0,0.0
ds006850,labram_ridge_base,combined_calibration_gain,0,2,0.0,0.0,0.0,2000,-0.12659436777485736,0.12659436777485736,0.0,0.0,0.0
ds006850,labram_ridge_base,combined_calibration_gain,0,4,0.0,0.0,0.0,2000,-0.12659436777485736,0.12659436777485736,0.0,0.0,0.0
ds006850,labram_ridge_base,combined_calibration_gain,0,8,0.0,0.0,0.0,2000,-0.12659436777485736,0.12659436777485736,0.0,0.0,0.0
ds006850,labram_ridge_base,combined_calibration_gain,1,0,0.08003642667142165,-0.06498977736862717,0.22506263071147048,2000,-0.04655794110343571,0.20663079444627902,0.03829604215088228,-0.0018356155702110022,0.07842769987197556
ds006850,labram_ridge_base,combined_calibration_gain,1,1,0.00976657296695052,-0.112255136458114,0.13178828239201504,2000,-0.11682779480790684,0.13636094074180788,0.029810841334053678,-0.005557829388116317,0.06517951205622367
ds006850,labram_ridge_base,combined_calibration_gain,1,2,-0.01941055912948847,-0.15601400143385233,0.11719288317487539,2000,-0.14600492690434583,0.10718380864536889,0.03828577563049712,0.0008356223447194902,0.07573592891627476
ds006850,labram_ridge_base,combined_calibration_gain,1,4,-0.0393878104933279,-0.17398786167053418,0.09521224068387837,2000,-0.16598217826818526,0.08720655728152946,0.042816137204656796,0.005993702031300958,0.07963857237801264
ds006850,labram_ridge_base,combined_calibration_gain,1,8,-0.0415652768445498,-0.18355256568982117,0.10042201200072157,2000,-0.16815964461940716,0.08502909093030755,0.04693164930200619,0.008811192957415614,0.08505210564659677
ds006850,labram_ridge_base,combined_calibration_gain,2,0,0.09308690659057231,-0.05044197737057668,0.2366157905517213,2000,-0.03350746118428505,0.21968127436542967,0.02347621715238732,-0.008055420776122833,0.05500785508089747
ds006850,labram_ridge_base,combined_calibration_gain,2,1,0.026862355882352695,-0.08361940869315755,0.13734412045786293,2000,-0.09973201189250466,0.15345672365721005,0.020175879721542583,-0.008140819440502246,0.04849257888358741
ds006850,labram_ridge_base,combined_calibration_gain,2,2,0.015301555035037273,-0.11399839739937823,0.14460150746945277,2000,-0.11129281273982009,0.14189592280989463,0.019241601308441297,-0.009587931157845543,0.04807113377472814
ds006850,labram_ridge_base,combined_calibration_gain,2,4,0.004131420518015738,-0.1251512395495582,0.13341408058558968,2000,-0.12246294725684162,0.1307257882928731,0.019455815522058273,-0.008415173084865928,0.04732680412898248
ds006850,labram_ridge_base,combined_calibration_gain,2,8,0.004635185894307781,-0.126637772091701,0.13590814388031655,2000,-0.12195918188054958,0.13122955366916514,0.023097423533741612,-0.005595824091346804,0.05179067115883003
ds006850,labram_ridge_base,combined_calibration_gain,4,0,0.099278710948132,-0.04108909517216176,0.23964651706842577,2000,-0.027315656826725362,0.22587307872298934,0.01123129590917768,-0.015617532282599173,0.03808012410095453
ds006850,labram_ridge_base,combined_calibration_gain,4,1,0.03832445799865403,-0.06401266587006274,0.1406615818673708,2000,-0.08826990977620333,0.16491882577351138,0.01333870625357439,-0.010401067606098137,0.037078480113246916
ds006850,labram_ridge_base,combined_calibration_gain,4,2,0.0316851637827999,-0.0869535394963402,0.15032386706194,2000,-0.09490920399205746,0.15827953155765725,0.00975501191664288,-0.014845384264976533,0.03435540809826229
ds006850,labram_ridge_base,combined_calibration_gain,4,4,0.02101504191650111,-0.0998333698620911,0.14186345369509332,2000,-0.10557932585835625,0.14760940969135847,0.011949183183730339,-0.011969529013568264,0.03586789538102894
ds006850,labram_ridge_base,combined_calibration_gain,4,8,0.022630844496284164,-0.10371124506703164,0.14897293405959997,2000,-0.1039635232785732,0.14922521227114152,0.013600079352496769,-0.012352636398219336,0.03955279510321287
ds006850,labram_ridge_base,combined_calibration_gain,8,0,0.12204019709490896,-0.0033389259026182505,0.24741932009243617,2000,-0.004554170679948399,0.24863456486976632,0.0022649869055698935,-0.020451943987531092,0.02498191779867088
ds006850,labram_ridge_base,combined_calibration_gain,8,1,0.05546379655554967,-0.027647201874351157,0.1385747949854505,2000,-0.07113057121930769,0.18205816433040703,0.003168296820929367,-0.015942924020351315,0.02227951766221005
ds006850,labram_ridge_base,combined_calibration_gain,8,2,0.06150564269803571,-0.04018256343279149,0.1631938488288629,2000,-0.06508872507682165,0.18810001047289307,0.00028114417998170715,-0.019900738850294874,0.020463027210258288
ds006850,labram_ridge_base,combined_calibration_gain,8,4,0.05947094986400253,-0.04745277507431528,0.16639467480232034,2000,-0.06712341791085483,0.1860653176388599,0.0017115544558148343,-0.01789909879689419,0.02132220770852386
ds006850,labram_ridge_base,combined_calibration_gain,8,8,0.06036875083236776,-0.05293799865093249,0.173675500315668,2000,-0.0662256169424896,0.18696311860722511,0.002483068873673333,-0.01864091347792804,0.023607051225274706
ds006850,labram_ridge_base,total_minus_uncalibrated_prior,0,0,-0.0033179079313471393,-0.07654647340715141,0.06991065754445715,2000,-0.13367626043744002,0.12704044457474573,0.005763876924332945,-0.004547562774099017,0.01607531662276491
ds006850,labram_ridge_base,total_minus_uncalibrated_prior,0,1,-0.0020908333364577647,-0.049659227930518,0.045477561257602474,2000,-0.13244918584255064,0.1282675191696351,0.0056597671910407765,-0.005217558432075404,0.016537092814156957
ds006850,labram_ridge_base,total_minus_uncalibrated_prior,0,2,-0.0027914021722355575,-0.06103063617951876,0.055447831835047645,2000,-0.13314975467832843,0.12756695033385732,0.006827048167216437,-0.004216002120385644,0.017870098454818517
ds006850,labram_ridge_base,total_minus_uncalibrated_prior,0,4,-0.015864448936522446,-0.07234137675704597,0.04061247888400107,2000,-0.14622280144261532,0.11449390356957043,0.007284851960846217,-0.0027564573434507023,0.017326161265143136
ds006850,labram_ridge_base,total_minus_uncalibrated_prior,0,8,-0.017201048388242546,-0.08138723466867172,0.046985137892186626,2000,-0.14755940089433542,0.11315730411785033,0.00766184067066214,-0.0031218649159636853,0.018445546257287965
ds006850,labram_ridge_base,total_minus_uncalibrated_prior,1,0,0.07671851874007472,-0.062170249753885645,0.2156072872340351,2000,-0.05363983376601815,0.20707687124616758,0.044059919075215226,0.0035099302544164407,0.08460990789601401
ds006850,labram_ridge_base,total_minus_uncalibrated_prior,1,1,0.007675739630492756,-0.11310367874697527,0.12845515800796078,2000,-0.12268261287560012,0.13803409213658563,0.035470608525094455,6.563826433283321e-05,0.07087557878585607
ds006850,labram_ridge_base,total_minus_uncalibrated_prior,1,2,-0.022201961301724082,-0.1630253923371163,0.11862146973366813,2000,-0.15256031380781696,0.10815639120436879,0.04511282379771356,0.007227220300863722,0.08299842729456339
ds006850,labram_ridge_base,total_minus_uncalibrated_prior,1,4,-0.05525225942985035,-0.1931946344278034,0.08269011556810271,2000,-0.18561061193594322,0.07510609307624252,0.05010098916550301,0.013514063298641348,0.08668791503236467
ds006850,labram_ridge_base,total_minus_uncalibrated_prior,1,8,-0.05876632523279235,-0.2017142555472108,0.08418160508162612,2000,-0.18912467773888522,0.07159202727330052,0.05459348997266833,0.01647569159194743,0.09271128835338924
ds006850,labram_ridge_base,total_minus_uncalibrated_prior,2,0,0.08976899865922564,-0.046512420899809115,0.22605041821826038,2000,-0.04058935384686724,0.2201273511653185,0.029240094076720263,-0.0019950548868215116,0.06047524304026204
ds006850,labram_ridge_base,total_minus_uncalibrated_prior,2,1,0.024771522545895014,-0.08274238391654724,0.13228542900833729,2000,-0.10558682996019786,0.1551298750519879,0.02583564691258336,-0.0026172869540539677,0.05428858077922069
ds006850,labram_ridge_base,total_minus_uncalibrated_prior,2,2,0.01251015286280166,-0.11821154607941153,0.14323185180501485,2000,-0.11784819964329121,0.14286850536889453,0.026068649475657735,-0.0031064797706622203,0.05524377872197769
ds006850,labram_ridge_base,total_minus_uncalibrated_prior,2,4,-0.011733028418506708,-0.14228503481978946,0.11881897798277605,2000,-0.14209138092459958,0.11862532408758616,0.02674066748290449,-0.0008359811065929076,0.05431731607240189
ds006850,labram_ridge_base,total_minus_uncalibrated_prior,2,8,-0.012565862493934765,-0.14627765192535305,0.12114592693748352,2000,-0.14292421500002764,0.11779249001215811,0.030759264204403752,0.0018567930923110605,0.05966173531649645
ds006850,labram_ridge_base,total_minus_uncalibrated_prior,4,0,0.09596080301678532,-0.0347613388024043,0.22668294483597495,2000,-0.03439754948930755,0.22631915552287818,0.016995172833510652,-0.00978334099955036,0.043773686666571665
ds006850,labram_ridge_base,total_minus_uncalibrated_prior,4,1,0.036233624662196234,-0.06078972971081535,0.13325697903520783,2000,-0.09412472784389664,0.1665919771682891,0.018998473444615166,-0.005117346824080483,0.04311429371331081
ds006850,labram_ridge_base,total_minus_uncalibrated_prior,4,2,0.028893761610564173,-0.08806994183588134,0.1458574650570097,2000,-0.1014645908955287,0.15925211411665705,0.016582060083859318,-0.008817317905652527,0.041981438073371166
ds006850,labram_ridge_base,total_minus_uncalibrated_prior,4,4,0.005150592979978608,-0.11393848058556445,0.12423966654552167,2000,-0.12520775952611427,0.13550894548607148,0.019234035144576556,-0.004495779367318348,0.04296384965647146
ds006850,labram_ridge_base,total_minus_uncalibrated_prior,4,8,0.005429796108041562,-0.12045082270950755,0.13131041492559067,2000,-0.12492855639805131,0.13578814861413444,0.02126192002315891,-0.004876029983183382,0.047399870029501204
ds006850,labram_ridge_base,total_minus_uncalibrated_prior,8,0,0.11872228916356228,-0.004850933619087269,0.24229551194621185,2000,-0.01163606334253059,0.24908064166965516,0.008028863829902866,-0.015440707112006524,0.03149843477181226
ds006850,labram_ridge_base,total_minus_uncalibrated_prior,8,1,0.05337296321909188,-0.03311596629494172,0.1398618927331255,2000,-0.076985389287001,0.18373131572518475,0.008828064011970144,-0.011711093326534472,0.02936722135047476
ds006850,labram_ridge_base,total_minus_uncalibrated_prior,8,2,0.05871424052579999,-0.049400159924665024,0.16682864097626499,2000,-0.07164411198029288,0.18907259303189286,0.0071081923471981445,-0.015132270668677405,0.029348655363073694
ds006850,labram_ridge_base,total_minus_uncalibrated_prior,8,4,0.04360650092748003,-0.06755256854489283,0.1547655703998529,2000,-0.08675185157861284,0.1739648534335729,0.008996406416661051,-0.011232159272139521,0.029224972105461624
ds006850,labram_ridge_base,total_minus_uncalibrated_prior,8,8,0.043167702444125156,-0.07422713727366839,0.1605625421619187,2000,-0.08719065006196772,0.17352605495021803,0.010144909544335473,-0.012288342056456139,0.032578161145127085
ds006850,labram_ridge_strong,eeg_added_population,0,0,-0.009429426201048344,-0.05444843573983652,0.03558958333773984,2000,-0.042196809009112275,0.02333795660701559,0.0037493620320353804,-0.0028814028884280637,0.010380126952498825
ds006850,labram_ridge_strong,eeg_added_population,0,1,-0.004508485739982804,-0.03221521514355501,0.023198243663589403,2000,-0.03727586854804674,0.02825889706808113,0.003961701109154031,-0.0027630104466417225,0.010686412664949786
ds006850,labram_ridge_strong,eeg_added_population,0,2,-0.005234740155287576,-0.03951340261582921,0.029043922305254058,2000,-0.03800212296335151,0.027532642652776357,0.0039446455560102345,-0.0028823547180548397,0.010771645830075309
ds006850,labram_ridge_strong,eeg_added_population,0,4,-0.013133666007429934,-0.047301497256677476,0.021034165241817608,2000,-0.04590104881549387,0.019633716800634,0.004646449118482943,-0.0017277402558003594,0.011020638492766244
ds006850,labram_ridge_strong,eeg_added_population,0,8,-0.01320460430136855,-0.0481773583367171,0.021768149733980002,2000,-0.04597198710943248,0.019562778506695383,0.003988309195070067,-0.0021892384725692585,0.010165856862709391
ds006850,labram_ridge_strong,eeg_added_population,1,0,-0.009429426201048134,-0.054448435739836314,0.035589583337740045,2000,-0.04219680900911207,0.0233379566070158,0.0037493620320353804,-0.002881402888428063,0.010380126952498823
ds006850,labram_ridge_strong,eeg_added_population,1,1,-0.004508485739982804,-0.03221521514355501,0.023198243663589403,2000,-0.03727586854804674,0.02825889706808113,0.003961701109154031,-0.0027630104466417216,0.010686412664949784
ds006850,labram_ridge_strong,eeg_added_population,1,2,-0.005234740155287576,-0.03951340261582921,0.029043922305254058,2000,-0.03800212296335151,0.027532642652776357,0.0039446455560102345,-0.0028823547180548397,0.010771645830075309
ds006850,labram_ridge_strong,eeg_added_population,1,4,-0.013133666007429934,-0.047301497256677476,0.021034165241817608,2000,-0.04590104881549387,0.019633716800634,0.004646449118482943,-0.0017277402558003602,0.011020638492766245
ds006850,labram_ridge_strong,eeg_added_population,1,8,-0.01320460430136855,-0.04817735833671711,0.02176814973398001,2000,-0.04597198710943248,0.019562778506695383,0.003988309195070067,-0.0021892384725692585,0.010165856862709391
ds006850,labram_ridge_strong,eeg_added_population,2,0,-0.009429426201048134,-0.054448435739836314,0.035589583337740045,2000,-0.04219680900911207,0.0233379566070158,0.0037493620320353804,-0.002881402888428063,0.010380126952498823
ds006850,labram_ridge_strong,eeg_added_population,2,1,-0.004508485739982637,-0.032215215143554854,0.023198243663589576,2000,-0.03727586854804657,0.028258897068081296,0.003961701109154031,-0.0027630104466417225,0.010686412664949786
ds006850,labram_ridge_strong,eeg_added_population,2,2,-0.005234740155287632,-0.03951340261582927,0.02904392230525401,2000,-0.038002122963351564,0.0275326426527763,0.0039446455560102345,-0.0028823547180548397,0.010771645830075309
ds006850,labram_ridge_strong,eeg_added_population,2,4,-0.013133666007429934,-0.047301497256677476,0.021034165241817608,2000,-0.04590104881549387,0.019633716800634,0.004646449118482943,-0.0017277402558003602,0.011020638492766245
ds006850,labram_ridge_strong,eeg_added_population,2,8,-0.01320460430136855,-0.048177358336717116,0.021768149733980016,2000,-0.04597198710943248,0.019562778506695383,0.003988309195070067,-0.0021892384725692576,0.010165856862709391
ds006850,labram_ridge_strong,eeg_added_population,4,0,-0.009429426201048134,-0.05444843573983633,0.03558958333774006,2000,-0.04219680900911207,0.0233379566070158,0.0037493620320353804,-0.002881402888428063,0.010380126952498823
ds006850,labram_ridge_strong,eeg_added_population,4,1,-0.004508485739982804,-0.03221521514355501,0.023198243663589403,2000,-0.03727586854804674,0.02825889706808113,0.003961701109154031,-0.0027630104466417216,0.010686412664949784
ds006850,labram_ridge_strong,eeg_added_population,4,2,-0.005234740155287465,-0.039513402615829106,0.029043922305254176,2000,-0.0380021229633514,0.027532642652776468,0.0039446455560102345,-0.0028823547180548406,0.01077164583007531
ds006850,labram_ridge_strong,eeg_added_population,4,4,-0.013133666007429934,-0.047301497256677476,0.021034165241817608,2000,-0.04590104881549387,0.019633716800634,0.004646449118482943,-0.0017277402558003576,0.011020638492766244
ds006850,labram_ridge_strong,eeg_added_population,4,8,-0.01320460430136855,-0.048177358336717116,0.021768149733980016,2000,-0.04597198710943248,0.019562778506695383,0.003988309195070067,-0.0021892384725692576,0.010165856862709391
ds006850,labram_ridge_strong,eeg_added_population,8,0,-0.009429426201048134,-0.05444843573983633,0.03558958333774006,2000,-0.04219680900911207,0.0233379566070158,0.0037493620320353804,-0.002881402888428063,0.010380126952498823
ds006850,labram_ridge_strong,eeg_added_population,8,1,-0.004508485739982804,-0.03221521514355501,0.023198243663589403,2000,-0.03727586854804674,0.02825889706808113,0.003961701109154031,-0.0027630104466417216,0.010686412664949784
ds006850,labram_ridge_strong,eeg_added_population,8,2,-0.005234740155287465,-0.039513402615829106,0.029043922305254176,2000,-0.0380021229633514,0.027532642652776468,0.0039446455560102345,-0.0028823547180548406,0.01077164583007531
ds006850,labram_ridge_strong,eeg_added_population,8,4,-0.013133666007429934,-0.047301497256677476,0.021034165241817608,2000,-0.04590104881549387,0.019633716800634,0.004646449118482943,-0.0017277402558003576,0.011020638492766244
ds006850,labram_ridge_strong,eeg_added_population,8,8,-0.01320460430136855,-0.048177358336717116,0.021768149733980016,2000,-0.04597198710943248,0.019562778506695383,0.003988309195070067,-0.0021892384725692576,0.010165856862709391
ds006850,labram_ridge_strong,eeg_added_matched_calibration,0,0,-0.009429426201048344,-0.05444843573983652,0.03558958333773984,2000,-0.044586045848639524,0.02572719344654284,0.0037493620320353804,-0.0028814028884280637,0.010380126952498825
ds006850,labram_ridge_strong,eeg_added_matched_calibration,0,1,-0.004508485739982804,-0.03221521514355501,0.023198243663589403,2000,-0.039665105387573986,0.03064813390760838,0.003961701109154031,-0.0027630104466417225,0.010686412664949786
ds006850,labram_ridge_strong,eeg_added_matched_calibration,0,2,-0.005234740155287576,-0.03951340261582921,0.029043922305254058,2000,-0.04039135980287876,0.029921879492303606,0.0039446455560102345,-0.0028823547180548397,0.010771645830075309
ds006850,labram_ridge_strong,eeg_added_matched_calibration,0,4,-0.013133666007429934,-0.047301497256677476,0.021034165241817608,2000,-0.048290285655021116,0.02202295364016125,0.004646449118482943,-0.0017277402558003594,0.011020638492766244
ds006850,labram_ridge_strong,eeg_added_matched_calibration,0,8,-0.01320460430136855,-0.0481773583367171,0.021768149733980002,2000,-0.04836122394895973,0.021952015346222632,0.003988309195070067,-0.0021892384725692585,0.010165856862709391
ds006850,labram_ridge_strong,eeg_added_matched_calibration,1,0,-0.004945130483146029,-0.04216462560331032,0.032274364637018264,2000,-0.04010175013073721,0.030211489164445153,0.0020575773505216444,-0.0077111402453685345,0.011826294946411823
ds006850,labram_ridge_strong,eeg_added_matched_calibration,1,1,-0.0005566263430118457,-0.0248900461303401,0.023776793444316408,2000,-0.03571324599060303,0.034599993304579336,0.001079959084627713,-0.007498944363110863,0.009658862532366289
ds006850,labram_ridge_strong,eeg_added_matched_calibration,1,2,-0.001846210366719503,-0.029689619501904477,0.02599719876846547,2000,-0.037002830014310685,0.03331040928087168,0.0021152729263733683,-0.00799197268409757,0.012222518536844307
ds006850,labram_ridge_strong,eeg_added_matched_calibration,1,4,-0.008220826572678808,-0.036515149122311574,0.020073495976953955,2000,-0.04337744622026999,0.026935793074912374,0.0022078980414498017,-0.0074011677031249265,0.01181696378602453
ds006850,labram_ridge_strong,eeg_added_matched_calibration,1,8,-0.006569291415192191,-0.037183625626712444,0.024045042796328058,2000,-0.04172591106278337,0.02858732823239899,0.0027210209533084784,-0.007516398014046523,0.01295843992066348
ds006850,labram_ridge_strong,eeg_added_matched_calibration,2,0,-0.01295576797221755,-0.048721192207075305,0.022809656262640206,2000,-0.04811238761980873,0.022200851675373633,0.0028645365829734204,-0.0039046728990425094,0.00963374606498935
ds006850,labram_ridge_strong,eeg_added_matched_calibration,2,1,-0.0012280546218771393,-0.02356034777210033,0.021104238528346052,2000,-0.03638467426946832,0.03392856502571404,0.0011704271259697085,-0.005859097660372996,0.008199951912312414
ds006850,labram_ridge_strong,eeg_added_matched_calibration,2,2,-0.0024840479612286415,-0.029262505427372378,0.024294409504915095,2000,-0.037640667608819824,0.03267257168636254,0.00042196482679102143,-0.00704361744660431,0.007887547100186354
ds006850,labram_ridge_strong,eeg_added_matched_calibration,2,4,-0.007349174891554511,-0.03469215958057868,0.01999380979746966,2000,-0.04250579453914569,0.02780744475603667,0.00044162130474764694,-0.006365461715314106,0.0072487043248094
ds006850,labram_ridge_strong,eeg_added_matched_calibration,2,8,-0.007465459657710838,-0.036672264165568555,0.021741344850146876,2000,-0.04262207930530202,0.027691159989880344,0.0014844295799520124,-0.0063523472357010086,0.009321206395605033
ds006850,labram_ridge_strong,eeg_added_matched_calibration,4,0,-0.01067429442923054,-0.045172835924117576,0.023824247065656494,2000,-0.04583091407682172,0.02448232521836064,0.004079581673059746,-0.002373867481218989,0.010533030827338481
ds006850,labram_ridge_strong,eeg_added_matched_calibration,4,1,-0.0012181973404516433,-0.022028064436044607,0.01959166975514132,2000,-0.036374816988042825,0.03393842230713954,-0.0002248228133984176,-0.006042374598051699,0.005592728971254864
ds006850,labram_ridge_strong,eeg_added_matched_calibration,4,2,-0.002674540518548929,-0.02852486508322554,0.023175784046127683,2000,-0.03783116016614011,0.03248207912904225,0.001553241190604765,-0.004768710084037236,0.007875192465246766
ds006850,labram_ridge_strong,eeg_added_matched_calibration,4,4,-0.009187808802175679,-0.035498964032253874,0.017123346427902513,2000,-0.04434442844976686,0.025968810845415503,0.002092216229649946,-0.004362945631428589,0.008547378090728482
ds006850,labram_ridge_strong,eeg_added_matched_calibration,4,8,-0.010236541250562892,-0.03715108594120067,0.016678003440074893,2000,-0.045393160898154074,0.02492007839702829,0.0022004625356677465,-0.004268861632846903,0.008669786704182395
ds006850,labram_ridge_strong,eeg_added_matched_calibration,8,0,-0.009590765080772501,-0.04481673541816248,0.02563520525661748,2000,-0.04474738472836368,0.02556585456681868,0.003936426644320312,-0.001920696940210351,0.009793550228850974
ds006850,labram_ridge_strong,eeg_added_matched_calibration,8,1,-0.0006529448675070548,-0.022081422778854772,0.020775533043840663,2000,-0.03580956451509824,0.03450367478008413,0.00045565715184808786,-0.0051148065721899425,0.006026120875886118
ds006850,labram_ridge_strong,eeg_added_matched_calibration,8,2,-0.0014367613534384538,-0.027796055303217514,0.024922532596340606,2000,-0.036593381001029636,0.03371985829415273,0.0018152106182923455,-0.004007745582951041,0.007638166819535732
ds006850,labram_ridge_strong,eeg_added_matched_calibration,8,4,-0.008879999092161306,-0.035656511659882636,0.017896513475560025,2000,-0.04403661873975249,0.026276620555429876,0.002214535757107977,-0.0033955013335844027,0.007824572847800356
ds006850,labram_ridge_strong,eeg_added_matched_calibration,8,8,-0.01043695637729547,-0.037820751200432115,0.016946838445841172,2000,-0.04559357602488665,0.024719663270295712,0.0017458985660354642,-0.003966683120119797,0.007458480252190726
ds006850,labram_ridge_strong,prior_calibration_gain,0,0,0.0,-1.143220799046925e-16,1.143220799046925e-16,2000,-0.12349638874669523,0.12349638874669523,0.0,0.0,0.0
ds006850,labram_ridge_strong,prior_calibration_gain,0,1,0.0,0.0,0.0,2000,-0.12349638874669523,0.12349638874669523,0.0,0.0,0.0
ds006850,labram_ridge_strong,prior_calibration_gain,0,2,0.0,0.0,0.0,2000,-0.12349638874669523,0.12349638874669523,0.0,0.0,0.0
ds006850,labram_ridge_strong,prior_calibration_gain,0,4,0.0,0.0,0.0,2000,-0.12349638874669523,0.12349638874669523,0.0,0.0,0.0
ds006850,labram_ridge_strong,prior_calibration_gain,0,8,0.0,0.0,0.0,2000,-0.12349638874669523,0.12349638874669523,0.0,0.0,0.0
ds006850,labram_ridge_strong,prior_calibration_gain,1,0,0.0812159340715726,-0.05293687898550259,0.2153687471286478,2000,-0.04228045467512263,0.20471232281826784,0.0367943654169694,-0.0003816759555194116,0.07397040678945821
ds006850,labram_ridge_strong,prior_calibration_gain,1,1,0.011402095751169489,-0.10172424010594626,0.12452843160828524,2000,-0.11209429299552574,0.13489848449786473,0.02986427709017289,-0.004154059576463719,0.06388261375680951
ds006850,labram_ridge_strong,prior_calibration_gain,1,2,-0.015043295131896894,-0.14696288644051209,0.1168762961767183,2000,-0.1385396838785921,0.10845309361479834,0.03791614176361208,0.002758817416004762,0.0730734661112194
ds006850,labram_ridge_strong,prior_calibration_gain,1,4,-0.037443504692916796,-0.1692722042571528,0.09438519487131922,2000,-0.16093989343961201,0.08605288405377844,0.041073939694900696,0.007200418738977699,0.0749474606508237
ds006850,labram_ridge_strong,prior_calibration_gain,1,8,-0.04107544120438217,-0.1776633209239918,0.09551243851522748,2000,-0.1645718299510774,0.08242094754231306,0.04110289645101725,0.005963982403230671,0.07624181049880382
ds006850,labram_ridge_strong,prior_calibration_gain,2,0,0.10022886574736,-0.038550867869681885,0.23900859936440189,2000,-0.02326752299933524,0.22372525449405523,0.02327467525158297,-0.006813339164075453,0.05336268966724139
ds006850,labram_ridge_strong,prior_calibration_gain,2,1,0.02395950322523957,-0.07980610603522124,0.1277251124857004,2000,-0.09953688552145566,0.14745589197193482,0.021937682081719173,-0.004986304829801752,0.0488616689932401
ds006850,labram_ridge_strong,prior_calibration_gain,2,2,0.014777202650265053,-0.11318992829069918,0.1427443335912293,2000,-0.10871918609643018,0.13827359139696027,0.022369870934246555,-0.005281627853468151,0.050021369721961265
ds006850,labram_ridge_strong,prior_calibration_gain,2,4,-0.001414553908970162,-0.13120582697071598,0.12837671915277565,2000,-0.1249109426556654,0.12208183483772507,0.02312365582988818,-0.003993599767146673,0.05024091142692303
ds006850,labram_ridge_strong,prior_calibration_gain,2,8,-0.0007278942517837117,-0.13491870817637236,0.13346291967280494,2000,-0.12422428299847894,0.12276849449491152,0.023204224434160897,-0.005013692719628454,0.05142214158795025
ds006850,labram_ridge_strong,prior_calibration_gain,4,0,0.0986597532129117,-0.03096616097781696,0.22828566740364037,2000,-0.024836635533783527,0.22215614195960692,0.010620805415001738,-0.01484649627368987,0.03608810710369335
ds006850,labram_ridge_strong,prior_calibration_gain,4,1,0.03265559001086152,-0.05936690137169674,0.12467808139341978,2000,-0.09084079873583371,0.15615197875755676,0.018168954249749486,-0.005205410758308066,0.041543319257807035
ds006850,labram_ridge_strong,prior_calibration_gain,4,2,0.02640804025089155,-0.08478406159380757,0.13760014209559068,2000,-0.09708834849580368,0.14990442899758677,0.01299693483904113,-0.011153913941785248,0.03714778361986751
ds006850,labram_ridge_strong,prior_calibration_gain,4,4,0.012180967689737199,-0.10303382363195991,0.1273957590114343,2000,-0.11131542105695803,0.13567735643643242,0.015100407188959414,-0.008015736198864937,0.03821655057678376
ds006850,labram_ridge_strong,prior_calibration_gain,4,8,0.013067758709551514,-0.10699229143521696,0.13312780885432,2000,-0.11042863003714372,0.13656414745624673,0.016112633274633303,-0.009032612271797667,0.04125787882106427
ds006850,labram_ridge_strong,prior_calibration_gain,8,0,0.12280578902511728,0.004745700151787824,0.24086587789844674,2000,-0.0006905997215779502,0.2463021777718125,0.0017570499303646014,-0.019902072527926994,0.023416172388656196
ds006850,labram_ridge_strong,prior_calibration_gain,8,1,0.05026448371291323,-0.026729351291453582,0.12725831871728005,2000,-0.073231905033782,0.17376087245960847,0.007248529499360251,-0.01150480184019623,0.026001860838916733
ds006850,labram_ridge_strong,prior_calibration_gain,8,2,0.05724355183860946,-0.040351734903325415,0.15483883858054434,2000,-0.06625283690808577,0.18073994058530468,0.003184587256570698,-0.017168978545813028,0.023538153058954424
ds006850,labram_ridge_strong,prior_calibration_gain,8,4,0.05330704390705843,-0.05037382479621971,0.15698791261033657,2000,-0.0701893448396368,0.17680343265375364,0.0037583371664300647,-0.0150737794424828,0.02259045377534293
ds006850,labram_ridge_strong,prior_calibration_gain,8,8,0.05795844662425104,-0.051469374490865985,0.16738626773936804,2000,-0.0655379421224442,0.18145483537094625,0.004244995632473936,-0.016328679221859238,0.02481867048680711
ds006850,labram_ridge_strong,combined_calibration_gain,0,0,0.0,-6.461831060877881e-18,6.461831060877881e-18,2000,-0.12407460584712855,0.12407460584712855,0.0,-1.7231549495674352e-18,1.7231549495674352e-18
ds006850,labram_ridge_strong,combined_calibration_gain,0,1,0.0,0.0,0.0,2000,-0.12407460584712855,0.12407460584712855,0.0,0.0,0.0
ds006850,labram_ridge_strong,combined_calibration_gain,0,2,0.0,-1.2062084646972044e-16,1.2062084646972044e-16,2000,-0.12407460584712855,0.12407460584712855,0.0,0.0,0.0
ds006850,labram_ridge_strong,combined_calibration_gain,0,4,0.0,0.0,0.0,2000,-0.12407460584712855,0.12407460584712855,0.0,0.0,0.0
ds006850,labram_ridge_strong,combined_calibration_gain,0,8,0.0,0.0,0.0,2000,-0.12407460584712855,0.12407460584712855,0.0,0.0,0.0
ds006850,labram_ridge_strong,combined_calibration_gain,1,0,0.0857002297894747,-0.05230899613813919,0.22370945571708858,2000,-0.038374376057653856,0.20977483563660326,0.03510258073545566,-0.003199885059364825,0.07340504653027616
ds006850,labram_ridge_strong,combined_calibration_gain,1,1,0.015353955148140447,-0.10172906733831634,0.13243697763459722,2000,-0.1087206506989881,0.139428560995269,0.026982535065646573,-0.007111059641527674,0.06107612977282082
ds006850,labram_ridge_strong,combined_calibration_gain,1,2,-0.011654765343328821,-0.14458771230259282,0.12127818161593518,2000,-0.13572937119045736,0.11241984050379973,0.03608676913397521,8.174345617285861e-05,0.07209179481177756
ds006850,labram_ridge_strong,combined_calibration_gain,1,4,-0.03253066525816567,-0.16412580009279726,0.09906446957646592,2000,-0.1566052711052942,0.09154394058896288,0.038635388617867555,0.00384903539564236,0.07342174184009276
ds006850,labram_ridge_strong,combined_calibration_gain,1,8,-0.03444012831820581,-0.17195414818824908,0.10307389155183747,2000,-0.15851473416533435,0.08963447752892274,0.03983560820925566,0.003727940280138932,0.0759432761383724
ds006850,labram_ridge_strong,combined_calibration_gain,2,0,0.09670252397619057,-0.0413006752889309,0.23470572324131206,2000,-0.02737208187093798,0.22077712982331912,0.02238984980252101,-0.007841972196677368,0.052621671801719394
ds006850,labram_ridge_strong,combined_calibration_gain,2,1,0.027239934343345068,-0.0772012733739005,0.13168114206059062,2000,-0.09683467150378348,0.15131454019047363,0.01914640809853485,-0.007674683957793003,0.0459675001548627
ds006850,labram_ridge_strong,combined_calibration_gain,2,2,0.017527894844324043,-0.10785641478222588,0.14291220447087397,2000,-0.10654671100280451,0.14160250069145258,0.018847190205027342,-0.009037220777139348,0.046731601187194036
ds006850,labram_ridge_strong,combined_calibration_gain,2,4,0.004369937206905261,-0.12185008543902276,0.13058995985283328,2000,-0.11970466864022329,0.1284445430540338,0.018918828016152883,-0.0079449807764909,0.04578263680879667
ds006850,labram_ridge_strong,combined_calibration_gain,2,8,0.005011250391874,-0.12419639596509793,0.13421889674884593,2000,-0.11906335545525455,0.12908585623900254,0.020700344819042843,-0.007353418676661269,0.048754108314746955
ds006850,labram_ridge_strong,combined_calibration_gain,4,0,0.09741488498472929,-0.037060949907516336,0.2318907198769749,2000,-0.02665972086239926,0.22148949083185784,0.010951025056026104,-0.01535261542365373,0.03725466553570594
ds006850,labram_ridge_strong,combined_calibration_gain,4,1,0.03594587841039268,-0.06107503959958674,0.1329667964203721,2000,-0.08812872743673587,0.16002048425752124,0.013982430327197037,-0.0091608404678464,0.03712570112224048
ds006850,labram_ridge_strong,combined_calibration_gain,4,2,0.028968239887630087,-0.08587259232062859,0.14380907209588878,2000,-0.09510636595949847,0.15304284573475863,0.01060553047363566,-0.014064003160900836,0.03527506410817216
ds006850,labram_ridge_strong,combined_calibration_gain,4,4,0.016126824894991454,-0.10136492239057428,0.13361857218055717,2000,-0.1079477809521371,0.14020143074212,0.012546174300126417,-0.010970460608320867,0.0360628092085737
ds006850,labram_ridge_strong,combined_calibration_gain,4,8,0.016035821760357172,-0.10631296765052062,0.13838461117123496,2000,-0.10803878408677138,0.1401104276074857,0.014324786615230983,-0.011276894076412386,0.03992646730687435
ds006850,labram_ridge_strong,combined_calibration_gain,8,0,0.12264445014539291,0.0012138378773194347,0.24407506241346638,2000,-0.0014301557017356442,0.24671905599252147,0.0019441145426495332,-0.020434066045026036,0.024322295130325102
ds006850,labram_ridge_strong,combined_calibration_gain,8,1,0.054120024585388976,-0.025419731599703815,0.13365978077048177,2000,-0.06995458126173958,0.17819463043251754,0.003742485542054308,-0.014799014446722655,0.02228398553083127
ds006850,labram_ridge_strong,combined_calibration_gain,8,2,0.061041530640458475,-0.03860902614939056,0.1606920874303075,2000,-0.06303307520667008,0.185116136487587,0.001055152318852809,-0.01909390556899441,0.021204210206700026
ds006850,labram_ridge_strong,combined_calibration_gain,8,4,0.057560710822327055,-0.04741671681738932,0.16253813846204343,2000,-0.0665138950248015,0.1816353166694556,0.0013264238050550992,-0.017728665334940913,0.02038151294505111
ds006850,labram_ridge_strong,combined_calibration_gain,8,8,0.06072609454832412,-0.050339183185672196,0.17179137228232044,2000,-0.06334851129880444,0.18480070039545266,0.0020025850034393333,-0.019023438385422378,0.023028608392301045
ds006850,labram_ridge_strong,total_minus_uncalibrated_prior,0,0,-0.009429426201048344,-0.05444843573983652,0.03558958333773984,2000,-0.13358159050506038,0.1147227381029637,0.0037493620320353804,-0.0028814028884280637,0.010380126952498825
ds006850,labram_ridge_strong,total_minus_uncalibrated_prior,0,1,-0.004508485739982804,-0.03221521514355501,0.023198243663589403,2000,-0.12866065004399485,0.11964367856402924,0.003961701109154031,-0.0027630104466417225,0.010686412664949786
ds006850,labram_ridge_strong,total_minus_uncalibrated_prior,0,2,-0.005234740155287576,-0.03951340261582921,0.029043922305254058,2000,-0.12938690445929962,0.11891742414872447,0.0039446455560102345,-0.0028823547180548397,0.010771645830075309
ds006850,labram_ridge_strong,total_minus_uncalibrated_prior,0,4,-0.013133666007429934,-0.047301497256677476,0.021034165241817608,2000,-0.13728583031144198,0.11101849829658211,0.004646449118482943,-0.0017277402558003594,0.011020638492766244
ds006850,labram_ridge_strong,total_minus_uncalibrated_prior,0,8,-0.01320460430136855,-0.0481773583367171,0.021768149733980002,2000,-0.1373567686053806,0.1109475600026435,0.003988309195070067,-0.0021892384725692585,0.010165856862709391
ds006850,labram_ridge_strong,total_minus_uncalibrated_prior,1,0,0.07627080358842657,-0.06047315660364545,0.2130147637804986,2000,-0.04788136071558548,0.20042296789243863,0.03885194276749104,0.0002489763621206578,0.07745490917286144
ds006850,labram_ridge_strong,total_minus_uncalibrated_prior,1,1,0.010845469408157643,-0.10601100938903062,0.12770194820534592,2000,-0.1133066948958544,0.1349976337121697,0.030944236174800605,-0.003082628606290029,0.06497110095589123
ds006850,labram_ridge_strong,total_minus_uncalibrated_prior,1,2,-0.016889505498616397,-0.15267682829411588,0.11889781729688309,2000,-0.14104166980262844,0.10726265880539565,0.040031414689985445,0.003977365162079645,0.07608546421789125
ds006850,labram_ridge_strong,total_minus_uncalibrated_prior,1,4,-0.045664331265595604,-0.1798044136804234,0.0884757511492322,2000,-0.16981649556960765,0.07848783303841644,0.0432818377363505,0.008374842210162284,0.07818883326253871
ds006850,labram_ridge_strong,total_minus_uncalibrated_prior,1,8,-0.04764473261957436,-0.18725558217990823,0.09196611694075951,2000,-0.1717968969235864,0.07650743168443769,0.04382391740432573,0.0077934549443375925,0.07985437986431387
ds006850,labram_ridge_strong,total_minus_uncalibrated_prior,2,0,0.08727309777514244,-0.04925707024584411,0.223803265796129,2000,-0.0368790665288696,0.2114252620791545,0.026139211834556392,-0.004110212112619579,0.056388635781732366
ds006850,labram_ridge_strong,total_minus_uncalibrated_prior,2,1,0.02273144860336243,-0.08104401687502862,0.12650691408175346,2000,-0.10142071570064962,0.14688361290737448,0.02310810920768888,-0.003855600599977964,0.05007181901535573
ds006850,labram_ridge_strong,total_minus_uncalibrated_prior,2,2,0.012293154689036412,-0.11483964927733326,0.13942595865540608,2000,-0.11185900961497564,0.13644531899304846,0.022791835761037577,-0.005197949019908884,0.05078162054198404
ds006850,labram_ridge_strong,total_minus_uncalibrated_prior,2,4,-0.008763728800524673,-0.13698851968426268,0.11946106208321333,2000,-0.13291589310453672,0.11538843550348737,0.023565277134635826,-0.003308063684691779,0.05043861795396343
ds006850,labram_ridge_strong,total_minus_uncalibrated_prior,2,8,-0.00819335390949455,-0.14105084292404604,0.12466413510505694,2000,-0.1323455182135066,0.1159588103945175,0.02468865401411291,-0.0034528790649586485,0.05283018709318447
ds006850,labram_ridge_strong,total_minus_uncalibrated_prior,4,0,0.08798545878368116,-0.04131047318581885,0.21728139075318118,2000,-0.03616670552033088,0.2121376230876932,0.014700387088061484,-0.011416893768724637,0.040817667944847605
ds006850,labram_ridge_strong,total_minus_uncalibrated_prior,4,1,0.031437392670409875,-0.06230891673040399,0.12518370207122376,2000,-0.09271477163360217,0.15558955697442192,0.01794413143635107,-0.005470616306028284,0.04135887917873042
ds006850,labram_ridge_strong,total_minus_uncalibrated_prior,4,2,0.023733499732342622,-0.08939258334609673,0.13685958281078198,2000,-0.10041866457166942,0.14788566403635467,0.014550176029645895,-0.010368054166080113,0.0394684062253719
ds006850,labram_ridge_strong,total_minus_uncalibrated_prior,4,4,0.00299315888756152,-0.11309438913718074,0.11908070691230378,2000,-0.12115900541645053,0.12714532319157357,0.01719262341860936,-0.006242543578317338,0.04062779041553606
ds006850,labram_ridge_strong,total_minus_uncalibrated_prior,4,8,0.002831217458988622,-0.11909271283527406,0.1247551477532513,2000,-0.12132094684502343,0.12698338176300067,0.01831309581030105,-0.0072682251333772985,0.0438944167539794
ds006850,labram_ridge_strong,total_minus_uncalibrated_prior,8,0,0.11321502394434478,-0.006124822450992343,0.23255487033968192,2000,-0.010937140359667266,0.23736718824835684,0.005693476574684914,-0.01668100903821305,0.028067962187582878
ds006850,labram_ridge_strong,total_minus_uncalibrated_prior,8,1,0.04961153884540617,-0.029742851262528403,0.12896592895334075,2000,-0.07454062545860587,0.17376370314941822,0.007704186651208339,-0.011582341479101432,0.02699071478151811
ds006850,labram_ridge_strong,total_minus_uncalibrated_prior,8,2,0.05580679048517101,-0.04504733777087168,0.15666091874121368,2000,-0.06834537381884104,0.17995895478918306,0.004999797874863043,-0.016039085281512228,0.026038681031238315
ds006850,labram_ridge_strong,total_minus_uncalibrated_prior,8,4,0.04442704481489712,-0.061352442407258775,0.15020653203705303,2000,-0.07972511948911493,0.16857920911890917,0.005972872923538042,-0.013461255848929078,0.02540700169600516
ds006850,labram_ridge_strong,total_minus_uncalibrated_prior,8,8,0.04752149024695557,-0.06430740615541453,0.15935038664932566,2000,-0.07663067405705648,0.1716736545509676,0.0059908941985094,-0.01551913367979945,0.02750092207681825
