dataset_id,representation,participant_dose,stimulus_dose,predictor,macro_ccc,ccc_ci_low,ccc_ci_high,valid_bootstrap,macro_mae
ds005540,de_ridge_base,0,0,prior,5.990550166005177e-16,-1.8579040538974735e-15,3.0560140870985086e-15,1986,0.2105516121458705
ds005540,de_ridge_base,0,0,prior_personalized,5.990550166005177e-16,-1.8579040538974735e-15,3.0560140870985086e-15,1986,0.2105516121458705
ds005540,de_ridge_base,0,0,eeg_population,0.06689298680816733,-0.03399177806130946,0.1677777516776441,1986,0.2139543397863238
ds005540,de_ridge_base,0,0,eeg_personalized,0.06689298680816733,-0.03399177806130946,0.1677777516776441,1986,0.2139543397863238
ds005540,de_ridge_base,0,0,combined_population,0.053343606712613324,-0.050772568353770205,0.15745978177899686,1986,0.2130771493964882
ds005540,de_ridge_base,0,0,combined_personalized,0.053343606712613324,-0.050772568353770205,0.15745978177899686,1986,0.2130771493964882
ds005540,de_ridge_base,0,1,prior,0.36933218502736587,0.19205758796113323,0.5466067820935985,1986,0.21053703703703702
ds005540,de_ridge_base,0,1,prior_personalized,0.36933218502736587,0.19205758796113323,0.5466067820935985,1986,0.21053703703703702
ds005540,de_ridge_base,0,1,eeg_population,0.08588150452965479,-0.020000515419043047,0.19176352447835263,1986,0.21182591709607568
ds005540,de_ridge_base,0,1,eeg_personalized,0.08588150452965479,-0.020000515419043047,0.19176352447835263,1986,0.21182591709607568
ds005540,de_ridge_base,0,1,combined_population,0.36850918316421566,0.193333053015916,0.5436853133125154,1986,0.2271354386724791
ds005540,de_ridge_base,0,1,combined_personalized,0.36850918316421566,0.193333053015916,0.5436853133125154,1986,0.2271354386724791
ds005540,de_ridge_base,0,2,prior,0.40321681440913204,0.26464407738121054,0.5417895514370535,1986,0.19125462962962964
ds005540,de_ridge_base,0,2,prior_personalized,0.40321681440913204,0.26464407738121054,0.5417895514370535,1986,0.19125462962962964
ds005540,de_ridge_base,0,2,eeg_population,0.06798768198306872,-0.026693993392981258,0.1626693573591187,1986,0.2129581493885965
ds005540,de_ridge_base,0,2,eeg_personalized,0.06798768198306872,-0.026693993392981258,0.1626693573591187,1986,0.2129581493885965
ds005540,de_ridge_base,0,2,combined_population,0.41054485409075986,0.25299117243024466,0.5680985357512751,1986,0.20534928205487696
ds005540,de_ridge_base,0,2,combined_personalized,0.41054485409075986,0.25299117243024466,0.5680985357512751,1986,0.20534928205487696
ds005540,de_ridge_base,0,4,prior,0.45986808514520955,0.313846638897867,0.6058895313925521,1986,0.17076504629629627
ds005540,de_ridge_base,0,4,prior_personalized,0.45986808514520955,0.313846638897867,0.6058895313925521,1986,0.17076504629629627
ds005540,de_ridge_base,0,4,eeg_population,0.058254464259778274,-0.0357343334746002,0.15224326199415675,1986,0.2144218372892975
ds005540,de_ridge_base,0,4,eeg_personalized,0.058254464259778274,-0.0357343334746002,0.15224326199415675,1986,0.2144218372892975
ds005540,de_ridge_base,0,4,combined_population,0.4903042473545301,0.3368387786545927,0.6437697160544675,1986,0.17540348078629037
ds005540,de_ridge_base,0,4,combined_personalized,0.4903042473545301,0.3368387786545927,0.6437697160544675,1986,0.17540348078629037
ds005540,de_ridge_base,0,8,prior,0.501578607493332,0.355264019909334,0.6478931950773301,1986,0.15928819444444442
ds005540,de_ridge_base,0,8,prior_personalized,0.501578607493332,0.355264019909334,0.6478931950773301,1986,0.15928819444444442
ds005540,de_ridge_base,0,8,eeg_population,0.06486082466865066,-0.034388907023547785,0.1641105563608491,1986,0.2120397361452561
ds005540,de_ridge_base,0,8,eeg_personalized,0.06486082466865066,-0.034388907023547785,0.1641105563608491,1986,0.2120397361452561
ds005540,de_ridge_base,0,8,combined_population,0.5384499694369644,0.37491277543460866,0.7019871634393202,1986,0.16067853898125703
ds005540,de_ridge_base,0,8,combined_personalized,0.5384499694369644,0.37491277543460866,0.7019871634393202,1986,0.16067853898125703
ds005540,de_ridge_base,1,0,prior,5.990550166005177e-16,-1.8579040538974735e-15,3.0560140870985086e-15,1986,0.2105516121458705
ds005540,de_ridge_base,1,0,prior_personalized,0.09924916678456026,-0.038392914972511336,0.23689124854163185,1986,0.22442082976391936
ds005540,de_ridge_base,1,0,eeg_population,0.06689298680816733,-0.03399177806130946,0.1677777516776441,1986,0.2139543397863238
ds005540,de_ridge_base,1,0,eeg_personalized,0.10711047142864868,-0.0458340057088632,0.26005494856616057,1986,0.2417472038111411
ds005540,de_ridge_base,1,0,combined_population,0.053343606712613324,-0.050772568353770205,0.15745978177899686,1986,0.2130771493964882
ds005540,de_ridge_base,1,0,combined_personalized,0.09293150545298128,-0.04289650046894504,0.22875951137490758,1986,0.23106102536348985
ds005540,de_ridge_base,1,1,prior,0.36933218502736587,0.19205758796113323,0.5466067820935985,1986,0.21053703703703702
ds005540,de_ridge_base,1,1,prior_personalized,0.376652876645213,0.18778241152248235,0.5655233417679437,1986,0.2315755094862019
ds005540,de_ridge_base,1,1,eeg_population,0.08588150452965479,-0.020000515419043047,0.19176352447835263,1986,0.21182591709607568
ds005540,de_ridge_base,1,1,eeg_personalized,0.1069639440464489,-0.04294483127850893,0.25687271937140677,1986,0.24649467249493756
ds005540,de_ridge_base,1,1,combined_population,0.36850918316421566,0.193333053015916,0.5436853133125154,1986,0.2271354386724791
ds005540,de_ridge_base,1,1,combined_personalized,0.3597821506682676,0.17186966335476458,0.5476946379817705,1986,0.24165106516086107
ds005540,de_ridge_base,1,2,prior,0.40321681440913204,0.26464407738121054,0.5417895514370535,1986,0.19125462962962964
ds005540,de_ridge_base,1,2,prior_personalized,0.42288656507479716,0.25450433901878794,0.5912687911308063,1986,0.20798052102785558
ds005540,de_ridge_base,1,2,eeg_population,0.06798768198306872,-0.026693993392981258,0.1626693573591187,1986,0.2129581493885965
ds005540,de_ridge_base,1,2,eeg_personalized,0.10524398692268973,-0.04732692667676676,0.25781490052214623,1986,0.24201003669211926
ds005540,de_ridge_base,1,2,combined_population,0.41054485409075986,0.25299117243024466,0.5680985357512751,1986,0.20534928205487696
ds005540,de_ridge_base,1,2,combined_personalized,0.39578857252437166,0.21960187530648223,0.5719752697422611,1986,0.21916903232448498
ds005540,de_ridge_base,1,4,prior,0.45986808514520955,0.313846638897867,0.6058895313925521,1986,0.17076504629629627
ds005540,de_ridge_base,1,4,prior_personalized,0.45670204380735574,0.2815132321828928,0.6318908554318187,1986,0.1896018822729709
ds005540,de_ridge_base,1,4,eeg_population,0.058254464259778274,-0.0357343334746002,0.15224326199415675,1986,0.2144218372892975
ds005540,de_ridge_base,1,4,eeg_personalized,0.09985848257158228,-0.05419735141905305,0.25391431656221763,1986,0.24146765416026628
ds005540,de_ridge_base,1,4,combined_population,0.4903042473545301,0.3368387786545927,0.6437697160544675,1986,0.17540348078629037
ds005540,de_ridge_base,1,4,combined_personalized,0.44964639571844867,0.26900820263807035,0.630284588798827,1986,0.19141877941993796
ds005540,de_ridge_base,1,8,prior,0.501578607493332,0.355264019909334,0.6478931950773301,1986,0.15928819444444442
ds005540,de_ridge_base,1,8,prior_personalized,0.4894133064223496,0.31333091972142535,0.6654956931232738,1986,0.18175655626259177
ds005540,de_ridge_base,1,8,eeg_population,0.06486082466865066,-0.034388907023547785,0.1641105563608491,1986,0.2120397361452561
ds005540,de_ridge_base,1,8,eeg_personalized,0.09866873580730025,-0.05811375321529476,0.25545122482989524,1986,0.24303592785590106
ds005540,de_ridge_base,1,8,combined_population,0.5384499694369644,0.37491277543460866,0.7019871634393202,1986,0.16067853898125703
ds005540,de_ridge_base,1,8,combined_personalized,0.47879691445650846,0.29721360801258934,0.6603802209004276,1986,0.1841232268775596
ds005540,de_ridge_base,2,0,prior,5.990550166005177e-16,-1.8579040538974735e-15,3.0560140870985086e-15,1986,0.2105516121458705
ds005540,de_ridge_base,2,0,prior_personalized,0.12243970917015698,-0.007037697768703527,0.25191711610901746,1986,0.2189482670515333
ds005540,de_ridge_base,2,0,eeg_population,0.06689298680816733,-0.03399177806130946,0.1677777516776441,1986,0.2139543397863238
ds005540,de_ridge_base,2,0,eeg_personalized,0.10138226768692653,-0.032315336763430666,0.2350798721372837,1986,0.2304001886402788
ds005540,de_ridge_base,2,0,combined_population,0.053343606712613324,-0.050772568353770205,0.15745978177899686,1986,0.2130771493964882
ds005540,de_ridge_base,2,0,combined_personalized,0.11084420661854644,-0.02180180287643349,0.24349021611352636,1986,0.22528758056584647
ds005540,de_ridge_base,2,1,prior,0.36933218502736587,0.19205758796113323,0.5466067820935985,1986,0.21053703703703702
ds005540,de_ridge_base,2,1,prior_personalized,0.3970581510873904,0.20070335517807775,0.5934129469967031,1986,0.22462193694993432
ds005540,de_ridge_base,2,1,eeg_population,0.08588150452965479,-0.020000515419043047,0.19176352447835263,1986,0.21182591709607568
ds005540,de_ridge_base,2,1,eeg_personalized,0.1106897646309358,-0.02606094499682976,0.24744047425870136,1986,0.23286247324698922
ds005540,de_ridge_base,2,1,combined_population,0.36850918316421566,0.193333053015916,0.5436853133125154,1986,0.2271354386724791
ds005540,de_ridge_base,2,1,combined_personalized,0.38404541750186155,0.19288840069349153,0.5752024343102315,1986,0.23500187977959403
ds005540,de_ridge_base,2,2,prior,0.40321681440913204,0.26464407738121054,0.5417895514370535,1986,0.19125462962962964
ds005540,de_ridge_base,2,2,prior_personalized,0.44704652155337554,0.275324912611171,0.6187681304955801,1986,0.2020772346554362
ds005540,de_ridge_base,2,2,eeg_population,0.06798768198306872,-0.026693993392981258,0.1626693573591187,1986,0.2129581493885965
ds005540,de_ridge_base,2,2,eeg_personalized,0.10360513155806825,-0.03157643325868548,0.23878669637482197,1986,0.2294563825336306
ds005540,de_ridge_base,2,2,combined_population,0.41054485409075986,0.25299117243024466,0.5680985357512751,1986,0.20534928205487696
ds005540,de_ridge_base,2,2,combined_personalized,0.42177582592121626,0.2438830268435191,0.5996686249989134,1986,0.21146492778590226
ds005540,de_ridge_base,2,4,prior,0.45986808514520955,0.313846638897867,0.6058895313925521,1986,0.17076504629629627
ds005540,de_ridge_base,2,4,prior_personalized,0.48661546455188187,0.30188330801665086,0.6713476210871129,1986,0.17940158765280803
ds005540,de_ridge_base,2,4,eeg_population,0.058254464259778274,-0.0357343334746002,0.15224326199415675,1986,0.2144218372892975
ds005540,de_ridge_base,2,4,eeg_personalized,0.0970668917944846,-0.03802276495746065,0.23215654854642986,1986,0.22996943778193096
ds005540,de_ridge_base,2,4,combined_population,0.4903042473545301,0.3368387786545927,0.6437697160544675,1986,0.17540348078629037
ds005540,de_ridge_base,2,4,combined_personalized,0.4783086563727988,0.2906954253693701,0.6659218873762275,1986,0.1839092599953533
ds005540,de_ridge_base,2,8,prior,0.501578607493332,0.355264019909334,0.6478931950773301,1986,0.15928819444444442
ds005540,de_ridge_base,2,8,prior_personalized,0.52309844919126,0.3326372318716455,0.7135596665108745,1986,0.1704384007903105
ds005540,de_ridge_base,2,8,eeg_population,0.06486082466865066,-0.034388907023547785,0.1641105563608491,1986,0.2120397361452561
ds005540,de_ridge_base,2,8,eeg_personalized,0.0952041076454186,-0.04321029339140646,0.23361850868224365,1986,0.23047016851310217
ds005540,de_ridge_base,2,8,combined_population,0.5384499694369644,0.37491277543460866,0.7019871634393202,1986,0.16067853898125703
ds005540,de_ridge_base,2,8,combined_personalized,0.5086665075072685,0.3130246898532255,0.7043083251613115,1986,0.17470666255351663
ds005540,de_ridge_base,4,0,prior,5.990550166005177e-16,-1.8579040538974735e-15,3.0560140870985086e-15,1986,0.2105516121458705
ds005540,de_ridge_base,4,0,prior_personalized,0.1431206376808974,0.019143130966026503,0.2670981443957683,1986,0.20883348635891563
ds005540,de_ridge_base,4,0,eeg_population,0.06689298680816733,-0.03399177806130946,0.1677777516776441,1986,0.2139543397863238
ds005540,de_ridge_base,4,0,eeg_personalized,0.1723065167911947,0.03849742214760524,0.30611561143478416,1986,0.21385285077128485
ds005540,de_ridge_base,4,0,combined_population,0.053343606712613324,-0.050772568353770205,0.15745978177899686,1986,0.2130771493964882
ds005540,de_ridge_base,4,0,combined_personalized,0.14151532507988315,0.009344872880800631,0.2736857772789657,1986,0.21359121703846723
ds005540,de_ridge_base,4,1,prior,0.36933218502736587,0.19205758796113323,0.5466067820935985,1986,0.21053703703703702
ds005540,de_ridge_base,4,1,prior_personalized,0.4209004917144267,0.2319491190330739,0.6098518643957795,1986,0.21866977064745652
ds005540,de_ridge_base,4,1,eeg_population,0.08588150452965479,-0.020000515419043047,0.19176352447835263,1986,0.21182591709607568
ds005540,de_ridge_base,4,1,eeg_personalized,0.18191090359272916,0.04607864405264686,0.3177431631328115,1986,0.2162575693569026
ds005540,de_ridge_base,4,1,combined_population,0.36850918316421566,0.193333053015916,0.5436853133125154,1986,0.2271354386724791
ds005540,de_ridge_base,4,1,combined_personalized,0.4227147890862188,0.23701430883183758,0.6084152693406,1986,0.22510336847651394
ds005540,de_ridge_base,4,2,prior,0.40321681440913204,0.26464407738121054,0.5417895514370535,1986,0.19125462962962964
ds005540,de_ridge_base,4,2,prior_personalized,0.4701862543495201,0.3067701806500633,0.6336023280489769,1986,0.1952496666780138
ds005540,de_ridge_base,4,2,eeg_population,0.06798768198306872,-0.026693993392981258,0.1626693573591187,1986,0.2129581493885965
ds005540,de_ridge_base,4,2,eeg_personalized,0.17368896654782695,0.03974510494033254,0.30763282815532134,1986,0.21319109540917996
ds005540,de_ridge_base,4,2,combined_population,0.41054485409075986,0.25299117243024466,0.5680985357512751,1986,0.20534928205487696
ds005540,de_ridge_base,4,2,combined_personalized,0.45762892038510533,0.2858449230571001,0.6294129177131106,1986,0.2026204707139272
ds005540,de_ridge_base,4,4,prior,0.45986808514520955,0.313846638897867,0.6058895313925521,1986,0.17076504629629627
ds005540,de_ridge_base,4,4,prior_personalized,0.5155065893915599,0.338244419469488,0.6927687593136318,1986,0.17186772916965926
ds005540,de_ridge_base,4,4,eeg_population,0.058254464259778274,-0.0357343334746002,0.15224326199415675,1986,0.2144218372892975
ds005540,de_ridge_base,4,4,eeg_personalized,0.16869228907104022,0.03490443095242454,0.3024801471896559,1986,0.21362929996339974
ds005540,de_ridge_base,4,4,combined_population,0.4903042473545301,0.3368387786545927,0.6437697160544675,1986,0.17540348078629037
ds005540,de_ridge_base,4,4,combined_personalized,0.5175376153687354,0.3365835823416198,0.6984916483958511,1986,0.17466326567427254
ds005540,de_ridge_base,4,8,prior,0.501578607493332,0.355264019909334,0.6478931950773301,1986,0.15928819444444442
ds005540,de_ridge_base,4,8,prior_personalized,0.5545849019584379,0.3733481093220576,0.7358216945948182,1986,0.1609749400128587
ds005540,de_ridge_base,4,8,eeg_population,0.06486082466865066,-0.034388907023547785,0.1641105563608491,1986,0.2120397361452561
ds005540,de_ridge_base,4,8,eeg_personalized,0.1656717083641179,0.03217827344648316,0.29916514328175264,1986,0.21257656512934178
ds005540,de_ridge_base,4,8,combined_population,0.5384499694369644,0.37491277543460866,0.7019871634393202,1986,0.16067853898125703
ds005540,de_ridge_base,4,8,combined_personalized,0.5539924278153675,0.3697353511794913,0.7382495044512437,1986,0.1632807849741208
ds005540,de_ridge_base,8,0,prior,5.990550166005177e-16,-1.8579040538974735e-15,3.0560140870985086e-15,1986,0.2105516121458705
ds005540,de_ridge_base,8,0,prior_personalized,0.16339021787527003,0.03121319743614573,0.29556723831439435,1986,0.20265880030316472
ds005540,de_ridge_base,8,0,eeg_population,0.06689298680816733,-0.03399177806130946,0.1677777516776441,1986,0.2139543397863238
ds005540,de_ridge_base,8,0,eeg_personalized,0.18167294719608507,0.04123270948321284,0.3221131849089573,1986,0.212263266484828
ds005540,de_ridge_base,8,0,combined_population,0.053343606712613324,-0.050772568353770205,0.15745978177899686,1986,0.2130771493964882
ds005540,de_ridge_base,8,0,combined_personalized,0.1577810135332542,0.020206274307380256,0.2953557527591281,1986,0.2073738639158898
ds005540,de_ridge_base,8,1,prior,0.36933218502736587,0.19205758796113323,0.5466067820935985,1986,0.21053703703703702
ds005540,de_ridge_base,8,1,prior_personalized,0.4373666173624991,0.24495418397672047,0.6297790507482777,1986,0.21320798785370626
ds005540,de_ridge_base,8,1,eeg_population,0.08588150452965479,-0.020000515419043047,0.19176352447835263,1986,0.21182591709607568
ds005540,de_ridge_base,8,1,eeg_personalized,0.19391095227836264,0.05762516792892139,0.3301967366278039,1986,0.21314192796211354
ds005540,de_ridge_base,8,1,combined_population,0.36850918316421566,0.193333053015916,0.5436853133125154,1986,0.2271354386724791
ds005540,de_ridge_base,8,1,combined_personalized,0.43947266833895793,0.24892117205497286,0.630024164622943,1986,0.21785418508173987
ds005540,de_ridge_base,8,2,prior,0.40321681440913204,0.26464407738121054,0.5417895514370535,1986,0.19125462962962964
ds005540,de_ridge_base,8,2,prior_personalized,0.49022659746765934,0.3222886820103412,0.6581645129249775,1986,0.1901488328701168
ds005540,de_ridge_base,8,2,eeg_population,0.06798768198306872,-0.026693993392981258,0.1626693573591187,1986,0.2129581493885965
ds005540,de_ridge_base,8,2,eeg_personalized,0.18101119716786312,0.0409503514308904,0.3210720429048358,1986,0.21196009030025595
ds005540,de_ridge_base,8,2,combined_population,0.41054485409075986,0.25299117243024466,0.5680985357512751,1986,0.20534928205487696
ds005540,de_ridge_base,8,2,combined_personalized,0.4785954250585366,0.3035880382943191,0.6536028118227541,1986,0.1958689553309395
ds005540,de_ridge_base,8,4,prior,0.45986808514520955,0.313846638897867,0.6058895313925521,1986,0.17076504629629627
ds005540,de_ridge_base,8,4,prior_personalized,0.5433835930881521,0.36579139338975564,0.7209757927865486,1986,0.16573112719068214
ds005540,de_ridge_base,8,4,eeg_population,0.058254464259778274,-0.0357343334746002,0.15224326199415675,1986,0.2144218372892975
ds005540,de_ridge_base,8,4,eeg_personalized,0.17661510818784448,0.036208900393863014,0.3170213159818259,1986,0.21282144393467145
ds005540,de_ridge_base,8,4,combined_population,0.4903042473545301,0.3368387786545927,0.6437697160544675,1986,0.17540348078629037
ds005540,de_ridge_base,8,4,combined_personalized,0.5433211679669891,0.3631449926831599,0.7234973432508184,1986,0.1678282232990589
ds005540,de_ridge_base,8,8,prior,0.501578607493332,0.355264019909334,0.6478931950773301,1986,0.15928819444444442
ds005540,de_ridge_base,8,8,prior_personalized,0.5889929825740453,0.40568807630718684,0.7722978888409038,1986,0.15286851566515705
ds005540,de_ridge_base,8,8,eeg_population,0.06486082466865066,-0.034388907023547785,0.1641105563608491,1986,0.2120397361452561
ds005540,de_ridge_base,8,8,eeg_personalized,0.17400311496425094,0.033675380429602025,0.3143308494988999,1986,0.21188322760536066
ds005540,de_ridge_base,8,8,combined_population,0.5384499694369644,0.37491277543460866,0.7019871634393202,1986,0.16067853898125703
ds005540,de_ridge_base,8,8,combined_personalized,0.5858308183983565,0.4019966519009584,0.7696649848957546,1986,0.15485071696755895
ds005540,de_ridge_strong,0,0,prior,5.990550166005177e-16,-1.8579040538974735e-15,3.0560140870985086e-15,1986,0.2105516121458705
ds005540,de_ridge_strong,0,0,prior_personalized,5.990550166005177e-16,-1.8579040538974735e-15,3.0560140870985086e-15,1986,0.2105516121458705
ds005540,de_ridge_strong,0,0,eeg_population,0.03925343892436291,-0.030002152222543682,0.1085090300712695,1986,0.2112913763417945
ds005540,de_ridge_strong,0,0,eeg_personalized,0.03925343892436291,-0.030002152222543682,0.1085090300712695,1986,0.2112913763417945
ds005540,de_ridge_strong,0,0,combined_population,0.047471241672249476,-0.05006138896784797,0.1450038723123469,1986,0.21331431476649962
ds005540,de_ridge_strong,0,0,combined_personalized,0.047471241672249476,-0.05006138896784797,0.1450038723123469,1986,0.21331431476649962
ds005540,de_ridge_strong,0,1,prior,0.36933218502736587,0.19205758796113323,0.5466067820935985,1986,0.21053703703703702
ds005540,de_ridge_strong,0,1,prior_personalized,0.36933218502736587,0.19205758796113323,0.5466067820935985,1986,0.21053703703703702
ds005540,de_ridge_strong,0,1,eeg_population,0.0390587364716213,-0.029216418782188953,0.10733389172543156,1986,0.21105643202960805
ds005540,de_ridge_strong,0,1,eeg_personalized,0.0390587364716213,-0.029216418782188953,0.10733389172543156,1986,0.21105643202960805
ds005540,de_ridge_strong,0,1,combined_population,0.3693301869039872,0.19846386443236522,0.5401965093756093,1986,0.22633771217030443
ds005540,de_ridge_strong,0,1,combined_personalized,0.3693301869039872,0.19846386443236522,0.5401965093756093,1986,0.22633771217030443
ds005540,de_ridge_strong,0,2,prior,0.40321681440913204,0.26464407738121054,0.5417895514370535,1986,0.19125462962962964
ds005540,de_ridge_strong,0,2,prior_personalized,0.40321681440913204,0.26464407738121054,0.5417895514370535,1986,0.19125462962962964
ds005540,de_ridge_strong,0,2,eeg_population,0.038977000397241855,-0.026019972336694695,0.1039739731311784,1986,0.21104923158701086
ds005540,de_ridge_strong,0,2,eeg_personalized,0.038977000397241855,-0.026019972336694695,0.1039739731311784,1986,0.21104923158701086
ds005540,de_ridge_strong,0,2,combined_population,0.4053855435352031,0.25010601509647395,0.5606650719739323,1986,0.20427743266212114
ds005540,de_ridge_strong,0,2,combined_personalized,0.4053855435352031,0.25010601509647395,0.5606650719739323,1986,0.20427743266212114
ds005540,de_ridge_strong,0,4,prior,0.45986808514520955,0.313846638897867,0.6058895313925521,1986,0.17076504629629627
ds005540,de_ridge_strong,0,4,prior_personalized,0.45986808514520955,0.313846638897867,0.6058895313925521,1986,0.17076504629629627
ds005540,de_ridge_strong,0,4,eeg_population,0.034558375858697886,-0.03033201361602344,0.0994487653334192,1986,0.21129204731950452
ds005540,de_ridge_strong,0,4,eeg_personalized,0.034558375858697886,-0.03033201361602344,0.0994487653334192,1986,0.21129204731950452
ds005540,de_ridge_strong,0,4,combined_population,0.4841156359252534,0.3328261659340493,0.6354051059164576,1986,0.17276794812974325
ds005540,de_ridge_strong,0,4,combined_personalized,0.4841156359252534,0.3328261659340493,0.6354051059164576,1986,0.17276794812974325
ds005540,de_ridge_strong,0,8,prior,0.501578607493332,0.355264019909334,0.6478931950773301,1986,0.15928819444444442
ds005540,de_ridge_strong,0,8,prior_personalized,0.501578607493332,0.355264019909334,0.6478931950773301,1986,0.15928819444444442
ds005540,de_ridge_strong,0,8,eeg_population,0.04587976453341798,-0.03234253941021972,0.12410206847705568,1986,0.21188881207390234
ds005540,de_ridge_strong,0,8,eeg_personalized,0.04587976453341798,-0.03234253941021972,0.12410206847705568,1986,0.21188881207390234
ds005540,de_ridge_strong,0,8,combined_population,0.5253860032699743,0.36844002752723015,0.6823319790127185,1986,0.16053714616743392
ds005540,de_ridge_strong,0,8,combined_personalized,0.5253860032699743,0.36844002752723015,0.6823319790127185,1986,0.16053714616743392
ds005540,de_ridge_strong,1,0,prior,5.990550166005177e-16,-1.8579040538974735e-15,3.0560140870985086e-15,1986,0.2105516121458705
ds005540,de_ridge_strong,1,0,prior_personalized,0.09924916678456026,-0.038392914972511336,0.23689124854163185,1986,0.22442082976391936
ds005540,de_ridge_strong,1,0,eeg_population,0.03925343892436291,-0.030002152222543682,0.1085090300712695,1986,0.2112913763417945
ds005540,de_ridge_strong,1,0,eeg_personalized,0.0968729025087354,-0.05443804983587197,0.24818385485334277,1986,0.23866324136451533
ds005540,de_ridge_strong,1,0,combined_population,0.047471241672249476,-0.05006138896784797,0.1450038723123469,1986,0.21331431476649962
ds005540,de_ridge_strong,1,0,combined_personalized,0.09735675295053833,-0.03825018277052092,0.23296368867159759,1986,0.22914157614405545
ds005540,de_ridge_strong,1,1,prior,0.36933218502736587,0.19205758796113323,0.5466067820935985,1986,0.21053703703703702
ds005540,de_ridge_strong,1,1,prior_personalized,0.376652876645213,0.18778241152248235,0.5655233417679437,1986,0.2315755094862019
ds005540,de_ridge_strong,1,1,eeg_population,0.0390587364716213,-0.029216418782188953,0.10733389172543156,1986,0.21105643202960805
ds005540,de_ridge_strong,1,1,eeg_personalized,0.09573386171376894,-0.05497351916159199,0.24644124258912986,1986,0.2388955922923055
ds005540,de_ridge_strong,1,1,combined_population,0.3693301869039872,0.19846386443236522,0.5401965093756093,1986,0.22633771217030443
ds005540,de_ridge_strong,1,1,combined_personalized,0.3645431805649428,0.1760644414118873,0.5530219197179983,1986,0.23722698792327063
ds005540,de_ridge_strong,1,2,prior,0.40321681440913204,0.26464407738121054,0.5417895514370535,1986,0.19125462962962964
ds005540,de_ridge_strong,1,2,prior_personalized,0.42288656507479716,0.25450433901878794,0.5912687911308063,1986,0.20798052102785558
ds005540,de_ridge_strong,1,2,eeg_population,0.038977000397241855,-0.026019972336694695,0.1039739731311784,1986,0.21104923158701086
ds005540,de_ridge_strong,1,2,eeg_personalized,0.09502050118646806,-0.055546187630019464,0.2455871900029556,1986,0.2389368564232134
ds005540,de_ridge_strong,1,2,combined_population,0.4053855435352031,0.25010601509647395,0.5606650719739323,1986,0.20427743266212114
ds005540,de_ridge_strong,1,2,combined_personalized,0.3996735002858683,0.22360267298037242,0.5757443275913642,1986,0.217253865272369
ds005540,de_ridge_strong,1,4,prior,0.45986808514520955,0.313846638897867,0.6058895313925521,1986,0.17076504629629627
ds005540,de_ridge_strong,1,4,prior_personalized,0.45670204380735574,0.2815132321828928,0.6318908554318187,1986,0.1896018822729709
ds005540,de_ridge_strong,1,4,eeg_population,0.034558375858697886,-0.03033201361602344,0.0994487653334192,1986,0.21129204731950452
ds005540,de_ridge_strong,1,4,eeg_personalized,0.09039502950267796,-0.060198714444582066,0.24098877344993797,1986,0.23887239195014268
ds005540,de_ridge_strong,1,4,combined_population,0.4841156359252534,0.3328261659340493,0.6354051059164576,1986,0.17276794812974325
ds005540,de_ridge_strong,1,4,combined_personalized,0.44817977173615053,0.2664069686287889,0.6299525748435122,1986,0.1908709705172636
ds005540,de_ridge_strong,1,8,prior,0.501578607493332,0.355264019909334,0.6478931950773301,1986,0.15928819444444442
ds005540,de_ridge_strong,1,8,prior_personalized,0.4894133064223496,0.31333091972142535,0.6654956931232738,1986,0.18175655626259177
ds005540,de_ridge_strong,1,8,eeg_population,0.04587976453341798,-0.03234253941021972,0.12410206847705568,1986,0.21188881207390234
ds005540,de_ridge_strong,1,8,eeg_personalized,0.0973011945082068,-0.05576430287663396,0.25036669189304755,1986,0.24024742733772167
ds005540,de_ridge_strong,1,8,combined_population,0.5253860032699743,0.36844002752723015,0.6823319790127185,1986,0.16053714616743392
ds005540,de_ridge_strong,1,8,combined_personalized,0.4799242168449426,0.2973942271058445,0.6624542065840406,1986,0.1842974099114183
ds005540,de_ridge_strong,2,0,prior,5.990550166005177e-16,-1.8579040538974735e-15,3.0560140870985086e-15,1986,0.2105516121458705
ds005540,de_ridge_strong,2,0,prior_personalized,0.12243970917015698,-0.007037697768703527,0.25191711610901746,1986,0.2189482670515333
ds005540,de_ridge_strong,2,0,eeg_population,0.03925343892436291,-0.030002152222543682,0.1085090300712695,1986,0.2112913763417945
ds005540,de_ridge_strong,2,0,eeg_personalized,0.09777099331063924,-0.031984311032842244,0.22752629765412072,1986,0.22800217411456009
ds005540,de_ridge_strong,2,0,combined_population,0.047471241672249476,-0.05006138896784797,0.1450038723123469,1986,0.21331431476649962
ds005540,de_ridge_strong,2,0,combined_personalized,0.11426084470646954,-0.01758187064674012,0.2461035600596792,1986,0.22341456791225872
ds005540,de_ridge_strong,2,1,prior,0.36933218502736587,0.19205758796113323,0.5466067820935985,1986,0.21053703703703702
ds005540,de_ridge_strong,2,1,prior_personalized,0.3970581510873904,0.20070335517807775,0.5934129469967031,1986,0.22462193694993432
ds005540,de_ridge_strong,2,1,eeg_population,0.0390587364716213,-0.029216418782188953,0.10733389172543156,1986,0.21105643202960805
ds005540,de_ridge_strong,2,1,eeg_personalized,0.09856249648259092,-0.03165374509619569,0.22877873806137755,1986,0.22781142388245607
ds005540,de_ridge_strong,2,1,combined_population,0.3693301869039872,0.19846386443236522,0.5401965093756093,1986,0.22633771217030443
ds005540,de_ridge_strong,2,1,combined_personalized,0.38202068295159475,0.18977397351812478,0.5742673923850647,1986,0.2322900322352084
ds005540,de_ridge_strong,2,2,prior,0.40321681440913204,0.26464407738121054,0.5417895514370535,1986,0.19125462962962964
ds005540,de_ridge_strong,2,2,prior_personalized,0.44704652155337554,0.275324912611171,0.6187681304955801,1986,0.2020772346554362
ds005540,de_ridge_strong,2,2,eeg_population,0.038977000397241855,-0.026019972336694695,0.1039739731311784,1986,0.21104923158701086
ds005540,de_ridge_strong,2,2,eeg_personalized,0.0974600671216605,-0.033234762141325064,0.22815489638464606,1986,0.22781702933648237
ds005540,de_ridge_strong,2,2,combined_population,0.4053855435352031,0.25010601509647395,0.5606650719739323,1986,0.20427743266212114
ds005540,de_ridge_strong,2,2,combined_personalized,0.4227220239447158,0.2456416233732851,0.5998024245161465,1986,0.21040398971101365
ds005540,de_ridge_strong,2,4,prior,0.45986808514520955,0.313846638897867,0.6058895313925521,1986,0.17076504629629627
ds005540,de_ridge_strong,2,4,prior_personalized,0.48661546455188187,0.30188330801665086,0.6713476210871129,1986,0.17940158765280803
ds005540,de_ridge_strong,2,4,eeg_population,0.034558375858697886,-0.03033201361602344,0.0994487653334192,1986,0.21129204731950452
ds005540,de_ridge_strong,2,4,eeg_personalized,0.0923226907921935,-0.038004650276140514,0.2226500318605275,1986,0.22863526461626066
ds005540,de_ridge_strong,2,4,combined_population,0.4841156359252534,0.3328261659340493,0.6354051059164576,1986,0.17276794812974325
ds005540,de_ridge_strong,2,4,combined_personalized,0.4788423794063156,0.29011581275886356,0.6675689460537676,1986,0.18332822120645237
ds005540,de_ridge_strong,2,8,prior,0.501578607493332,0.355264019909334,0.6478931950773301,1986,0.15928819444444442
ds005540,de_ridge_strong,2,8,prior_personalized,0.52309844919126,0.3326372318716455,0.7135596665108745,1986,0.1704384007903105
ds005540,de_ridge_strong,2,8,eeg_population,0.04587976453341798,-0.03234253941021972,0.12410206847705568,1986,0.21188881207390234
ds005540,de_ridge_strong,2,8,eeg_personalized,0.09556072931521666,-0.035317262079794506,0.2264387207102278,1986,0.22913576662480697
ds005540,de_ridge_strong,2,8,combined_population,0.5253860032699743,0.36844002752723015,0.6823319790127185,1986,0.16053714616743392
ds005540,de_ridge_strong,2,8,combined_personalized,0.5095183814920186,0.31355243442240244,0.7054843285616347,1986,0.17469991755987538
ds005540,de_ridge_strong,4,0,prior,5.990550166005177e-16,-1.8579040538974735e-15,3.0560140870985086e-15,1986,0.2105516121458705
ds005540,de_ridge_strong,4,0,prior_personalized,0.1431206376808974,0.019143130966026503,0.2670981443957683,1986,0.20883348635891563
ds005540,de_ridge_strong,4,0,eeg_population,0.03925343892436291,-0.030002152222543682,0.1085090300712695,1986,0.2112913763417945
ds005540,de_ridge_strong,4,0,eeg_personalized,0.16708428433555628,0.034928001276191584,0.299240567394921,1986,0.21031056188535052
ds005540,de_ridge_strong,4,0,combined_population,0.047471241672249476,-0.05006138896784797,0.1450038723123469,1986,0.21331431476649962
ds005540,de_ridge_strong,4,0,combined_personalized,0.14455885173726232,0.013165859944701264,0.2759518435298234,1986,0.21115553502818535
ds005540,de_ridge_strong,4,1,prior,0.36933218502736587,0.19205758796113323,0.5466067820935985,1986,0.21053703703703702
ds005540,de_ridge_strong,4,1,prior_personalized,0.4209004917144267,0.2319491190330739,0.6098518643957795,1986,0.21866977064745652
ds005540,de_ridge_strong,4,1,eeg_population,0.0390587364716213,-0.029216418782188953,0.10733389172543156,1986,0.21105643202960805
ds005540,de_ridge_strong,4,1,eeg_personalized,0.16815205208723938,0.03578346761068041,0.30052063656379835,1986,0.21011379060165053
ds005540,de_ridge_strong,4,1,combined_population,0.3693301869039872,0.19846386443236522,0.5401965093756093,1986,0.22633771217030443
ds005540,de_ridge_strong,4,1,combined_personalized,0.41862791964429497,0.2322406698570291,0.6050151694315609,1986,0.22283159419720086
ds005540,de_ridge_strong,4,2,prior,0.40321681440913204,0.26464407738121054,0.5417895514370535,1986,0.19125462962962964
ds005540,de_ridge_strong,4,2,prior_personalized,0.4701862543495201,0.3067701806500633,0.6336023280489769,1986,0.1952496666780138
ds005540,de_ridge_strong,4,2,eeg_population,0.038977000397241855,-0.026019972336694695,0.1039739731311784,1986,0.21104923158701086
ds005540,de_ridge_strong,4,2,eeg_personalized,0.1671008968326264,0.0344776519014183,0.29972414176383455,1986,0.21012598615812972
ds005540,de_ridge_strong,4,2,combined_population,0.4053855435352031,0.25010601509647395,0.5606650719739323,1986,0.20427743266212114
ds005540,de_ridge_strong,4,2,combined_personalized,0.4598327868055542,0.28877875265246067,0.6308868209586477,1986,0.2010273150955415
ds005540,de_ridge_strong,4,4,prior,0.45986808514520955,0.313846638897867,0.6058895313925521,1986,0.17076504629629627
ds005540,de_ridge_strong,4,4,prior_personalized,0.5155065893915599,0.338244419469488,0.6927687593136318,1986,0.17186772916965926
ds005540,de_ridge_strong,4,4,eeg_population,0.034558375858697886,-0.03033201361602344,0.0994487653334192,1986,0.21129204731950452
ds005540,de_ridge_strong,4,4,eeg_personalized,0.16297263006854484,0.03118879472611602,0.29475646541097367,1986,0.21103151206084486
ds005540,de_ridge_strong,4,4,combined_population,0.4841156359252534,0.3328261659340493,0.6354051059164576,1986,0.17276794812974325
ds005540,de_ridge_strong,4,4,combined_personalized,0.5184574976390974,0.33688643783008887,0.700028557448106,1986,0.17294026774939086
ds005540,de_ridge_strong,4,8,prior,0.501578607493332,0.355264019909334,0.6478931950773301,1986,0.15928819444444442
ds005540,de_ridge_strong,4,8,prior_personalized,0.5545849019584379,0.3733481093220576,0.7358216945948182,1986,0.1609749400128587
ds005540,de_ridge_strong,4,8,eeg_population,0.04587976453341798,-0.03234253941021972,0.12410206847705568,1986,0.21188881207390234
ds005540,de_ridge_strong,4,8,eeg_personalized,0.16500371177537448,0.03637495678934677,0.2936324667614022,1986,0.21136694973091616
ds005540,de_ridge_strong,4,8,combined_population,0.5253860032699743,0.36844002752723015,0.6823319790127185,1986,0.16053714616743392
ds005540,de_ridge_strong,4,8,combined_personalized,0.5555061027658773,0.36987190872027376,0.7411402968114809,1986,0.16193614897354017
ds005540,de_ridge_strong,8,0,prior,5.990550166005177e-16,-1.8579040538974735e-15,3.0560140870985086e-15,1986,0.2105516121458705
ds005540,de_ridge_strong,8,0,prior_personalized,0.16339021787527003,0.03121319743614573,0.29556723831439435,1986,0.20265880030316472
ds005540,de_ridge_strong,8,0,eeg_population,0.03925343892436291,-0.030002152222543682,0.1085090300712695,1986,0.2112913763417945
ds005540,de_ridge_strong,8,0,eeg_personalized,0.17757721061431309,0.03975267322287629,0.3154017480057499,1986,0.20964538752402925
ds005540,de_ridge_strong,8,0,combined_population,0.047471241672249476,-0.05006138896784797,0.1450038723123469,1986,0.21331431476649962
ds005540,de_ridge_strong,8,0,combined_personalized,0.16170561123896723,0.02434090229165428,0.2990703201862802,1986,0.20522722696211443
ds005540,de_ridge_strong,8,1,prior,0.36933218502736587,0.19205758796113323,0.5466067820935985,1986,0.21053703703703702
ds005540,de_ridge_strong,8,1,prior_personalized,0.4373666173624991,0.24495418397672047,0.6297790507482777,1986,0.21320798785370626
ds005540,de_ridge_strong,8,1,eeg_population,0.0390587364716213,-0.029216418782188953,0.10733389172543156,1986,0.21105643202960805
ds005540,de_ridge_strong,8,1,eeg_personalized,0.17844013330973035,0.040908342616943066,0.3159719240025176,1986,0.20934825964979503
ds005540,de_ridge_strong,8,1,combined_population,0.3693301869039872,0.19846386443236522,0.5401965093756093,1986,0.22633771217030443
ds005540,de_ridge_strong,8,1,combined_personalized,0.437008692496487,0.2453356786808511,0.6286817063121228,1986,0.21588754636472865
ds005540,de_ridge_strong,8,2,prior,0.40321681440913204,0.26464407738121054,0.5417895514370535,1986,0.19125462962962964
ds005540,de_ridge_strong,8,2,prior_personalized,0.49022659746765934,0.3222886820103412,0.6581645129249775,1986,0.1901488328701168
ds005540,de_ridge_strong,8,2,eeg_population,0.038977000397241855,-0.026019972336694695,0.1039739731311784,1986,0.21104923158701086
ds005540,de_ridge_strong,8,2,eeg_personalized,0.17682988384752119,0.038679483937118314,0.3149802837579241,1986,0.20930903822570537
ds005540,de_ridge_strong,8,2,combined_population,0.4053855435352031,0.25010601509647395,0.5606650719739323,1986,0.20427743266212114
ds005540,de_ridge_strong,8,2,combined_personalized,0.48163767341265595,0.30711582597613507,0.6561595208491768,1986,0.19400020571920407
ds005540,de_ridge_strong,8,4,prior,0.45986808514520955,0.313846638897867,0.6058895313925521,1986,0.17076504629629627
ds005540,de_ridge_strong,8,4,prior_personalized,0.5433835930881521,0.36579139338975564,0.7209757927865486,1986,0.16573112719068214
ds005540,de_ridge_strong,8,4,eeg_population,0.034558375858697886,-0.03033201361602344,0.0994487653334192,1986,0.21129204731950452
ds005540,de_ridge_strong,8,4,eeg_personalized,0.17294726641383323,0.03498530522060622,0.31090922760706025,1986,0.21013506342819604
ds005540,de_ridge_strong,8,4,combined_population,0.4841156359252534,0.3328261659340493,0.6354051059164576,1986,0.17276794812974325
ds005540,de_ridge_strong,8,4,combined_personalized,0.5442967285451134,0.36326198565529055,0.7253314714349361,1986,0.16652452199809326
ds005540,de_ridge_strong,8,8,prior,0.501578607493332,0.355264019909334,0.6478931950773301,1986,0.15928819444444442
ds005540,de_ridge_strong,8,8,prior_personalized,0.5889929825740453,0.40568807630718684,0.7722978888409038,1986,0.15286851566515705
ds005540,de_ridge_strong,8,8,eeg_population,0.04587976453341798,-0.03234253941021972,0.12410206847705568,1986,0.21188881207390234
ds005540,de_ridge_strong,8,8,eeg_personalized,0.17356569722224086,0.037429623338752216,0.3097017711057295,1986,0.21079565761993857
ds005540,de_ridge_strong,8,8,combined_population,0.5253860032699743,0.36844002752723015,0.6823319790127185,1986,0.16053714616743392
ds005540,de_ridge_strong,8,8,combined_personalized,0.5869036056171482,0.40084985192210043,0.7729573593121959,1986,0.154309645754135
ds005540,eegnet_lr1e3,0,0,prior,5.990550166005177e-16,-1.8579040538974735e-15,3.0560140870985086e-15,1986,0.2105516121458705
ds005540,eegnet_lr1e3,0,0,prior_personalized,5.990550166005177e-16,-1.8579040538974735e-15,3.0560140870985086e-15,1986,0.2105516121458705
ds005540,eegnet_lr1e3,0,0,eeg_population,0.00044842902018488986,-0.018352893722917856,0.019249751763287633,1986,0.21393891993981481
ds005540,eegnet_lr1e3,0,0,eeg_personalized,0.00044842509388805604,-0.01835290015984237,0.019249750347618482,1986,0.21393891986321525
ds005540,eegnet_lr1e3,0,0,combined_population,0.0007572061557048652,-0.008419496086520635,0.009933908397930366,1986,0.21110050952413148
ds005540,eegnet_lr1e3,0,0,combined_personalized,0.0007572061557048652,-0.008419496086520635,0.009933908397930366,1986,0.21110050952413148
ds005540,eegnet_lr1e3,0,1,prior,0.36933218502736587,0.19205758796113323,0.5466067820935985,1986,0.21053703703703702
ds005540,eegnet_lr1e3,0,1,prior_personalized,0.36933218502736587,0.19205758796113323,0.5466067820935985,1986,0.21053703703703702
ds005540,eegnet_lr1e3,0,1,eeg_population,-0.0010216969749503905,-0.015770878653792637,0.013727484703891854,1986,0.21331781050925924
ds005540,eegnet_lr1e3,0,1,eeg_personalized,-0.0010216952318914928,-0.01577087709247532,0.013727486628692335,1986,0.21331780994131608
ds005540,eegnet_lr1e3,0,1,combined_population,0.36752603020546853,0.1917486657810924,0.5433033946298447,1986,0.21198524661733367
ds005540,eegnet_lr1e3,0,1,combined_personalized,0.36752603020546853,0.1917486657810924,0.5433033946298447,1986,0.21198524661733367
ds005540,eegnet_lr1e3,0,2,prior,0.40321681440913204,0.26464407738121054,0.5417895514370535,1986,0.19125462962962964
ds005540,eegnet_lr1e3,0,2,prior_personalized,0.40321681440913204,0.26464407738121054,0.5417895514370535,1986,0.19125462962962964
ds005540,eegnet_lr1e3,0,2,eeg_population,-0.004907642197385001,-0.02100434925900037,0.011189064864230366,1986,0.2119043482060185
ds005540,eegnet_lr1e3,0,2,eeg_personalized,-0.004907640759772254,-0.02100434875787308,0.011189067238328573,1986,0.21190434788719373
ds005540,eegnet_lr1e3,0,2,combined_population,0.4069777760344936,0.26887060824705966,0.5450849438219275,1986,0.19172092184178774
ds005540,eegnet_lr1e3,0,2,combined_personalized,0.4069777760344936,0.26887060824705966,0.5450849438219275,1986,0.19172092184178774
ds005540,eegnet_lr1e3,0,4,prior,0.45986808514520955,0.313846638897867,0.6058895313925521,1986,0.17076504629629627
ds005540,eegnet_lr1e3,0,4,prior_personalized,0.45986808514520955,0.313846638897867,0.6058895313925521,1986,0.17076504629629627
ds005540,eegnet_lr1e3,0,4,eeg_population,-0.0010737772568477362,-0.013073843889249682,0.010926289375554211,1986,0.21273172667824075
ds005540,eegnet_lr1e3,0,4,eeg_personalized,-0.0010737711971309574,-0.013073839125464684,0.01092629673120277,1986,0.21273172628962334
ds005540,eegnet_lr1e3,0,4,combined_population,0.4599334772318907,0.3147937681208537,0.6050731863429277,1986,0.1703455846639673
ds005540,eegnet_lr1e3,0,4,combined_personalized,0.4599334772318907,0.3147937681208537,0.6050731863429277,1986,0.1703455846639673
ds005540,eegnet_lr1e3,0,8,prior,0.501578607493332,0.355264019909334,0.6478931950773301,1986,0.15928819444444442
ds005540,eegnet_lr1e3,0,8,prior_personalized,0.501578607493332,0.355264019909334,0.6478931950773301,1986,0.15928819444444442
ds005540,eegnet_lr1e3,0,8,eeg_population,-0.00020192358028464676,-0.007461396977962603,0.00705754981739331,1986,0.21101836394907406
ds005540,eegnet_lr1e3,0,8,eeg_personalized,-0.00020192645349534282,-0.007461401672336921,0.0070575487653462355,1986,0.21101836417201492
ds005540,eegnet_lr1e3,0,8,combined_population,0.5010275013882711,0.3531405875414251,0.6489144152351172,1986,0.1584745543389408
ds005540,eegnet_lr1e3,0,8,combined_personalized,0.5010275013882711,0.3531405875414251,0.6489144152351172,1986,0.1584745543389408
ds005540,eegnet_lr1e3,1,0,prior,5.990550166005177e-16,-1.8579040538974735e-15,3.0560140870985086e-15,1986,0.2105516121458705
ds005540,eegnet_lr1e3,1,0,prior_personalized,0.09924916678456026,-0.038392914972511336,0.23689124854163185,1986,0.22442082976391936
ds005540,eegnet_lr1e3,1,0,eeg_population,0.00044842902018488986,-0.018352893722917856,0.019249751763287633,1986,0.21393891993981481
ds005540,eegnet_lr1e3,1,0,eeg_personalized,0.0931233020848073,-0.059967532863077,0.24621413703269163,1986,0.2418994594784798
ds005540,eegnet_lr1e3,1,0,combined_population,0.0007572061557048652,-0.008419496086520635,0.009933908397930366,1986,0.21110050952413148
ds005540,eegnet_lr1e3,1,0,combined_personalized,0.09939605166416657,-0.03757682523596803,0.23636892856430117,1986,0.22484816524035406
ds005540,eegnet_lr1e3,1,1,prior,0.36933218502736587,0.19205758796113323,0.5466067820935985,1986,0.21053703703703702
ds005540,eegnet_lr1e3,1,1,prior_personalized,0.376652876645213,0.18778241152248235,0.5655233417679437,1986,0.2315755094862019
ds005540,eegnet_lr1e3,1,1,eeg_population,-0.0010216969749503905,-0.015770878653792637,0.013727484703891854,1986,0.21331781050925924
ds005540,eegnet_lr1e3,1,1,eeg_personalized,0.09121317361884321,-0.06150122972690217,0.24392757696458858,1986,0.24174363217889158
ds005540,eegnet_lr1e3,1,1,combined_population,0.36752603020546853,0.1917486657810924,0.5433033946298447,1986,0.21198524661733367
ds005540,eegnet_lr1e3,1,1,combined_personalized,0.37602204525824034,0.1873823345982647,0.564661755918216,1986,0.23177843363933115
ds005540,eegnet_lr1e3,1,2,prior,0.40321681440913204,0.26464407738121054,0.5417895514370535,1986,0.19125462962962964
ds005540,eegnet_lr1e3,1,2,prior_personalized,0.42288656507479716,0.25450433901878794,0.5912687911308063,1986,0.20798052102785558
ds005540,eegnet_lr1e3,1,2,eeg_population,-0.004907642197385001,-0.02100434925900037,0.011189064864230366,1986,0.2119043482060185
ds005540,eegnet_lr1e3,1,2,eeg_personalized,0.08961560488536771,-0.0637770538618754,0.24300826363261083,1986,0.24188809298806718
ds005540,eegnet_lr1e3,1,2,combined_population,0.4069777760344936,0.26887060824705966,0.5450849438219275,1986,0.19172092184178774
ds005540,eegnet_lr1e3,1,2,combined_personalized,0.42117111984745287,0.2535842270182867,0.588758012676619,1986,0.20865281927913476
ds005540,eegnet_lr1e3,1,4,prior,0.45986808514520955,0.313846638897867,0.6058895313925521,1986,0.17076504629629627
ds005540,eegnet_lr1e3,1,4,prior_personalized,0.45670204380735574,0.2815132321828928,0.6318908554318187,1986,0.1896018822729709
ds005540,eegnet_lr1e3,1,4,eeg_population,-0.0010737772568477362,-0.013073843889249682,0.010926289375554211,1986,0.21273172667824075
ds005540,eegnet_lr1e3,1,4,eeg_personalized,0.09250274246935292,-0.06091053346623698,0.24591601840494282,1986,0.24137959258893024
ds005540,eegnet_lr1e3,1,4,combined_population,0.4599334772318907,0.3147937681208537,0.6050731863429277,1986,0.1703455846639673
ds005540,eegnet_lr1e3,1,4,combined_personalized,0.4557283872528955,0.28103038961915505,0.6304263848866359,1986,0.18951317991458802
ds005540,eegnet_lr1e3,1,8,prior,0.501578607493332,0.355264019909334,0.6478931950773301,1986,0.15928819444444442
ds005540,eegnet_lr1e3,1,8,prior_personalized,0.4894133064223496,0.31333091972142535,0.6654956931232738,1986,0.18175655626259177
ds005540,eegnet_lr1e3,1,8,eeg_population,-0.00020192358028464676,-0.007461396977962603,0.00705754981739331,1986,0.21101836394907406
ds005540,eegnet_lr1e3,1,8,eeg_personalized,0.09197760839578659,-0.06120770828072303,0.2451629250722962,1986,0.24116566111561327
ds005540,eegnet_lr1e3,1,8,combined_population,0.5010275013882711,0.3531405875414251,0.6489144152351172,1986,0.1584745543389408
ds005540,eegnet_lr1e3,1,8,combined_personalized,0.4914401541960386,0.31519883494014583,0.6676814734519314,1986,0.1811814871262773
ds005540,eegnet_lr1e3,2,0,prior,5.990550166005177e-16,-1.8579040538974735e-15,3.0560140870985086e-15,1986,0.2105516121458705
ds005540,eegnet_lr1e3,2,0,prior_personalized,0.12243970917015698,-0.007037697768703527,0.25191711610901746,1986,0.2189482670515333
ds005540,eegnet_lr1e3,2,0,eeg_population,0.00044842902018488986,-0.018352893722917856,0.019249751763287633,1986,0.21393891993981481
ds005540,eegnet_lr1e3,2,0,eeg_personalized,0.10633653150964521,-0.026465293646039376,0.2391383566653298,1986,0.22580630982497696
ds005540,eegnet_lr1e3,2,0,combined_population,0.0007572061557048652,-0.008419496086520635,0.009933908397930366,1986,0.21110050952413148
ds005540,eegnet_lr1e3,2,0,combined_personalized,0.12406279296081765,-0.005925796717850457,0.2540513826394858,1986,0.2186778924680061
ds005540,eegnet_lr1e3,2,1,prior,0.36933218502736587,0.19205758796113323,0.5466067820935985,1986,0.21053703703703702
ds005540,eegnet_lr1e3,2,1,prior_personalized,0.3970581510873904,0.20070335517807775,0.5934129469967031,1986,0.22462193694993432
ds005540,eegnet_lr1e3,2,1,eeg_population,-0.0010216969749503905,-0.015770878653792637,0.013727484703891854,1986,0.21331781050925924
ds005540,eegnet_lr1e3,2,1,eeg_personalized,0.10568776201092371,-0.027127992217002087,0.23850351623884952,1986,0.22516963987959127
ds005540,eegnet_lr1e3,2,1,combined_population,0.36752603020546853,0.1917486657810924,0.5433033946298447,1986,0.21198524661733367
ds005540,eegnet_lr1e3,2,1,combined_personalized,0.39762298947260233,0.20122564154696107,0.5940203373982436,1986,0.22441870023321714
ds005540,eegnet_lr1e3,2,2,prior,0.40321681440913204,0.26464407738121054,0.5417895514370535,1986,0.19125462962962964
ds005540,eegnet_lr1e3,2,2,prior_personalized,0.44704652155337554,0.275324912611171,0.6187681304955801,1986,0.2020772346554362
ds005540,eegnet_lr1e3,2,2,eeg_population,-0.004907642197385001,-0.02100434925900037,0.011189064864230366,1986,0.2119043482060185
ds005540,eegnet_lr1e3,2,2,eeg_personalized,0.10276945534891366,-0.030688338895460743,0.23622724959328806,1986,0.22512567837090874
ds005540,eegnet_lr1e3,2,2,combined_population,0.4069777760344936,0.26887060824705966,0.5450849438219275,1986,0.19172092184178774
ds005540,eegnet_lr1e3,2,2,combined_personalized,0.44801344262409604,0.2765129954609787,0.6195138897872134,1986,0.20354678533684423
ds005540,eegnet_lr1e3,2,4,prior,0.45986808514520955,0.313846638897867,0.6058895313925521,1986,0.17076504629629627
ds005540,eegnet_lr1e3,2,4,prior_personalized,0.48661546455188187,0.30188330801665086,0.6713476210871129,1986,0.17940158765280803
ds005540,eegnet_lr1e3,2,4,eeg_population,-0.0010737772568477362,-0.013073843889249682,0.010926289375554211,1986,0.21273172667824075
ds005540,eegnet_lr1e3,2,4,eeg_personalized,0.10643495174228004,-0.026397340391831864,0.23926724387639195,1986,0.22513339484037545
ds005540,eegnet_lr1e3,2,4,combined_population,0.4599334772318907,0.3147937681208537,0.6050731863429277,1986,0.1703455846639673
ds005540,eegnet_lr1e3,2,4,combined_personalized,0.48758437220952777,0.3030128516987219,0.6721558927203337,1986,0.17926271738831576
ds005540,eegnet_lr1e3,2,8,prior,0.501578607493332,0.355264019909334,0.6478931950773301,1986,0.15928819444444442
ds005540,eegnet_lr1e3,2,8,prior_personalized,0.52309844919126,0.3326372318716455,0.7135596665108745,1986,0.1704384007903105
ds005540,eegnet_lr1e3,2,8,eeg_population,-0.00020192358028464676,-0.007461396977962598,0.007057549817393306,1986,0.21101836394907406
ds005540,eegnet_lr1e3,2,8,eeg_personalized,0.10523357294535378,-0.027161346406204698,0.23762849229691224,1986,0.22469444816859152
ds005540,eegnet_lr1e3,2,8,combined_population,0.5010275013882711,0.3531405875414251,0.6489144152351172,1986,0.1584745543389408
ds005540,eegnet_lr1e3,2,8,combined_personalized,0.5246442105702689,0.33349567089301846,0.7157927502475193,1986,0.17000133449788118
ds005540,eegnet_lr1e3,4,0,prior,5.990550166005177e-16,-1.8579040538974735e-15,3.0560140870985086e-15,1986,0.2105516121458705
ds005540,eegnet_lr1e3,4,0,prior_personalized,0.1431206376808974,0.019143130966026503,0.2670981443957683,1986,0.20883348635891563
ds005540,eegnet_lr1e3,4,0,eeg_population,0.00044842902018488986,-0.018352893722917856,0.019249751763287633,1986,0.21393891993981481
ds005540,eegnet_lr1e3,4,0,eeg_personalized,0.1720831865130571,0.03948003141084616,0.30468634161526803,1986,0.20872209077488096
ds005540,eegnet_lr1e3,4,0,combined_population,0.0007572061557048652,-0.008419496086520635,0.009933908397930366,1986,0.21110050952413148
ds005540,eegnet_lr1e3,4,0,combined_personalized,0.14528887320451805,0.021268568287417106,0.26930917812161903,1986,0.20880774433781663
ds005540,eegnet_lr1e3,4,1,prior,0.36933218502736587,0.19205758796113323,0.5466067820935985,1986,0.21053703703703702
ds005540,eegnet_lr1e3,4,1,prior_personalized,0.4209004917144267,0.2319491190330739,0.6098518643957795,1986,0.21866977064745652
ds005540,eegnet_lr1e3,4,1,eeg_population,-0.0010216969749503905,-0.015770878653792637,0.013727484703891854,1986,0.21331781050925924
ds005540,eegnet_lr1e3,4,1,eeg_personalized,0.17172874425512222,0.03892713268935055,0.3045303558208939,1986,0.20853530338800774
ds005540,eegnet_lr1e3,4,1,combined_population,0.36752603020546853,0.1917486657810924,0.5433033946298447,1986,0.21198524661733367
ds005540,eegnet_lr1e3,4,1,combined_personalized,0.42100197241816756,0.23234326902201666,0.6096606758143185,1986,0.21877375362312312
ds005540,eegnet_lr1e3,4,2,prior,0.40321681440913204,0.26464407738121054,0.5417895514370535,1986,0.19125462962962964
ds005540,eegnet_lr1e3,4,2,prior_personalized,0.4701862543495201,0.3067701806500633,0.6336023280489769,1986,0.1952496666780138
ds005540,eegnet_lr1e3,4,2,eeg_population,-0.004907642197385001,-0.02100434925900037,0.011189064864230366,1986,0.2119043482060185
ds005540,eegnet_lr1e3,4,2,eeg_personalized,0.16906470442584798,0.03566109770768222,0.30246831114401374,1986,0.20873057892132135
ds005540,eegnet_lr1e3,4,2,combined_population,0.4069777760344936,0.26887060824705966,0.5450849438219275,1986,0.19172092184178774
ds005540,eegnet_lr1e3,4,2,combined_personalized,0.4692500670968654,0.3046975763329246,0.6338025578608062,1986,0.19622012096884917
ds005540,eegnet_lr1e3,4,4,prior,0.45986808514520955,0.313846638897867,0.6058895313925521,1986,0.17076504629629627
ds005540,eegnet_lr1e3,4,4,prior_personalized,0.5155065893915599,0.338244419469488,0.6927687593136318,1986,0.17186772916965926
ds005540,eegnet_lr1e3,4,4,eeg_population,-0.0010737772568477362,-0.013073843889249682,0.010926289375554211,1986,0.21273172667824075
ds005540,eegnet_lr1e3,4,4,eeg_personalized,0.17310188047584918,0.04032796162322394,0.3058757993284744,1986,0.20865299795037778
ds005540,eegnet_lr1e3,4,4,combined_population,0.4599334772318907,0.3147937681208537,0.6050731863429277,1986,0.1703455846639673
ds005540,eegnet_lr1e3,4,4,combined_personalized,0.516283613469497,0.3395673389127589,0.6929998880262351,1986,0.17204321581568277
ds005540,eegnet_lr1e3,4,8,prior,0.501578607493332,0.355264019909334,0.6478931950773301,1986,0.15928819444444442
ds005540,eegnet_lr1e3,4,8,prior_personalized,0.5545849019584379,0.3733481093220576,0.7358216945948182,1986,0.1609749400128587
ds005540,eegnet_lr1e3,4,8,eeg_population,-0.00020192358028464676,-0.007461396977962603,0.00705754981739331,1986,0.21101836394907406
ds005540,eegnet_lr1e3,4,8,eeg_personalized,0.17221999077354194,0.039698065556604184,0.30474191599047973,1986,0.20809920259902165
ds005540,eegnet_lr1e3,4,8,combined_population,0.5010275013882711,0.3531405875414251,0.6489144152351172,1986,0.1584745543389408
ds005540,eegnet_lr1e3,4,8,combined_personalized,0.5558453709748619,0.3746528355309996,0.7370379064187241,1986,0.16076735934161293
ds005540,eegnet_lr1e3,8,0,prior,5.990550166005177e-16,-1.8579040538974735e-15,3.0560140870985086e-15,1986,0.2105516121458705
ds005540,eegnet_lr1e3,8,0,prior_personalized,0.16339021787527003,0.03121319743614573,0.29556723831439435,1986,0.20265880030316472
ds005540,eegnet_lr1e3,8,0,eeg_population,0.00044842902018488986,-0.018352893722917856,0.019249751763287633,1986,0.21393891993981481
ds005540,eegnet_lr1e3,8,0,eeg_personalized,0.18671475244014255,0.05254711271033882,0.3208823921699463,1986,0.20691843031180243
ds005540,eegnet_lr1e3,8,0,combined_population,0.0007572061557048652,-0.008419496086520635,0.009933908397930366,1986,0.21110050952413148
ds005540,eegnet_lr1e3,8,0,combined_personalized,0.16490698603036785,0.03293744229507878,0.2968765297656569,1986,0.202787434050403
ds005540,eegnet_lr1e3,8,1,prior,0.36933218502736587,0.19205758796113323,0.5466067820935985,1986,0.21053703703703702
ds005540,eegnet_lr1e3,8,1,prior_personalized,0.4373666173624991,0.24495418397672047,0.6297790507482777,1986,0.21320798785370626
ds005540,eegnet_lr1e3,8,1,eeg_population,-0.0010216969749503905,-0.015770878653792637,0.013727484703891854,1986,0.21331781050925924
ds005540,eegnet_lr1e3,8,1,eeg_personalized,0.18642586213400136,0.05219881730064249,0.32065290696736026,1986,0.20679814676449645
ds005540,eegnet_lr1e3,8,1,combined_population,0.36752603020546853,0.1917486657810924,0.5433033946298447,1986,0.21198524661733367
ds005540,eegnet_lr1e3,8,1,combined_personalized,0.43744944195253355,0.2452807256196496,0.6296181582854175,1986,0.21300344918611974
ds005540,eegnet_lr1e3,8,2,prior,0.40321681440913204,0.26464407738121054,0.5417895514370535,1986,0.19125462962962964
ds005540,eegnet_lr1e3,8,2,prior_personalized,0.49022659746765934,0.3222886820103412,0.6581645129249775,1986,0.1901488328701168
ds005540,eegnet_lr1e3,8,2,eeg_population,-0.004907642197385001,-0.02100434925900037,0.011189064864230366,1986,0.2119043482060185
ds005540,eegnet_lr1e3,8,2,eeg_personalized,0.18359603603496705,0.04853375738882518,0.31865831468110895,1986,0.20717367721161745
ds005540,eegnet_lr1e3,8,2,combined_population,0.4069777760344936,0.26887060824705966,0.5450849438219275,1986,0.19172092184178774
ds005540,eegnet_lr1e3,8,2,combined_personalized,0.4897179744032273,0.32070041554595685,0.6587355332604977,1986,0.19048368982819242
ds005540,eegnet_lr1e3,8,4,prior,0.45986808514520955,0.313846638897867,0.6058895313925521,1986,0.17076504629629627
ds005540,eegnet_lr1e3,8,4,prior_personalized,0.5433835930881521,0.36579139338975564,0.7209757927865486,1986,0.16573112719068214
ds005540,eegnet_lr1e3,8,4,eeg_population,-0.0010737772568477362,-0.013073843889249682,0.010926289375554211,1986,0.21273172667824075
ds005540,eegnet_lr1e3,8,4,eeg_personalized,0.1868230156786346,0.05243869412258209,0.3212073372346871,1986,0.20713427561334274
ds005540,eegnet_lr1e3,8,4,combined_population,0.4599334772318907,0.3147937681208537,0.6050731863429277,1986,0.1703455846639673
ds005540,eegnet_lr1e3,8,4,combined_personalized,0.5439611731836637,0.36671930891502935,0.721203037452298,1986,0.16597011620972602
ds005540,eegnet_lr1e3,8,8,prior,0.501578607493332,0.355264019909334,0.6478931950773301,1986,0.15928819444444442
ds005540,eegnet_lr1e3,8,8,prior_personalized,0.5889929825740453,0.40568807630718684,0.7722978888409038,1986,0.15286851566515705
ds005540,eegnet_lr1e3,8,8,eeg_population,-0.00020192358028464676,-0.007461396977962603,0.00705754981739331,1986,0.21101836394907406
ds005540,eegnet_lr1e3,8,8,eeg_personalized,0.18683797996879176,0.05269829766067172,0.3209776622769118,1986,0.20681265078994526
ds005540,eegnet_lr1e3,8,8,combined_population,0.5010275013882711,0.3531405875414251,0.6489144152351172,1986,0.1584745543389408
ds005540,eegnet_lr1e3,8,8,combined_personalized,0.5891901735258939,0.4056781876778759,0.7727021593739118,1986,0.15277441809102266
ds005540,eegnet_lr1e4,0,0,prior,5.990550166005177e-16,-1.8579040538974735e-15,3.0560140870985086e-15,1986,0.2105516121458705
ds005540,eegnet_lr1e4,0,0,prior_personalized,5.990550166005177e-16,-1.8579040538974735e-15,3.0560140870985086e-15,1986,0.2105516121458705
ds005540,eegnet_lr1e4,0,0,eeg_population,0.009250476519421414,-0.0069292982033562645,0.025430251242199095,1986,0.2096981770810185
ds005540,eegnet_lr1e4,0,0,eeg_personalized,0.009250472172588793,-0.006929305206335612,0.025430249551513198,1986,0.2096981776483633
ds005540,eegnet_lr1e4,0,0,combined_population,0.007270158330444197,-0.0049100267022045355,0.01945034336309293,1986,0.2099234319122944
ds005540,eegnet_lr1e4,0,0,combined_personalized,0.007270158330444197,-0.0049100267022045355,0.01945034336309293,1986,0.2099234319122944
ds005540,eegnet_lr1e4,0,1,prior,0.36933218502736587,0.19205758796113323,0.5466067820935985,1986,0.21053703703703702
ds005540,eegnet_lr1e4,0,1,prior_personalized,0.36933218502736587,0.19205758796113323,0.5466067820935985,1986,0.21053703703703702
ds005540,eegnet_lr1e4,0,1,eeg_population,0.009138399472667483,-0.00595845963996974,0.024235258585304707,1986,0.20960157686574074
ds005540,eegnet_lr1e4,0,1,eeg_personalized,0.009138398328297607,-0.005958463022643983,0.024235259679239195,1986,0.2096015770079361
ds005540,eegnet_lr1e4,0,1,combined_population,0.369517383882115,0.19246920299831166,0.5465655647659184,1986,0.21068833007169613
ds005540,eegnet_lr1e4,0,1,combined_personalized,0.369517383882115,0.19246920299831166,0.5465655647659184,1986,0.21068833007169613
ds005540,eegnet_lr1e4,0,2,prior,0.40321681440913204,0.26464407738121054,0.5417895514370535,1986,0.19125462962962964
ds005540,eegnet_lr1e4,0,2,prior_personalized,0.40321681440913204,0.26464407738121054,0.5417895514370535,1986,0.19125462962962964
ds005540,eegnet_lr1e4,0,2,eeg_population,0.010276831265535627,-0.003891942516574083,0.024445605047645334,1986,0.20963803703472222
ds005540,eegnet_lr1e4,0,2,eeg_personalized,0.010276835141367222,-0.003891937295570915,0.024445607578305356,1986,0.20963803705186762
ds005540,eegnet_lr1e4,0,2,combined_population,0.4046962380002922,0.2662344424991758,0.5431580335014086,1986,0.191114377729362
ds005540,eegnet_lr1e4,0,2,combined_personalized,0.4046962380002922,0.2662344424991758,0.5431580335014086,1986,0.191114377729362
ds005540,eegnet_lr1e4,0,4,prior,0.45986808514520955,0.313846638897867,0.6058895313925521,1986,0.17076504629629627
ds005540,eegnet_lr1e4,0,4,prior_personalized,0.45986808514520955,0.313846638897867,0.6058895313925521,1986,0.17076504629629627
ds005540,eegnet_lr1e4,0,4,eeg_population,0.0021889819828226132,-0.002773976675445543,0.00715194064109077,1986,0.21028828297685184
ds005540,eegnet_lr1e4,0,4,eeg_personalized,0.0021889822872730716,-0.00277397562413497,0.007151940198681113,1986,0.21028828299293917
ds005540,eegnet_lr1e4,0,4,combined_population,0.4604976157257526,0.3145334026325678,0.6064618288189374,1986,0.17075176926871877
ds005540,eegnet_lr1e4,0,4,combined_personalized,0.4604976157257526,0.3145334026325678,0.6064618288189374,1986,0.17075176926871877
ds005540,eegnet_lr1e4,0,8,prior,0.501578607493332,0.355264019909334,0.6478931950773301,1986,0.15928819444444442
ds005540,eegnet_lr1e4,0,8,prior_personalized,0.501578607493332,0.355264019909334,0.6478931950773301,1986,0.15928819444444442
ds005540,eegnet_lr1e4,0,8,eeg_population,0.003427083555520295,-0.0032075691393019597,0.01006173625034255,1986,0.21019740712499999
ds005540,eegnet_lr1e4,0,8,eeg_personalized,0.003427090900159744,-0.0032075609071142955,0.010061742707433784,1986,0.21019740687807403
ds005540,eegnet_lr1e4,0,8,combined_population,0.5024208465183585,0.3560908180994249,0.6487508749372921,1986,0.15925746467941865
ds005540,eegnet_lr1e4,0,8,combined_personalized,0.5024208465183585,0.3560908180994249,0.6487508749372921,1986,0.15925746467941865
ds005540,eegnet_lr1e4,1,0,prior,5.990550166005177e-16,-1.8579040538974735e-15,3.0560140870985086e-15,1986,0.2105516121458705
ds005540,eegnet_lr1e4,1,0,prior_personalized,0.09924916678456026,-0.038392914972511336,0.23689124854163185,1986,0.22442082976391936
ds005540,eegnet_lr1e4,1,0,eeg_population,0.009250476519421414,-0.0069292982033562645,0.025430251242199095,1986,0.2096981770810185
ds005540,eegnet_lr1e4,1,0,eeg_personalized,0.0950906886291736,-0.05701661837139539,0.2471979956297426,1986,0.24075538116251977
ds005540,eegnet_lr1e4,1,0,combined_population,0.007270158330444197,-0.0049100267022045355,0.01945034336309293,1986,0.2099234319122944
ds005540,eegnet_lr1e4,1,0,combined_personalized,0.10161639908453776,-0.034095363289809555,0.23732816145888508,1986,0.2242125852252693
ds005540,eegnet_lr1e4,1,1,prior,0.36933218502736587,0.19205758796113323,0.5466067820935985,1986,0.21053703703703702
ds005540,eegnet_lr1e4,1,1,prior_personalized,0.376652876645213,0.18778241152248235,0.5655233417679437,1986,0.2315755094862019
ds005540,eegnet_lr1e4,1,1,eeg_population,0.009138399472667483,-0.00595845963996974,0.024235258585304707,1986,0.20960157686574074
ds005540,eegnet_lr1e4,1,1,eeg_personalized,0.09511922064264103,-0.05698889109183203,0.24722733237711408,1986,0.2408690654671303
ds005540,eegnet_lr1e4,1,1,combined_population,0.369517383882115,0.19246920299831166,0.5465655647659184,1986,0.21068833007169613
ds005540,eegnet_lr1e4,1,1,combined_personalized,0.37635276971508763,0.18773072899841017,0.5649748104317651,1986,0.23162341139426273
ds005540,eegnet_lr1e4,1,2,prior,0.40321681440913204,0.26464407738121054,0.5417895514370535,1986,0.19125462962962964
ds005540,eegnet_lr1e4,1,2,prior_personalized,0.42288656507479716,0.25450433901878794,0.5912687911308063,1986,0.20798052102785558
ds005540,eegnet_lr1e4,1,2,eeg_population,0.010276831265535627,-0.003891942516574083,0.024445605047645334,1986,0.20963803703472222
ds005540,eegnet_lr1e4,1,2,eeg_personalized,0.09589987020513317,-0.0564502918570101,0.24825003226727643,1986,0.24063792388196345
ds005540,eegnet_lr1e4,1,2,combined_population,0.4046962380002922,0.2662344424991758,0.5431580335014086,1986,0.191114377729362
ds005540,eegnet_lr1e4,1,2,combined_personalized,0.4227030534527076,0.2548037037761727,0.5906024031292425,1986,0.20800763451357893
ds005540,eegnet_lr1e4,1,4,prior,0.45986808514520955,0.313846638897867,0.6058895313925521,1986,0.17076504629629627
ds005540,eegnet_lr1e4,1,4,prior_personalized,0.45670204380735574,0.2815132321828928,0.6318908554318187,1986,0.1896018822729709
ds005540,eegnet_lr1e4,1,4,eeg_population,0.0021889819828226132,-0.002773976675445543,0.00715194064109077,1986,0.21028828297685184
ds005540,eegnet_lr1e4,1,4,eeg_personalized,0.09256062776723298,-0.060083820185381526,0.24520507571984748,1986,0.24087286237682454
ds005540,eegnet_lr1e4,1,4,combined_population,0.4604976157257526,0.3145334026325678,0.6064618288189374,1986,0.17075176926871877
ds005540,eegnet_lr1e4,1,4,combined_personalized,0.45644154833076955,0.28165540366590053,0.6312276929956386,1986,0.18957675362080587
ds005540,eegnet_lr1e4,1,8,prior,0.501578607493332,0.355264019909334,0.6478931950773301,1986,0.15928819444444442
ds005540,eegnet_lr1e4,1,8,prior_personalized,0.4894133064223496,0.31333091972142535,0.6654956931232738,1986,0.18175655626259177
ds005540,eegnet_lr1e4,1,8,eeg_population,0.003427083555520295,-0.0032075691393019597,0.01006173625034255,1986,0.21019740712499999
ds005540,eegnet_lr1e4,1,8,eeg_personalized,0.09321129451222217,-0.05921397334117902,0.24563656236562337,1986,0.24090795908868312
ds005540,eegnet_lr1e4,1,8,combined_population,0.5024208465183585,0.3560908180994249,0.6487508749372921,1986,0.15925746467941865
ds005540,eegnet_lr1e4,1,8,combined_personalized,0.48885206863674835,0.31339082308639565,0.664313314187101,1986,0.1819088875255213
ds005540,eegnet_lr1e4,2,0,prior,5.990550166005177e-16,-1.8579040538974735e-15,3.0560140870985086e-15,1986,0.2105516121458705
ds005540,eegnet_lr1e4,2,0,prior_personalized,0.12243970917015698,-0.007037697768703527,0.25191711610901746,1986,0.2189482670515333
ds005540,eegnet_lr1e4,2,0,eeg_population,0.009250476519421414,-0.0069292982033562645,0.025430251242199095,1986,0.2096981770810185
ds005540,eegnet_lr1e4,2,0,eeg_personalized,0.11220352551088017,-0.023205514890346945,0.24761256591210729,1986,0.2245507912704396
ds005540,eegnet_lr1e4,2,0,combined_population,0.007270158330444197,-0.0049100267022045355,0.01945034336309293,1986,0.2099234319122944
ds005540,eegnet_lr1e4,2,0,combined_personalized,0.12890476510212273,-0.0018160499443176659,0.25962558014856313,1986,0.21838185225954132
ds005540,eegnet_lr1e4,2,1,prior,0.36933218502736587,0.19205758796113323,0.5466067820935985,1986,0.21053703703703702
ds005540,eegnet_lr1e4,2,1,prior_personalized,0.3970581510873904,0.20070335517807775,0.5934129469967031,1986,0.22462193694993432
ds005540,eegnet_lr1e4,2,1,eeg_population,0.009138399472667483,-0.00595845963996974,0.024235258585304707,1986,0.20960157686574074
ds005540,eegnet_lr1e4,2,1,eeg_personalized,0.11225705010203953,-0.023211755958030836,0.2477258561621099,1986,0.22448032721128097
ds005540,eegnet_lr1e4,2,1,combined_population,0.369517383882115,0.19246920299831166,0.5465655647659184,1986,0.21068833007169613
ds005540,eegnet_lr1e4,2,1,combined_personalized,0.39778900140853424,0.201425321166204,0.5941526816508644,1986,0.22441365936397611
ds005540,eegnet_lr1e4,2,2,prior,0.40321681440913204,0.26464407738121054,0.5417895514370535,1986,0.19125462962962964
ds005540,eegnet_lr1e4,2,2,prior_personalized,0.44704652155337554,0.275324912611171,0.6187681304955801,1986,0.2020772346554362
ds005540,eegnet_lr1e4,2,2,eeg_population,0.010276831265535627,-0.003891942516574083,0.024445605047645334,1986,0.20963803703472222
ds005540,eegnet_lr1e4,2,2,eeg_personalized,0.11344688256820161,-0.021620422561659094,0.24851418769806233,1986,0.22451030096849278
ds005540,eegnet_lr1e4,2,2,combined_population,0.4046962380002922,0.2662344424991758,0.5431580335014086,1986,0.191114377729362
ds005540,eegnet_lr1e4,2,2,combined_personalized,0.44850794395480803,0.2769877868443361,0.62002810106528,1986,0.20183488052898957
ds005540,eegnet_lr1e4,2,4,prior,0.45986808514520955,0.313846638897867,0.6058895313925521,1986,0.17076504629629627
ds005540,eegnet_lr1e4,2,4,prior_personalized,0.48661546455188187,0.30188330801665086,0.6713476210871129,1986,0.17940158765280803
ds005540,eegnet_lr1e4,2,4,eeg_population,0.0021889819828226132,-0.002773976675445543,0.00715194064109077,1986,0.21028828297685184
ds005540,eegnet_lr1e4,2,4,eeg_personalized,0.10602586362826638,-0.02609761232950511,0.23814933958603787,1986,0.22473892238814996
ds005540,eegnet_lr1e4,2,4,combined_population,0.4604976157257526,0.3145334026325678,0.6064618288189374,1986,0.17075176926871877
ds005540,eegnet_lr1e4,2,4,combined_personalized,0.48754410286602756,0.30270638980827114,0.672381815923784,1986,0.17926171357941606
ds005540,eegnet_lr1e4,2,8,prior,0.501578607493332,0.355264019909334,0.6478931950773301,1986,0.15928819444444442
ds005540,eegnet_lr1e4,2,8,prior_personalized,0.52309844919126,0.3326372318716455,0.7135596665108745,1986,0.1704384007903105
ds005540,eegnet_lr1e4,2,8,eeg_population,0.003427083555520295,-0.0032075691393019597,0.01006173625034255,1986,0.21019740712499999
ds005540,eegnet_lr1e4,2,8,eeg_personalized,0.10727447983077221,-0.025121682661534916,0.23967064232307933,1986,0.22462046284086643
ds005540,eegnet_lr1e4,2,8,combined_population,0.5024208465183585,0.3560908180994249,0.6487508749372921,1986,0.15925746467941865
ds005540,eegnet_lr1e4,2,8,combined_personalized,0.523987155482404,0.3334833743647666,0.7144909366000415,1986,0.17024721416212305
ds005540,eegnet_lr1e4,4,0,prior,5.990550166005177e-16,-1.8579040538974735e-15,3.0560140870985086e-15,1986,0.2105516121458705
ds005540,eegnet_lr1e4,4,0,prior_personalized,0.1431206376808974,0.019143130966026503,0.2670981443957683,1986,0.20883348635891563
ds005540,eegnet_lr1e4,4,0,eeg_population,0.009250476519421414,-0.0069292982033562645,0.025430251242199095,1986,0.2096981770810185
ds005540,eegnet_lr1e4,4,0,eeg_personalized,0.17680037545514962,0.043992047682090085,0.30960870322820916,1986,0.20755796183610245
ds005540,eegnet_lr1e4,4,0,combined_population,0.007270158330444197,-0.0049100267022045355,0.01945034336309293,1986,0.2099234319122944
ds005540,eegnet_lr1e4,4,0,combined_personalized,0.14856345895146636,0.023532587202695493,0.2735943307002372,1986,0.2081790569608612
ds005540,eegnet_lr1e4,4,1,prior,0.36933218502736587,0.19205758796113323,0.5466067820935985,1986,0.21053703703703702
ds005540,eegnet_lr1e4,4,1,prior_personalized,0.4209004917144267,0.2319491190330739,0.6098518643957795,1986,0.21866977064745652
ds005540,eegnet_lr1e4,4,1,eeg_population,0.009138399472667483,-0.00595845963996974,0.024235258585304707,1986,0.20960157686574074
ds005540,eegnet_lr1e4,4,1,eeg_personalized,0.17659532443752823,0.04372648217317146,0.30946416670188504,1986,0.20763801916625604
ds005540,eegnet_lr1e4,4,1,combined_population,0.369517383882115,0.19246920299831166,0.5465655647659184,1986,0.21068833007169613
ds005540,eegnet_lr1e4,4,1,combined_personalized,0.4211262772453964,0.2322216102122073,0.6100309442785855,1986,0.21871894876417647
ds005540,eegnet_lr1e4,4,2,prior,0.40321681440913204,0.26464407738121054,0.5417895514370535,1986,0.19125462962962964
ds005540,eegnet_lr1e4,4,2,prior_personalized,0.4701862543495201,0.3067701806500633,0.6336023280489769,1986,0.1952496666780138
ds005540,eegnet_lr1e4,4,2,eeg_population,0.010276831265535627,-0.003891942516574083,0.024445605047645334,1986,0.20963803703472222
ds005540,eegnet_lr1e4,4,2,eeg_personalized,0.17737914310613098,0.04485269306968678,0.30990559314257515,1986,0.20763448578194174
ds005540,eegnet_lr1e4,4,2,combined_population,0.4046962380002922,0.2662344424991758,0.5431580335014086,1986,0.191114377729362
ds005540,eegnet_lr1e4,4,2,combined_personalized,0.47098218378740403,0.30762662494391246,0.6343377426308956,1986,0.19521429075668145
ds005540,eegnet_lr1e4,4,4,prior,0.45986808514520955,0.313846638897867,0.6058895313925521,1986,0.17076504629629627
ds005540,eegnet_lr1e4,4,4,prior_personalized,0.5155065893915599,0.338244419469488,0.6927687593136318,1986,0.17186772916965926
ds005540,eegnet_lr1e4,4,4,eeg_population,0.0021889819828226132,-0.002773976675445543,0.00715194064109077,1986,0.21028828297685184
ds005540,eegnet_lr1e4,4,4,eeg_personalized,0.17233764467785878,0.04000647197077575,0.3046688173849418,1986,0.20783487110756454
ds005540,eegnet_lr1e4,4,4,combined_population,0.4604976157257526,0.3145334026325678,0.6064618288189374,1986,0.17075176926871877
ds005540,eegnet_lr1e4,4,4,combined_personalized,0.5158977156399231,0.3385957089003271,0.6931997223795192,1986,0.1718655210811489
ds005540,eegnet_lr1e4,4,8,prior,0.501578607493332,0.355264019909334,0.6478931950773301,1986,0.15928819444444442
ds005540,eegnet_lr1e4,4,8,prior_personalized,0.5545849019584379,0.3733481093220576,0.7358216945948182,1986,0.1609749400128587
ds005540,eegnet_lr1e4,4,8,eeg_population,0.003427083555520295,-0.0032075691393019597,0.01006173625034255,1986,0.21019740712499999
ds005540,eegnet_lr1e4,4,8,eeg_personalized,0.17315970773932246,0.04086779283908973,0.30545162263955516,1986,0.20780381556647637
ds005540,eegnet_lr1e4,4,8,combined_population,0.5024208465183585,0.3560908180994249,0.6487508749372921,1986,0.15925746467941865
ds005540,eegnet_lr1e4,4,8,combined_personalized,0.5548845630897408,0.37371400478678163,0.7360551213926999,1986,0.16102812456253973
ds005540,eegnet_lr1e4,8,0,prior,5.990550166005177e-16,-1.8579040538974735e-15,3.0560140870985086e-15,1986,0.2105516121458705
ds005540,eegnet_lr1e4,8,0,prior_personalized,0.16339021787527003,0.03121319743614573,0.29556723831439435,1986,0.20265880030316472
ds005540,eegnet_lr1e4,8,0,eeg_population,0.009250476519421414,-0.0069292982033562645,0.025430251242199095,1986,0.2096981770810185
ds005540,eegnet_lr1e4,8,0,eeg_personalized,0.19087346812404524,0.05725596960610904,0.3244909666419814,1986,0.20612543375547682
ds005540,eegnet_lr1e4,8,0,combined_population,0.007270158330444197,-0.0049100267022045355,0.01945034336309293,1986,0.2099234319122944
ds005540,eegnet_lr1e4,8,0,combined_personalized,0.16755638860895566,0.03561603382432729,0.299496743393584,1986,0.2021912502387154
ds005540,eegnet_lr1e4,8,1,prior,0.36933218502736587,0.19205758796113323,0.5466067820935985,1986,0.21053703703703702
ds005540,eegnet_lr1e4,8,1,prior_personalized,0.4373666173624991,0.24495418397672047,0.6297790507482777,1986,0.21320798785370626
ds005540,eegnet_lr1e4,8,1,eeg_population,0.009138399472667483,-0.00595845963996974,0.024235258585304707,1986,0.20960157686574074
ds005540,eegnet_lr1e4,8,1,eeg_personalized,0.19074594573916018,0.05709499563795606,0.3243968958403643,1986,0.2062138019246123
ds005540,eegnet_lr1e4,8,1,combined_population,0.369517383882115,0.19246920299831166,0.5465655647659184,1986,0.21068833007169613
ds005540,eegnet_lr1e4,8,1,combined_personalized,0.4378297423448079,0.24550116717957832,0.6301583175100376,1986,0.2131847787263014
ds005540,eegnet_lr1e4,8,2,prior,0.40321681440913204,0.26464407738121054,0.5417895514370535,1986,0.19125462962962964
ds005540,eegnet_lr1e4,8,2,prior_personalized,0.49022659746765934,0.3222886820103412,0.6581645129249775,1986,0.1901488328701168
ds005540,eegnet_lr1e4,8,2,eeg_population,0.010276831265535627,-0.003891942516574083,0.024445605047645334,1986,0.20963803703472222
ds005540,eegnet_lr1e4,8,2,eeg_personalized,0.1912791143993296,0.05799514383711821,0.32456308496154096,1986,0.2062030744131004
ds005540,eegnet_lr1e4,8,2,combined_population,0.4046962380002922,0.2662344424991758,0.5431580335014086,1986,0.191114377729362
ds005540,eegnet_lr1e4,8,2,combined_personalized,0.49119242276929925,0.32330472323842047,0.6590801223001781,1986,0.19006842633249793
ds005540,eegnet_lr1e4,8,4,prior,0.45986808514520955,0.313846638897867,0.6058895313925521,1986,0.17076504629629627
ds005540,eegnet_lr1e4,8,4,prior_personalized,0.5433835930881521,0.36579139338975564,0.7209757927865486,1986,0.16573112719068214
ds005540,eegnet_lr1e4,8,4,eeg_population,0.0021889819828226132,-0.002773976675445543,0.00715194064109077,1986,0.21028828297685184
ds005540,eegnet_lr1e4,8,4,eeg_personalized,0.1871486332193803,0.05355782993110916,0.32073943650765147,1986,0.20660421828834935
ds005540,eegnet_lr1e4,8,4,combined_population,0.4604976157257526,0.3145334026325678,0.6064618288189374,1986,0.17075176926871877
ds005540,eegnet_lr1e4,8,4,combined_personalized,0.544116737659827,0.3664889164657625,0.7217445588538915,1986,0.16574656417444877
ds005540,eegnet_lr1e4,8,8,prior,0.501578607493332,0.355264019909334,0.6478931950773301,1986,0.15928819444444442
ds005540,eegnet_lr1e4,8,8,prior_personalized,0.5889929825740453,0.40568807630718684,0.7722978888409038,1986,0.15286851566515705
ds005540,eegnet_lr1e4,8,8,eeg_population,0.003427083555520295,-0.0032075691393019597,0.01006173625034255,1986,0.21019740712499999
ds005540,eegnet_lr1e4,8,8,eeg_personalized,0.18786888248021477,0.05447300446333436,0.3212647604970952,1986,0.20647502061420134
ds005540,eegnet_lr1e4,8,8,combined_population,0.5024208465183585,0.3560908180994249,0.6487508749372921,1986,0.15925746467941865
ds005540,eegnet_lr1e4,8,8,combined_personalized,0.5896355801925953,0.40642410449269134,0.7728470558924994,1986,0.15280719859007327
ds005540,labram_ridge_base,0,0,prior,5.990550166005177e-16,-1.8579040538974735e-15,3.0560140870985086e-15,1986,0.2105516121458705
ds005540,labram_ridge_base,0,0,prior_personalized,5.990550166005177e-16,-1.8579040538974735e-15,3.0560140870985086e-15,1986,0.2105516121458705
ds005540,labram_ridge_base,0,0,eeg_population,-0.006931563803716914,-0.12377820962370081,0.10991508201626699,1986,0.22930811196354087
ds005540,labram_ridge_base,0,0,eeg_personalized,-0.006931563803716914,-0.12377820962370081,0.10991508201626699,1986,0.22930811196354087
ds005540,labram_ridge_base,0,0,combined_population,-0.0046842123074386215,-0.11989051859174749,0.11052209397687024,1986,0.2250377391650613
ds005540,labram_ridge_base,0,0,combined_personalized,-0.0046842123074386215,-0.11989051859174749,0.11052209397687024,1986,0.2250377391650613
ds005540,labram_ridge_base,0,1,prior,0.36933218502736587,0.19205758796113323,0.5466067820935985,1986,0.21053703703703702
ds005540,labram_ridge_base,0,1,prior_personalized,0.36933218502736587,0.19205758796113323,0.5466067820935985,1986,0.21053703703703702
ds005540,labram_ridge_base,0,1,eeg_population,-0.007934022409143154,-0.12471199172796298,0.10884394690967668,1986,0.22880096235990988
ds005540,labram_ridge_base,0,1,eeg_personalized,-0.007934022409143154,-0.12471199172796298,0.10884394690967668,1986,0.22880096235990988
ds005540,labram_ridge_base,0,1,combined_population,0.35926901976812226,0.1888510376182942,0.5296870019179503,1986,0.22104784485904502
ds005540,labram_ridge_base,0,1,combined_personalized,0.35926901976812226,0.1888510376182942,0.5296870019179503,1986,0.22104784485904502
ds005540,labram_ridge_base,0,2,prior,0.40321681440913204,0.26464407738121054,0.5417895514370535,1986,0.19125462962962964
ds005540,labram_ridge_base,0,2,prior_personalized,0.40321681440913204,0.26464407738121054,0.5417895514370535,1986,0.19125462962962964
ds005540,labram_ridge_base,0,2,eeg_population,-0.005076698867822649,-0.12224135071483923,0.11208795297919392,1986,0.22915802182338418
ds005540,labram_ridge_base,0,2,eeg_personalized,-0.005076698867822649,-0.12224135071483923,0.11208795297919392,1986,0.22915802182338418
ds005540,labram_ridge_base,0,2,combined_population,0.38558313651652176,0.23598335178760324,0.5351829212454403,1986,0.20215132682819767
ds005540,labram_ridge_base,0,2,combined_personalized,0.38558313651652176,0.23598335178760324,0.5351829212454403,1986,0.20215132682819767
ds005540,labram_ridge_base,0,4,prior,0.45986808514520955,0.313846638897867,0.6058895313925521,1986,0.17076504629629627
ds005540,labram_ridge_base,0,4,prior_personalized,0.45986808514520955,0.313846638897867,0.6058895313925521,1986,0.17076504629629627
ds005540,labram_ridge_base,0,4,eeg_population,-0.0035803022354183173,-0.11735729684916577,0.11019669237832913,1986,0.22974200378611945
ds005540,labram_ridge_base,0,4,eeg_personalized,-0.0035803022354183173,-0.11735729684916577,0.11019669237832913,1986,0.22974200378611945
ds005540,labram_ridge_base,0,4,combined_population,0.4327066434938035,0.2860119090288763,0.5794013779587307,1986,0.18511984851768504
ds005540,labram_ridge_base,0,4,combined_personalized,0.4327066434938035,0.2860119090288763,0.5794013779587307,1986,0.18511984851768504
ds005540,labram_ridge_base,0,8,prior,0.501578607493332,0.355264019909334,0.6478931950773301,1986,0.15928819444444442
ds005540,labram_ridge_base,0,8,prior_personalized,0.501578607493332,0.355264019909334,0.6478931950773301,1986,0.15928819444444442
ds005540,labram_ridge_base,0,8,eeg_population,-0.007067203233206069,-0.1151792235675102,0.10104481710109806,1986,0.22782565500273338
ds005540,labram_ridge_base,0,8,eeg_personalized,-0.007067203233206069,-0.1151792235675102,0.10104481710109806,1986,0.22782565500273338
ds005540,labram_ridge_base,0,8,combined_population,0.4576211930291948,0.3057360808413941,0.6095063052169956,1986,0.17478235810032375
ds005540,labram_ridge_base,0,8,combined_personalized,0.4576211930291948,0.3057360808413941,0.6095063052169956,1986,0.17478235810032375
ds005540,labram_ridge_base,1,0,prior,5.990550166005177e-16,-1.8579040538974735e-15,3.0560140870985086e-15,1986,0.2105516121458705
ds005540,labram_ridge_base,1,0,prior_personalized,0.09924916678456026,-0.038392914972511336,0.23689124854163185,1986,0.22442082976391936
ds005540,labram_ridge_base,1,0,eeg_population,-0.006931563803716914,-0.12377820962370081,0.10991508201626699,1986,0.22930811196354087
ds005540,labram_ridge_base,1,0,eeg_personalized,0.09368262595842267,-0.07046055440559532,0.2578258063224407,1986,0.2583052855602977
ds005540,labram_ridge_base,1,0,combined_population,-0.0046842123074386215,-0.11989051859174749,0.11052209397687024,1986,0.2250377391650613
ds005540,labram_ridge_base,1,0,combined_personalized,0.10825789598142843,-0.05637871515879267,0.27289450712164953,1986,0.23594650258186145
ds005540,labram_ridge_base,1,1,prior,0.36933218502736587,0.19205758796113323,0.5466067820935985,1986,0.21053703703703702
ds005540,labram_ridge_base,1,1,prior_personalized,0.376652876645213,0.18778241152248235,0.5655233417679437,1986,0.2315755094862019
ds005540,labram_ridge_base,1,1,eeg_population,-0.007934022409143154,-0.12471199172796298,0.10884394690967668,1986,0.22880096235990988
ds005540,labram_ridge_base,1,1,eeg_personalized,0.08584389466589396,-0.07832085945025183,0.25000864878203977,1986,0.25913059751655515
ds005540,labram_ridge_base,1,1,combined_population,0.35926901976812226,0.1888510376182942,0.5296870019179503,1986,0.22104784485904502
ds005540,labram_ridge_base,1,1,combined_personalized,0.36609469853066884,0.17870164653704831,0.5534877505242893,1986,0.24260661860183452
ds005540,labram_ridge_base,1,2,prior,0.40321681440913204,0.26464407738121054,0.5417895514370535,1986,0.19125462962962964
ds005540,labram_ridge_base,1,2,prior_personalized,0.42288656507479716,0.25450433901878794,0.5912687911308063,1986,0.20798052102785558
ds005540,labram_ridge_base,1,2,eeg_population,-0.005076698867822649,-0.12224135071483923,0.11208795297919392,1986,0.22915802182338418
ds005540,labram_ridge_base,1,2,eeg_personalized,0.09117839012451312,-0.07267204240836536,0.2550288226573916,1986,0.2584302791594242
ds005540,labram_ridge_base,1,2,combined_population,0.38558313651652176,0.23598335178760324,0.5351829212454403,1986,0.20215132682819767
ds005540,labram_ridge_base,1,2,combined_personalized,0.39653634936547744,0.22551615654268165,0.5675565421882732,1986,0.22789210442070215
ds005540,labram_ridge_base,1,4,prior,0.45986808514520955,0.313846638897867,0.6058895313925521,1986,0.17076504629629627
ds005540,labram_ridge_base,1,4,prior_personalized,0.45670204380735574,0.2815132321828928,0.6318908554318187,1986,0.1896018822729709
ds005540,labram_ridge_base,1,4,eeg_population,-0.0035803022354183173,-0.11735729684916577,0.11019669237832913,1986,0.22974200378611945
ds005540,labram_ridge_base,1,4,eeg_personalized,0.08424058883212,-0.0780608371472354,0.24654201481147542,1986,0.2619119134689235
ds005540,labram_ridge_base,1,4,combined_population,0.4327066434938035,0.2860119090288763,0.5794013779587307,1986,0.18511984851768504
ds005540,labram_ridge_base,1,4,combined_personalized,0.4237274115382254,0.2489987798689692,0.5984560432074816,1986,0.20754575037582432
ds005540,labram_ridge_base,1,8,prior,0.501578607493332,0.355264019909334,0.6478931950773301,1986,0.15928819444444442
ds005540,labram_ridge_base,1,8,prior_personalized,0.4894133064223496,0.31333091972142535,0.6654956931232738,1986,0.18175655626259177
ds005540,labram_ridge_base,1,8,eeg_population,-0.007067203233206069,-0.1151792235675102,0.10104481710109806,1986,0.22782565500273338
ds005540,labram_ridge_base,1,8,eeg_personalized,0.0843503879216159,-0.0709610334977811,0.2396618093410129,1986,0.2616194068951808
ds005540,labram_ridge_base,1,8,combined_population,0.4576211930291948,0.3057360808413941,0.6095063052169956,1986,0.17478235810032375
ds005540,labram_ridge_base,1,8,combined_personalized,0.4647612658116052,0.28734837806136676,0.6421741535618437,1986,0.19621219875785348
ds005540,labram_ridge_base,2,0,prior,5.990550166005177e-16,-1.8579040538974735e-15,3.0560140870985086e-15,1986,0.2105516121458705
ds005540,labram_ridge_base,2,0,prior_personalized,0.12243970917015698,-0.007037697768703527,0.25191711610901746,1986,0.2189482670515333
ds005540,labram_ridge_base,2,0,eeg_population,-0.006931563803716914,-0.12377820962370081,0.10991508201626699,1986,0.22930811196354087
ds005540,labram_ridge_base,2,0,eeg_personalized,0.11742622206183598,-0.0301686622268168,0.26502110635048876,1986,0.23683039484735385
ds005540,labram_ridge_base,2,0,combined_population,-0.0046842123074386215,-0.11989051859174749,0.11052209397687024,1986,0.2250377391650613
ds005540,labram_ridge_base,2,0,combined_personalized,0.1274381173747598,-0.02646967104656675,0.2813459057960863,1986,0.22810390274333692
ds005540,labram_ridge_base,2,1,prior,0.36933218502736587,0.19205758796113323,0.5466067820935985,1986,0.21053703703703702
ds005540,labram_ridge_base,2,1,prior_personalized,0.3970581510873904,0.20070335517807775,0.5934129469967031,1986,0.22462193694993432
ds005540,labram_ridge_base,2,1,eeg_population,-0.007934022409143154,-0.12471199172796298,0.10884394690967668,1986,0.22880096235990988
ds005540,labram_ridge_base,2,1,eeg_personalized,0.11207292092272794,-0.03683573757251413,0.26098157941797,1986,0.23752084852396962
ds005540,labram_ridge_base,2,1,combined_population,0.35926901976812226,0.1888510376182942,0.5296870019179503,1986,0.22104784485904502
ds005540,labram_ridge_base,2,1,combined_personalized,0.39393586950700793,0.19758951943303169,0.5902822195809841,1986,0.22881327987682964
ds005540,labram_ridge_base,2,2,prior,0.40321681440913204,0.26464407738121054,0.5417895514370535,1986,0.19125462962962964
ds005540,labram_ridge_base,2,2,prior_personalized,0.44704652155337554,0.275324912611171,0.6187681304955801,1986,0.2020772346554362
ds005540,labram_ridge_base,2,2,eeg_population,-0.005076698867822649,-0.12224135071483923,0.11208795297919392,1986,0.22915802182338418
ds005540,labram_ridge_base,2,2,eeg_personalized,0.1133210031421219,-0.03509795813023431,0.2617399644144781,1986,0.2380131100032
ds005540,labram_ridge_base,2,2,combined_population,0.38558313651652176,0.23598335178760324,0.5351829212454403,1986,0.20215132682819767
ds005540,labram_ridge_base,2,2,combined_personalized,0.43451282046039585,0.2586110414780993,0.6104145994426924,1986,0.21282859696494957
ds005540,labram_ridge_base,2,4,prior,0.45986808514520955,0.313846638897867,0.6058895313925521,1986,0.17076504629629627
ds005540,labram_ridge_base,2,4,prior_personalized,0.48661546455188187,0.30188330801665086,0.6713476210871129,1986,0.17940158765280803
ds005540,labram_ridge_base,2,4,eeg_population,-0.0035803022354183173,-0.11735729684916577,0.11019669237832913,1986,0.22974200378611945
ds005540,labram_ridge_base,2,4,eeg_personalized,0.10641669354811285,-0.04147519234866372,0.25430857944488944,1986,0.23895578830575168
ds005540,labram_ridge_base,2,4,combined_population,0.4327066434938035,0.2860119090288763,0.5794013779587307,1986,0.18511984851768504
ds005540,labram_ridge_base,2,4,combined_personalized,0.4606033115537227,0.2782423330632452,0.6429642900442002,1986,0.19320411670717194
ds005540,labram_ridge_base,2,8,prior,0.501578607493332,0.355264019909334,0.6478931950773301,1986,0.15928819444444442
ds005540,labram_ridge_base,2,8,prior_personalized,0.52309844919126,0.3326372318716455,0.7135596665108745,1986,0.1704384007903105
ds005540,labram_ridge_base,2,8,eeg_population,-0.007067203233206069,-0.1151792235675102,0.10104481710109806,1986,0.22782565500273338
ds005540,labram_ridge_base,2,8,eeg_personalized,0.10284810124414348,-0.04057238772559635,0.2462685902138833,1986,0.2395387266256944
ds005540,labram_ridge_base,2,8,combined_population,0.4576211930291948,0.3057360808413941,0.6095063052169956,1986,0.17478235810032375
ds005540,labram_ridge_base,2,8,combined_personalized,0.49268269067019566,0.307750656350793,0.6776147249895983,1986,0.18377831199256037
ds005540,labram_ridge_base,4,0,prior,5.990550166005177e-16,-1.8579040538974735e-15,3.0560140870985086e-15,1986,0.2105516121458705
ds005540,labram_ridge_base,4,0,prior_personalized,0.1431206376808974,0.019143130966026503,0.2670981443957683,1986,0.20883348635891563
ds005540,labram_ridge_base,4,0,eeg_population,-0.006931563803716914,-0.12377820962370081,0.10991508201626699,1986,0.22930811196354087
ds005540,labram_ridge_base,4,0,eeg_personalized,0.16655508233528818,0.018021182722053608,0.31508898194852275,1986,0.22110500144382667
ds005540,labram_ridge_base,4,0,combined_population,-0.0046842123074386215,-0.11989051859174749,0.11052209397687024,1986,0.2250377391650613
ds005540,labram_ridge_base,4,0,combined_personalized,0.12926939567291162,-0.012863259537305965,0.2714020508831292,1986,0.21968956238556042
ds005540,labram_ridge_base,4,1,prior,0.36933218502736587,0.19205758796113323,0.5466067820935985,1986,0.21053703703703702
ds005540,labram_ridge_base,4,1,prior_personalized,0.4209004917144267,0.2319491190330739,0.6098518643957795,1986,0.21866977064745652
ds005540,labram_ridge_base,4,1,eeg_population,-0.007934022409143154,-0.12471199172796298,0.10884394690967668,1986,0.22880096235990988
ds005540,labram_ridge_base,4,1,eeg_personalized,0.16240268061893776,0.012079681647523405,0.31272567959035213,1986,0.22086246754585598
ds005540,labram_ridge_base,4,1,combined_population,0.35926901976812226,0.1888510376182942,0.5296870019179503,1986,0.22104784485904502
ds005540,labram_ridge_base,4,1,combined_personalized,0.41553603642985204,0.2282600011859814,0.6028120716737226,1986,0.2223752502721083
ds005540,labram_ridge_base,4,2,prior,0.40321681440913204,0.26464407738121054,0.5417895514370535,1986,0.19125462962962964
ds005540,labram_ridge_base,4,2,prior_personalized,0.4701862543495201,0.3067701806500633,0.6336023280489769,1986,0.1952496666780138
ds005540,labram_ridge_base,4,2,eeg_population,-0.005076698867822649,-0.12224135071483923,0.11208795297919392,1986,0.22915802182338418
ds005540,labram_ridge_base,4,2,eeg_personalized,0.16301660430162954,0.01301699752520738,0.31301621107805166,1986,0.2207448559542534
ds005540,labram_ridge_base,4,2,combined_population,0.38558313651652176,0.23598335178760324,0.5351829212454403,1986,0.20215132682819767
ds005540,labram_ridge_base,4,2,combined_personalized,0.4555311767977873,0.2885641850689698,0.6224981685266049,1986,0.2040740613713286
ds005540,labram_ridge_base,4,4,prior,0.45986808514520955,0.313846638897867,0.6058895313925521,1986,0.17076504629629627
ds005540,labram_ridge_base,4,4,prior_personalized,0.5155065893915599,0.338244419469488,0.6927687593136318,1986,0.17186772916965926
ds005540,labram_ridge_base,4,4,eeg_population,-0.0035803022354183173,-0.11735729684916577,0.11019669237832913,1986,0.22974200378611945
ds005540,labram_ridge_base,4,4,eeg_personalized,0.15833437225558306,0.011711172726777436,0.30495757178438865,1986,0.2213292589841241
ds005540,labram_ridge_base,4,4,combined_population,0.4327066434938035,0.2860119090288763,0.5794013779587307,1986,0.18511984851768504
ds005540,labram_ridge_base,4,4,combined_personalized,0.4900135090633113,0.3171338497677145,0.6628931683589081,1986,0.1820337420807962
ds005540,labram_ridge_base,4,8,prior,0.501578607493332,0.355264019909334,0.6478931950773301,1986,0.15928819444444442
ds005540,labram_ridge_base,4,8,prior_personalized,0.5545849019584379,0.3733481093220576,0.7358216945948182,1986,0.1609749400128587
ds005540,labram_ridge_base,4,8,eeg_population,-0.007067203233206069,-0.1151792235675102,0.10104481710109806,1986,0.22782565500273338
ds005540,labram_ridge_base,4,8,eeg_personalized,0.1552225678011742,0.012952365761507878,0.2974927698408405,1986,0.22196069075328456
ds005540,labram_ridge_base,4,8,combined_population,0.4576211930291948,0.3057360808413941,0.6095063052169956,1986,0.17478235810032375
ds005540,labram_ridge_base,4,8,combined_personalized,0.5187466042339628,0.34262497699433053,0.694868231473595,1986,0.17294048708755455
ds005540,labram_ridge_base,8,0,prior,5.990550166005177e-16,-1.8579040538974735e-15,3.0560140870985086e-15,1986,0.2105516121458705
ds005540,labram_ridge_base,8,0,prior_personalized,0.16339021787527003,0.03121319743614573,0.29556723831439435,1986,0.20265880030316472
ds005540,labram_ridge_base,8,0,eeg_population,-0.006931563803716914,-0.12377820962370081,0.10991508201626699,1986,0.22930811196354087
ds005540,labram_ridge_base,8,0,eeg_personalized,0.1750951082588665,0.018891687667015128,0.33129852885071787,1986,0.21964621175524654
ds005540,labram_ridge_base,8,0,combined_population,-0.0046842123074386215,-0.11989051859174749,0.11052209397687024,1986,0.2250377391650613
ds005540,labram_ridge_base,8,0,combined_personalized,0.1484423848832974,-0.00100264809155165,0.29788741785814643,1986,0.21230486991219935
ds005540,labram_ridge_base,8,1,prior,0.36933218502736587,0.19205758796113323,0.5466067820935985,1986,0.21053703703703702
ds005540,labram_ridge_base,8,1,prior_personalized,0.4373666173624991,0.24495418397672047,0.6297790507482777,1986,0.21320798785370626
ds005540,labram_ridge_base,8,1,eeg_population,-0.007934022409143154,-0.12471199172796298,0.10884394690967668,1986,0.22880096235990988
ds005540,labram_ridge_base,8,1,eeg_personalized,0.1720607900456849,0.014568685544569554,0.32955289454680026,1986,0.21936041907829534
ds005540,labram_ridge_base,8,1,combined_population,0.35926901976812226,0.1888510376182942,0.5296870019179503,1986,0.22104784485904502
ds005540,labram_ridge_base,8,1,combined_personalized,0.4281686638995417,0.23718308265879187,0.6191542451402916,1986,0.2154816078637467
ds005540,labram_ridge_base,8,2,prior,0.40321681440913204,0.26464407738121054,0.5417895514370535,1986,0.19125462962962964
ds005540,labram_ridge_base,8,2,prior_personalized,0.49022659746765934,0.3222886820103412,0.6581645129249775,1986,0.1901488328701168
ds005540,labram_ridge_base,8,2,eeg_population,-0.005076698867822649,-0.12224135071483923,0.11208795297919392,1986,0.22915802182338418
ds005540,labram_ridge_base,8,2,eeg_personalized,0.17195062434805242,0.014895161006896862,0.32900608768920797,1986,0.21900051853193342
ds005540,labram_ridge_base,8,2,combined_population,0.38558313651652176,0.23598335178760324,0.5351829212454403,1986,0.20215132682819767
ds005540,labram_ridge_base,8,2,combined_personalized,0.4705415163702117,0.29688676135828596,0.6441962713821374,1986,0.19766706022245445
ds005540,labram_ridge_base,8,4,prior,0.45986808514520955,0.313846638897867,0.6058895313925521,1986,0.17076504629629627
ds005540,labram_ridge_base,8,4,prior_personalized,0.5433835930881521,0.36579139338975564,0.7209757927865486,1986,0.16573112719068214
ds005540,labram_ridge_base,8,4,eeg_population,-0.0035803022354183173,-0.11735729684916577,0.11019669237832913,1986,0.22974200378611945
ds005540,labram_ridge_base,8,4,eeg_personalized,0.16601808657221076,0.010897271942141157,0.3211389012022804,1986,0.2193951586840714
ds005540,labram_ridge_base,8,4,combined_population,0.4327066434938035,0.2860119090288763,0.5794013779587307,1986,0.18511984851768504
ds005540,labram_ridge_base,8,4,combined_personalized,0.5143170842976119,0.3387905385937675,0.6898436300014563,1986,0.17390016769601066
ds005540,labram_ridge_base,8,8,prior,0.501578607493332,0.355264019909334,0.6478931950773301,1986,0.15928819444444442
ds005540,labram_ridge_base,8,8,prior_personalized,0.5889929825740453,0.40568807630718684,0.7722978888409038,1986,0.15286851566515705
ds005540,labram_ridge_base,8,8,eeg_population,-0.007067203233206069,-0.1151792235675102,0.10104481710109806,1986,0.22782565500273338
ds005540,labram_ridge_base,8,8,eeg_personalized,0.16198159839048304,0.010365071615225874,0.3135981251657402,1986,0.21953109541009702
ds005540,labram_ridge_base,8,8,combined_population,0.4576211930291948,0.3057360808413941,0.6095063052169956,1986,0.17478235810032375
ds005540,labram_ridge_base,8,8,combined_personalized,0.548557065516232,0.36908581680109254,0.7280283142313714,1986,0.16437359037545632
ds005540,labram_ridge_strong,0,0,prior,5.990550166005177e-16,-1.8579040538974735e-15,3.0560140870985086e-15,1986,0.2105516121458705
ds005540,labram_ridge_strong,0,0,prior_personalized,5.990550166005177e-16,-1.8579040538974735e-15,3.0560140870985086e-15,1986,0.2105516121458705
ds005540,labram_ridge_strong,0,0,eeg_population,-0.010341004364367783,-0.0766322492600219,0.05595024053128633,1986,0.2185791533869163
ds005540,labram_ridge_strong,0,0,eeg_personalized,-0.010341004364367783,-0.0766322492600219,0.05595024053128633,1986,0.2185791533869163
ds005540,labram_ridge_strong,0,0,combined_population,-0.014414702195620405,-0.08281190997745902,0.053982505586218206,1986,0.2179755304992886
ds005540,labram_ridge_strong,0,0,combined_personalized,-0.014414702195620405,-0.08281190997745902,0.053982505586218206,1986,0.2179755304992886
ds005540,labram_ridge_strong,0,1,prior,0.36933218502736587,0.19205758796113323,0.5466067820935985,1986,0.21053703703703702
ds005540,labram_ridge_strong,0,1,prior_personalized,0.36933218502736587,0.19205758796113323,0.5466067820935985,1986,0.21053703703703702
ds005540,labram_ridge_strong,0,1,eeg_population,-0.010853481783205233,-0.07534649058474474,0.05363952701833427,1986,0.2182624101122898
ds005540,labram_ridge_strong,0,1,eeg_personalized,-0.010853481783205233,-0.07534649058474474,0.05363952701833427,1986,0.2182624101122898
ds005540,labram_ridge_strong,0,1,combined_population,0.360208680208006,0.1882098658467902,0.5322074945692218,1986,0.21755996324203686
ds005540,labram_ridge_strong,0,1,combined_personalized,0.360208680208006,0.1882098658467902,0.5322074945692218,1986,0.21755996324203686
ds005540,labram_ridge_strong,0,2,prior,0.40321681440913204,0.26464407738121054,0.5417895514370535,1986,0.19125462962962964
ds005540,labram_ridge_strong,0,2,prior_personalized,0.40321681440913204,0.26464407738121054,0.5417895514370535,1986,0.19125462962962964
ds005540,labram_ridge_strong,0,2,eeg_population,-0.008541342074498814,-0.07210630368681477,0.055023619537817134,1986,0.21838021849358294
ds005540,labram_ridge_strong,0,2,eeg_personalized,-0.008541342074498814,-0.07210630368681477,0.055023619537817134,1986,0.21838021849358294
ds005540,labram_ridge_strong,0,2,combined_population,0.39276345266042323,0.2539867429101365,0.5315401624107099,1986,0.1964572979221638
ds005540,labram_ridge_strong,0,2,combined_personalized,0.39276345266042323,0.2539867429101365,0.5315401624107099,1986,0.1964572979221638
ds005540,labram_ridge_strong,0,4,prior,0.45986808514520955,0.313846638897867,0.6058895313925521,1986,0.17076504629629627
ds005540,labram_ridge_strong,0,4,prior_personalized,0.45986808514520955,0.313846638897867,0.6058895313925521,1986,0.17076504629629627
ds005540,labram_ridge_strong,0,4,eeg_population,-0.007231006790476596,-0.07147618917274404,0.05701417559179084,1986,0.21865217980018198
ds005540,labram_ridge_strong,0,4,eeg_personalized,-0.007231006790476596,-0.07147618917274404,0.05701417559179084,1986,0.21865217980018198
ds005540,labram_ridge_strong,0,4,combined_population,0.4445224289834034,0.3011961379667194,0.5878487200000874,1986,0.17794639046523125
ds005540,labram_ridge_strong,0,4,combined_personalized,0.4445224289834034,0.3011961379667194,0.5878487200000874,1986,0.17794639046523125
ds005540,labram_ridge_strong,0,8,prior,0.501578607493332,0.355264019909334,0.6478931950773301,1986,0.15928819444444442
ds005540,labram_ridge_strong,0,8,prior_personalized,0.501578607493332,0.355264019909334,0.6478931950773301,1986,0.15928819444444442
ds005540,labram_ridge_strong,0,8,eeg_population,-0.009922000497699082,-0.0747749503366635,0.054930949341265335,1986,0.21803951308399583
ds005540,labram_ridge_strong,0,8,eeg_personalized,-0.009922000497699082,-0.0747749503366635,0.054930949341265335,1986,0.21803951308399583
ds005540,labram_ridge_strong,0,8,combined_population,0.47163557306776027,0.32240602862455403,0.6208651175109665,1986,0.16768992349975637
ds005540,labram_ridge_strong,0,8,combined_personalized,0.47163557306776027,0.32240602862455403,0.6208651175109665,1986,0.16768992349975637
ds005540,labram_ridge_strong,1,0,prior,5.990550166005177e-16,-1.8579040538974735e-15,3.0560140870985086e-15,1986,0.2105516121458705
ds005540,labram_ridge_strong,1,0,prior_personalized,0.09924916678456026,-0.038392914972511336,0.23689124854163185,1986,0.22442082976391936
ds005540,labram_ridge_strong,1,0,eeg_population,-0.010341004364367783,-0.0766322492600219,0.05595024053128633,1986,0.2185791533869163
ds005540,labram_ridge_strong,1,0,eeg_personalized,0.09776739823527694,-0.06048321556816447,0.2560180120387183,1986,0.24643482459159222
ds005540,labram_ridge_strong,1,0,combined_population,-0.014414702195620405,-0.08281190997745902,0.053982505586218206,1986,0.2179755304992886
ds005540,labram_ridge_strong,1,0,combined_personalized,0.1066400370644998,-0.04611238626690413,0.25939246039590375,1986,0.22765326361836383
ds005540,labram_ridge_strong,1,1,prior,0.36933218502736587,0.19205758796113323,0.5466067820935985,1986,0.21053703703703702
ds005540,labram_ridge_strong,1,1,prior_personalized,0.376652876645213,0.18778241152248235,0.5655233417679437,1986,0.2315755094862019
ds005540,labram_ridge_strong,1,1,eeg_population,-0.010853481783205233,-0.07534649058474474,0.05363952701833427,1986,0.2182624101122898
ds005540,labram_ridge_strong,1,1,eeg_personalized,0.09392210343649954,-0.0637232624138353,0.2515674692868344,1986,0.24657926364060043
ds005540,labram_ridge_strong,1,1,combined_population,0.360208680208006,0.1882098658467902,0.5322074945692218,1986,0.21755996324203686
ds005540,labram_ridge_strong,1,1,combined_personalized,0.377442462313464,0.18873591191751043,0.5661490127094175,1986,0.23416722928433376
ds005540,labram_ridge_strong,1,2,prior,0.40321681440913204,0.26464407738121054,0.5417895514370535,1986,0.19125462962962964
ds005540,labram_ridge_strong,1,2,prior_personalized,0.42288656507479716,0.25450433901878794,0.5912687911308063,1986,0.20798052102785558
ds005540,labram_ridge_strong,1,2,eeg_population,-0.008541342074498814,-0.07210630368681477,0.055023619537817134,1986,0.21838021849358294
ds005540,labram_ridge_strong,1,2,eeg_personalized,0.09681019011666478,-0.06063627145884257,0.25425665169217215,1986,0.24583238164185195
ds005540,labram_ridge_strong,1,2,combined_population,0.39276345266042323,0.2539867429101365,0.5315401624107099,1986,0.1964572979221638
ds005540,labram_ridge_strong,1,2,combined_personalized,0.41888520904755494,0.24989451957862363,0.5878758985164863,1986,0.21366384564916535
ds005540,labram_ridge_strong,1,4,prior,0.45986808514520955,0.313846638897867,0.6058895313925521,1986,0.17076504629629627
ds005540,labram_ridge_strong,1,4,prior_personalized,0.45670204380735574,0.2815132321828928,0.6318908554318187,1986,0.1896018822729709
ds005540,labram_ridge_strong,1,4,eeg_population,-0.007231006790476596,-0.07147618917274404,0.05701417559179084,1986,0.21865217980018198
ds005540,labram_ridge_strong,1,4,eeg_personalized,0.0920622838581697,-0.06494611398284142,0.2490706816991808,1986,0.2478714106650926
ds005540,labram_ridge_strong,1,4,combined_population,0.4445224289834034,0.3011961379667194,0.5878487200000874,1986,0.17794639046523125
ds005540,labram_ridge_strong,1,4,combined_personalized,0.44950275180531285,0.2735383254671442,0.6254671781434815,1986,0.19475702194897918
ds005540,labram_ridge_strong,1,8,prior,0.501578607493332,0.355264019909334,0.6478931950773301,1986,0.15928819444444442
ds005540,labram_ridge_strong,1,8,prior_personalized,0.4894133064223496,0.31333091972142535,0.6654956931232738,1986,0.18175655626259177
ds005540,labram_ridge_strong,1,8,eeg_population,-0.009922000497699082,-0.0747749503366635,0.054930949341265335,1986,0.21803951308399583
ds005540,labram_ridge_strong,1,8,eeg_personalized,0.09017070298049859,-0.06380882911414468,0.24415023507514186,1986,0.24895916794194192
ds005540,labram_ridge_strong,1,8,combined_population,0.47163557306776027,0.32240602862455403,0.6208651175109665,1986,0.16768992349975637
ds005540,labram_ridge_strong,1,8,combined_personalized,0.4869541119223889,0.31104064257941644,0.6628675812653614,1986,0.18492765485425755
ds005540,labram_ridge_strong,2,0,prior,5.990550166005177e-16,-1.8579040538974735e-15,3.0560140870985086e-15,1986,0.2105516121458705
ds005540,labram_ridge_strong,2,0,prior_personalized,0.12243970917015698,-0.007037697768703527,0.25191711610901746,1986,0.2189482670515333
ds005540,labram_ridge_strong,2,0,eeg_population,-0.010341004364367783,-0.0766322492600219,0.05595024053128633,1986,0.2185791533869163
ds005540,labram_ridge_strong,2,0,eeg_personalized,0.11046100990738106,-0.025709809474521894,0.246631829289284,1986,0.23026345830332917
ds005540,labram_ridge_strong,2,0,combined_population,-0.014414702195620405,-0.08281190997745902,0.053982505586218206,1986,0.2179755304992886
ds005540,labram_ridge_strong,2,0,combined_personalized,0.1198643358468376,-0.018609722369758316,0.2583383940634335,1986,0.22380948620540356
ds005540,labram_ridge_strong,2,1,prior,0.36933218502736587,0.19205758796113323,0.5466067820935985,1986,0.21053703703703702
ds005540,labram_ridge_strong,2,1,prior_personalized,0.3970581510873904,0.20070335517807775,0.5934129469967031,1986,0.22462193694993432
ds005540,labram_ridge_strong,2,1,eeg_population,-0.010853481783205233,-0.07534649058474474,0.05363952701833427,1986,0.2182624101122898
ds005540,labram_ridge_strong,2,1,eeg_personalized,0.10757832412468446,-0.02852376464854184,0.24368041289791076,1986,0.23075599471854913
ds005540,labram_ridge_strong,2,1,combined_population,0.360208680208006,0.1882098658467902,0.5322074945692218,1986,0.21755996324203686
ds005540,labram_ridge_strong,2,1,combined_personalized,0.3951130425670196,0.197580575973187,0.5926455091608522,1986,0.22594549495280117
ds005540,labram_ridge_strong,2,2,prior,0.40321681440913204,0.26464407738121054,0.5417895514370535,1986,0.19125462962962964
ds005540,labram_ridge_strong,2,2,prior_personalized,0.44704652155337554,0.275324912611171,0.6187681304955801,1986,0.2020772346554362
ds005540,labram_ridge_strong,2,2,eeg_population,-0.008541342074498814,-0.07210630368681477,0.055023619537817134,1986,0.21838021849358294
ds005540,labram_ridge_strong,2,2,eeg_personalized,0.10848867038310846,-0.026995349559974527,0.24397269032619145,1986,0.23071464094583924
ds005540,labram_ridge_strong,2,2,combined_population,0.39276345266042323,0.2539867429101365,0.5315401624107099,1986,0.1964572979221638
ds005540,labram_ridge_strong,2,2,combined_personalized,0.44078658731275466,0.2667568422204526,0.6148163324050567,1986,0.20700774838635283
ds005540,labram_ridge_strong,2,4,prior,0.45986808514520955,0.313846638897867,0.6058895313925521,1986,0.17076504629629627
ds005540,labram_ridge_strong,2,4,prior_personalized,0.48661546455188187,0.30188330801665086,0.6713476210871129,1986,0.17940158765280803
ds005540,labram_ridge_strong,2,4,eeg_population,-0.007231006790476596,-0.07147618917274404,0.05701417559179084,1986,0.21865217980018198
ds005540,labram_ridge_strong,2,4,eeg_personalized,0.1027367480223349,-0.033027971976547305,0.2385014680212171,1986,0.23208465011233761
ds005540,labram_ridge_strong,2,4,combined_population,0.4445224289834034,0.3011961379667194,0.5878487200000874,1986,0.17794639046523125
ds005540,labram_ridge_strong,2,4,combined_personalized,0.4749772322243981,0.2892239642295152,0.6607305002192809,1986,0.1847496511987976
ds005540,labram_ridge_strong,2,8,prior,0.501578607493332,0.355264019909334,0.6478931950773301,1986,0.15928819444444442
ds005540,labram_ridge_strong,2,8,prior_personalized,0.52309844919126,0.3326372318716455,0.7135596665108745,1986,0.1704384007903105
ds005540,labram_ridge_strong,2,8,eeg_population,-0.009922000497699082,-0.0747749503366635,0.054930949341265335,1986,0.21803951308399583
ds005540,labram_ridge_strong,2,8,eeg_personalized,0.09908016978400165,-0.034966835867626764,0.23312717543563005,1986,0.23254540548223349
ds005540,labram_ridge_strong,2,8,combined_population,0.47163557306776027,0.32240602862455403,0.6208651175109665,1986,0.16768992349975637
ds005540,labram_ridge_strong,2,8,combined_personalized,0.5052293880933566,0.31435364850890785,0.6961051276778054,1986,0.17558431630146482
ds005540,labram_ridge_strong,4,0,prior,5.990550166005177e-16,-1.8579040538974735e-15,3.0560140870985086e-15,1986,0.2105516121458705
ds005540,labram_ridge_strong,4,0,prior_personalized,0.1431206376808974,0.019143130966026503,0.2670981443957683,1986,0.20883348635891563
ds005540,labram_ridge_strong,4,0,eeg_population,-0.010341004364367783,-0.0766322492600219,0.05595024053128633,1986,0.2185791533869163
ds005540,labram_ridge_strong,4,0,eeg_personalized,0.16805757392674542,0.034997925504872546,0.30111722234861826,1986,0.2132202389492357
ds005540,labram_ridge_strong,4,0,combined_population,-0.014414702195620405,-0.08281190997745902,0.053982505586218206,1986,0.2179755304992886
ds005540,labram_ridge_strong,4,0,combined_personalized,0.13018426927213625,0.0012088987457324618,0.25915963979854006,1986,0.21390486493748062
ds005540,labram_ridge_strong,4,1,prior,0.36933218502736587,0.19205758796113323,0.5466067820935985,1986,0.21053703703703702
ds005540,labram_ridge_strong,4,1,prior_personalized,0.4209004917144267,0.2319491190330739,0.6098518643957795,1986,0.21866977064745652
ds005540,labram_ridge_strong,4,1,eeg_population,-0.010853481783205233,-0.07534649058474474,0.05363952701833427,1986,0.2182624101122898
ds005540,labram_ridge_strong,4,1,eeg_personalized,0.16598700789396342,0.03287435027690919,0.29909966551101763,1986,0.21306132390648994
ds005540,labram_ridge_strong,4,1,combined_population,0.360208680208006,0.1882098658467902,0.5322074945692218,1986,0.21755996324203686
ds005540,labram_ridge_strong,4,1,combined_personalized,0.4186224648334595,0.22941177245361374,0.6078331572133052,1986,0.21941157415071272
ds005540,labram_ridge_strong,4,2,prior,0.40321681440913204,0.26464407738121054,0.5417895514370535,1986,0.19125462962962964
ds005540,labram_ridge_strong,4,2,prior_personalized,0.4701862543495201,0.3067701806500633,0.6336023280489769,1986,0.1952496666780138
ds005540,labram_ridge_strong,4,2,eeg_population,-0.008541342074498814,-0.07210630368681477,0.055023619537817134,1986,0.21838021849358294
ds005540,labram_ridge_strong,4,2,eeg_personalized,0.16689787076827398,0.03417658731386966,0.29961915422267826,1986,0.21299392876126175
ds005540,labram_ridge_strong,4,2,combined_population,0.39276345266042323,0.2539867429101365,0.5315401624107099,1986,0.1964572979221638
ds005540,labram_ridge_strong,4,2,combined_personalized,0.463709802197892,0.29897883081668997,0.628440773579094,1986,0.19827382772331048
ds005540,labram_ridge_strong,4,4,prior,0.45986808514520955,0.313846638897867,0.6058895313925521,1986,0.17076504629629627
ds005540,labram_ridge_strong,4,4,prior_personalized,0.5155065893915599,0.338244419469488,0.6927687593136318,1986,0.17186772916965926
ds005540,labram_ridge_strong,4,4,eeg_population,-0.007231006790476596,-0.07147618917274404,0.05701417559179084,1986,0.21865217980018198
ds005540,labram_ridge_strong,4,4,eeg_personalized,0.16262228228839098,0.0310822648080836,0.29416229976869834,1986,0.21371926239075129
ds005540,labram_ridge_strong,4,4,combined_population,0.4445224289834034,0.3011961379667194,0.5878487200000874,1986,0.17794639046523125
ds005540,labram_ridge_strong,4,4,combined_personalized,0.5042346206833839,0.32706225628413543,0.6814069850826323,1986,0.17583131267348845
ds005540,labram_ridge_strong,4,8,prior,0.501578607493332,0.355264019909334,0.6478931950773301,1986,0.15928819444444442
ds005540,labram_ridge_strong,4,8,prior_personalized,0.5545849019584379,0.3733481093220576,0.7358216945948182,1986,0.1609749400128587
ds005540,labram_ridge_strong,4,8,eeg_population,-0.009922000497699082,-0.0747749503366635,0.054930949341265335,1986,0.21803951308399583
ds005540,labram_ridge_strong,4,8,eeg_personalized,0.15890356126416863,0.028909915647498008,0.28889720688083925,1986,0.21414975629874725
ds005540,labram_ridge_strong,4,8,combined_population,0.47163557306776027,0.32240602862455403,0.6208651175109665,1986,0.16768992349975637
ds005540,labram_ridge_strong,4,8,combined_personalized,0.53202068854221,0.3509308173482111,0.7131105597362088,1986,0.16696483025343684
ds005540,labram_ridge_strong,8,0,prior,5.990550166005177e-16,-1.8579040538974735e-15,3.0560140870985086e-15,1986,0.2105516121458705
ds005540,labram_ridge_strong,8,0,prior_personalized,0.16339021787527003,0.03121319743614573,0.29556723831439435,1986,0.20265880030316472
ds005540,labram_ridge_strong,8,0,eeg_population,-0.010341004364367783,-0.0766322492600219,0.05595024053128633,1986,0.2185791533869163
ds005540,labram_ridge_strong,8,0,eeg_personalized,0.18020311122709437,0.040216545245177676,0.32018967720901104,1986,0.2121804712130265
ds005540,labram_ridge_strong,8,0,combined_population,-0.014414702195620405,-0.08281190997745902,0.053982505586218206,1986,0.2179755304992886
ds005540,labram_ridge_strong,8,0,combined_personalized,0.1500253454282948,0.012174367228770216,0.28787632362781934,1986,0.20729767588415576
ds005540,labram_ridge_strong,8,1,prior,0.36933218502736587,0.19205758796113323,0.5466067820935985,1986,0.21053703703703702
ds005540,labram_ridge_strong,8,1,prior_personalized,0.4373666173624991,0.24495418397672047,0.6297790507482777,1986,0.21320798785370626
ds005540,labram_ridge_strong,8,1,eeg_population,-0.010853481783205233,-0.07534649058474474,0.05363952701833427,1986,0.2182624101122898
ds005540,labram_ridge_strong,8,1,eeg_personalized,0.1784171537231399,0.03855648068567566,0.3182778267606041,1986,0.21190540241972444
ds005540,labram_ridge_strong,8,1,combined_population,0.360208680208006,0.1882098658467902,0.5322074945692218,1986,0.21755996324203686
ds005540,labram_ridge_strong,8,1,combined_personalized,0.43169209815347853,0.23936197128885287,0.6240222250181042,1986,0.2137680982294937
ds005540,labram_ridge_strong,8,2,prior,0.40321681440913204,0.26464407738121054,0.5417895514370535,1986,0.19125462962962964
ds005540,labram_ridge_strong,8,2,prior_personalized,0.49022659746765934,0.3222886820103412,0.6581645129249775,1986,0.1901488328701168
ds005540,labram_ridge_strong,8,2,eeg_population,-0.008541342074498814,-0.07210630368681477,0.055023619537817134,1986,0.21838021849358294
ds005540,labram_ridge_strong,8,2,eeg_personalized,0.1784156929407642,0.038540002036325904,0.3182913838452025,1986,0.21156690458505834
ds005540,labram_ridge_strong,8,2,combined_population,0.39276345266042323,0.2539867429101365,0.5315401624107099,1986,0.1964572979221638
ds005540,labram_ridge_strong,8,2,combined_personalized,0.48012306090930024,0.3107620951793476,0.6494840266392529,1986,0.19302361756781478
ds005540,labram_ridge_strong,8,4,prior,0.45986808514520955,0.313846638897867,0.6058895313925521,1986,0.17076504629629627
ds005540,labram_ridge_strong,8,4,prior_personalized,0.5433835930881521,0.36579139338975564,0.7209757927865486,1986,0.16573112719068214
ds005540,labram_ridge_strong,8,4,eeg_population,-0.007231006790476596,-0.07147618917274404,0.05701417559179084,1986,0.21865217980018198
ds005540,labram_ridge_strong,8,4,eeg_personalized,0.17416351355892914,0.03446799787086435,0.31385902924699394,1986,0.21204809117998255
ds005540,labram_ridge_strong,8,4,combined_population,0.4445224289834034,0.3011961379667194,0.5878487200000874,1986,0.17794639046523125
ds005540,labram_ridge_strong,8,4,combined_personalized,0.5288001273979936,0.35104782951972946,0.7065524252762578,1986,0.1691058353311614
ds005540,labram_ridge_strong,8,8,prior,0.501578607493332,0.355264019909334,0.6478931950773301,1986,0.15928819444444442
ds005540,labram_ridge_strong,8,8,prior_personalized,0.5889929825740453,0.40568807630718684,0.7722978888409038,1986,0.15286851566515705
ds005540,labram_ridge_strong,8,8,eeg_population,-0.009922000497699082,-0.0747749503366635,0.054930949341265335,1986,0.21803951308399583
ds005540,labram_ridge_strong,8,8,eeg_personalized,0.16986727932359838,0.030553421391356167,0.3091811372558406,1986,0.21256979048567914
ds005540,labram_ridge_strong,8,8,combined_population,0.47163557306776027,0.32240602862455403,0.6208651175109665,1986,0.16768992349975637
ds005540,labram_ridge_strong,8,8,combined_personalized,0.5646261937866107,0.3812149296305013,0.7480374579427201,1986,0.15884202442028977
ds006850,bandpower_ridge_base,0,0,prior,-6.059063205187095e-16,-6.496518353510847e-15,5.284705712473428e-15,2000,0.21328741482015134
ds006850,bandpower_ridge_base,0,0,prior_personalized,-6.059063205187095e-16,-6.496518353510847e-15,5.284705712473428e-15,2000,0.21328741482015134
ds006850,bandpower_ridge_base,0,0,eeg_population,0.05581613100266415,-0.05196563380084139,0.16359789580616968,2000,0.22394328106953837
ds006850,bandpower_ridge_base,0,0,eeg_personalized,0.05581613100266415,-0.05196563380084139,0.16359789580616968,2000,0.22394328106953837
ds006850,bandpower_ridge_base,0,0,combined_population,0.0470054975442283,-0.04851033352602186,0.14252132861447847,2000,0.22128904535894298
ds006850,bandpower_ridge_base,0,0,combined_personalized,0.0470054975442283,-0.04851033352602186,0.14252132861447847,2000,0.22128904535894298
ds006850,bandpower_ridge_base,0,1,prior,0.24447294775585057,0.014236445780210105,0.47470944973149104,2000,0.24310692242030255
ds006850,bandpower_ridge_base,0,1,prior_personalized,0.24447294775585057,0.014236445780210105,0.47470944973149104,2000,0.24310692242030255
ds006850,bandpower_ridge_base,0,1,eeg_population,0.05486475801293859,-0.051572752815703705,0.1613022688415809,2000,0.223438324644801
ds006850,bandpower_ridge_base,0,1,eeg_personalized,0.05486475801293859,-0.051572752815703705,0.1613022688415809,2000,0.223438324644801
ds006850,bandpower_ridge_base,0,1,combined_population,0.24426312873837913,0.022447790608557117,0.46607846686820115,2000,0.25788897058083304
ds006850,bandpower_ridge_base,0,1,combined_personalized,0.24426312873837913,0.022447790608557117,0.46607846686820115,2000,0.25788897058083304
ds006850,bandpower_ridge_base,0,2,prior,0.31599379008181705,0.10963652851961064,0.5223510516440235,2000,0.20530785235890878
ds006850,bandpower_ridge_base,0,2,prior_personalized,0.31599379008181705,0.10963652851961064,0.5223510516440235,2000,0.20530785235890878
ds006850,bandpower_ridge_base,0,2,eeg_population,0.059754210359844406,-0.04606755197986771,0.16557597269955654,2000,0.22378250984342474
ds006850,bandpower_ridge_base,0,2,eeg_personalized,0.059754210359844406,-0.04606755197986771,0.16557597269955654,2000,0.22378250984342474
ds006850,bandpower_ridge_base,0,2,combined_population,0.32459615580609136,0.12884752990719242,0.5203447817049903,2000,0.21506039778785987
ds006850,bandpower_ridge_base,0,2,combined_personalized,0.32459615580609136,0.12884752990719242,0.5203447817049903,2000,0.21506039778785987
ds006850,bandpower_ridge_base,0,4,prior,0.37119066052383104,0.18849960208033717,0.5538817189673249,2000,0.1900948816441775
ds006850,bandpower_ridge_base,0,4,prior_personalized,0.37119066052383104,0.18849960208033717,0.5538817189673249,2000,0.1900948816441775
ds006850,bandpower_ridge_base,0,4,eeg_population,0.0529309201214533,-0.05237341644648211,0.1582352566893887,2000,0.22507515773871573
ds006850,bandpower_ridge_base,0,4,eeg_personalized,0.0529309201214533,-0.05237341644648211,0.1582352566893887,2000,0.22507515773871573
ds006850,bandpower_ridge_base,0,4,combined_population,0.36798752633923276,0.1886047732721262,0.5473702794063393,2000,0.20080899129347332
ds006850,bandpower_ridge_base,0,4,combined_personalized,0.36798752633923276,0.1886047732721262,0.5473702794063393,2000,0.20080899129347332
ds006850,bandpower_ridge_base,0,8,prior,0.36875225191204003,0.1945758193184718,0.5429286845056083,2000,0.1828670559194328
ds006850,bandpower_ridge_base,0,8,prior_personalized,0.36875225191204003,0.1945758193184718,0.5429286845056083,2000,0.1828670559194328
ds006850,bandpower_ridge_base,0,8,eeg_population,0.060428010045232926,-0.04544223831446908,0.16629825840493492,2000,0.22276363887101125
ds006850,bandpower_ridge_base,0,8,eeg_personalized,0.060428010045232926,-0.04544223831446908,0.16629825840493492,2000,0.22276363887101125
ds006850,bandpower_ridge_base,0,8,combined_population,0.3763724528505881,0.20635341788999484,0.5463914878111814,2000,0.19165625615472603
ds006850,bandpower_ridge_base,0,8,combined_personalized,0.3763724528505881,0.20635341788999484,0.5463914878111814,2000,0.19165625615472603
ds006850,bandpower_ridge_base,1,0,prior,-6.059063205187095e-16,-6.498983614779159e-15,5.28717097374174e-15,2000,0.21328741482015134
ds006850,bandpower_ridge_base,1,0,prior_personalized,0.08121593407157199,-0.05293687898550306,0.21536874712864704,2000,0.25008178023712074
ds006850,bandpower_ridge_base,1,0,eeg_population,0.05581613100266415,-0.05196563380084139,0.16359789580616968,2000,0.22394328106953837
ds006850,bandpower_ridge_base,1,0,eeg_personalized,0.09795913312608073,-0.04010684478691942,0.2360251110390809,2000,0.27939066965654324
ds006850,bandpower_ridge_base,1,0,combined_population,0.047005497544227934,-0.04851033352602223,0.14252132861447808,2000,0.22128904535894303
ds006850,bandpower_ridge_base,1,0,combined_personalized,0.0911385027214445,-0.0432893679804483,0.2255663734233373,2000,0.2597281049799754
ds006850,bandpower_ridge_base,1,1,prior,0.24447294775585057,0.014236445780210105,0.47470944973149104,2000,0.24310692242030255
ds006850,bandpower_ridge_base,1,1,prior_personalized,0.25587504350702006,0.03875844084053148,0.47299164617350864,2000,0.27297119951047544
ds006850,bandpower_ridge_base,1,1,eeg_population,0.05486475801293876,-0.05157275281570356,0.16130226884158108,2000,0.223438324644801
ds006850,bandpower_ridge_base,1,1,eeg_personalized,0.10038454484354369,-0.03693647778679264,0.23770556747388,2000,0.278798240824756
ds006850,bandpower_ridge_base,1,1,combined_population,0.24426312873837897,0.02244779060855695,0.466078466868201,2000,0.25788897058083304
ds006850,bandpower_ridge_base,1,1,combined_personalized,0.2496870890616807,0.03831120320896836,0.461062974914393,2000,0.2840410727565194
ds006850,bandpower_ridge_base,1,2,prior,0.31599379008181705,0.10963652851961064,0.5223510516440235,2000,0.20530785235890878
ds006850,bandpower_ridge_base,1,2,prior_personalized,0.30095049494992016,0.10810787594391452,0.4937931139559258,2000,0.24322399412252085
ds006850,bandpower_ridge_base,1,2,eeg_population,0.05975421035984405,-0.04606755197986807,0.16557597269955618,2000,0.22378250984342474
ds006850,bandpower_ridge_base,1,2,eeg_personalized,0.09376186211602182,-0.04440204643881539,0.231925770670859,2000,0.28031776281359244
ds006850,bandpower_ridge_base,1,2,combined_population,0.32459615580609114,0.1288475299071922,0.5203447817049901,2000,0.21506039778785987
ds006850,bandpower_ridge_base,1,2,combined_personalized,0.2940002621961299,0.11070815798695358,0.47729236640530626,2000,0.25786987420134855
ds006850,bandpower_ridge_base,1,4,prior,0.37119066052383104,0.18849960208033717,0.5538817189673249,2000,0.1900948816441775
ds006850,bandpower_ridge_base,1,4,prior_personalized,0.33374715583091424,0.15157681910201234,0.5159174925598161,2000,0.2311688213390782
ds006850,bandpower_ridge_base,1,4,eeg_population,0.052930920121453486,-0.05237341644648192,0.1582352566893889,2000,0.22507515773871573
ds006850,bandpower_ridge_base,1,4,eeg_personalized,0.10320921897016692,-0.03511017508215521,0.24152861302248907,2000,0.27860001337688417
ds006850,bandpower_ridge_base,1,4,combined_population,0.36798752633923276,0.1886047732721262,0.5473702794063393,2000,0.20080899129347332
ds006850,bandpower_ridge_base,1,4,combined_personalized,0.32789100682163874,0.15489155190333995,0.5008904617399376,2000,0.24471243073434473
ds006850,bandpower_ridge_base,1,8,prior,0.36875225191204003,0.1945758193184718,0.5429286845056083,2000,0.1828670559194328
ds006850,bandpower_ridge_base,1,8,prior_personalized,0.32767681070765786,0.14921137724423558,0.5061422441710801,2000,0.22396995237045006
ds006850,bandpower_ridge_base,1,8,eeg_population,0.060428010045232926,-0.04544223831446908,0.16629825840493492,2000,0.22276363887101125
ds006850,bandpower_ridge_base,1,8,eeg_personalized,0.09726731389561993,-0.04261561792208232,0.2371502457133222,2000,0.27834827705903986
ds006850,bandpower_ridge_base,1,8,combined_population,0.3763724528505882,0.20635341788999487,0.5463914878111815,2000,0.19165625615472603
ds006850,bandpower_ridge_base,1,8,combined_personalized,0.31880819249115777,0.14634716134801537,0.49126922363430015,2000,0.2403774841548815
ds006850,bandpower_ridge_base,2,0,prior,-6.059063205187095e-16,-6.498983614779159e-15,5.28717097374174e-15,2000,0.21328741482015134
ds006850,bandpower_ridge_base,2,0,prior_personalized,0.10022886574735938,-0.03855086786968241,0.23900859936440116,2000,0.23656209007173432
ds006850,bandpower_ridge_base,2,0,eeg_population,0.05581613100266415,-0.051965633800841377,0.16359789580616968,2000,0.22394328106953837
ds006850,bandpower_ridge_base,2,0,eeg_personalized,0.1085329311407602,-0.02282162299781225,0.23988748527933262,2000,0.2512573234110906
ds006850,bandpower_ridge_base,2,0,combined_population,0.047005497544227934,-0.04851033352602224,0.1425213286144781,2000,0.22128904535894303
ds006850,bandpower_ridge_base,2,0,combined_personalized,0.11271281683628842,-0.026610603962575613,0.2520362376351525,2000,0.2408254500443865
ds006850,bandpower_ridge_base,2,1,prior,0.24447294775585057,0.014236445780210105,0.47470944973149104,2000,0.24310692242030255
ds006850,bandpower_ridge_base,2,1,prior_personalized,0.26843245098109014,0.04905689980131536,0.48780800216086495,2000,0.2650446045020217
ds006850,bandpower_ridge_base,2,1,eeg_population,0.054864758012938754,-0.05157275281570355,0.16130226884158105,2000,0.223438324644801
ds006850,bandpower_ridge_base,2,1,eeg_personalized,0.11027884145275728,-0.020263595018354966,0.24082127792386954,2000,0.25142167123989345
ds006850,bandpower_ridge_base,2,1,combined_population,0.24426312873837883,0.02244779060855681,0.46607846686820087,2000,0.25788897058083304
ds006850,bandpower_ridge_base,2,1,combined_personalized,0.2665927464751251,0.05294730716983126,0.48023818578041894,2000,0.27053968528239725
ds006850,bandpower_ridge_base,2,2,prior,0.31599379008181705,0.10963652851961064,0.5223510516440235,2000,0.20530785235890878
ds006850,bandpower_ridge_base,2,2,prior_personalized,0.3307709927320821,0.1363862981422074,0.5251556873219568,2000,0.22767772329315533
ds006850,bandpower_ridge_base,2,2,eeg_population,0.05975421035984404,-0.04606755197986808,0.16557597269955615,2000,0.22378250984342474
ds006850,bandpower_ridge_base,2,2,eeg_personalized,0.10832289892456164,-0.022052803277343255,0.23869860112646651,2000,0.25132386753571667
ds006850,bandpower_ridge_base,2,2,combined_population,0.32459615580609114,0.1288475299071922,0.5203447817049901,2000,0.21506039778785987
ds006850,bandpower_ridge_base,2,2,combined_personalized,0.335769102534459,0.15112529207459738,0.5204129129943207,2000,0.23395737228082708
ds006850,bandpower_ridge_base,2,4,prior,0.37119066052383104,0.18849960208033717,0.5538817189673249,2000,0.1900948816441775
ds006850,bandpower_ridge_base,2,4,prior_personalized,0.3697761066148609,0.18457543707021593,0.5549767761595058,2000,0.2132185374740657
ds006850,bandpower_ridge_base,2,4,eeg_population,0.052930920121453326,-0.05237341644648208,0.15823525668938873,2000,0.22507515773871573
ds006850,bandpower_ridge_base,2,4,eeg_personalized,0.1109053167482487,-0.019816517048011864,0.24162715054450928,2000,0.2525781523587938
ds006850,bandpower_ridge_base,2,4,combined_population,0.36798752633923293,0.18860477327212638,0.5473702794063395,2000,0.20080899129347332
ds006850,bandpower_ridge_base,2,4,combined_personalized,0.3690846143177195,0.19259228600334014,0.5455769426320989,2000,0.22010642249418896
ds006850,bandpower_ridge_base,2,8,prior,0.36875225191204003,0.1945758193184718,0.5429286845056083,2000,0.1828670559194328
ds006850,bandpower_ridge_base,2,8,prior_personalized,0.3680243576602563,0.18730444051200007,0.5487442748085125,2000,0.2060712803535937
ds006850,bandpower_ridge_base,2,8,eeg_population,0.06042801004523277,-0.04544223831446923,0.16629825840493478,2000,0.22276363887101125
ds006850,bandpower_ridge_base,2,8,eeg_personalized,0.10950814600143662,-0.020124308865861126,0.23914060086873434,2000,0.25135921475372996
ds006850,bandpower_ridge_base,2,8,combined_population,0.3763724528505882,0.20635341788999487,0.5463914878111815,2000,0.19165625615472603
ds006850,bandpower_ridge_base,2,8,combined_personalized,0.37134542289329636,0.20052846347807948,0.5421623823085132,2000,0.21247975034253153
ds006850,bandpower_ridge_base,4,0,prior,-6.059063205187095e-16,-6.496518353510847e-15,5.284705712473428e-15,2000,0.21328741482015134
ds006850,bandpower_ridge_base,4,0,prior_personalized,0.0986597532129111,-0.030966160977817486,0.22828566740363967,2000,0.22390822023515308
ds006850,bandpower_ridge_base,4,0,eeg_population,0.05581613100266406,-0.05196563380084147,0.1635978958061696,2000,0.22394328106953837
ds006850,bandpower_ridge_base,4,0,eeg_personalized,0.13643215355703753,0.0009826744178662028,0.27188163269620885,2000,0.2323104770527852
ds006850,bandpower_ridge_base,4,0,combined_population,0.0470054975442281,-0.048510333526022034,0.14252132861447825,2000,0.22128904535894298
ds006850,bandpower_ridge_base,4,0,combined_personalized,0.10480616597859019,-0.030871644999720144,0.24048397695690052,2000,0.23113843775044832
ds006850,bandpower_ridge_base,4,1,prior,0.24447294775585057,0.014236445780210105,0.47470944973149104,2000,0.24310692242030255
ds006850,bandpower_ridge_base,4,1,prior_personalized,0.2771285377667121,0.05343586738039677,0.5008212081530274,2000,0.26127587667005203
ds006850,bandpower_ridge_base,4,1,eeg_population,0.05486475801293842,-0.05157275281570393,0.16130226884158078,2000,0.223438324644801
ds006850,bandpower_ridge_base,4,1,eeg_personalized,0.1369510762706593,0.0021701958561689827,0.2717319566851496,2000,0.2325339842180935
ds006850,bandpower_ridge_base,4,1,combined_population,0.2442631287383788,0.022447790608556784,0.4660784668682008,2000,0.25788897058083304
ds006850,bandpower_ridge_base,4,1,combined_personalized,0.2693534948061487,0.04958343528167117,0.48912355433062615,2000,0.26761226446671316
ds006850,bandpower_ridge_base,4,2,prior,0.31599379008181705,0.10963652851961064,0.5223510516440235,2000,0.20530785235890878
ds006850,bandpower_ridge_base,4,2,prior_personalized,0.3424018303327086,0.1428499733016582,0.541953687363759,2000,0.2183047871979499
ds006850,bandpower_ridge_base,4,2,eeg_population,0.05975421035984457,-0.04606755197986756,0.1655759726995567,2000,0.22378250984342474
ds006850,bandpower_ridge_base,4,2,eeg_personalized,0.13554648869073774,0.0016616483563795525,0.2694313290250959,2000,0.23230427501925938
ds006850,bandpower_ridge_base,4,2,combined_population,0.32459615580609114,0.1288475299071922,0.5203447817049901,2000,0.21506039778785987
ds006850,bandpower_ridge_base,4,2,combined_personalized,0.3390790279828989,0.14749874121342785,0.5306593147523699,2000,0.22852833386295734
ds006850,bandpower_ridge_base,4,4,prior,0.37119066052383104,0.18849960208033717,0.5538817189673249,2000,0.1900948816441775
ds006850,bandpower_ridge_base,4,4,prior_personalized,0.38337162821356824,0.20038286644862635,0.5663603899785101,2000,0.20519528883313692
ds006850,bandpower_ridge_base,4,4,eeg_population,0.05293092012145251,-0.05237341644648291,0.15823525668938793,2000,0.22507515773871573
ds006850,bandpower_ridge_base,4,4,eeg_personalized,0.1369496353180961,0.002489532300479158,0.271409738335713,2000,0.23270152216790194
ds006850,bandpower_ridge_base,4,4,combined_population,0.367987526339233,0.18860477327212644,0.5473702794063395,2000,0.20080899129347332
ds006850,bandpower_ridge_base,4,4,combined_personalized,0.37575037878214423,0.19784853744022676,0.5536522201240617,2000,0.21366809380337734
ds006850,bandpower_ridge_base,4,8,prior,0.36875225191204003,0.1945758193184718,0.5429286845056083,2000,0.1828670559194328
ds006850,bandpower_ridge_base,4,8,prior_personalized,0.38182001062159154,0.20486954782586206,0.558770473417321,2000,0.1989796891940661
ds006850,bandpower_ridge_base,4,8,eeg_population,0.06042801004523311,-0.04544223831446885,0.16629825840493506,2000,0.22276363887101125
ds006850,bandpower_ridge_base,4,8,eeg_personalized,0.13287027515697172,-0.0033090453895716354,0.26904959570351505,2000,0.23201015376894407
ds006850,bandpower_ridge_base,4,8,combined_population,0.37637245285058807,0.20635341788999476,0.5463914878111814,2000,0.19165625615472606
ds006850,bandpower_ridge_base,4,8,combined_personalized,0.37555184085709364,0.20331600676004355,0.5477876749541437,2000,0.20755965796321255
ds006850,bandpower_ridge_base,8,0,prior,-6.059063205187095e-16,-6.498983614779159e-15,5.28717097374174e-15,2000,0.21328741482015134
ds006850,bandpower_ridge_base,8,0,prior_personalized,0.12280578902511667,0.004745700151787213,0.24086587789844613,2000,0.21504446475051595
ds006850,bandpower_ridge_base,8,0,eeg_population,0.05581613100266406,-0.05196563380084147,0.1635978958061696,2000,0.22394328106953837
ds006850,bandpower_ridge_base,8,0,eeg_personalized,0.14383293971547956,0.012825910418042707,0.2748399690129164,2000,0.22328503620285084
ds006850,bandpower_ridge_base,8,0,combined_population,0.0470054975442281,-0.048510333526022034,0.14252132861447825,2000,0.22128904535894298
ds006850,bandpower_ridge_base,8,0,combined_personalized,0.13713994213346475,0.011346684003152058,0.2629332002637774,2000,0.21910539755772535
ds006850,bandpower_ridge_base,8,1,prior,0.24447294775585057,0.014236445780210105,0.47470944973149104,2000,0.24310692242030255
ds006850,bandpower_ridge_base,8,1,prior_personalized,0.2947374314687638,0.07844339388022553,0.5110314690573021,2000,0.2503554519196628
ds006850,bandpower_ridge_base,8,1,eeg_population,0.05486475801293842,-0.05157275281570393,0.16130226884158078,2000,0.223438324644801
ds006850,bandpower_ridge_base,8,1,eeg_personalized,0.14425501124277337,0.01304109012591087,0.2754689323596359,2000,0.2229711600853091
ds006850,bandpower_ridge_base,8,1,combined_population,0.2442631287383788,0.022447790608556784,0.4660784668682008,2000,0.25788897058083304
ds006850,bandpower_ridge_base,8,1,combined_personalized,0.2890296684236542,0.07398936514767568,0.5040699716996326,2000,0.25654663801396294
ds006850,bandpower_ridge_base,8,2,prior,0.31599379008181705,0.10963652851961064,0.5223510516440235,2000,0.20530785235890878
ds006850,bandpower_ridge_base,8,2,prior_personalized,0.3732373419204265,0.1836398823371782,0.5628348015036748,2000,0.20849243961547947
ds006850,bandpower_ridge_base,8,2,eeg_population,0.05975421035984457,-0.04606755197986756,0.1655759726995567,2000,0.22378250984342474
ds006850,bandpower_ridge_base,8,2,eeg_personalized,0.14230271795487934,0.012126198266729199,0.2724792376430295,2000,0.2230440497202772
ds006850,bandpower_ridge_base,8,2,combined_population,0.32459615580609114,0.1288475299071922,0.5203447817049901,2000,0.21506039778785987
ds006850,bandpower_ridge_base,8,2,combined_personalized,0.3698762611930029,0.18563802243439018,0.5541144999516155,2000,0.21651723230703274
ds006850,bandpower_ridge_base,8,4,prior,0.37119066052383104,0.18849960208033717,0.5538817189673249,2000,0.1900948816441775
ds006850,bandpower_ridge_base,8,4,prior_personalized,0.42449770443088947,0.25553959051365754,0.5934558183481213,2000,0.19385321881060757
ds006850,bandpower_ridge_base,8,4,eeg_population,0.05293092012145251,-0.05237341644648291,0.15823525668938793,2000,0.22507515773871573
ds006850,bandpower_ridge_base,8,4,eeg_personalized,0.1416307430516746,0.010290503954435065,0.27297098214891413,2000,0.22356531614646552
ds006850,bandpower_ridge_base,8,4,combined_population,0.367987526339233,0.18860477327212644,0.5473702794063395,2000,0.20080899129347332
ds006850,bandpower_ridge_base,8,4,combined_personalized,0.41533213826295184,0.2496590949944572,0.5810051815314465,2000,0.20157934568276037
ds006850,bandpower_ridge_base,8,8,prior,0.36875225191204003,0.1945758193184718,0.5429286845056083,2000,0.1828670559194328
ds006850,bandpower_ridge_base,8,8,prior_personalized,0.42671069853629107,0.26083436663726056,0.5925870304353216,2000,0.18711205155190674
ds006850,bandpower_ridge_base,8,8,eeg_population,0.06042801004523311,-0.04544223831446885,0.16629825840493506,2000,0.22276363887101125
ds006850,bandpower_ridge_base,8,8,eeg_personalized,0.13561050735960695,0.003016497730770923,0.26820451698844294,2000,0.2233965490770892
ds006850,bandpower_ridge_base,8,8,combined_population,0.37637245285058807,0.20635341788999476,0.5463914878111814,2000,0.19165625615472606
ds006850,bandpower_ridge_base,8,8,combined_personalized,0.41974642601915,0.2557597578726194,0.5837330941656806,2000,0.19367758639492375
ds006850,bandpower_ridge_strong,0,0,prior,-6.059063205187095e-16,-6.498983614779159e-15,5.28717097374174e-15,2000,0.21328741482015134
ds006850,bandpower_ridge_strong,0,0,prior_personalized,-6.059063205187095e-16,-6.498983614779159e-15,5.28717097374174e-15,2000,0.21328741482015134
ds006850,bandpower_ridge_strong,0,0,eeg_population,0.032832463261639376,-0.028080588394252926,0.09374551491753168,2000,0.21392769606001197
ds006850,bandpower_ridge_strong,0,0,eeg_personalized,0.032832463261639376,-0.028080588394252926,0.09374551491753168,2000,0.21392769606001197
ds006850,bandpower_ridge_strong,0,0,combined_population,0.03137678352684664,-0.02191435495724555,0.08466792201093884,2000,0.2130176753396905
ds006850,bandpower_ridge_strong,0,0,combined_personalized,0.03137678352684664,-0.02191435495724555,0.08466792201093884,2000,0.2130176753396905
ds006850,bandpower_ridge_strong,0,1,prior,0.24447294775585057,0.014236445780210105,0.47470944973149104,2000,0.24310692242030255
ds006850,bandpower_ridge_strong,0,1,prior_personalized,0.24447294775585057,0.014236445780210105,0.47470944973149104,2000,0.24310692242030255
ds006850,bandpower_ridge_strong,0,1,eeg_population,0.033270931936442705,-0.02697146568874506,0.09351332956163047,2000,0.2139287397813039
ds006850,bandpower_ridge_strong,0,1,eeg_personalized,0.033270931936442705,-0.02697146568874506,0.09351332956163047,2000,0.2139287397813039
ds006850,bandpower_ridge_strong,0,1,combined_population,0.2534621518614858,0.026620953408920123,0.48030335031405147,2000,0.24780355140892912
ds006850,bandpower_ridge_strong,0,1,combined_personalized,0.2534621518614858,0.026620953408920123,0.48030335031405147,2000,0.24780355140892912
ds006850,bandpower_ridge_strong,0,2,prior,0.31599379008181705,0.10963652851961064,0.5223510516440235,2000,0.20530785235890878
ds006850,bandpower_ridge_strong,0,2,prior_personalized,0.31599379008181705,0.10963652851961064,0.5223510516440235,2000,0.20530785235890878
ds006850,bandpower_ridge_strong,0,2,eeg_population,0.03582623301006496,-0.024480401534987727,0.09613286755511766,2000,0.21387781204186584
ds006850,bandpower_ridge_strong,0,2,eeg_personalized,0.03582623301006496,-0.024480401534987727,0.09613286755511766,2000,0.21387781204186584
ds006850,bandpower_ridge_strong,0,2,combined_population,0.33241565182177035,0.1313451632511828,0.5334861403923579,2000,0.2064082657065626
ds006850,bandpower_ridge_strong,0,2,combined_personalized,0.33241565182177035,0.1313451632511828,0.5334861403923579,2000,0.2064082657065626
ds006850,bandpower_ridge_strong,0,4,prior,0.37119066052383104,0.18849960208033717,0.5538817189673249,2000,0.1900948816441775
ds006850,bandpower_ridge_strong,0,4,prior_personalized,0.37119066052383104,0.18849960208033717,0.5538817189673249,2000,0.1900948816441775
ds006850,bandpower_ridge_strong,0,4,eeg_population,0.03524554613396955,-0.02616413225666942,0.09665522452460854,2000,0.21360553967877616
ds006850,bandpower_ridge_strong,0,4,eeg_personalized,0.03524554613396955,-0.02616413225666942,0.09665522452460854,2000,0.21360553967877616
ds006850,bandpower_ridge_strong,0,4,combined_population,0.38580181732726526,0.20631873776761675,0.5652848968869137,2000,0.19005600759311192
ds006850,bandpower_ridge_strong,0,4,combined_personalized,0.38580181732726526,0.20631873776761675,0.5652848968869137,2000,0.19005600759311192
ds006850,bandpower_ridge_strong,0,8,prior,0.36875225191204003,0.1945758193184718,0.5429286845056083,2000,0.1828670559194328
ds006850,bandpower_ridge_strong,0,8,prior_personalized,0.36875225191204003,0.1945758193184718,0.5429286845056083,2000,0.1828670559194328
ds006850,bandpower_ridge_strong,0,8,eeg_population,0.03842185449314987,-0.023425707623584778,0.10026941660988453,2000,0.21327859788085127
ds006850,bandpower_ridge_strong,0,8,eeg_personalized,0.03842185449314987,-0.023425707623584778,0.10026941660988453,2000,0.21327859788085127
ds006850,bandpower_ridge_strong,0,8,combined_population,0.38714370107412355,0.2176456017342825,0.5566418004139646,2000,0.18218807931065722
ds006850,bandpower_ridge_strong,0,8,combined_personalized,0.38714370107412355,0.2176456017342825,0.5566418004139646,2000,0.18218807931065722
ds006850,bandpower_ridge_strong,1,0,prior,-6.059063205187095e-16,-6.498983614779159e-15,5.28717097374174e-15,2000,0.21328741482015134
ds006850,bandpower_ridge_strong,1,0,prior_personalized,0.08121593407157199,-0.05293687898550306,0.21536874712864704,2000,0.25008178023712074
ds006850,bandpower_ridge_strong,1,0,eeg_population,0.032832463261639376,-0.028080588394252926,0.09374551491753168,2000,0.21392769606001197
ds006850,bandpower_ridge_strong,1,0,eeg_personalized,0.10144336898390605,-0.03447147661398606,0.23735821458179815,2000,0.268668104095633
ds006850,bandpower_ridge_strong,1,0,combined_population,0.03137678352684643,-0.021914354957245745,0.08466792201093862,2000,0.2130176753396905
ds006850,bandpower_ridge_strong,1,0,combined_personalized,0.09203698145156489,-0.03864063597966755,0.22271459888279732,2000,0.25271143889052106
ds006850,bandpower_ridge_strong,1,1,prior,0.24447294775585057,0.014236445780210105,0.47470944973149104,2000,0.24310692242030255
ds006850,bandpower_ridge_strong,1,1,prior_personalized,0.25587504350702006,0.03875844084053148,0.47299164617350864,2000,0.27297119951047544
ds006850,bandpower_ridge_strong,1,1,eeg_population,0.03327093193644291,-0.026971465688744853,0.09351332956163068,2000,0.2139287397813039
ds006850,bandpower_ridge_strong,1,1,eeg_personalized,0.10235325871296153,-0.03317500412742244,0.2378815215533455,2000,0.26868486971506933
ds006850,bandpower_ridge_strong,1,1,combined_population,0.2534621518614858,0.026620953408920123,0.48030335031405147,2000,0.24780355140892912
ds006850,bandpower_ridge_strong,1,1,combined_personalized,0.26104507740032346,0.048213312600142305,0.47387684220050463,2000,0.2745389606525268
ds006850,bandpower_ridge_strong,1,2,prior,0.31599379008181705,0.10963652851961064,0.5223510516440235,2000,0.20530785235890878
ds006850,bandpower_ridge_strong,1,2,prior_personalized,0.30095049494992016,0.10810787594391452,0.4937931139559258,2000,0.24322399412252085
ds006850,bandpower_ridge_strong,1,2,eeg_population,0.03582623301006496,-0.02448040153498772,0.09613286755511764,2000,0.21387781204186584
ds006850,bandpower_ridge_strong,1,2,eeg_personalized,0.1002189595911501,-0.03603826864272969,0.23647618782502988,2000,0.26938133597019875
ds006850,bandpower_ridge_strong,1,2,combined_population,0.33241565182177035,0.13134516325118284,0.5334861403923579,2000,0.2064082657065626
ds006850,bandpower_ridge_strong,1,2,combined_personalized,0.3053390754024362,0.11906766230809093,0.49161048849678146,2000,0.24734807028787648
ds006850,bandpower_ridge_strong,1,4,prior,0.37119066052383104,0.18849960208033717,0.5538817189673249,2000,0.1900948816441775
ds006850,bandpower_ridge_strong,1,4,prior_personalized,0.33374715583091424,0.15157681910201234,0.5159174925598161,2000,0.2311688213390782
ds006850,bandpower_ridge_strong,1,4,eeg_population,0.03524554613396955,-0.026164132256669435,0.09665522452460854,2000,0.21360553967877616
ds006850,bandpower_ridge_strong,1,4,eeg_personalized,0.10379458247317844,-0.03248961392981542,0.2400787788761723,2000,0.268340244316156
ds006850,bandpower_ridge_strong,1,4,combined_population,0.3858018173272651,0.20631873776761658,0.5652848968869136,2000,0.19005600759311192
ds006850,bandpower_ridge_strong,1,4,combined_personalized,0.34015916145329134,0.16433465311515363,0.5159836697914291,2000,0.23415203055625047
ds006850,bandpower_ridge_strong,1,8,prior,0.36875225191204003,0.1945758193184718,0.5429286845056083,2000,0.1828670559194328
ds006850,bandpower_ridge_strong,1,8,prior_personalized,0.32767681070765786,0.14921137724423558,0.5061422441710801,2000,0.22396995237045006
ds006850,bandpower_ridge_strong,1,8,eeg_population,0.03842185449314987,-0.023425707623584764,0.1002694166098845,2000,0.21327859788085127
ds006850,bandpower_ridge_strong,1,8,eeg_personalized,0.10041726928781736,-0.03589149495017846,0.23672603352581317,2000,0.26941486647592006
ds006850,bandpower_ridge_strong,1,8,combined_population,0.3871437010741236,0.21764560173428255,0.5566418004139646,2000,0.18218807931065722
ds006850,bandpower_ridge_strong,1,8,combined_personalized,0.3312785685351646,0.1576436471149927,0.5049134899553365,2000,0.2285479328378292
ds006850,bandpower_ridge_strong,2,0,prior,-6.059063205187095e-16,-6.498983614779159e-15,5.28717097374174e-15,2000,0.21328741482015134
ds006850,bandpower_ridge_strong,2,0,prior_personalized,0.10022886574735938,-0.03855086786968241,0.23900859936440116,2000,0.23656209007173432
ds006850,bandpower_ridge_strong,2,0,eeg_population,0.032832463261639376,-0.028080588394252932,0.09374551491753169,2000,0.21392769606001197
ds006850,bandpower_ridge_strong,2,0,eeg_personalized,0.10815676435714291,-0.022462838331597484,0.23877636704588331,2000,0.24395538262204536
ds006850,bandpower_ridge_strong,2,0,combined_population,0.03137678352684618,-0.021914354957245988,0.08466792201093835,2000,0.2130176753396905
ds006850,bandpower_ridge_strong,2,0,combined_personalized,0.10940511470041621,-0.026065907804763547,0.24487613720559598,2000,0.23672790715011466
ds006850,bandpower_ridge_strong,2,1,prior,0.24447294775585057,0.014236445780210105,0.47470944973149104,2000,0.24310692242030255
ds006850,bandpower_ridge_strong,2,1,prior_personalized,0.26843245098109014,0.04905689980131536,0.48780800216086495,2000,0.2650446045020217
ds006850,bandpower_ridge_strong,2,1,eeg_population,0.03327093193644291,-0.026971465688744867,0.09351332956163069,2000,0.2139287397813039
ds006850,bandpower_ridge_strong,2,1,eeg_personalized,0.1089004753571055,-0.02130784471062462,0.2391087954248356,2000,0.24411022963317747
ds006850,bandpower_ridge_strong,2,1,combined_population,0.2534621518614858,0.026620953408920123,0.48030335031405147,2000,0.24780355140892912
ds006850,bandpower_ridge_strong,2,1,combined_personalized,0.27304676051914345,0.05689994755211997,0.48919357348616693,2000,0.26455480780387775
ds006850,bandpower_ridge_strong,2,2,prior,0.31599379008181705,0.10963652851961064,0.5223510516440235,2000,0.20530785235890878
ds006850,bandpower_ridge_strong,2,2,prior_personalized,0.3307709927320821,0.1363862981422074,0.5251556873219568,2000,0.22767772329315533
ds006850,bandpower_ridge_strong,2,2,eeg_population,0.03582623301006496,-0.024480401534987706,0.09613286755511763,2000,0.21387781204186584
ds006850,bandpower_ridge_strong,2,2,eeg_personalized,0.10829673423449707,-0.022123415603805124,0.23871688407279926,2000,0.24400186485167544
ds006850,bandpower_ridge_strong,2,2,combined_population,0.33241565182177035,0.1313451632511828,0.5334861403923579,2000,0.2064082657065626
ds006850,bandpower_ridge_strong,2,2,combined_personalized,0.339322611473378,0.15039984857952093,0.5282453743672351,2000,0.22829964107135686
ds006850,bandpower_ridge_strong,2,4,prior,0.37119066052383104,0.18849960208033717,0.5538817189673249,2000,0.1900948816441775
ds006850,bandpower_ridge_strong,2,4,prior_personalized,0.3697761066148609,0.18457543707021593,0.5549767761595058,2000,0.2132185374740657
ds006850,bandpower_ridge_strong,2,4,eeg_population,0.03524554613396955,-0.026164132256669442,0.09665522452460855,2000,0.21360553967877616
ds006850,bandpower_ridge_strong,2,4,eeg_personalized,0.11022205406140037,-0.020341541571162775,0.24078564969396352,2000,0.24413325011897974
ds006850,bandpower_ridge_strong,2,4,combined_population,0.3858018173272648,0.2063187377676163,0.5652848968869133,2000,0.19005600759311192
ds006850,bandpower_ridge_strong,2,4,combined_personalized,0.3769904850874332,0.19688587414230085,0.5570950960325656,2000,0.21375844079940745
ds006850,bandpower_ridge_strong,2,8,prior,0.36875225191204003,0.1945758193184718,0.5429286845056083,2000,0.1828670559194328
ds006850,bandpower_ridge_strong,2,8,prior_personalized,0.3680243576602563,0.18730444051200007,0.5487442748085125,2000,0.2060712803535937
ds006850,bandpower_ridge_strong,2,8,eeg_population,0.03842185449314987,-0.023425707623584764,0.1002694166098845,2000,0.21327859788085127
ds006850,bandpower_ridge_strong,2,8,eeg_personalized,0.1089168747089287,-0.020954813507006495,0.2387885629248639,2000,0.24418494140480235
ds006850,bandpower_ridge_strong,2,8,combined_population,0.3871437010741239,0.21764560173428282,0.5566418004139649,2000,0.18218807931065722
ds006850,bandpower_ridge_strong,2,8,combined_personalized,0.37622767728809015,0.20106509381054075,0.5513902607656396,2000,0.2064617874206994
ds006850,bandpower_ridge_strong,4,0,prior,-6.059063205187095e-16,-6.498983614779159e-15,5.28717097374174e-15,2000,0.21328741482015134
ds006850,bandpower_ridge_strong,4,0,prior_personalized,0.0986597532129111,-0.030966160977817486,0.22828566740363967,2000,0.22390822023515308
ds006850,bandpower_ridge_strong,4,0,eeg_population,0.032832463261639376,-0.028080588394252932,0.09374551491753169,2000,0.21392769606001197
ds006850,bandpower_ridge_strong,4,0,eeg_personalized,0.13585571272309832,0.007340935136289611,0.264370490309907,2000,0.22587478344635717
ds006850,bandpower_ridge_strong,4,0,combined_population,0.03137678352684618,-0.021914354957245988,0.08466792201093835,2000,0.2130176753396905
ds006850,bandpower_ridge_strong,4,0,combined_personalized,0.10532924668426213,-0.023973020263839878,0.23463151363236415,2000,0.22517639387136645
ds006850,bandpower_ridge_strong,4,1,prior,0.24447294775585057,0.014236445780210105,0.47470944973149104,2000,0.24310692242030255
ds006850,bandpower_ridge_strong,4,1,prior_personalized,0.2771285377667121,0.05343586738039677,0.5008212081530274,2000,0.26127587667005203
ds006850,bandpower_ridge_strong,4,1,eeg_population,0.033270931936442726,-0.02697146568874504,0.0935133295616305,2000,0.2139287397813039
ds006850,bandpower_ridge_strong,4,1,eeg_personalized,0.13611378251334383,0.00784799334140332,0.26437957168528436,2000,0.22604750268088175
ds006850,bandpower_ridge_strong,4,1,combined_population,0.2534621518614858,0.026620953408920095,0.48030335031405147,2000,0.24780355140892912
ds006850,bandpower_ridge_strong,4,1,combined_personalized,0.27942493262337054,0.056938809972627846,0.5019110552741133,2000,0.26132825871195026
ds006850,bandpower_ridge_strong,4,2,prior,0.31599379008181705,0.10963652851961064,0.5223510516440235,2000,0.20530785235890878
ds006850,bandpower_ridge_strong,4,2,prior_personalized,0.3424018303327086,0.1428499733016582,0.541953687363759,2000,0.2183047871979499
ds006850,bandpower_ridge_strong,4,2,eeg_population,0.035826233010065094,-0.024480401534987525,0.09613286755511771,2000,0.21387781204186584
ds006850,bandpower_ridge_strong,4,2,eeg_personalized,0.136268030059317,0.008080632647871178,0.26445542747076284,2000,0.22572012322887286
ds006850,bandpower_ridge_strong,4,2,combined_population,0.33241565182177035,0.13134516325118284,0.5334861403923579,2000,0.2064082657065626
ds006850,bandpower_ridge_strong,4,2,combined_personalized,0.3479268078787477,0.15156722309177337,0.544286392665722,2000,0.2198122670588874
ds006850,bandpower_ridge_strong,4,4,prior,0.37119066052383104,0.18849960208033717,0.5538817189673249,2000,0.1900948816441775
ds006850,bandpower_ridge_strong,4,4,prior_personalized,0.38337162821356824,0.20038286644862635,0.5663603899785101,2000,0.20519528883313692
ds006850,bandpower_ridge_strong,4,4,eeg_population,0.03524554613396955,-0.026164132256669435,0.09665522452460854,2000,0.21360553967877616
ds006850,bandpower_ridge_strong,4,4,eeg_personalized,0.13730953490556574,0.008709729462497207,0.2659093403486343,2000,0.22583498680824085
ds006850,bandpower_ridge_strong,4,4,combined_population,0.3858018173272647,0.2063187377676162,0.5652848968869132,2000,0.19005600759311192
ds006850,bandpower_ridge_strong,4,4,combined_personalized,0.3879171384625803,0.20765359360994315,0.5681806833152174,2000,0.2052794718937568
ds006850,bandpower_ridge_strong,4,8,prior,0.36875225191204003,0.1945758193184718,0.5429286845056083,2000,0.1828670559194328
ds006850,bandpower_ridge_strong,4,8,prior_personalized,0.38182001062159154,0.20486954782586206,0.558770473417321,2000,0.1989796891940661
ds006850,bandpower_ridge_strong,4,8,eeg_population,0.03842185449314987,-0.023425707623584785,0.10026941660988453,2000,0.21327859788085127
ds006850,bandpower_ridge_strong,4,8,eeg_personalized,0.1353336139378592,0.006364927539905391,0.26430230033581303,2000,0.22552571379482952
ds006850,bandpower_ridge_strong,4,8,combined_population,0.3871437010741239,0.21764560173428282,0.5566418004139649,2000,0.18218807931065722
ds006850,bandpower_ridge_strong,4,8,combined_personalized,0.38663424976766975,0.21244529519851854,0.560823204336821,2000,0.19951717400704855
ds006850,bandpower_ridge_strong,8,0,prior,-6.059063205187095e-16,-6.498983614779159e-15,5.28717097374174e-15,2000,0.21328741482015134
ds006850,bandpower_ridge_strong,8,0,prior_personalized,0.12280578902511667,0.004745700151787213,0.24086587789844613,2000,0.21504446475051595
ds006850,bandpower_ridge_strong,8,0,eeg_population,0.032832463261639376,-0.028080588394252932,0.09374551491753169,2000,0.21392769606001197
ds006850,bandpower_ridge_strong,8,0,eeg_personalized,0.14125631660256102,0.017913151977583017,0.264599481227539,2000,0.2178635088639545
ds006850,bandpower_ridge_strong,8,0,combined_population,0.03137678352684618,-0.021914354957245988,0.08466792201093835,2000,0.2130176753396905
ds006850,bandpower_ridge_strong,8,0,combined_personalized,0.13560378368163617,0.01729738933848947,0.2539101780247829,2000,0.21512518236155692
ds006850,bandpower_ridge_strong,8,1,prior,0.24447294775585057,0.014236445780210105,0.47470944973149104,2000,0.24310692242030255
ds006850,bandpower_ridge_strong,8,1,prior_personalized,0.2947374314687638,0.07844339388022553,0.5110314690573021,2000,0.2503554519196628
ds006850,bandpower_ridge_strong,8,1,eeg_population,0.033270931936442726,-0.02697146568874504,0.0935133295616305,2000,0.2139287397813039
ds006850,bandpower_ridge_strong,8,1,eeg_personalized,0.1415797643073294,0.0181226491829969,0.26503687943166193,2000,0.21787663742584634
ds006850,bandpower_ridge_strong,8,1,combined_population,0.2534621518614858,0.026620953408920095,0.48030335031405147,2000,0.24780355140892912
ds006850,bandpower_ridge_strong,8,1,combined_personalized,0.2975731017581428,0.08259233518124409,0.5125538683350415,2000,0.2513323116815144
ds006850,bandpower_ridge_strong,8,2,prior,0.31599379008181705,0.10963652851961064,0.5223510516440235,2000,0.20530785235890878
ds006850,bandpower_ridge_strong,8,2,prior_personalized,0.3732373419204265,0.1836398823371782,0.5628348015036748,2000,0.20849243961547947
ds006850,bandpower_ridge_strong,8,2,eeg_population,0.035826233010065094,-0.024480401534987525,0.09613286755511771,2000,0.21387781204186584
ds006850,bandpower_ridge_strong,8,2,eeg_personalized,0.14159501805619498,0.018384992408112658,0.2648050437042773,2000,0.21782655089645112
ds006850,bandpower_ridge_strong,8,2,combined_population,0.33241565182177035,0.13134516325118284,0.5334861403923579,2000,0.2064082657065626
ds006850,bandpower_ridge_strong,8,2,combined_personalized,0.37969047494425484,0.19378006002110862,0.5656008898674011,2000,0.20958296969499268
ds006850,bandpower_ridge_strong,8,4,prior,0.37119066052383104,0.18849960208033717,0.5538817189673249,2000,0.1900948816441775
ds006850,bandpower_ridge_strong,8,4,prior_personalized,0.42449770443088947,0.25553959051365754,0.5934558183481213,2000,0.19385321881060757
ds006850,bandpower_ridge_strong,8,4,eeg_population,0.03524554613396955,-0.026164132256669435,0.09665522452460854,2000,0.21360553967877616
ds006850,bandpower_ridge_strong,8,4,eeg_personalized,0.1415102009101391,0.017852275451111135,0.2651681263691671,2000,0.2180337540167916
ds006850,bandpower_ridge_strong,8,4,combined_population,0.3858018173272647,0.2063187377676162,0.5652848968869132,2000,0.19005600759311192
ds006850,bandpower_ridge_strong,8,4,combined_personalized,0.4287955782774674,0.26333586219045446,0.5942552943644803,2000,0.1947462168451765
ds006850,bandpower_ridge_strong,8,8,prior,0.36875225191204003,0.1945758193184718,0.5429286845056083,2000,0.1828670559194328
ds006850,bandpower_ridge_strong,8,8,prior_personalized,0.42671069853629107,0.26083436663726056,0.5925870304353216,2000,0.18711205155190674
ds006850,bandpower_ridge_strong,8,8,eeg_population,0.03842185449314987,-0.023425707623584785,0.10026941660988453,2000,0.21327859788085127
ds006850,bandpower_ridge_strong,8,8,eeg_personalized,0.13906000742715655,0.015185992843678955,0.26293402201063415,2000,0.21772765103995245
ds006850,bandpower_ridge_strong,8,8,combined_population,0.3871437010741239,0.21764560173428282,0.5566418004139649,2000,0.18218807931065722
ds006850,bandpower_ridge_strong,8,8,combined_personalized,0.4316511095579855,0.26882530496160006,0.594476914154371,2000,0.1877105828975157
ds006850,eegnet_lr1e3,0,0,prior,-6.059063205187095e-16,-6.496518353510847e-15,5.284705712473428e-15,2000,0.21328741482015134
ds006850,eegnet_lr1e3,0,0,prior_personalized,-6.059063205187095e-16,-6.498983614779159e-15,5.28717097374174e-15,2000,0.21328741482015134
ds006850,eegnet_lr1e3,0,0,eeg_population,0.010558111365251217,-0.04128952405029762,0.06240574678080006,2000,0.21445818077085588
ds006850,eegnet_lr1e3,0,0,eeg_personalized,0.010558110988459357,-0.04128952542617061,0.06240574740308933,2000,0.21445818107617126
ds006850,eegnet_lr1e3,0,0,combined_population,-4.804673536088488e-05,-0.04381626996481372,0.04372017649409195,2000,0.216159970272454
ds006850,eegnet_lr1e3,0,0,combined_personalized,-4.804673536088488e-05,-0.04381626996481372,0.04372017649409195,2000,0.216159970272454
ds006850,eegnet_lr1e3,0,1,prior,0.24447294775585057,0.014236445780210105,0.47470944973149104,2000,0.24310692242030255
ds006850,eegnet_lr1e3,0,1,prior_personalized,0.24447294775585057,0.014236445780210105,0.47470944973149104,2000,0.24310692242030255
ds006850,eegnet_lr1e3,0,1,eeg_population,0.01638536759555153,-0.012072197011619604,0.04484293220272266,2000,0.2125759888208411
ds006850,eegnet_lr1e3,0,1,eeg_personalized,0.016385371685733934,-0.012072192119190452,0.04484293549065832,2000,0.21257598814651896
ds006850,eegnet_lr1e3,0,1,combined_population,0.24139668391298236,0.01205847813877764,0.4707348896871871,2000,0.2476299073261891
ds006850,eegnet_lr1e3,0,1,combined_personalized,0.24139668391298236,0.01205847813877764,0.4707348896871871,2000,0.2476299073261891
ds006850,eegnet_lr1e3,0,2,prior,0.31599379008181705,0.10963652851961064,0.5223510516440235,2000,0.20530785235890878
ds006850,eegnet_lr1e3,0,2,prior_personalized,0.31599379008181705,0.10963652851961064,0.5223510516440235,2000,0.20530785235890878
ds006850,eegnet_lr1e3,0,2,eeg_population,0.013061510282348702,-0.03684751978821259,0.06297054035291,2000,0.21460674802705274
ds006850,eegnet_lr1e3,0,2,eeg_personalized,0.013061507774450804,-0.03684752273559825,0.06297053828449986,2000,0.21460674803284147
ds006850,eegnet_lr1e3,0,2,combined_population,0.31650251136475793,0.11072290364831788,0.5222821190811979,2000,0.20796414289491238
ds006850,eegnet_lr1e3,0,2,combined_personalized,0.31650251136475793,0.11072290364831788,0.5222821190811979,2000,0.20796414289491238
ds006850,eegnet_lr1e3,0,4,prior,0.37119066052383104,0.18849960208033717,0.5538817189673249,2000,0.1900948816441775
ds006850,eegnet_lr1e3,0,4,prior_personalized,0.37119066052383104,0.18849960208033717,0.5538817189673249,2000,0.1900948816441775
ds006850,eegnet_lr1e3,0,4,eeg_population,0.0049446604859980925,-0.05151846785609075,0.06140778882808694,2000,0.21590900806170912
ds006850,eegnet_lr1e3,0,4,eeg_personalized,0.0049446596825008715,-0.05151846841847609,0.06140778778347784,2000,0.21590900865349721
ds006850,eegnet_lr1e3,0,4,combined_population,0.37046606380597813,0.18741455935905454,0.5535175682529017,2000,0.19128650230082792
ds006850,eegnet_lr1e3,0,4,combined_personalized,0.37046606380597813,0.18741455935905454,0.5535175682529017,2000,0.19128650230082792
ds006850,eegnet_lr1e3,0,8,prior,0.36875225191204003,0.1945758193184718,0.5429286845056083,2000,0.1828670559194328
ds006850,eegnet_lr1e3,0,8,prior_personalized,0.36875225191204003,0.1945758193184718,0.5429286845056083,2000,0.1828670559194328
ds006850,eegnet_lr1e3,0,8,eeg_population,0.019480834848184376,-0.042018206690659685,0.08097987638702843,2000,0.2140323813761285
ds006850,eegnet_lr1e3,0,8,eeg_personalized,0.019480838243016548,-0.04201820402632289,0.08097988051235598,2000,0.2140323806667701
ds006850,eegnet_lr1e3,0,8,combined_population,0.3591241837544474,0.18095796771406916,0.5372903997948256,2000,0.18642479235077983
ds006850,eegnet_lr1e3,0,8,combined_personalized,0.3591241837544474,0.18095796771406916,0.5372903997948256,2000,0.18642479235077983
ds006850,eegnet_lr1e3,1,0,prior,-6.059063205187095e-16,-6.498983614779159e-15,5.28717097374174e-15,2000,0.21328741482015134
ds006850,eegnet_lr1e3,1,0,prior_personalized,0.08121593407157199,-0.05293687898550306,0.21536874712864704,2000,0.25008178023712074
ds006850,eegnet_lr1e3,1,0,eeg_population,0.010558111365251217,-0.04128952405029762,0.06240574678080006,2000,0.21445818077085588
ds006850,eegnet_lr1e3,1,0,eeg_personalized,0.10206579332425467,-0.03639731191447962,0.24052889856298895,2000,0.27134291401465055
ds006850,eegnet_lr1e3,1,0,combined_population,-4.804673536088488e-05,-0.04381626996481372,0.04372017649409195,2000,0.216159970272454
ds006850,eegnet_lr1e3,1,0,combined_personalized,0.08731458871613475,-0.046831016951371415,0.2214601943836409,2000,0.2524045805696564
ds006850,eegnet_lr1e3,1,1,prior,0.24447294775585057,0.014236445780210105,0.47470944973149104,2000,0.24310692242030255
ds006850,eegnet_lr1e3,1,1,prior_personalized,0.25587504350702006,0.03875844084053148,0.47299164617350864,2000,0.27297119951047544
ds006850,eegnet_lr1e3,1,1,eeg_population,0.01638536759555153,-0.012072197011619604,0.04484293220272266,2000,0.2125759888208411
ds006850,eegnet_lr1e3,1,1,eeg_personalized,0.09506903262928908,-0.040728863767630755,0.23086692902620892,2000,0.2675243448970327
ds006850,eegnet_lr1e3,1,1,combined_population,0.24139668391298236,0.01205847813877764,0.4707348896871871,2000,0.2476299073261891
ds006850,eegnet_lr1e3,1,1,combined_personalized,0.24100666131177775,0.024503936217040168,0.45750938640651534,2000,0.2808691556990552
ds006850,eegnet_lr1e3,1,2,prior,0.31599379008181705,0.10963652851961064,0.5223510516440235,2000,0.20530785235890878
ds006850,eegnet_lr1e3,1,2,prior_personalized,0.30095049494992016,0.10810787594391452,0.4937931139559258,2000,0.24322399412252085
ds006850,eegnet_lr1e3,1,2,eeg_population,0.013061510282348702,-0.036847519788212574,0.06297054035290998,2000,0.21460674802705274
ds006850,eegnet_lr1e3,1,2,eeg_personalized,0.1052329112991425,-0.03337305692764597,0.24383887952593097,2000,0.2682795516419361
ds006850,eegnet_lr1e3,1,2,combined_population,0.31650251136475793,0.11072290364831788,0.5222821190811979,2000,0.20796414289491238
ds006850,eegnet_lr1e3,1,2,combined_personalized,0.30030007131071856,0.10546500985226145,0.49513513276917565,2000,0.24445300462644823
ds006850,eegnet_lr1e3,1,4,prior,0.37119066052383104,0.18849960208033717,0.5538817189673249,2000,0.1900948816441775
ds006850,eegnet_lr1e3,1,4,prior_personalized,0.33374715583091424,0.15157681910201234,0.5159174925598161,2000,0.2311688213390782
ds006850,eegnet_lr1e3,1,4,eeg_population,0.0049446604859980925,-0.05151846785609075,0.06140778882808694,2000,0.21590900806170912
ds006850,eegnet_lr1e3,1,4,eeg_personalized,0.10594379628084379,-0.03097197312471746,0.24285956568640504,2000,0.26846710894523584
ds006850,eegnet_lr1e3,1,4,combined_population,0.37046606380597813,0.18741455935905454,0.5535175682529017,2000,0.19128650230082792
ds006850,eegnet_lr1e3,1,4,combined_personalized,0.3369681786855279,0.15380607254050538,0.5201302848305505,2000,0.2312656111403995
ds006850,eegnet_lr1e3,1,8,prior,0.36875225191204003,0.1945758193184718,0.5429286845056083,2000,0.1828670559194328
ds006850,eegnet_lr1e3,1,8,prior_personalized,0.32767681070765786,0.14921137724423558,0.5061422441710801,2000,0.22396995237045006
ds006850,eegnet_lr1e3,1,8,eeg_population,0.019480834848184376,-0.042018206690659685,0.08097987638702843,2000,0.2140323813761285
ds006850,eegnet_lr1e3,1,8,eeg_personalized,0.11011481826587341,-0.027103705799767258,0.24733334233151408,2000,0.26990589198319337
ds006850,eegnet_lr1e3,1,8,combined_population,0.3591241837544474,0.18095796771406916,0.5372903997948256,2000,0.18642479235077983
ds006850,eegnet_lr1e3,1,8,combined_personalized,0.3201846062574303,0.13694281775509687,0.5034263947597637,2000,0.22921723102111793
ds006850,eegnet_lr1e3,2,0,prior,-6.059063205187095e-16,-6.498983614779159e-15,5.28717097374174e-15,2000,0.21328741482015134
ds006850,eegnet_lr1e3,2,0,prior_personalized,0.10022886574735938,-0.03855086786968241,0.23900859936440116,2000,0.23656209007173432
ds006850,eegnet_lr1e3,2,0,eeg_population,0.010558111365251217,-0.04128952405029762,0.06240574678080006,2000,0.21445818077085588
ds006850,eegnet_lr1e3,2,0,eeg_personalized,0.11558285730566076,-0.01802580348080568,0.2491915180921272,2000,0.24487173180890073
ds006850,eegnet_lr1e3,2,0,combined_population,-4.804673536088488e-05,-0.04381626996481372,0.04372017649409195,2000,0.216159970272454
ds006850,eegnet_lr1e3,2,0,combined_personalized,0.10287861796622129,-0.035589556395690794,0.24134679232813339,2000,0.23785362601735666
ds006850,eegnet_lr1e3,2,1,prior,0.24447294775585057,0.014236445780210105,0.47470944973149104,2000,0.24310692242030255
ds006850,eegnet_lr1e3,2,1,prior_personalized,0.26843245098109014,0.04905689980131536,0.48780800216086495,2000,0.2650446045020217
ds006850,eegnet_lr1e3,2,1,eeg_population,0.01638536759555153,-0.012072197011619604,0.04484293220272266,2000,0.2125759888208411
ds006850,eegnet_lr1e3,2,1,eeg_personalized,0.1132329877406267,-0.01616841802967131,0.24263439351092472,2000,0.24166839542082935
ds006850,eegnet_lr1e3,2,1,combined_population,0.24139668391298236,0.01205847813877764,0.4707348896871871,2000,0.2476299073261891
ds006850,eegnet_lr1e3,2,1,combined_personalized,0.25646689044484233,0.03687369506218127,0.47606008582750337,2000,0.2708595580007107
ds006850,eegnet_lr1e3,2,2,prior,0.31599379008181705,0.10963652851961064,0.5223510516440235,2000,0.20530785235890878
ds006850,eegnet_lr1e3,2,2,prior_personalized,0.3307709927320821,0.1363862981422074,0.5251556873219568,2000,0.22767772329315533
ds006850,eegnet_lr1e3,2,2,eeg_population,0.013061510282348702,-0.036847519788212574,0.06297054035290998,2000,0.21460674802705274
ds006850,eegnet_lr1e3,2,2,eeg_personalized,0.11663048075569868,-0.020721698578420822,0.2539826600898182,2000,0.24469006170146188
ds006850,eegnet_lr1e3,2,2,combined_population,0.31650251136475793,0.11072290364831788,0.5222821190811979,2000,0.20796414289491238
ds006850,eegnet_lr1e3,2,2,combined_personalized,0.3303154571966197,0.1360444518981132,0.5245864624951262,2000,0.22899302478332673
ds006850,eegnet_lr1e3,2,4,prior,0.37119066052383104,0.18849960208033717,0.5538817189673249,2000,0.1900948816441775
ds006850,eegnet_lr1e3,2,4,prior_personalized,0.3697761066148609,0.18457543707021593,0.5549767761595058,2000,0.2132185374740657
ds006850,eegnet_lr1e3,2,4,eeg_population,0.0049446604859980925,-0.05151846785609075,0.06140778882808694,2000,0.21590900806170912
ds006850,eegnet_lr1e3,2,4,eeg_personalized,0.11517268138881138,-0.018445286557922172,0.24879064933554496,2000,0.24388890879744168
ds006850,eegnet_lr1e3,2,4,combined_population,0.37046606380597813,0.18741455935905454,0.5535175682529017,2000,0.19128650230082792
ds006850,eegnet_lr1e3,2,4,combined_personalized,0.3717607378892255,0.18796846145777824,0.5555530143206727,2000,0.21379173394349976
ds006850,eegnet_lr1e3,2,8,prior,0.36875225191204003,0.1945758193184718,0.5429286845056083,2000,0.1828670559194328
ds006850,eegnet_lr1e3,2,8,prior_personalized,0.3680243576602563,0.18730444051200007,0.5487442748085125,2000,0.2060712803535937
ds006850,eegnet_lr1e3,2,8,eeg_population,0.019480834848184376,-0.042018206690659685,0.08097987638702843,2000,0.2140323813761285
ds006850,eegnet_lr1e3,2,8,eeg_personalized,0.1137532280390681,-0.022023293645062697,0.24952974972319888,2000,0.24361935693144074
ds006850,eegnet_lr1e3,2,8,combined_population,0.3591241837544474,0.18095796771406916,0.5372903997948256,2000,0.18642479235077983
ds006850,eegnet_lr1e3,2,8,combined_personalized,0.35371381378525296,0.16803778505179556,0.5393898425187104,2000,0.21220564272379785
ds006850,eegnet_lr1e3,4,0,prior,-6.059063205187095e-16,-6.498983614779159e-15,5.28717097374174e-15,2000,0.21328741482015134
ds006850,eegnet_lr1e3,4,0,prior_personalized,0.0986597532129111,-0.030966160977817486,0.22828566740363967,2000,0.22390822023515308
ds006850,eegnet_lr1e3,4,0,eeg_population,0.010558111365251217,-0.04128952405029762,0.06240574678080006,2000,0.21445818077085588
ds006850,eegnet_lr1e3,4,0,eeg_personalized,0.13662279381841108,0.008773824127992602,0.26447176350882956,2000,0.22768823257140958
ds006850,eegnet_lr1e3,4,0,combined_population,-4.804673536088488e-05,-0.04381626996481372,0.04372017649409195,2000,0.216159970272454
ds006850,eegnet_lr1e3,4,0,combined_personalized,0.10435800025972948,-0.024661540790053324,0.23337754130951227,2000,0.22653060346513615
ds006850,eegnet_lr1e3,4,1,prior,0.24447294775585057,0.014236445780210105,0.47470944973149104,2000,0.24310692242030255
ds006850,eegnet_lr1e3,4,1,prior_personalized,0.2771285377667121,0.05343586738039677,0.5008212081530274,2000,0.26127587667005203
ds006850,eegnet_lr1e3,4,1,eeg_population,0.01638536759555153,-0.012072197011619604,0.04484293220272266,2000,0.2125759888208411
ds006850,eegnet_lr1e3,4,1,eeg_personalized,0.13625043620418337,0.010629730283135602,0.2618711421252311,2000,0.2260242248949635
ds006850,eegnet_lr1e3,4,1,combined_population,0.24139668391298236,0.01205847813877764,0.4707348896871871,2000,0.2476299073261891
ds006850,eegnet_lr1e3,4,1,combined_personalized,0.2719061403944706,0.04959456970051626,0.49421771108842494,2000,0.2651926581126767
ds006850,eegnet_lr1e3,4,2,prior,0.31599379008181705,0.10963652851961064,0.5223510516440235,2000,0.20530785235890878
ds006850,eegnet_lr1e3,4,2,prior_personalized,0.3424018303327086,0.1428499733016582,0.541953687363759,2000,0.2183047871979499
ds006850,eegnet_lr1e3,4,2,eeg_population,0.013061510282348702,-0.036847519788212574,0.06297054035290998,2000,0.21460674802705274
ds006850,eegnet_lr1e3,4,2,eeg_personalized,0.1356806163771908,0.007788687585705056,0.26357254516867656,2000,0.22698916591249657
ds006850,eegnet_lr1e3,4,2,combined_population,0.31650251136475793,0.11072290364831788,0.5222821190811979,2000,0.20796414289491238
ds006850,eegnet_lr1e3,4,2,combined_personalized,0.3436292080622094,0.1456340447112906,0.5416243714131282,2000,0.22026221134666915
ds006850,eegnet_lr1e3,4,4,prior,0.37119066052383104,0.18849960208033717,0.5538817189673249,2000,0.1900948816441775
ds006850,eegnet_lr1e3,4,4,prior_personalized,0.38337162821356824,0.20038286644862635,0.5663603899785101,2000,0.20519528883313692
ds006850,eegnet_lr1e3,4,4,eeg_population,0.0049446604859980925,-0.05151846785609075,0.06140778882808694,2000,0.21590900806170912
ds006850,eegnet_lr1e3,4,4,eeg_personalized,0.13352060938121796,0.007457415514465521,0.25958380324797037,2000,0.2278921985178878
ds006850,eegnet_lr1e3,4,4,combined_population,0.37046606380597813,0.18741455935905454,0.5535175682529017,2000,0.19128650230082792
ds006850,eegnet_lr1e3,4,4,combined_personalized,0.3849578123097859,0.20371190385650792,0.5662037207630638,2000,0.20575462298469507
ds006850,eegnet_lr1e3,4,8,prior,0.36875225191204003,0.1945758193184718,0.5429286845056083,2000,0.1828670559194328
ds006850,eegnet_lr1e3,4,8,prior_personalized,0.38182001062159154,0.20486954782586206,0.558770473417321,2000,0.1989796891940661
ds006850,eegnet_lr1e3,4,8,eeg_population,0.019480834848184376,-0.042018206690659685,0.08097987638702843,2000,0.2140323813761285
ds006850,eegnet_lr1e3,4,8,eeg_personalized,0.1330427194193297,0.005488794905392919,0.26059664393326654,2000,0.22729017857675346
ds006850,eegnet_lr1e3,4,8,combined_population,0.3591241837544474,0.18095796771406916,0.5372903997948256,2000,0.18642479235077983
ds006850,eegnet_lr1e3,4,8,combined_personalized,0.3744097013936707,0.19399287011359154,0.5548265326737498,2000,0.20282300041855034
ds006850,eegnet_lr1e3,8,0,prior,-6.059063205187095e-16,-6.498983614779159e-15,5.28717097374174e-15,2000,0.21328741482015134
ds006850,eegnet_lr1e3,8,0,prior_personalized,0.12280578902511667,0.004745700151787213,0.24086587789844613,2000,0.21504446475051595
ds006850,eegnet_lr1e3,8,0,eeg_population,0.010558111365251217,-0.04128952405029762,0.06240574678080006,2000,0.21445818077085588
ds006850,eegnet_lr1e3,8,0,eeg_personalized,0.13908729814567164,0.015537906478699973,0.2626366898126433,2000,0.2183232604091097
ds006850,eegnet_lr1e3,8,0,combined_population,-4.804673536088488e-05,-0.04381626996481372,0.04372017649409195,2000,0.216159970272454
ds006850,eegnet_lr1e3,8,0,combined_personalized,0.128310937395004,0.010136355479416853,0.24648551931059112,2000,0.2180885858703315
ds006850,eegnet_lr1e3,8,1,prior,0.24447294775585057,0.014236445780210105,0.47470944973149104,2000,0.24310692242030255
ds006850,eegnet_lr1e3,8,1,prior_personalized,0.2947374314687638,0.07844339388022553,0.5110314690573021,2000,0.2503554519196628
ds006850,eegnet_lr1e3,8,1,eeg_population,0.01638536759555153,-0.012072197011619604,0.04484293220272266,2000,0.2125759888208411
ds006850,eegnet_lr1e3,8,1,eeg_personalized,0.13727248153607657,0.016247319160034565,0.25829764391211857,2000,0.217574789394018
ds006850,eegnet_lr1e3,8,1,combined_population,0.24139668391298236,0.01205847813877764,0.4707348896871871,2000,0.2476299073261891
ds006850,eegnet_lr1e3,8,1,combined_personalized,0.2908602886878304,0.07524822412071264,0.5064723532549482,2000,0.2542493016298484
ds006850,eegnet_lr1e3,8,2,prior,0.31599379008181705,0.10963652851961064,0.5223510516440235,2000,0.20530785235890878
ds006850,eegnet_lr1e3,8,2,prior_personalized,0.3732373419204265,0.1836398823371782,0.5628348015036748,2000,0.20849243961547947
ds006850,eegnet_lr1e3,8,2,eeg_population,0.013061510282348702,-0.036847519788212574,0.06297054035290998,2000,0.21460674802705274
ds006850,eegnet_lr1e3,8,2,eeg_personalized,0.14019999466856453,0.018447175578668734,0.26195281375846036,2000,0.21722839056255863
ds006850,eegnet_lr1e3,8,2,combined_population,0.31650251136475793,0.11072290364831788,0.5222821190811979,2000,0.20796414289491238
ds006850,eegnet_lr1e3,8,2,combined_personalized,0.37427592547136607,0.18567887276463413,0.562872978178098,2000,0.2095524769542118
ds006850,eegnet_lr1e3,8,4,prior,0.37119066052383104,0.18849960208033717,0.5538817189673249,2000,0.1900948816441775
ds006850,eegnet_lr1e3,8,4,prior_personalized,0.42449770443088947,0.25553959051365754,0.5934558183481213,2000,0.19385321881060757
ds006850,eegnet_lr1e3,8,4,eeg_population,0.0049446604859980925,-0.05151846785609075,0.06140778882808694,2000,0.21590900806170912
ds006850,eegnet_lr1e3,8,4,eeg_personalized,0.13693356091294945,0.016118270803482715,0.2577488510224162,2000,0.21929613317527555
ds006850,eegnet_lr1e3,8,4,combined_population,0.37046606380597813,0.18741455935905454,0.5535175682529017,2000,0.19128650230082792
ds006850,eegnet_lr1e3,8,4,combined_personalized,0.42551099957875704,0.2583441358758496,0.5926778632816645,2000,0.19458525678911462
ds006850,eegnet_lr1e3,8,8,prior,0.36875225191204003,0.1945758193184718,0.5429286845056083,2000,0.1828670559194328
ds006850,eegnet_lr1e3,8,8,prior_personalized,0.42671069853629107,0.26083436663726056,0.5925870304353216,2000,0.18711205155190674
ds006850,eegnet_lr1e3,8,8,eeg_population,0.019480834848184376,-0.042018206690659685,0.08097987638702843,2000,0.2140323813761285
ds006850,eegnet_lr1e3,8,8,eeg_personalized,0.1384631962867388,0.01609833820145104,0.2608280543720266,2000,0.21890647665013888
ds006850,eegnet_lr1e3,8,8,combined_population,0.3591241837544474,0.18095796771406916,0.5372903997948256,2000,0.18642479235077983
ds006850,eegnet_lr1e3,8,8,combined_personalized,0.4194768565223602,0.2503947343946814,0.588558978650039,2000,0.19160425479693072
ds006850,eegnet_lr1e4,0,0,prior,-6.059063205187095e-16,-6.496518353510847e-15,5.284705712473428e-15,2000,0.21328741482015134
ds006850,eegnet_lr1e4,0,0,prior_personalized,-6.059063205187095e-16,-6.496518353510847e-15,5.284705712473428e-15,2000,0.21328741482015134
ds006850,eegnet_lr1e4,0,0,eeg_population,0.01504796486028585,-0.01219501485576584,0.042290944576337544,2000,0.21392644400559768
ds006850,eegnet_lr1e4,0,0,eeg_personalized,0.01504796729750214,-0.012195012089811733,0.04229094668481601,2000,0.21392644388982957
ds006850,eegnet_lr1e4,0,0,combined_population,0.005321148906819016,-0.006150951280605387,0.01679324909424342,2000,0.2133965997596797
ds006850,eegnet_lr1e4,0,0,combined_personalized,0.005321148906819016,-0.006150951280605387,0.01679324909424342,2000,0.2133965997596797
ds006850,eegnet_lr1e4,0,1,prior,0.24447294775585057,0.014236445780210105,0.47470944973149104,2000,0.24310692242030255
ds006850,eegnet_lr1e4,0,1,prior_personalized,0.24447294775585057,0.014236445780210105,0.47470944973149104,2000,0.24310692242030255
ds006850,eegnet_lr1e4,0,1,eeg_population,0.018284666667742762,-0.012667019752637228,0.049236353088122756,2000,0.21378191629437934
ds006850,eegnet_lr1e4,0,1,eeg_personalized,0.01828466813455802,-0.01266701664366866,0.049236352912784706,2000,0.21378191655058432
ds006850,eegnet_lr1e4,0,1,combined_population,0.2481858073588695,0.01744194593935025,0.4789296687783887,2000,0.24317671396030738
ds006850,eegnet_lr1e4,0,1,combined_personalized,0.2481858073588695,0.01744194593935025,0.4789296687783887,2000,0.24317671396030738
ds006850,eegnet_lr1e4,0,2,prior,0.31599379008181705,0.10963652851961064,0.5223510516440235,2000,0.20530785235890878
ds006850,eegnet_lr1e4,0,2,prior_personalized,0.31599379008181705,0.10963652851961064,0.5223510516440235,2000,0.20530785235890878
ds006850,eegnet_lr1e4,0,2,eeg_population,0.019791669253253364,-0.014333215618759245,0.05391655412526597,2000,0.21395232169595194
ds006850,eegnet_lr1e4,0,2,eeg_personalized,0.019791674512960423,-0.01433320933821024,0.05391655836413109,2000,0.21395232093374705
ds006850,eegnet_lr1e4,0,2,combined_population,0.32095469803283644,0.11565459467093964,0.5262548013947332,2000,0.20538500998144235
ds006850,eegnet_lr1e4,0,2,combined_personalized,0.32095469803283644,0.11565459467093964,0.5262548013947332,2000,0.20538500998144235
ds006850,eegnet_lr1e4,0,4,prior,0.37119066052383104,0.18849960208033717,0.5538817189673249,2000,0.1900948816441775
ds006850,eegnet_lr1e4,0,4,prior_personalized,0.37119066052383104,0.18849960208033717,0.5538817189673249,2000,0.1900948816441775
ds006850,eegnet_lr1e4,0,4,eeg_population,0.022084652656115727,-0.01202096063823653,0.056190265950467985,2000,0.213604036850389
ds006850,eegnet_lr1e4,0,4,eeg_personalized,0.022084652742119622,-0.012020960056158745,0.05619026554039799,2000,0.21360403666618702
ds006850,eegnet_lr1e4,0,4,combined_population,0.3749980152260465,0.19151788459854122,0.5584781458535517,2000,0.19029760411949131
ds006850,eegnet_lr1e4,0,4,combined_personalized,0.3749980152260465,0.19151788459854122,0.5584781458535517,2000,0.19029760411949131
ds006850,eegnet_lr1e4,0,8,prior,0.36875225191204003,0.1945758193184718,0.5429286845056083,2000,0.1828670559194328
ds006850,eegnet_lr1e4,0,8,prior_personalized,0.36875225191204003,0.1945758193184718,0.5429286845056083,2000,0.1828670559194328
ds006850,eegnet_lr1e4,0,8,eeg_population,0.01345173433779295,-0.010860839802838543,0.03776430847842444,2000,0.21314972360609344
ds006850,eegnet_lr1e4,0,8,eeg_personalized,0.013451736486609212,-0.010860839765393074,0.0377643127386115,2000,0.2131497236585922
ds006850,eegnet_lr1e4,0,8,combined_population,0.3756807387415283,0.20222559171074322,0.5491358857723134,2000,0.1816719485401305
ds006850,eegnet_lr1e4,0,8,combined_personalized,0.3756807387415283,0.20222559171074322,0.5491358857723134,2000,0.1816719485401305
ds006850,eegnet_lr1e4,1,0,prior,-6.059063205187095e-16,-6.498983614779159e-15,5.28717097374174e-15,2000,0.21328741482015134
ds006850,eegnet_lr1e4,1,0,prior_personalized,0.08121593407157199,-0.05293687898550306,0.21536874712864704,2000,0.25008178023712074
ds006850,eegnet_lr1e4,1,0,eeg_population,0.01504796486028585,-0.01219501485576584,0.042290944576337544,2000,0.21392644400559768
ds006850,eegnet_lr1e4,1,0,eeg_personalized,0.09626000320417658,-0.038688160714194314,0.23120816712254746,2000,0.26972545136900405
ds006850,eegnet_lr1e4,1,0,combined_population,0.005321148906819016,-0.006150951280605387,0.01679324909424342,2000,0.2133965997596797
ds006850,eegnet_lr1e4,1,0,combined_personalized,0.08414211312432614,-0.05001807962627279,0.21830230587492505,2000,0.2498851631957359
ds006850,eegnet_lr1e4,1,1,prior,0.24447294775585057,0.014236445780210105,0.47470944973149104,2000,0.24310692242030255
ds006850,eegnet_lr1e4,1,1,prior_personalized,0.25587504350702006,0.03875844084053148,0.47299164617350864,2000,0.27297119951047544
ds006850,eegnet_lr1e4,1,1,eeg_population,0.018284666667742762,-0.012667019752637228,0.049236353088122756,2000,0.21378191629437934
ds006850,eegnet_lr1e4,1,1,eeg_personalized,0.09899983279156449,-0.03626309825406038,0.23426276383718936,2000,0.26995837661538935
ds006850,eegnet_lr1e4,1,1,combined_population,0.2481858073588695,0.01744194593935025,0.4789296687783887,2000,0.24317671396030738
ds006850,eegnet_lr1e4,1,1,combined_personalized,0.2581427524861443,0.04038061397352738,0.47590489099876127,2000,0.2729838094652315
ds006850,eegnet_lr1e4,1,2,prior,0.31599379008181705,0.10963652851961064,0.5223510516440235,2000,0.20530785235890878
ds006850,eegnet_lr1e4,1,2,prior_personalized,0.30095049494992016,0.10810787594391452,0.4937931139559258,2000,0.24322399412252085
ds006850,eegnet_lr1e4,1,2,eeg_population,0.019791669253253364,-0.014333215618759245,0.05391655412526597,2000,0.21395232169595194
ds006850,eegnet_lr1e4,1,2,eeg_personalized,0.09771107592880231,-0.03815328091939883,0.23357543277700343,2000,0.27054521480333105
ds006850,eegnet_lr1e4,1,2,combined_population,0.32095469803283644,0.11565459467093964,0.5262548013947332,2000,0.20538500998144235
ds006850,eegnet_lr1e4,1,2,combined_personalized,0.3022737829841112,0.10902157734732013,0.49552598862090225,2000,0.2430406226944312
ds006850,eegnet_lr1e4,1,4,prior,0.37119066052383104,0.18849960208033717,0.5538817189673249,2000,0.1900948816441775
ds006850,eegnet_lr1e4,1,4,prior_personalized,0.33374715583091424,0.15157681910201234,0.5159174925598161,2000,0.2311688213390782
ds006850,eegnet_lr1e4,1,4,eeg_population,0.022084652656115727,-0.01202096063823653,0.056190265950467985,2000,0.213604036850389
ds006850,eegnet_lr1e4,1,4,eeg_personalized,0.09958188001304007,-0.036813137758490364,0.23597689778457048,2000,0.26939633738181906
ds006850,eegnet_lr1e4,1,4,combined_population,0.3749980152260465,0.19151788459854122,0.5584781458535517,2000,0.19029760411949131
ds006850,eegnet_lr1e4,1,4,combined_personalized,0.33538695704953464,0.15042403393710577,0.5203498801619635,2000,0.23041076583850167
ds006850,eegnet_lr1e4,1,8,prior,0.36875225191204003,0.1945758193184718,0.5429286845056083,2000,0.1828670559194328
ds006850,eegnet_lr1e4,1,8,prior_personalized,0.32767681070765786,0.14921137724423558,0.5061422441710801,2000,0.22396995237045006
ds006850,eegnet_lr1e4,1,8,eeg_population,0.01345173433779295,-0.010860839802838543,0.03776430847842444,2000,0.21314972360609344
ds006850,eegnet_lr1e4,1,8,eeg_personalized,0.09725694011008815,-0.03706688399279748,0.23158076421297377,2000,0.2662038063245384
ds006850,eegnet_lr1e4,1,8,combined_population,0.3756807387415283,0.20222559171074322,0.5491358857723134,2000,0.1816719485401305
ds006850,eegnet_lr1e4,1,8,combined_personalized,0.3272418318449021,0.14898152780140225,0.5055021358884019,2000,0.2236568433362177
ds006850,eegnet_lr1e4,2,0,prior,-6.059063205187095e-16,-6.498983614779159e-15,5.28717097374174e-15,2000,0.21328741482015134
ds006850,eegnet_lr1e4,2,0,prior_personalized,0.10022886574735938,-0.03855086786968241,0.23900859936440116,2000,0.23656209007173432
ds006850,eegnet_lr1e4,2,0,eeg_population,0.01504796486028585,-0.01219501485576584,0.042290944576337544,2000,0.21392644400559768
ds006850,eegnet_lr1e4,2,0,eeg_personalized,0.10814548158500563,-0.026521480387349403,0.24281244355736065,2000,0.242643353468813
ds006850,eegnet_lr1e4,2,0,combined_population,0.005321148906819016,-0.006150951280605387,0.01679324909424342,2000,0.2133965997596797
ds006850,eegnet_lr1e4,2,0,combined_personalized,0.10266817075676848,-0.0371723173844965,0.24250865889803347,2000,0.23680588562269547
ds006850,eegnet_lr1e4,2,1,prior,0.24447294775585057,0.014236445780210105,0.47470944973149104,2000,0.24310692242030255
ds006850,eegnet_lr1e4,2,1,prior_personalized,0.26843245098109014,0.04905689980131536,0.48780800216086495,2000,0.2650446045020217
ds006850,eegnet_lr1e4,2,1,eeg_population,0.018284666667742762,-0.012667019752637228,0.049236353088122756,2000,0.21378191629437934
ds006850,eegnet_lr1e4,2,1,eeg_personalized,0.11125950240290468,-0.02365200755288853,0.24617101235869787,2000,0.24237490022336866
ds006850,eegnet_lr1e4,2,1,combined_population,0.2481858073588695,0.01744194593935025,0.4789296687783887,2000,0.24317671396030738
ds006850,eegnet_lr1e4,2,1,combined_personalized,0.26964114395114164,0.04972333770875684,0.48955895019352647,2000,0.2654654358570503
ds006850,eegnet_lr1e4,2,2,prior,0.31599379008181705,0.10963652851961064,0.5223510516440235,2000,0.20530785235890878
ds006850,eegnet_lr1e4,2,2,prior_personalized,0.3307709927320821,0.1363862981422074,0.5251556873219568,2000,0.22767772329315533
ds006850,eegnet_lr1e4,2,2,eeg_population,0.019791669253253364,-0.014333215618759245,0.05391655412526597,2000,0.21395232169595194
ds006850,eegnet_lr1e4,2,2,eeg_personalized,0.11027766170697235,-0.02540866153585543,0.24596398494980015,2000,0.24260701126475853
ds006850,eegnet_lr1e4,2,2,combined_population,0.32095469803283644,0.11565459467093964,0.5262548013947332,2000,0.20538500998144235
ds006850,eegnet_lr1e4,2,2,combined_personalized,0.3315238938522476,0.13707450834999457,0.5259732793545007,2000,0.22783503855167261
ds006850,eegnet_lr1e4,2,4,prior,0.37119066052383104,0.18849960208033717,0.5538817189673249,2000,0.1900948816441775
ds006850,eegnet_lr1e4,2,4,prior_personalized,0.3697761066148609,0.18457543707021593,0.5549767761595058,2000,0.2132185374740657
ds006850,eegnet_lr1e4,2,4,eeg_population,0.022084652656115727,-0.01202096063823653,0.056190265950467985,2000,0.213604036850389
ds006850,eegnet_lr1e4,2,4,eeg_personalized,0.11233285519440353,-0.024331116924469737,0.2489968273132768,2000,0.2424328259555745
ds006850,eegnet_lr1e4,2,4,combined_population,0.3749980152260465,0.19151788459854122,0.5584781458535517,2000,0.19029760411949131
ds006850,eegnet_lr1e4,2,4,combined_personalized,0.36752009764806637,0.18016855856147793,0.5548716367346548,2000,0.21394895616806475
ds006850,eegnet_lr1e4,2,8,prior,0.36875225191204003,0.1945758193184718,0.5429286845056083,2000,0.1828670559194328
ds006850,eegnet_lr1e4,2,8,prior_personalized,0.3680243576602563,0.18730444051200007,0.5487442748085125,2000,0.2060712803535937
ds006850,eegnet_lr1e4,2,8,eeg_population,0.01345173433779295,-0.010860839802838543,0.03776430847842444,2000,0.21314972360609344
ds006850,eegnet_lr1e4,2,8,eeg_personalized,0.10827907422504308,-0.025978006054036648,0.2425361545041228,2000,0.24212237996062944
ds006850,eegnet_lr1e4,2,8,combined_population,0.3756807387415283,0.20222559171074322,0.5491358857723134,2000,0.1816719485401305
ds006850,eegnet_lr1e4,2,8,combined_personalized,0.3675021804686418,0.18649222510383934,0.5485121358334443,2000,0.20631919131991663
ds006850,eegnet_lr1e4,4,0,prior,-6.059063205187095e-16,-6.496518353510847e-15,5.284705712473428e-15,2000,0.21328741482015134
ds006850,eegnet_lr1e4,4,0,prior_personalized,0.0986597532129111,-0.030966160977817486,0.22828566740363967,2000,0.22390822023515308
ds006850,eegnet_lr1e4,4,0,eeg_population,0.01504796486028585,-0.01219501485576584,0.042290944576337544,2000,0.21392644400559768
ds006850,eegnet_lr1e4,4,0,eeg_personalized,0.13389986632878761,0.006389124222839854,0.2614106084347354,2000,0.2264908908032562
ds006850,eegnet_lr1e4,4,0,combined_population,0.005321148906819016,-0.006150951280605387,0.01679324909424342,2000,0.2133965997596797
ds006850,eegnet_lr1e4,4,0,combined_personalized,0.10119687340871752,-0.02855411108190689,0.23094785789934194,2000,0.22376263068852903
ds006850,eegnet_lr1e4,4,1,prior,0.24447294775585057,0.014236445780210105,0.47470944973149104,2000,0.24310692242030255
ds006850,eegnet_lr1e4,4,1,prior_personalized,0.2771285377667121,0.05343586738039677,0.5008212081530274,2000,0.26127587667005203
ds006850,eegnet_lr1e4,4,1,eeg_population,0.018284666667742762,-0.012667019752637228,0.049236353088122756,2000,0.21378191629437934
ds006850,eegnet_lr1e4,4,1,eeg_personalized,0.13597624172911335,0.00880128262304386,0.26315120083518284,2000,0.22632091151882902
ds006850,eegnet_lr1e4,4,1,combined_population,0.2481858073588695,0.01744194593935025,0.4789296687783887,2000,0.24317671396030738
ds006850,eegnet_lr1e4,4,1,combined_personalized,0.27898334279413406,0.05519306775801239,0.5027736178302558,2000,0.2609925680621772
ds006850,eegnet_lr1e4,4,2,prior,0.31599379008181705,0.10963652851961064,0.5223510516440235,2000,0.20530785235890878
ds006850,eegnet_lr1e4,4,2,prior_personalized,0.3424018303327086,0.1428499733016582,0.541953687363759,2000,0.2183047871979499
ds006850,eegnet_lr1e4,4,2,eeg_population,0.019791669253253364,-0.014333215618759245,0.05391655412526597,2000,0.21395232169595194
ds006850,eegnet_lr1e4,4,2,eeg_personalized,0.13454979258695557,0.007246612190031393,0.2618529729838798,2000,0.22628667500414198
ds006850,eegnet_lr1e4,4,2,combined_population,0.32095469803283644,0.11565459467093964,0.5262548013947332,2000,0.20538500998144235
ds006850,eegnet_lr1e4,4,2,combined_personalized,0.34370683032849714,0.14475358313324718,0.5426600775237471,2000,0.2180518353504696
ds006850,eegnet_lr1e4,4,4,prior,0.37119066052383104,0.18849960208033717,0.5538817189673249,2000,0.1900948816441775
ds006850,eegnet_lr1e4,4,4,prior_personalized,0.38337162821356824,0.20038286644862635,0.5663603899785101,2000,0.20519528883313692
ds006850,eegnet_lr1e4,4,4,eeg_population,0.022084652656115727,-0.012020960638236537,0.05619026595046799,2000,0.213604036850389
ds006850,eegnet_lr1e4,4,4,eeg_personalized,0.13644210875145574,0.008232908362024866,0.26465130914088664,2000,0.22581552735686486
ds006850,eegnet_lr1e4,4,4,combined_population,0.3749980152260465,0.19151788459854122,0.5584781458535517,2000,0.19029760411949131
ds006850,eegnet_lr1e4,4,4,combined_personalized,0.3830917577906819,0.19878875034144225,0.5673947652399215,2000,0.20433749169152682
ds006850,eegnet_lr1e4,4,8,prior,0.36875225191204003,0.1945758193184718,0.5429286845056083,2000,0.1828670559194328
ds006850,eegnet_lr1e4,4,8,prior_personalized,0.38182001062159154,0.20486954782586206,0.558770473417321,2000,0.1989796891940661
ds006850,eegnet_lr1e4,4,8,eeg_population,0.01345173433779295,-0.010860839802838543,0.03776430847842444,2000,0.21314972360609344
ds006850,eegnet_lr1e4,4,8,eeg_personalized,0.13232295604699273,0.0063383185646641305,0.2583075935293213,2000,0.225512377726726
ds006850,eegnet_lr1e4,4,8,combined_population,0.3756807387415283,0.20222559171074322,0.5491358857723134,2000,0.1816719485401305
ds006850,eegnet_lr1e4,4,8,combined_personalized,0.3809120938279527,0.20470551369905846,0.557118673956847,2000,0.19895769140332428
ds006850,eegnet_lr1e4,8,0,prior,-6.059063205187095e-16,-6.498983614779159e-15,5.28717097374174e-15,2000,0.21328741482015134
ds006850,eegnet_lr1e4,8,0,prior_personalized,0.12280578902511667,0.004745700151787213,0.24086587789844613,2000,0.21504446475051595
ds006850,eegnet_lr1e4,8,0,eeg_population,0.01504796486028585,-0.01219501485576584,0.042290944576337544,2000,0.21392644400559768
ds006850,eegnet_lr1e4,8,0,eeg_personalized,0.13737291871800694,0.01606266544141738,0.2586831719945965,2000,0.21737799458312096
ds006850,eegnet_lr1e4,8,0,combined_population,0.005321148906819016,-0.006150951280605387,0.01679324909424342,2000,0.2133965997596797
ds006850,eegnet_lr1e4,8,0,combined_personalized,0.1264609800433482,0.00811465713492128,0.2448073029517751,2000,0.21509873560290535
ds006850,eegnet_lr1e4,8,1,prior,0.24447294775585057,0.014236445780210105,0.47470944973149104,2000,0.24310692242030255
ds006850,eegnet_lr1e4,8,1,prior_personalized,0.2947374314687638,0.07844339388022553,0.5110314690573021,2000,0.2503554519196628
ds006850,eegnet_lr1e4,8,1,eeg_population,0.018284666667742762,-0.012667019752637228,0.049236353088122756,2000,0.21378191629437934
ds006850,eegnet_lr1e4,8,1,eeg_personalized,0.1396948944676867,0.018519278740348838,0.2608705101950246,2000,0.21731188324293815
ds006850,eegnet_lr1e4,8,1,combined_population,0.2481858073588695,0.01744194593935025,0.4789296687783887,2000,0.24317671396030738
ds006850,eegnet_lr1e4,8,1,combined_personalized,0.297323326600643,0.08070976200175656,0.5139368911995295,2000,0.25004308829587096
ds006850,eegnet_lr1e4,8,2,prior,0.31599379008181705,0.10963652851961064,0.5223510516440235,2000,0.20530785235890878
ds006850,eegnet_lr1e4,8,2,prior_personalized,0.3732373419204265,0.1836398823371782,0.5628348015036748,2000,0.20849243961547947
ds006850,eegnet_lr1e4,8,2,eeg_population,0.019791669253253364,-0.014333215618759245,0.05391655412526597,2000,0.21395232169595194
ds006850,eegnet_lr1e4,8,2,eeg_personalized,0.13865013747217264,0.017019025721037417,0.26028124922330786,2000,0.21773737802586762
ds006850,eegnet_lr1e4,8,2,combined_population,0.32095469803283644,0.11565459467093964,0.5262548013947332,2000,0.20538500998144235
ds006850,eegnet_lr1e4,8,2,combined_personalized,0.3759510245450577,0.1867949531732802,0.5651070959168352,2000,0.20764992097003027
ds006850,eegnet_lr1e4,8,4,prior,0.37119066052383104,0.18849960208033717,0.5538817189673249,2000,0.1900948816441775
ds006850,eegnet_lr1e4,8,4,prior_personalized,0.42449770443088947,0.25553959051365754,0.5934558183481213,2000,0.19385321881060757
ds006850,eegnet_lr1e4,8,4,eeg_population,0.022084652656115727,-0.012020960638236537,0.05619026595046799,2000,0.213604036850389
ds006850,eegnet_lr1e4,8,4,eeg_personalized,0.14066028473415287,0.01801352792453388,0.2633070415437719,2000,0.21693854629838114
ds006850,eegnet_lr1e4,8,4,combined_population,0.3749980152260465,0.19151788459854122,0.5584781458535517,2000,0.19029760411949131
ds006850,eegnet_lr1e4,8,4,combined_personalized,0.4261290639136142,0.2561007033522514,0.596157424474977,2000,0.19343081387112426
ds006850,eegnet_lr1e4,8,8,prior,0.36875225191204003,0.1945758193184718,0.5429286845056083,2000,0.1828670559194328
ds006850,eegnet_lr1e4,8,8,prior_personalized,0.42671069853629107,0.26083436663726056,0.5925870304353216,2000,0.18711205155190674
ds006850,eegnet_lr1e4,8,8,eeg_population,0.01345173433779295,-0.010860839802838543,0.03776430847842444,2000,0.21314972360609344
ds006850,eegnet_lr1e4,8,8,eeg_personalized,0.13563172748771762,0.015315869908757843,0.2559475850666774,2000,0.21624666255288746
ds006850,eegnet_lr1e4,8,8,combined_population,0.3756807387415283,0.20222559171074322,0.5491358857723134,2000,0.1816719485401305
ds006850,eegnet_lr1e4,8,8,combined_personalized,0.4284017342249161,0.2625998606435729,0.5942036078062594,2000,0.18640440849947737
ds006850,labram_ridge_base,0,0,prior,-6.059063205187095e-16,-6.498983614779159e-15,5.28717097374174e-15,2000,0.21328741482015134
ds006850,labram_ridge_base,0,0,prior_personalized,-6.059063205187095e-16,-6.498983614779159e-15,5.28717097374174e-15,2000,0.21328741482015134
ds006850,labram_ridge_base,0,0,eeg_population,-0.005670753074292363,-0.0869507955612132,0.07560928941262847,2000,0.22146899425445232
ds006850,labram_ridge_base,0,0,eeg_personalized,-0.005670753074292363,-0.0869507955612132,0.07560928941262847,2000,0.22146899425445232
ds006850,labram_ridge_base,0,0,combined_population,-0.003317907931347745,-0.07654647340715197,0.06991065754445648,2000,0.2190512917444843
ds006850,labram_ridge_base,0,0,combined_personalized,-0.003317907931347745,-0.07654647340715197,0.06991065754445648,2000,0.2190512917444843
ds006850,labram_ridge_base,0,1,prior,0.24447294775585057,0.014236445780210105,0.47470944973149104,2000,0.24310692242030255
ds006850,labram_ridge_base,0,1,prior_personalized,0.24447294775585057,0.014236445780210105,0.47470944973149104,2000,0.24310692242030255
ds006850,labram_ridge_base,0,1,eeg_population,-0.005592844304252599,-0.08757669495055884,0.07639100634205365,2000,0.22120906441407234
ds006850,labram_ridge_base,0,1,eeg_personalized,-0.005592844304252599,-0.08757669495055884,0.07639100634205365,2000,0.22120906441407234
ds006850,labram_ridge_base,0,1,combined_population,0.2423821144193928,0.01952032953360447,0.4652438993051812,2000,0.24876668961134332
ds006850,labram_ridge_base,0,1,combined_personalized,0.2423821144193928,0.01952032953360447,0.4652438993051812,2000,0.24876668961134332
ds006850,labram_ridge_base,0,2,prior,0.31599379008181705,0.10963652851961064,0.5223510516440235,2000,0.20530785235890878
ds006850,labram_ridge_base,0,2,prior_personalized,0.31599379008181705,0.10963652851961064,0.5223510516440235,2000,0.20530785235890878
ds006850,labram_ridge_base,0,2,eeg_population,0.0018397491160908335,-0.07949271851987917,0.08317221675206084,2000,0.22105840698539522
ds006850,labram_ridge_base,0,2,eeg_personalized,0.0018397491160908335,-0.07949271851987917,0.08317221675206084,2000,0.22105840698539522
ds006850,labram_ridge_base,0,2,combined_population,0.3132023879095815,0.11778912923701026,0.5086156465821527,2000,0.21213490052612521
ds006850,labram_ridge_base,0,2,combined_personalized,0.3132023879095815,0.11778912923701026,0.5086156465821527,2000,0.21213490052612521
ds006850,labram_ridge_base,0,4,prior,0.37119066052383104,0.18849960208033717,0.5538817189673249,2000,0.1900948816441775
ds006850,labram_ridge_base,0,4,prior_personalized,0.37119066052383104,0.18849960208033717,0.5538817189673249,2000,0.1900948816441775
ds006850,labram_ridge_base,0,4,eeg_population,-0.008448279719322053,-0.08906515292606434,0.07216859348742025,2000,0.2216267067567952
ds006850,labram_ridge_base,0,4,eeg_personalized,-0.008448279719322053,-0.08906515292606434,0.07216859348742025,2000,0.2216267067567952
ds006850,labram_ridge_base,0,4,combined_population,0.3553262115873086,0.17774745757570543,0.5329049655989118,2000,0.19737973360502373
ds006850,labram_ridge_base,0,4,combined_personalized,0.3553262115873086,0.17774745757570543,0.5329049655989118,2000,0.19737973360502373
ds006850,labram_ridge_base,0,8,prior,0.36875225191204003,0.1945758193184718,0.5429286845056083,2000,0.1828670559194328
ds006850,labram_ridge_base,0,8,prior_personalized,0.36875225191204003,0.1945758193184718,0.5429286845056083,2000,0.1828670559194328
ds006850,labram_ridge_base,0,8,eeg_population,-0.005505211874877943,-0.08318574007557353,0.07217531632581764,2000,0.22187132986013233
ds006850,labram_ridge_base,0,8,eeg_personalized,-0.005505211874877943,-0.08318574007557353,0.07217531632581764,2000,0.22187132986013233
ds006850,labram_ridge_base,0,8,combined_population,0.3515512035237975,0.18181522913102413,0.5212871779165709,2000,0.19052889659009495
ds006850,labram_ridge_base,0,8,combined_personalized,0.3515512035237975,0.18181522913102413,0.5212871779165709,2000,0.19052889659009495
ds006850,labram_ridge_base,1,0,prior,-6.059063205187095e-16,-6.498983614779159e-15,5.28717097374174e-15,2000,0.21328741482015134
ds006850,labram_ridge_base,1,0,prior_personalized,0.08121593407157199,-0.05293687898550306,0.21536874712864704,2000,0.25008178023712074
ds006850,labram_ridge_base,1,0,eeg_population,-0.0056707530742927375,-0.08695079556121356,0.07560928941262808,2000,0.22146899425445232
ds006850,labram_ridge_base,1,0,eeg_personalized,0.07406091171359785,-0.06281916671353477,0.21094099014073048,2000,0.28044502279304107
ds006850,labram_ridge_base,1,0,combined_population,-0.00331790793134754,-0.07654647340715173,0.06991065754445666,2000,0.2190512917444843
ds006850,labram_ridge_base,1,0,combined_personalized,0.07671851874007411,-0.06217024975388617,0.21560728723403438,2000,0.25734733389536657
ds006850,labram_ridge_base,1,1,prior,0.24447294775585057,0.014236445780210105,0.47470944973149104,2000,0.24310692242030255
ds006850,labram_ridge_base,1,1,prior_personalized,0.25587504350702006,0.03875844084053148,0.47299164617350864,2000,0.27297119951047544
ds006850,labram_ridge_base,1,1,eeg_population,-0.005592844304252985,-0.08757669495055923,0.07639100634205326,2000,0.22120906441407234
ds006850,labram_ridge_base,1,1,eeg_personalized,0.07397516730847709,-0.06243880393390103,0.2103891385508552,2000,0.2800680959621752
ds006850,labram_ridge_base,1,1,combined_population,0.2423821144193928,0.01952032953360447,0.4652438993051812,2000,0.24876668961134332
ds006850,labram_ridge_base,1,1,combined_personalized,0.25214868738634333,0.0448306695215466,0.4594667052511401,2000,0.278577530945397
ds006850,labram_ridge_base,1,2,prior,0.31599379008181705,0.10963652851961064,0.5223510516440235,2000,0.20530785235890878
ds006850,labram_ridge_base,1,2,prior_personalized,0.30095049494992016,0.10810787594391452,0.4937931139559258,2000,0.24322399412252085
ds006850,labram_ridge_base,1,2,eeg_population,0.0018397491160908335,-0.07949271851987916,0.08317221675206082,2000,0.22105840698539522
ds006850,labram_ridge_base,1,2,eeg_personalized,0.07964710989375559,-0.057175298022047155,0.21646951780955834,2000,0.27887989305528843
ds006850,labram_ridge_base,1,2,combined_population,0.31320238790958144,0.11778912923701024,0.5086156465821526,2000,0.21213490052612521
ds006850,labram_ridge_base,1,2,combined_personalized,0.29379182878009297,0.10996921395001802,0.4776144436101679,2000,0.25042067615662233
ds006850,labram_ridge_base,1,4,prior,0.37119066052383104,0.18849960208033717,0.5538817189673249,2000,0.1900948816441775
ds006850,labram_ridge_base,1,4,prior_personalized,0.33374715583091424,0.15157681910201234,0.5159174925598161,2000,0.2311688213390782
ds006850,labram_ridge_base,1,4,eeg_population,-0.008448279719322053,-0.08906515292606433,0.07216859348742023,2000,0.2216267067567952
ds006850,labram_ridge_base,1,4,eeg_personalized,0.0747332987827731,-0.06254500592957604,0.21201160349512224,2000,0.2805814498042295
ds006850,labram_ridge_base,1,4,combined_population,0.3553262115873086,0.17774745757570543,0.5329049655989118,2000,0.19737973360502373
ds006850,labram_ridge_base,1,4,combined_personalized,0.3159384010939807,0.14098483901822803,0.4908919631697334,2000,0.24019587080968052
ds006850,labram_ridge_base,1,8,prior,0.36875225191204003,0.1945758193184718,0.5429286845056083,2000,0.1828670559194328
ds006850,labram_ridge_base,1,8,prior_personalized,0.32767681070765786,0.14921137724423558,0.5061422441710801,2000,0.22396995237045006
ds006850,labram_ridge_base,1,8,eeg_population,-0.005505211874878143,-0.08318574007557374,0.07217531632581746,2000,0.22187132986013233
ds006850,labram_ridge_base,1,8,eeg_personalized,0.07471804940693123,-0.062089480726318605,0.21152557954018109,2000,0.2813025085285794
ds006850,labram_ridge_base,1,8,combined_population,0.3515512035237975,0.1818152291310241,0.5212871779165709,2000,0.19052889659009495
ds006850,labram_ridge_base,1,8,combined_personalized,0.3099859266792477,0.13985870185287966,0.48011315150561573,2000,0.23746054589210114
ds006850,labram_ridge_base,2,0,prior,-6.059063205187095e-16,-6.498983614779159e-15,5.28717097374174e-15,2000,0.21328741482015134
ds006850,labram_ridge_base,2,0,prior_personalized,0.10022886574735938,-0.03855086786968241,0.23900859936440116,2000,0.23656209007173432
ds006850,labram_ridge_base,2,0,eeg_population,-0.005670753074293262,-0.08695079556121409,0.07560928941262755,2000,0.22146899425445232
ds006850,labram_ridge_base,2,0,eeg_personalized,0.08017426157529312,-0.04958844616074015,0.20993696931132638,2000,0.25314475383097723
ds006850,labram_ridge_base,2,0,combined_population,-0.003317907931347287,-0.07654647340715147,0.0699106575444569,2000,0.2190512917444843
ds006850,labram_ridge_base,2,0,combined_personalized,0.08976899865922502,-0.04651242089980967,0.22605041821825972,2000,0.2425275088968716
ds006850,labram_ridge_base,2,1,prior,0.24447294775585057,0.014236445780210105,0.47470944973149104,2000,0.24310692242030255
ds006850,labram_ridge_base,2,1,prior_personalized,0.26843245098109014,0.04905689980131536,0.48780800216086495,2000,0.2650446045020217
ds006850,labram_ridge_base,2,1,eeg_population,-0.005592844304252725,-0.08757669495055896,0.07639100634205352,2000,0.22120906441407234
ds006850,labram_ridge_base,2,1,eeg_personalized,0.08000435588448632,-0.05029153398894773,0.21030024575792036,2000,0.25313748768320116
ds006850,labram_ridge_base,2,1,combined_population,0.2423821144193929,0.019520329533604552,0.46524389930518123,2000,0.24876668961134332
ds006850,labram_ridge_base,2,1,combined_personalized,0.2692444703017456,0.06096854834006851,0.4775203922634227,2000,0.2689425693328859
ds006850,labram_ridge_base,2,2,prior,0.31599379008181705,0.10963652851961064,0.5223510516440235,2000,0.20530785235890878
ds006850,labram_ridge_base,2,2,prior_personalized,0.3307709927320821,0.1363862981422074,0.5251556873219568,2000,0.22767772329315533
ds006850,labram_ridge_base,2,2,eeg_population,0.0018397491160905698,-0.07949271851987941,0.08317221675206055,2000,0.22105840698539522
ds006850,labram_ridge_base,2,2,eeg_personalized,0.08449222979840317,-0.045850004619886295,0.2148344642166926,2000,0.253032848320943
ds006850,labram_ridge_base,2,2,combined_population,0.31320238790958144,0.11778912923701021,0.5086156465821526,2000,0.21213490052612521
ds006850,labram_ridge_base,2,2,combined_personalized,0.3285039429446187,0.14576866290238175,0.5112392229868556,2000,0.2313765018345665
ds006850,labram_ridge_base,2,4,prior,0.37119066052383104,0.18849960208033717,0.5538817189673249,2000,0.1900948816441775
ds006850,labram_ridge_base,2,4,prior_personalized,0.3697761066148609,0.18457543707021593,0.5549767761595058,2000,0.2132185374740657
ds006850,labram_ridge_base,2,4,eeg_population,-0.008448279719322039,-0.08906515292606432,0.07216859348742025,2000,0.2216267067567952
ds006850,labram_ridge_base,2,4,eeg_personalized,0.08091927678413928,-0.05094177804464557,0.21278033161292415,2000,0.25280444895617704
ds006850,labram_ridge_base,2,4,combined_population,0.3553262115873086,0.17774745757570543,0.5329049655989118,2000,0.19737973360502373
ds006850,labram_ridge_base,2,4,combined_personalized,0.35945763210532433,0.18152546909473294,0.5373897951159157,2000,0.216835549127082
ds006850,labram_ridge_base,2,8,prior,0.36875225191204003,0.1945758193184718,0.5429286845056083,2000,0.1828670559194328
ds006850,labram_ridge_base,2,8,prior_personalized,0.3680243576602563,0.18730444051200007,0.5487442748085125,2000,0.2060712803535937
ds006850,labram_ridge_base,2,8,eeg_population,-0.005505211874878143,-0.08318574007557372,0.07217531632581745,2000,0.22187132986013233
ds006850,labram_ridge_base,2,8,eeg_personalized,0.08049230097526122,-0.0500759269311275,0.21106052888164994,2000,0.25338429569208154
ds006850,labram_ridge_base,2,8,combined_population,0.3515512035237975,0.1818152291310241,0.5212871779165709,2000,0.19052889659009495
ds006850,labram_ridge_base,2,8,combined_personalized,0.35618638941810526,0.18671667338545375,0.5256561054507568,2000,0.21362632012383656
ds006850,labram_ridge_base,4,0,prior,-6.059063205187095e-16,-6.498983614779159e-15,5.28717097374174e-15,2000,0.21328741482015134
ds006850,labram_ridge_base,4,0,prior_personalized,0.0986597532129111,-0.030966160977817486,0.22828566740363967,2000,0.22390822023515308
ds006850,labram_ridge_base,4,0,eeg_population,-0.005670753074293187,-0.08695079556121398,0.07560928941262761,2000,0.22146899425445232
ds006850,labram_ridge_base,4,0,eeg_personalized,0.11750803490887625,-0.011647628879368807,0.2466636986971213,2000,0.2347695866785246
ds006850,labram_ridge_base,4,0,combined_population,-0.0033179079313472868,-0.07654647340715146,0.06991065754445688,2000,0.21905129174448432
ds006850,labram_ridge_base,4,0,combined_personalized,0.09596080301678471,-0.0347613388024048,0.22668294483597423,2000,0.230282587653662
ds006850,labram_ridge_base,4,1,prior,0.24447294775585057,0.014236445780210105,0.47470944973149104,2000,0.24310692242030255
ds006850,labram_ridge_base,4,1,prior_personalized,0.2771285377667121,0.05343586738039677,0.5008212081530274,2000,0.26127587667005203
ds006850,labram_ridge_base,4,1,eeg_population,-0.005592844304252725,-0.08757669495055896,0.07639100634205352,2000,0.22120906441407234
ds006850,labram_ridge_base,4,1,eeg_personalized,0.11626606872465009,-0.012786620265956727,0.2453187577152569,2000,0.2350138289296821
ds006850,labram_ridge_base,4,1,combined_population,0.24238211441939278,0.01952032953360444,0.4652438993051811,2000,0.24876668961134332
ds006850,labram_ridge_base,4,1,combined_personalized,0.2807065724180468,0.06731900100712965,0.494094143828964,2000,0.2621053958649177
ds006850,labram_ridge_base,4,2,prior,0.31599379008181705,0.10963652851961064,0.5223510516440235,2000,0.20530785235890878
ds006850,labram_ridge_base,4,2,prior_personalized,0.3424018303327086,0.1428499733016582,0.541953687363759,2000,0.2183047871979499
ds006850,labram_ridge_base,4,2,eeg_population,0.0018397491160907088,-0.07949271851987928,0.0831722167520607,2000,0.22105840698539522
ds006850,labram_ridge_base,4,2,eeg_personalized,0.12181996488756011,-0.00767994709507705,0.2513198768701973,2000,0.23380428803688305
ds006850,labram_ridge_base,4,2,combined_population,0.3132023879095813,0.1177891292370101,0.5086156465821525,2000,0.21213490052612521
ds006850,labram_ridge_base,4,2,combined_personalized,0.3448875516923812,0.15674684473729655,0.533028258647466,2000,0.2218899124427681
ds006850,labram_ridge_base,4,4,prior,0.37119066052383104,0.18849960208033717,0.5538817189673249,2000,0.1900948816441775
ds006850,labram_ridge_base,4,4,prior_personalized,0.38337162821356824,0.20038286644862635,0.5663603899785101,2000,0.20519528883313692
ds006850,labram_ridge_base,4,4,eeg_population,-0.008448279719321699,-0.089065152926064,0.0721685934874206,2000,0.2216267067567952
ds006850,labram_ridge_base,4,4,eeg_personalized,0.11567008383288249,-0.016556606814867092,0.24789677448063208,2000,0.23391298875189226
ds006850,labram_ridge_base,4,4,combined_population,0.35532621158730854,0.17774745757570537,0.5329049655989118,2000,0.19737973360502373
ds006850,labram_ridge_base,4,4,combined_personalized,0.37634125350380965,0.2005417055190484,0.5521408014885709,2000,0.20932891678875407
ds006850,labram_ridge_base,4,8,prior,0.36875225191204003,0.1945758193184718,0.5429286845056083,2000,0.1828670559194328
ds006850,labram_ridge_base,4,8,prior_personalized,0.38182001062159154,0.20486954782586206,0.558770473417321,2000,0.1989796891940661
ds006850,labram_ridge_base,4,8,eeg_population,-0.005505211874878487,-0.08318574007557408,0.07217531632581711,2000,0.22187132986013233
ds006850,labram_ridge_base,4,8,eeg_personalized,0.1158057796393533,-0.015041984607802858,0.24665354388650945,2000,0.23452186017018647
ds006850,labram_ridge_base,4,8,combined_population,0.35155120352379743,0.18181522913102408,0.5212871779165708,2000,0.19052889659009495
ds006850,labram_ridge_base,4,8,combined_personalized,0.3741820480200816,0.20542338707903707,0.5429407089611261,2000,0.20412897594259172
ds006850,labram_ridge_base,8,0,prior,-6.059063205187095e-16,-6.498983614779159e-15,5.28717097374174e-15,2000,0.21328741482015134
ds006850,labram_ridge_base,8,0,prior_personalized,0.12280578902511667,0.004745700151787213,0.24086587789844613,2000,0.21504446475051595
ds006850,labram_ridge_base,8,0,eeg_population,-0.005670753074293187,-0.08695079556121398,0.07560928941262761,2000,0.22146899425445232
ds006850,labram_ridge_base,8,0,eeg_personalized,0.11982936438287428,-0.009038456115762511,0.24869718488151107,2000,0.22610922010376
ds006850,labram_ridge_base,8,0,combined_population,-0.0033179079313472868,-0.07654647340715146,0.06991065754445688,2000,0.21905129174448432
ds006850,labram_ridge_base,8,0,combined_personalized,0.11872228916356167,-0.004850933619087852,0.24229551194621118,2000,0.2213162786500542
ds006850,labram_ridge_base,8,1,prior,0.24447294775585057,0.014236445780210105,0.47470944973149104,2000,0.24310692242030255
ds006850,labram_ridge_base,8,1,prior_personalized,0.2947374314687638,0.07844339388022553,0.5110314690573021,2000,0.2503554519196628
ds006850,labram_ridge_base,8,1,eeg_population,-0.005592844304252725,-0.08757669495055896,0.07639100634205352,2000,0.22120906441407234
ds006850,labram_ridge_base,8,1,eeg_personalized,0.11994743028477606,-0.00911854239080373,0.24901340296035585,2000,0.22590819619016891
ds006850,labram_ridge_base,8,1,combined_population,0.24238211441939278,0.01952032953360444,0.4652438993051811,2000,0.24876668961134332
ds006850,labram_ridge_base,8,1,combined_personalized,0.29784591097494245,0.09167769944397611,0.5040141225059088,2000,0.2519349864322727
ds006850,labram_ridge_base,8,2,prior,0.31599379008181705,0.10963652851961064,0.5223510516440235,2000,0.20530785235890878
ds006850,labram_ridge_base,8,2,prior_personalized,0.3732373419204265,0.1836398823371782,0.5628348015036748,2000,0.20849243961547947
ds006850,labram_ridge_base,8,2,eeg_population,0.0018397491160907088,-0.07949271851987928,0.0831722167520607,2000,0.22105840698539522
ds006850,labram_ridge_base,8,2,eeg_personalized,0.12428918886523732,-0.004763594946226746,0.2533419726767014,2000,0.2250381970508561
ds006850,labram_ridge_base,8,2,combined_population,0.3132023879095813,0.1177891292370101,0.5086156465821525,2000,0.21213490052612521
ds006850,labram_ridge_base,8,2,combined_personalized,0.37470803060761704,0.19602920380470798,0.5533868574105261,2000,0.21241604470610692
ds006850,labram_ridge_base,8,4,prior,0.37119066052383104,0.18849960208033717,0.5538817189673249,2000,0.1900948816441775
ds006850,labram_ridge_base,8,4,prior_personalized,0.42449770443088947,0.25553959051365754,0.5934558183481213,2000,0.19385321881060757
ds006850,labram_ridge_base,8,4,eeg_population,-0.008448279719321699,-0.089065152926064,0.0721685934874206,2000,0.2216267067567952
ds006850,labram_ridge_base,8,4,eeg_personalized,0.11783887088250411,-0.014047493891047091,0.2497252356560553,2000,0.2249372230703271
ds006850,labram_ridge_base,8,4,combined_population,0.35532621158730854,0.17774745757570537,0.5329049655989118,2000,0.19737973360502373
ds006850,labram_ridge_base,8,4,combined_personalized,0.41479716145131107,0.25318409222930494,0.5764102306733172,2000,0.19909128806083856
ds006850,labram_ridge_base,8,8,prior,0.36875225191204003,0.1945758193184718,0.5429286845056083,2000,0.1828670559194328
ds006850,labram_ridge_base,8,8,prior_personalized,0.42671069853629107,0.26083436663726056,0.5925870304353216,2000,0.18711205155190674
ds006850,labram_ridge_base,8,8,eeg_population,-0.005505211874878487,-0.08318574007557408,0.07217531632581711,2000,0.22187132986013233
ds006850,labram_ridge_base,8,8,eeg_personalized,0.11779671896675614,-0.013189020239173233,0.24878245817268552,2000,0.22481311771513965
ds006850,labram_ridge_base,8,8,combined_population,0.35155120352379743,0.18181522913102408,0.5212871779165708,2000,0.19052889659009495
ds006850,labram_ridge_base,8,8,combined_personalized,0.4119199543561652,0.25289813960907326,0.5709417691032571,2000,0.19301196546376828
ds006850,labram_ridge_strong,0,0,prior,-6.059063205187095e-16,-6.496518353510847e-15,5.284705712473428e-15,2000,0.21328741482015134
ds006850,labram_ridge_strong,0,0,prior_personalized,-6.059063205187095e-16,-6.498983614779159e-15,5.28717097374174e-15,2000,0.21328741482015134
ds006850,labram_ridge_strong,0,0,eeg_population,-0.00863318859422929,-0.05759101515166061,0.04032463796320203,2000,0.21758049994496176
ds006850,labram_ridge_strong,0,0,eeg_personalized,-0.00863318859422929,-0.05759101515166061,0.04032463796320203,2000,0.21758049994496176
ds006850,labram_ridge_strong,0,0,combined_population,-0.00942942620104895,-0.054448435739837056,0.035589583337739164,2000,0.21703677685218672
ds006850,labram_ridge_strong,0,0,combined_personalized,-0.00942942620104895,-0.054448435739837056,0.035589583337739164,2000,0.21703677685218672
ds006850,labram_ridge_strong,0,1,prior,0.24447294775585057,0.014236445780210105,0.47470944973149104,2000,0.24310692242030255
ds006850,labram_ridge_strong,0,1,prior_personalized,0.24447294775585057,0.014236445780210105,0.47470944973149104,2000,0.24310692242030255
ds006850,labram_ridge_strong,0,1,eeg_population,-0.008834402495763893,-0.05775003739996221,0.040081232408434427,2000,0.21759128966595237
ds006850,labram_ridge_strong,0,1,eeg_personalized,-0.008834402495763893,-0.05775003739996221,0.040081232408434427,2000,0.21759128966595237
ds006850,labram_ridge_strong,0,1,combined_population,0.23996446201586777,0.011948543895093144,0.4679803801366424,2000,0.24706862352945658
ds006850,labram_ridge_strong,0,1,combined_personalized,0.23996446201586777,0.011948543895093144,0.4679803801366424,2000,0.24706862352945658
ds006850,labram_ridge_strong,0,2,prior,0.31599379008181705,0.10963652851961064,0.5223510516440235,2000,0.20530785235890878
ds006850,labram_ridge_strong,0,2,prior_personalized,0.31599379008181705,0.10963652851961064,0.5223510516440235,2000,0.20530785235890878
ds006850,labram_ridge_strong,0,2,eeg_population,-0.0033569679356305754,-0.0528409740741081,0.04612703820284695,2000,0.21726017964561256
ds006850,labram_ridge_strong,0,2,eeg_personalized,-0.0033569679356305754,-0.0528409740741081,0.04612703820284695,2000,0.21726017964561256
ds006850,labram_ridge_strong,0,2,combined_population,0.3107590499265295,0.10867200564625931,0.5128460942067996,2000,0.209252497914919
ds006850,labram_ridge_strong,0,2,combined_personalized,0.3107590499265295,0.10867200564625931,0.5128460942067996,2000,0.209252497914919
ds006850,labram_ridge_strong,0,4,prior,0.37119066052383104,0.18849960208033717,0.5538817189673249,2000,0.1900948816441775
ds006850,labram_ridge_strong,0,4,prior_personalized,0.37119066052383104,0.18849960208033717,0.5538817189673249,2000,0.1900948816441775
ds006850,labram_ridge_strong,0,4,eeg_population,-0.009199506559518133,-0.05831395871421555,0.03991494559517929,2000,0.2177077192101687
ds006850,labram_ridge_strong,0,4,eeg_personalized,-0.009199506559518133,-0.05831395871421555,0.03991494559517929,2000,0.2177077192101687
ds006850,labram_ridge_strong,0,4,combined_population,0.3580569945164011,0.17667302231477566,0.5394409667180265,2000,0.19474133076266045
ds006850,labram_ridge_strong,0,4,combined_personalized,0.3580569945164011,0.17667302231477566,0.5394409667180265,2000,0.19474133076266045
ds006850,labram_ridge_strong,0,8,prior,0.36875225191204003,0.1945758193184718,0.5429286845056083,2000,0.1828670559194328
ds006850,labram_ridge_strong,0,8,prior_personalized,0.36875225191204003,0.1945758193184718,0.5429286845056083,2000,0.1828670559194328
ds006850,labram_ridge_strong,0,8,eeg_population,-0.006304589129078647,-0.054151754196114864,0.041542575937957564,2000,0.21789196062670171
ds006850,labram_ridge_strong,0,8,eeg_personalized,-0.006304589129078647,-0.054151754196114864,0.041542575937957564,2000,0.21789196062670171
ds006850,labram_ridge_strong,0,8,combined_population,0.3555476476106715,0.18274249900239362,0.5283527962189494,2000,0.18685536511450287
ds006850,labram_ridge_strong,0,8,combined_personalized,0.3555476476106715,0.18274249900239362,0.5283527962189494,2000,0.18685536511450287
ds006850,labram_ridge_strong,1,0,prior,-6.059063205187095e-16,-6.498983614779159e-15,5.28717097374174e-15,2000,0.21328741482015134
ds006850,labram_ridge_strong,1,0,prior_personalized,0.08121593407157199,-0.05293687898550306,0.21536874712864704,2000,0.25008178023712074
ds006850,labram_ridge_strong,1,0,eeg_population,-0.008633188594228888,-0.05759101515166021,0.04032463796320243,2000,0.21758049994496176
ds006850,labram_ridge_strong,1,0,eeg_personalized,0.08082459008588964,-0.05422539077471704,0.2158745709464963,2000,0.2727727050820192
ds006850,labram_ridge_strong,1,0,combined_population,-0.00942942620104874,-0.05444843573983685,0.03558958333773937,2000,0.21703677685218672
ds006850,labram_ridge_strong,1,0,combined_personalized,0.07627080358842596,-0.06047315660364598,0.21301476378049788,2000,0.2521393575876424
ds006850,labram_ridge_strong,1,1,prior,0.24447294775585057,0.014236445780210105,0.47470944973149104,2000,0.24310692242030255
ds006850,labram_ridge_strong,1,1,prior_personalized,0.25587504350702006,0.03875844084053148,0.47299164617350864,2000,0.27297119951047544
ds006850,labram_ridge_strong,1,1,eeg_population,-0.008834402495763893,-0.05775003739996221,0.040081232408434427,2000,0.21759128966595237
ds006850,labram_ridge_strong,1,1,eeg_personalized,0.08056776985916483,-0.05397887879719626,0.21511441851552593,2000,0.272463894085964
ds006850,labram_ridge_strong,1,1,combined_population,0.23996446201586777,0.011948543895093144,0.4679803801366424,2000,0.24706862352945658
ds006850,labram_ridge_strong,1,1,combined_personalized,0.2553184171640082,0.03981725958919108,0.47081957473882535,2000,0.27405115859510315
ds006850,labram_ridge_strong,1,2,prior,0.31599379008181705,0.10963652851961064,0.5223510516440235,2000,0.20530785235890878
ds006850,labram_ridge_strong,1,2,prior_personalized,0.30095049494992016,0.10810787594391452,0.4937931139559258,2000,0.24322399412252085
ds006850,labram_ridge_strong,1,2,eeg_population,-0.0033569679356305754,-0.0528409740741081,0.04612703820284695,2000,0.21726017964561256
ds006850,labram_ridge_strong,1,2,eeg_personalized,0.08462270062148222,-0.05049593542695238,0.21974133666991683,2000,0.2718728421927724
ds006850,labram_ridge_strong,1,2,combined_population,0.3107590499265295,0.10867200564625931,0.5128460942067996,2000,0.209252497914919
ds006850,labram_ridge_strong,1,2,combined_personalized,0.29910428458320065,0.10813960932307531,0.490068959843326,2000,0.24533926704889422
ds006850,labram_ridge_strong,1,4,prior,0.37119066052383104,0.18849960208033717,0.5538817189673249,2000,0.1900948816441775
ds006850,labram_ridge_strong,1,4,prior_personalized,0.33374715583091424,0.15157681910201234,0.5159174925598161,2000,0.2311688213390782
ds006850,labram_ridge_strong,1,4,eeg_population,-0.009199506559518133,-0.05831395871421555,0.03991494559517929,2000,0.2177077192101687
ds006850,labram_ridge_strong,1,4,eeg_personalized,0.08137744598523633,-0.054023474539618116,0.21677836651009078,2000,0.27258395465269575
ds006850,labram_ridge_strong,1,4,combined_population,0.3580569945164011,0.17667302231477566,0.5394409667180265,2000,0.19474133076266045
ds006850,labram_ridge_strong,1,4,combined_personalized,0.32552632925823544,0.14451742423760322,0.5065352342788676,2000,0.233376719380528
ds006850,labram_ridge_strong,1,8,prior,0.36875225191204003,0.1945758193184718,0.5429286845056083,2000,0.1828670559194328
ds006850,labram_ridge_strong,1,8,prior_personalized,0.32767681070765786,0.14921137724423558,0.5061422441710801,2000,0.22396995237045006
ds006850,labram_ridge_strong,1,8,eeg_population,-0.0063045891290790705,-0.05415175419611529,0.04154257593795714,2000,0.21789196062670171
ds006850,labram_ridge_strong,1,8,eeg_personalized,0.08202399816049849,-0.053191229269568124,0.2172392255905651,2000,0.2728209077995533
ds006850,labram_ridge_strong,1,8,combined_population,0.3555476476106715,0.18274249900239362,0.5283527962189494,2000,0.18685536511450287
ds006850,labram_ridge_strong,1,8,combined_personalized,0.32110751929246567,0.14455985307488697,0.4976551855100444,2000,0.22669097332375854
ds006850,labram_ridge_strong,2,0,prior,-6.059063205187095e-16,-6.498983614779159e-15,5.28717097374174e-15,2000,0.21328741482015134
ds006850,labram_ridge_strong,2,0,prior_personalized,0.10022886574735938,-0.03855086786968241,0.23900859936440116,2000,0.23656209007173432
ds006850,labram_ridge_strong,2,0,eeg_population,-0.008633188594228888,-0.057591015151660215,0.04032463796320244,2000,0.21758049994496176
ds006850,labram_ridge_strong,2,0,eeg_personalized,0.08315818441607464,-0.04739201760298506,0.21370838643513435,2000,0.2464806815506455
ds006850,labram_ridge_strong,2,0,combined_population,-0.00942942620104874,-0.05444843573983685,0.03558958333773937,2000,0.21703677685218672
ds006850,labram_ridge_strong,2,0,combined_personalized,0.08727309777514183,-0.049257070245844636,0.2238032657961283,2000,0.23942662665470774
ds006850,labram_ridge_strong,2,1,prior,0.24447294775585057,0.014236445780210105,0.47470944973149104,2000,0.24310692242030255
ds006850,labram_ridge_strong,2,1,prior_personalized,0.26843245098109014,0.04905689980131536,0.48780800216086495,2000,0.2650446045020217
ds006850,labram_ridge_strong,2,1,eeg_population,-0.008834402495763893,-0.05775003739996221,0.040081232408434427,2000,0.21759128966595237
ds006850,labram_ridge_strong,2,1,eeg_personalized,0.08252869468958053,-0.048105328303629305,0.21316271768279038,2000,0.24663463827189164
ds006850,labram_ridge_strong,2,1,combined_population,0.23996446201586794,0.011948543895093311,0.46798038013664256,2000,0.24706862352945658
ds006850,labram_ridge_strong,2,1,combined_personalized,0.267204396359213,0.05083673919029416,0.4835720535281318,2000,0.2662150316279914
ds006850,labram_ridge_strong,2,2,prior,0.31599379008181705,0.10963652851961064,0.5223510516440235,2000,0.20530785235890878
ds006850,labram_ridge_strong,2,2,prior_personalized,0.3307709927320821,0.1363862981422074,0.5251556873219568,2000,0.22767772329315533
ds006850,labram_ridge_strong,2,2,eeg_population,-0.0033569679356305754,-0.052840974074108094,0.04612703820284694,2000,0.21726017964561256
ds006850,labram_ridge_strong,2,2,eeg_personalized,0.08570279538392793,-0.04489164960622412,0.21629724037408,2000,0.24634480367813305
ds006850,labram_ridge_strong,2,2,combined_population,0.3107590499265294,0.10867200564625926,0.5128460942067996,2000,0.209252497914919
ds006850,labram_ridge_strong,2,2,combined_personalized,0.32828694477085346,0.13664723371231827,0.5199266558293887,2000,0.22809968811994635
ds006850,labram_ridge_strong,2,4,prior,0.37119066052383104,0.18849960208033717,0.5538817189673249,2000,0.1900948816441775
ds006850,labram_ridge_strong,2,4,prior_personalized,0.3697761066148609,0.18457543707021593,0.5549767761595058,2000,0.2132185374740657
ds006850,labram_ridge_strong,2,4,eeg_population,-0.009199506559518133,-0.05831395871421555,0.03991494559517929,2000,0.2177077192101687
ds006850,labram_ridge_strong,2,4,eeg_personalized,0.08334436384805627,-0.04788074176438842,0.21456946946050096,2000,0.24614539350448364
ds006850,labram_ridge_strong,2,4,combined_population,0.3580569945164011,0.17667302231477566,0.5394409667180265,2000,0.19474133076266045
ds006850,labram_ridge_strong,2,4,combined_personalized,0.36242693172330637,0.17841816133493227,0.5464357021116805,2000,0.21366015877881334
ds006850,labram_ridge_strong,2,8,prior,0.36875225191204003,0.1945758193184718,0.5429286845056083,2000,0.1828670559194328
ds006850,labram_ridge_strong,2,8,prior_personalized,0.3680243576602563,0.18730444051200007,0.5487442748085125,2000,0.2060712803535937
ds006850,labram_ridge_strong,2,8,eeg_population,-0.0063045891290790705,-0.05415175419611528,0.041542575937957134,2000,0.21789196062670171
ds006850,labram_ridge_strong,2,8,eeg_personalized,0.08424779581838879,-0.0469126449850821,0.21540823662185968,2000,0.24615812911347096
ds006850,labram_ridge_strong,2,8,combined_population,0.3555476476106715,0.18274249900239362,0.5283527962189494,2000,0.18685536511450287
ds006850,labram_ridge_strong,2,8,combined_personalized,0.3605588980025455,0.18232023734685573,0.5387975586582352,2000,0.20755570993354572
ds006850,labram_ridge_strong,4,0,prior,-6.059063205187095e-16,-6.498983614779159e-15,5.28717097374174e-15,2000,0.21328741482015134
ds006850,labram_ridge_strong,4,0,prior_personalized,0.0986597532129111,-0.030966160977817486,0.22828566740363967,2000,0.22390822023515308
ds006850,labram_ridge_strong,4,0,eeg_population,-0.008633188594228893,-0.057591015151660215,0.040324637963202424,2000,0.21758049994496176
ds006850,labram_ridge_strong,4,0,eeg_personalized,0.11544532868341202,-0.01244839304851568,0.2433390504153397,2000,0.22961701622111858
ds006850,labram_ridge_strong,4,0,combined_population,-0.00942942620104874,-0.05444843573983687,0.03558958333773939,2000,0.21703677685218672
ds006850,labram_ridge_strong,4,0,combined_personalized,0.08798545878368055,-0.04131047318581932,0.21728139075318043,2000,0.22798780190821283
ds006850,labram_ridge_strong,4,1,prior,0.24447294775585057,0.014236445780210105,0.47470944973149104,2000,0.24310692242030255
ds006850,labram_ridge_strong,4,1,prior_personalized,0.2771285377667121,0.05343586738039677,0.5008212081530274,2000,0.26127587667005203
ds006850,labram_ridge_strong,4,1,eeg_population,-0.008834402495763893,-0.057750037399962206,0.04008123240843442,2000,0.21759128966595237
ds006850,labram_ridge_strong,4,1,eeg_personalized,0.11456759280138955,-0.013274578987932259,0.24240976459071134,2000,0.2298167261948824
ds006850,labram_ridge_strong,4,1,combined_population,0.23996446201586777,0.011948543895093144,0.4679803801366424,2000,0.24706862352945658
ds006850,labram_ridge_strong,4,1,combined_personalized,0.27591034042626045,0.05448365112359349,0.4973370297289274,2000,0.2610510538566536
ds006850,labram_ridge_strong,4,2,prior,0.31599379008181705,0.10963652851961064,0.5223510516440235,2000,0.20530785235890878
ds006850,labram_ridge_strong,4,2,prior_personalized,0.3424018303327086,0.1428499733016582,0.541953687363759,2000,0.2183047871979499
ds006850,labram_ridge_strong,4,2,eeg_population,-0.0033569679356305754,-0.05284097407410808,0.04612703820284693,2000,0.21726017964561256
ds006850,labram_ridge_strong,4,2,eeg_personalized,0.11860289513277018,-0.009494490967508026,0.24670028123304838,2000,0.22906727658747958
ds006850,labram_ridge_strong,4,2,combined_population,0.3107590499265296,0.10867200564625942,0.5128460942067997,2000,0.209252497914919
ds006850,labram_ridge_strong,4,2,combined_personalized,0.33972728981415967,0.14222448945799596,0.5372300901703234,2000,0.21985802838855467
ds006850,labram_ridge_strong,4,4,prior,0.37119066052383104,0.18849960208033717,0.5538817189673249,2000,0.1900948816441775
ds006850,labram_ridge_strong,4,4,prior_personalized,0.38337162821356824,0.20038286644862635,0.5663603899785101,2000,0.20519528883313692
ds006850,labram_ridge_strong,4,4,eeg_population,-0.009199506559518133,-0.05831395871421555,0.03991494559517929,2000,0.2177077192101687
ds006850,labram_ridge_strong,4,4,eeg_personalized,0.11484198334213955,-0.014241749790649377,0.24392571647492847,2000,0.2292707291635983
ds006850,labram_ridge_strong,4,4,combined_population,0.3580569945164011,0.1766730223147757,0.5394409667180265,2000,0.19474133076266045
ds006850,labram_ridge_strong,4,4,combined_personalized,0.37418381941139256,0.1919011013807468,0.5564665374420383,2000,0.20728750506278687
ds006850,labram_ridge_strong,4,8,prior,0.36875225191204003,0.1945758193184718,0.5429286845056083,2000,0.1828670559194328
ds006850,labram_ridge_strong,4,8,prior_personalized,0.38182001062159154,0.20486954782586206,0.558770473417321,2000,0.1989796891940661
ds006850,labram_ridge_strong,4,8,eeg_population,-0.0063045891290790705,-0.0541517541961153,0.041542575937957155,2000,0.21789196062670171
ds006850,labram_ridge_strong,4,8,eeg_personalized,0.11665712879400662,-0.012357381599260267,0.24567163918727353,2000,0.22960992191038904
ds006850,labram_ridge_strong,4,8,combined_population,0.3555476476106715,0.18274249900239364,0.5283527962189494,2000,0.18685536511450287
ds006850,labram_ridge_strong,4,8,combined_personalized,0.37158346937102865,0.19581601187338277,0.5473509268686745,2000,0.20118015172973386
ds006850,labram_ridge_strong,8,0,prior,-6.059063205187095e-16,-6.498983614779159e-15,5.28717097374174e-15,2000,0.21328741482015134
ds006850,labram_ridge_strong,8,0,prior_personalized,0.12280578902511667,0.004745700151787213,0.24086587789844613,2000,0.21504446475051595
ds006850,labram_ridge_strong,8,0,eeg_population,-0.008633188594228893,-0.057591015151660215,0.040324637963202424,2000,0.21758049994496176
ds006850,labram_ridge_strong,8,0,eeg_personalized,0.11755252122834177,-0.006619204967415471,0.241724247424099,2000,0.2215946240258016
ds006850,labram_ridge_strong,8,0,combined_population,-0.00942942620104874,-0.05444843573983687,0.03558958333773939,2000,0.21703677685218672
ds006850,labram_ridge_strong,8,0,combined_personalized,0.11321502394434417,-0.006124822450992939,0.23255487033968128,2000,0.21898089139483626
ds006850,labram_ridge_strong,8,1,prior,0.24447294775585057,0.014236445780210105,0.47470944973149104,2000,0.24310692242030255
ds006850,labram_ridge_strong,8,1,prior_personalized,0.2947374314687638,0.07844339388022553,0.5110314690573021,2000,0.2503554519196628
ds006850,labram_ridge_strong,8,1,eeg_population,-0.008834402495763893,-0.057750037399962206,0.04008123240843442,2000,0.21759128966595237
ds006850,labram_ridge_strong,8,1,eeg_personalized,0.11710756005950677,-0.007045523240374635,0.24126064335938818,2000,0.2215956739247657
ds006850,labram_ridge_strong,8,1,combined_population,0.23996446201586777,0.011948543895093144,0.4679803801366424,2000,0.24706862352945658
ds006850,labram_ridge_strong,8,1,combined_personalized,0.29408448660125674,0.08090832522282126,0.5072606479796922,2000,0.2508111090715109
ds006850,labram_ridge_strong,8,2,prior,0.31599379008181705,0.10963652851961064,0.5223510516440235,2000,0.20530785235890878
ds006850,labram_ridge_strong,8,2,prior_personalized,0.3732373419204265,0.1836398823371782,0.5628348015036748,2000,0.20849243961547947
ds006850,labram_ridge_strong,8,2,eeg_population,-0.0033569679356305754,-0.05284097407410808,0.04612703820284693,2000,0.21726017964561256
ds006850,labram_ridge_strong,8,2,eeg_personalized,0.1212893851915257,-0.003032781379887925,0.2456115517629393,2000,0.22089625107675634
ds006850,labram_ridge_strong,8,2,combined_population,0.3107590499265296,0.10867200564625942,0.5128460942067997,2000,0.209252497914919
ds006850,labram_ridge_strong,8,2,combined_personalized,0.37180058056698806,0.18511903135383168,0.5584821297801444,2000,0.21030765023377182
ds006850,labram_ridge_strong,8,4,prior,0.37119066052383104,0.18849960208033717,0.5538817189673249,2000,0.1900948816441775
ds006850,labram_ridge_strong,8,4,prior_personalized,0.42449770443088947,0.25553959051365754,0.5934558183481213,2000,0.19385321881060757
ds006850,labram_ridge_strong,8,4,eeg_population,-0.009199506559518133,-0.05831395871421555,0.03991494559517929,2000,0.2177077192101687
ds006850,labram_ridge_strong,8,4,eeg_personalized,0.11707461669492311,-0.00826012762661485,0.24240936101646107,2000,0.22128357339796745
ds006850,labram_ridge_strong,8,4,combined_population,0.3580569945164011,0.1766730223147757,0.5394409667180265,2000,0.19474133076266045
ds006850,labram_ridge_strong,8,4,combined_personalized,0.41561770533872816,0.2482464403647253,0.582988970312731,2000,0.19606775456771555
ds006850,labram_ridge_strong,8,8,prior,0.36875225191204003,0.1945758193184718,0.5429286845056083,2000,0.1828670559194328
ds006850,labram_ridge_strong,8,8,prior_personalized,0.42671069853629107,0.26083436663726056,0.5925870304353216,2000,0.18711205155190674
ds006850,labram_ridge_strong,8,8,eeg_population,-0.0063045891290790705,-0.0541517541961153,0.041542575937957155,2000,0.21789196062670171
ds006850,labram_ridge_strong,8,8,eeg_personalized,0.11814293838974085,-0.007450612990910155,0.24373648977039186,2000,0.2208520215428548
ds006850,labram_ridge_strong,8,8,combined_population,0.3555476476106715,0.18274249900239364,0.5283527962189494,2000,0.18685536511450287
ds006850,labram_ridge_strong,8,8,combined_personalized,0.4162737421589956,0.2523140705044872,0.580233413813504,2000,0.1888579501179422
