dataset_id,representation,participant_dose,stimulus_dose,combined_personalized,combined_population,eeg_personalized,eeg_population,prior,prior_personalized,total,total_low,total_high,total_draws,calibration,calibration_low,calibration_high,calibration_draws,matched,matched_low,matched_high,matched_draws,arithmetic_error,configuration,total_t_low,total_t_high,calibration_t_low,calibration_t_high,matched_t_low,matched_t_high
ds005540,de_ridge_base,0,0,0.0181974836998948,0.0181974836998948,0.0157590274750108,0.0157590274750108,-3.0732194575483232e-15,-3.0732194575483232e-15,0.0181974836998979,-0.0513004837850952,0.0879944927381187,1985,0.0,0.0,0.0,1985,0.0181974836998979,-0.0513004837850952,0.0879944927381187,1985,0.0,Band-power R1,-0.0728215944729716,0.1092165618727675,0.0,0.0,-0.0728215944729716,0.1092165618727675
ds005540,de_ridge_base,0,1,0.3797838547972271,0.3797838547972271,0.0253599001344873,0.0253599001344873,0.3897076368081029,0.3897076368081029,-0.0099237820108757,-0.0459093149606017,0.0342777329898234,1985,0.0,0.0,0.0,1985,-0.0099237820108757,-0.0459093149606017,0.0342777329898234,1985,0.0,Band-power R1,-0.061809119412585,0.0419615553908335,0.0,0.0,-0.061809119412585,0.0419615553908335
ds005540,de_ridge_base,0,2,0.4407204628046148,0.4407204628046148,0.0199500723830173,0.0199500723830173,0.4472926348139064,0.4472926348139064,-0.0065721720092916,-0.0562570927311143,0.045442111677968,1985,0.0,0.0,0.0,1985,-0.0065721720092916,-0.0562570927311143,0.045442111677968,1985,0.0,Band-power R1,-0.073703397360618,0.0605590533420348,0.0,0.0,-0.073703397360618,0.0605590533420348
ds005540,de_ridge_base,0,4,0.466511774986916,0.466511774986916,0.0247855043129464,0.0247855043129464,0.472923249015021,0.472923249015021,-0.0064114740281049,-0.0644150956934626,0.0490812295045222,1985,0.0,0.0,0.0,1985,-0.0064114740281049,-0.0644150956934626,0.0490812295045222,1985,0.0,Band-power R1,-0.0814293475080032,0.0686063994517932,0.0,0.0,-0.0814293475080032,0.0686063994517932
ds005540,de_ridge_base,0,8,0.4831928578585477,0.4831928578585477,0.0210329625529261,0.0210329625529261,0.4907012372224836,0.4907012372224836,-0.0075083793639358,-0.0705995218743348,0.046551908946016,1985,0.0,0.0,0.0,1985,-0.0075083793639358,-0.0705995218743348,0.046551908946016,1985,0.0,Band-power R1,-0.0848041066414212,0.0697873479135495,0.0,0.0,-0.0848041066414212,0.0697873479135495
ds005540,de_ridge_base,1,0,0.1348556106415145,0.0181974836998948,0.122785501267889,0.0157590274750108,-3.0732194575483232e-15,0.1394240036727946,0.1348556106415176,0.0262104269176291,0.2178641117350578,1985,0.1394240036727977,0.0300555733499246,0.220531096193554,1985,-0.0045683930312801,-0.038002593008377,0.034396484413314,1985,6.071532165918825e-18,Band-power R1,0.0099133241723172,0.259797897110718,0.0130402488072538,0.2658077585383416,-0.0519796212789449,0.0428428352163846
ds005540,de_ridge_base,1,1,0.4079607145528983,0.3797838547972271,0.1281638700509002,0.0253599001344873,0.3897076368081029,0.409951189094022,0.0182530777447954,-0.0469892523424654,0.1056684948822707,1985,0.0202435522859191,-0.0438708033837024,0.1076566097950308,1985,-0.0019904745411237,-0.0239707150512075,0.0195627249149595,1985,-4.336808689942018e-19,Band-power R1,-0.0836832000512885,0.1201893555408793,-0.0817766255662795,0.1222637301381179,-0.0308578350036116,0.026876885921364
ds005540,de_ridge_base,1,2,0.44906579970845,0.4407204628046148,0.1285054782654241,0.0199500723830173,0.4472926348139064,0.4529887423733066,0.0017731648945435,-0.0758751393403485,0.1066812384283865,1985,0.0056961075594001,-0.0772000957914773,0.1147210204042904,1985,-0.0039229426648566,-0.0317256542884969,0.0238406559018385,1985,0.0,Band-power R1,-0.1163619778478538,0.1199083076369409,-0.1151704855348078,0.1265627006536082,-0.0400334707560405,0.0321875854263272
ds005540,de_ridge_base,1,4,0.4628223888722262,0.466511774986916,0.1303731576745626,0.0247855043129464,0.472923249015021,0.4734042218746855,-0.0101008601427947,-0.0903157212175153,0.0918092925083833,1985,0.0004809728596645,-0.0848439565228576,0.1070306485992108,1985,-0.0105818330024592,-0.0417186992390684,0.0199252455984566,1985,0.0,Band-power R1,-0.1304593143669071,0.1102575940813175,-0.1256658627926593,0.1266278085119884,-0.0515523976098493,0.0303887316049307
ds005540,de_ridge_base,1,8,0.4746062349687478,0.4831928578585477,0.1295511345264164,0.0210329625529261,0.4907012372224836,0.4855856648588942,-0.0160950022537357,-0.1044218177245111,0.0894136021150677,1985,-0.0051155723635893,-0.0982967960776867,0.106809779489393,1985,-0.0109794298901463,-0.0446548919610341,0.0231849181622689,1985,-1.0061396160665481e-16,Band-power R1,-0.1423972479488209,0.1102072434413493,-0.1383350883081938,0.1281039435810151,-0.0554528257877088,0.033493966007416
ds005540,de_ridge_base,2,0,0.1300298029994342,0.0181974836998948,0.1366453286083276,0.0157590274750108,-3.0732194575483232e-15,0.1363646402827018,0.1300298029994373,0.0205948046818219,0.202443532089749,1985,0.1363646402827049,0.0296228543223424,0.1999166613095842,1985,-0.0063348372832675,-0.0419560489031089,0.0370766943011031,1985,-8.586881206085195e-17,Band-power R1,0.0091230818477962,0.2509365241510785,0.0240093086602633,0.2487199719051465,-0.0589522762995888,0.0462826017330537
ds005540,de_ridge_base,2,1,0.435969427800303,0.3797838547972271,0.1426576997969212,0.0253599001344873,0.3897076368081029,0.4384746654153546,0.0462617909922001,-0.0167234416901672,0.1154306680718604,1985,0.0487670286072517,-0.0112573992459527,0.1114850972774106,1985,-0.0025052376150515,-0.0219506336401426,0.0217498985632309,1985,-1.0018028073766061e-16,Band-power R1,-0.039535462110607,0.1320590440950074,-0.0320844961787417,0.1296185533932451,-0.0315931300334391,0.026582654803336
ds005540,de_ridge_base,2,2,0.506853086767365,0.4407204628046148,0.1431872777220865,0.0199500723830173,0.4472926348139064,0.5141625393565328,0.0595604519534584,-0.0194530726506395,0.1275406254990794,1985,0.0668699045426263,-0.0115750791595537,0.1319076276401202,1985,-0.0073094525891678,-0.031468634282479,0.0230756966117128,1985,-9.627715291671279e-17,Band-power R1,-0.0361336345362769,0.1552545384431939,-0.0255617103215895,0.1593015194068421,-0.0431038080214147,0.028484902843079
ds005540,de_ridge_base,2,4,0.529330765894667,0.466511774986916,0.1487742276941926,0.0247855043129464,0.472923249015021,0.5440407826025998,0.056407516879646,-0.0293329153171707,0.1313734898910689,1985,0.0711175335875788,-0.0154205493315396,0.144465461145985,1985,-0.0147100167079328,-0.0444477502945306,0.0166794471388849,1985,-1.734723475976807e-18,Band-power R1,-0.0503763404214043,0.1631913741806964,-0.033046509091196,0.1752815762663537,-0.0550144001683776,0.025594366752512
ds005540,de_ridge_base,2,8,0.5374143961924034,0.4831928578585477,0.1480417234776215,0.0210329625529261,0.4907012372224836,0.5559170887724669,0.0467131589699197,-0.0436586340637901,0.1304933458722585,1985,0.0652158515499833,-0.0241490197166795,0.146715628930807,1985,-0.0185026925800635,-0.0502186331668477,0.0156719622164837,1985,-1.0408340855860843e-16,Band-power R1,-0.0687355316734548,0.1621618496132943,-0.0467894926112201,0.1772211957111868,-0.0614086290158935,0.0244032438557664
ds005540,de_ridge_base,4,0,0.1903947938803566,0.0181974836998948,0.1639544514693002,0.0157590274750108,-3.0732194575483232e-15,0.2012714942197993,0.1903947938803597,0.0650480752745671,0.2532568328063645,1985,0.2012714942198024,0.0838516422601073,0.253142717673274,1985,-0.0108767003394427,-0.0472139741651591,0.0390769968895628,1985,1.3877787807814457e-17,Band-power R1,0.069381531093706,0.3114080566670134,0.0897379326936509,0.3128050557459539,-0.0678818337219089,0.0461284330430235
ds005540,de_ridge_base,4,1,0.4686969005546732,0.3797838547972271,0.170531618955712,0.0253599001344873,0.3897076368081029,0.4722962162265828,0.0789892637465703,0.010608847776628,0.1399582203116869,1985,0.0825885794184799,0.0188253415821746,0.1421794345720297,1985,-0.0035993156719095,-0.0242413139106121,0.0176824012610156,1985,-1.0321604682062002e-16,Band-power R1,-0.0052553498245244,0.1632338773176651,0.0030081997286476,0.1621689591083121,-0.0310393771467761,0.023840745802957
ds005540,de_ridge_base,4,2,0.5591529860951986,0.4407204628046148,0.1686901591523791,0.0199500723830173,0.4472926348139064,0.5637120717710203,0.1118603512812921,0.032608641995997,0.1737490529206942,1985,0.1164194369571138,0.0362117308870667,0.1758516105713286,1985,-0.0045590856758217,-0.0282939349768617,0.0223824601277796,1985,-8.673617379884035e-18,Band-power R1,0.0172775142983524,0.2064431882642318,0.0248804134615718,0.2079584604526558,-0.0380462648210466,0.0289280934694031
ds005540,de_ridge_base,4,4,0.5967262057023158,0.466511774986916,0.1738844418937426,0.0247855043129464,0.472923249015021,0.6082045791036811,0.1238029566872948,0.0317921835230329,0.1934122900693285,1985,0.1352813300886601,0.0470311947061998,0.203735316579548,1985,-0.0114783734013652,-0.0406768730906882,0.0184220369841835,1985,-1.1622647289044608e-16,Band-power R1,0.0205025058186192,0.2271034075559704,0.0326052543845568,0.2379574057927633,-0.0503005768180251,0.0273438300152946
ds005540,de_ridge_base,4,8,0.6132964097748961,0.4831928578585477,0.1742863704919579,0.0210329625529261,0.4907012372224836,0.6274400484258289,0.1225951725524124,0.0252548829967457,0.1982172103974259,1985,0.1367388112033453,0.0445932839167558,0.2116597617827632,1985,-0.0141436386509328,-0.0443267741495754,0.0157293380673443,1985,-1.0408340855860843e-16,Band-power R1,0.0109464071935839,0.2342439379112409,0.0271344025846302,0.2463432198220603,-0.0528582331010881,0.0245709557992225
ds005540,de_ridge_base,8,0,0.1949406326219395,0.0181974836998948,0.1742705249231309,0.0157590274750108,-3.0732194575483232e-15,0.2035509755199839,0.1949406326219426,0.0761979346313418,0.2508233653778242,1985,0.203550975519987,0.0880472802809495,0.2506480273050332,1985,-0.0086103428980443,-0.04987399756325,0.0486525648612436,1985,-8.153200337090993e-17,Band-power R1,0.0776944422988239,0.3121868229450613,0.0955178465142802,0.3115841045256937,-0.0711420753114351,0.0539213895153464
ds005540,de_ridge_base,8,1,0.4710611286402451,0.3797838547972271,0.182231461655342,0.0253599001344873,0.3897076368081029,0.474201241691356,0.0813534918321422,0.0155672286113881,0.1423629688430186,1985,0.0844936048832531,0.0219094104673728,0.1392850914911192,1985,-0.0031401130511108,-0.0251961983873226,0.0191025300101897,1985,-9.324138683375338e-17,Band-power R1,0.0008740007480044,0.16183298291628,0.0075757700695143,0.1614114396969919,-0.0325504732871424,0.0262702471849206
ds005540,de_ridge_base,8,2,0.5651406505671192,0.4407204628046148,0.1782951584918027,0.0199500723830173,0.4472926348139064,0.5676535706334505,0.1178480157532126,0.0346700805075788,0.1749874058253923,1985,0.1203609358195439,0.039603614951706,0.1727922278769862,1985,-0.0025129200663313,-0.0293614591735518,0.0287404146024975,1985,1.0408340855860843e-17,Band-power R1,0.0264597990436607,0.2092362324627646,0.0321146686081305,0.2086072030309574,-0.0402252609434326,0.03519942081077
ds005540,de_ridge_base,8,4,0.6021260546631938,0.466511774986916,0.1837299753748048,0.0247855043129464,0.472923249015021,0.6104864167450004,0.1292028056481728,0.036805538785582,0.192170383217013,1985,0.1375631677299794,0.0493679893016316,0.1964030349994278,1985,-0.0083603620818065,-0.0391048605367412,0.0271976227074332,1985,-9.8879238130678e-17,Band-power R1,0.0269922374788252,0.2314133738175203,0.0382435418179085,0.2368827936420502,-0.0516116932616822,0.0348909690980691
ds005540,de_ridge_base,8,8,0.6219198972777702,0.4831928578585477,0.1827681174346677,0.0210329625529261,0.4907012372224836,0.6327069705103981,0.1312186600552866,0.038741893803823,0.2011517256665851,1985,0.1420057332879145,0.0534080431971025,0.2101651661117794,1985,-0.0107870732326279,-0.0428715115903442,0.0219251189138221,1985,3.469446951953614e-18,Band-power R1,0.0226970901381625,0.2397402299724106,0.0379146192020692,0.2460968473737598,-0.0532726172535152,0.0316984707882593
ds005540,de_ridge_strong,0,0,-0.0119441733715838,-0.0119441733715838,-0.0075129329518899,-0.0075129329518899,-3.0732194575483232e-15,-3.0732194575483232e-15,-0.0119441733715807,-0.063663215694179,0.051452387208984,1985,0.0,0.0,0.0,1985,-0.0119441733715807,-0.063663215694179,0.051452387208984,1985,0.0,Band-power R2,-0.0866512565467929,0.0627629098036313,0.0,0.0,-0.0866512565467929,0.0627629098036313
ds005540,de_ridge_strong,0,1,0.376861233364779,0.376861233364779,-0.0053796290803866,-0.0053796290803866,0.3897076368081029,0.3897076368081029,-0.0128464034433238,-0.0417562383417601,0.0201739431974803,1985,0.0,0.0,0.0,1985,-0.0128464034433238,-0.0417562383417601,0.0201739431974803,1985,0.0,Band-power R2,-0.0528003000168366,0.0271074931301888,0.0,0.0,-0.0528003000168366,0.0271074931301888
ds005540,de_ridge_strong,0,2,0.4285407451870228,0.4285407451870228,-0.0076760111360556,-0.0076760111360556,0.4472926348139064,0.4472926348139064,-0.0187518896268836,-0.0530900565109008,0.0209457542597164,1985,0.0,0.0,0.0,1985,-0.0187518896268836,-0.0530900565109008,0.0209457542597164,1985,0.0,Band-power R2,-0.0667433213338438,0.0292395420800765,0.0,0.0,-0.0667433213338438,0.0292395420800765
ds005540,de_ridge_strong,0,4,0.4594354500135078,0.4594354500135078,0.0059994291735003,0.0059994291735003,0.472923249015021,0.472923249015021,-0.0134877990015131,-0.0656308718694174,0.0398755135190835,1985,0.0,0.0,0.0,1985,-0.0134877990015131,-0.0656308718694174,0.0398755135190835,1985,0.0,Band-power R2,-0.0836037721783045,0.0566281741752782,0.0,0.0,-0.0836037721783045,0.0566281741752782
ds005540,de_ridge_strong,0,8,0.4778023180589491,0.4778023180589491,0.0028733236756282,0.0028733236756282,0.4907012372224836,0.4907012372224836,-0.0128989191635344,-0.0708942919188514,0.0391328967050391,1985,0.0,0.0,0.0,1985,-0.0128989191635344,-0.0708942919188514,0.0391328967050391,1985,0.0,Band-power R2,-0.0860775655548843,0.0602797272278153,0.0,0.0,-0.0860775655548843,0.0602797272278153
ds005540,de_ridge_strong,1,0,0.1360032774625383,-0.0119441733715838,0.1256686363030506,-0.0075129329518899,-3.0732194575483232e-15,0.1394240036727946,0.1360032774625414,0.028272452276336,0.2185935344021994,1985,0.1394240036727977,0.0300555733499246,0.220531096193554,1985,-0.0034207262102563,-0.0339104240364654,0.0310443690524347,1985,2.6020852139652106e-18,Band-power R2,0.0123349944849869,0.2596715604400958,0.0130402488072538,0.2658077585383416,-0.0451885108510053,0.0383470584304926
ds005540,de_ridge_strong,1,1,0.4064769019307469,0.376861233364779,0.1280557630657948,-0.0053796290803866,0.3897076368081029,0.409951189094022,0.016769265122644,-0.0486149905948145,0.1051049898591661,1985,0.0202435522859191,-0.0438708033837024,0.1076566097950308,1985,-0.0034742871632751,-0.0182094821162675,0.0111894931950672,1985,2.168404344971009e-18,Band-power R2,-0.0848167260389075,0.1183552562841956,-0.0817766255662795,0.1222637301381179,-0.0227943146181401,0.0158457402915898
ds005540,de_ridge_strong,1,2,0.453223425203398,0.4285407451870228,0.1286176466375345,-0.0076760111360556,0.4472926348139064,0.4529887423733066,0.0059307903894915,-0.0711688614385452,0.1066592353460379,1985,0.0056961075594001,-0.0772000957914773,0.1147210204042904,1985,0.0002346828300913,-0.0220071513444797,0.019544816740729,1985,1.0007186052041206e-16,Band-power R2,-0.1098272211476435,0.1216888019266266,-0.1151704855348078,0.1265627006536082,-0.0270319621684991,0.0275013278286818
ds005540,de_ridge_strong,1,4,0.4618665748475409,0.4594354500135078,0.1313877238481859,0.0059994291735003,0.472923249015021,0.4734042218746855,-0.01105667416748,-0.0902008425569494,0.0908796865482625,1985,0.0004809728596645,-0.0848439565228576,0.1070306485992108,1985,-0.0115376470271446,-0.040020327477289,0.0175696437782851,1985,1.0061396160665481e-16,Band-power R2,-0.1308262194480098,0.1087128711130497,-0.1256658627926593,0.1266278085119884,-0.0491563983371881,0.0260811042828989
ds005540,de_ridge_strong,1,8,0.4742004855526509,0.4778023180589491,0.1330329508903771,0.0028733236756282,0.4907012372224836,0.4855856648588942,-0.0165007516698327,-0.1011001280891448,0.0913846112163503,1985,-0.0051155723635893,-0.0982967960776867,0.106809779489393,1985,-0.0113851793062433,-0.0413381192107163,0.0189331652720415,1985,-1.0061396160665481e-16,Band-power R2,-0.1421479359830853,0.1091464326434198,-0.1383350883081938,0.1281039435810151,-0.0519323519132465,0.0291619933007598
ds005540,de_ridge_strong,2,0,0.1269129775462919,-0.0119441733715838,0.1369566490205568,-0.0075129329518899,-3.0732194575483232e-15,0.1363646402827018,0.126912977546295,0.0199032302889283,0.1977686556897716,1985,0.1363646402827049,0.0296228543223424,0.1999166613095842,1985,-0.0094516627364099,-0.038965331910822,0.0275954621528416,1985,-5.204170427930421e-18,Band-power R2,0.0087002849549616,0.2451256701376284,0.0240093086602633,0.2487199719051465,-0.0541435799841996,0.0352402545113798
ds005540,de_ridge_strong,2,1,0.4340861846167322,0.376861233364779,0.1386601047805652,-0.0053796290803866,0.3897076368081029,0.4384746654153546,0.0443785478086293,-0.015350298313196,0.1122558480700363,1985,0.0487670286072517,-0.0112573992459527,0.1114850972774106,1985,-0.0043884807986224,-0.0181162603321764,0.0114434220464912,1985,2.6020852139652106e-18,Band-power R2,-0.0384179486087455,0.1271750442260042,-0.0320844961787417,0.1296185533932451,-0.0243490368942169,0.015572075296972
ds005540,de_ridge_strong,2,2,0.5084967399771063,0.4285407451870228,0.1394396775108504,-0.0076760111360556,0.4472926348139064,0.5141625393565328,0.0612041051631998,-0.0144114567010548,0.1250963873377608,1985,0.0668699045426263,-0.0115750791595537,0.1319076276401202,1985,-0.0056657993794264,-0.0232457924037095,0.0138548649112669,1985,-9.627715291671279e-17,Band-power R2,-0.0301835459244935,0.1525917562508932,-0.0255617103215895,0.1593015194068421,-0.0302308698696989,0.0188992711108459
ds005540,de_ridge_strong,2,4,0.5289094676680965,0.4594354500135078,0.1497998972555768,0.0059994291735003,0.472923249015021,0.5440407826025998,0.0559862186530755,-0.027453845901801,0.1315033844850976,1985,0.0711175335875788,-0.0154205493315396,0.144465461145985,1985,-0.0151313149345032,-0.0427647192534179,0.014472650534555,1985,-1.0061396160665481e-16,Band-power R2,-0.0496460211983944,0.1616184585045456,-0.033046509091196,0.1752815762663537,-0.052460534637393,0.0221979047683865
ds005540,de_ridge_strong,2,8,0.5380022035272852,0.4778023180589491,0.1489125715984608,0.0028733236756282,0.4907012372224836,0.5559170887724669,0.0473009663048016,-0.0420032341330786,0.1329073818423937,1985,0.0652158515499833,-0.0241490197166795,0.146715628930807,1985,-0.0179148852451817,-0.0469775208010853,0.0126437528731918,1985,0.0,Band-power R2,-0.0665274352327561,0.1611293678423593,-0.0467894926112201,0.1772211957111868,-0.0570611567480814,0.021231386257718
ds005540,de_ridge_strong,4,0,0.1894758289670101,-0.0119441733715838,0.1685263536105616,-0.0075129329518899,-3.0732194575483232e-15,0.2012714942197993,0.1894758289670132,0.0659438722633727,0.2459539087340673,1985,0.2012714942198024,0.0838516422601073,0.253142717673274,1985,-0.0117956652527891,-0.0447244493926059,0.031493625840509,1985,-8.847089727481716e-17,Band-power R2,0.0715998148456599,0.3073518430883665,0.0897379326936509,0.3128050557459539,-0.0614258887936768,0.0378345582880984
ds005540,de_ridge_strong,4,1,0.4698103914515947,0.376861233364779,0.1705968603836354,-0.0053796290803866,0.3897076368081029,0.4722962162265828,0.0801027546434918,0.014031633544389,0.1415283030483109,1985,0.0825885794184799,0.0188253415821746,0.1421794345720297,1985,-0.002485824774988,-0.0158272638158269,0.0111430613706837,1985,-9.8879238130678e-17,Band-power R2,-0.0018043397269582,0.1620098490139419,0.0030081997286476,0.1621689591083121,-0.0204618858557041,0.0154902363057279
ds005540,de_ridge_strong,4,2,0.5597328676871993,0.4285407451870228,0.1700231613630768,-0.0076760111360556,0.4472926348139064,0.5637120717710203,0.1124402328732928,0.0326090486745735,0.1725738900771999,1985,0.1164194369571138,0.0362117308870667,0.1758516105713286,1985,-0.003979204083821,-0.0200649841470895,0.0141526220416604,1985,-6.071532165918825e-18,Band-power R2,0.0199626002395252,0.2049178655070604,0.0248804134615718,0.2079584604526558,-0.0265867135395503,0.0186283053719083
ds005540,de_ridge_strong,4,4,0.5971616318423759,0.4594354500135078,0.1790334114866442,0.0059994291735003,0.472923249015021,0.6082045791036811,0.1242383828273549,0.0323388268416682,0.1936286137742403,1985,0.1352813300886601,0.0470311947061998,0.203735316579548,1985,-0.0110429472613051,-0.0389434092512318,0.0177229617232685,1985,-1.1102230246251565e-16,Band-power R2,0.0213157403839386,0.2271610252707712,0.0326052543845568,0.2379574057927633,-0.0475363555117645,0.0254504609891542
ds005540,de_ridge_strong,4,8,0.6145955411959848,0.4778023180589491,0.1783954831201685,0.0028733236756282,0.4907012372224836,0.6274400484258289,0.1238943039735012,0.0274886027237532,0.199745491619999,1985,0.1367388112033453,0.0445932839167558,0.2116597617827632,1985,-0.012844507229844,-0.0398005000581402,0.0140089420137575,1985,-1.0755285551056204e-16,Band-power R2,0.0132283590068315,0.2345602489401708,0.0271344025846302,0.2463432198220603,-0.0479983896478839,0.0223093751881957
ds005540,de_ridge_strong,8,0,0.1930226986608609,-0.0119441733715838,0.1773029982684716,-0.0075129329518899,-3.0732194575483232e-15,0.2035509755199839,0.193022698660864,0.0745635194319921,0.2467677051114803,1985,0.203550975519987,0.0880472802809495,0.2506480273050332,1985,-0.010528276859123,-0.0468877277070327,0.0365096554749216,1985,1.734723475976807e-18,Band-power R2,0.0780177844900628,0.3080276128316651,0.0955178465142802,0.3115841045256937,-0.0649758567430676,0.0439193030248215
ds005540,de_ridge_strong,8,1,0.4716150696119147,0.376861233364779,0.1803123497849391,-0.0053796290803866,0.3897076368081029,0.474201241691356,0.0819074328038118,0.0176573343869152,0.1389089281399543,1985,0.0844936048832531,0.0219094104673728,0.1392850914911192,1985,-0.0025861720794413,-0.0172090109228772,0.0128610146092487,1985,1.734723475976807e-18,Band-power R2,0.004027640552397,0.1597872250552265,0.0075757700695143,0.1614114396969919,-0.0219384226689528,0.0167660785100702
ds005540,de_ridge_strong,8,2,0.5654026593628655,0.4285407451870228,0.1783862797474487,-0.0076760111360556,0.4472926348139064,0.5676535706334505,0.118110024548959,0.0372195875508385,0.1735774227339597,1985,0.1203609358195439,0.039603614951706,0.1727922278769862,1985,-0.0022509112705849,-0.0205024279249989,0.0173622412610668,1985,3.903127820947816e-18,Band-power R2,0.0294839919465661,0.2067360571513519,0.0321146686081305,0.2086072030309574,-0.0273862986311802,0.0228844760900102
ds005540,de_ridge_strong,8,4,0.6016821149408258,0.4594354500135078,0.1884235484644285,0.0059994291735003,0.472923249015021,0.6104864167450004,0.1287588659258048,0.0362719093670493,0.1911822322373247,1985,0.1375631677299794,0.0493679893016316,0.1964030349994278,1985,-0.0088043018041745,-0.03887052978958,0.0243073055371092,1985,-1.0234868508263162e-16,Band-power R2,0.0275487354575068,0.2299689963941027,0.0382435418179085,0.2368827936420502,-0.0503141237853449,0.0327055201769958
ds005540,de_ridge_strong,8,8,0.622467076042624,0.4778023180589491,0.186549333762572,0.0028733236756282,0.4907012372224836,0.6327069705103981,0.1317658388201403,0.0389012404651488,0.2027446957916776,1985,0.1420057332879145,0.0534080431971025,0.2101651661117794,1985,-0.0102398944677741,-0.0402775674380534,0.0206359986964608,1985,-7.979727989493313e-17,Band-power R2,0.0248031318017229,0.2387285458385578,0.0379146192020692,0.2460968473737598,-0.0500223840076954,0.029542595072147
ds005540,eegnet_lr1e3,0,0,-0.0004009960514774,-0.0004009960514774,0.0050126278805794,0.0050126217009762,-3.0732194575483232e-15,-3.0732194575483232e-15,-0.0004009960514744,-0.0132647611812013,0.0191672254952335,1985,0.0,0.0,0.0,1985,-0.0004009960514744,-0.0132647611812013,0.0191672254952335,1985,0.0,EEGNet L1,-0.0222220880681324,0.0214200959651836,0.0,0.0,-0.0222220880681324,0.0214200959651836
ds005540,eegnet_lr1e3,0,1,0.387092168714107,0.387092168714107,-0.0049178352038527,-0.0049178420017707,0.3897076368081029,0.3897076368081029,-0.0026154680939958,-0.0084224118561028,0.0054247231449136,1985,0.0,0.0,0.0,1985,-0.0026154680939958,-0.0084224118561028,0.0054247231449136,1985,0.0,EEGNet L1,-0.0127973946876839,0.0075664584996922,0.0,0.0,-0.0127973946876839,0.0075664584996922
ds005540,eegnet_lr1e3,0,2,0.4495670861410407,0.4495670861410407,-0.0032937877665743,-0.0032937860087992,0.4472926348139064,0.4472926348139064,0.0022744513271342,-0.0115615828680012,0.0201479607102088,1985,0.0,0.0,0.0,1985,0.0022744513271342,-0.0115615828680012,0.0201479607102088,1985,0.0,EEGNet L1,-0.0189407248587615,0.0234896275130301,0.0,0.0,-0.0189407248587615,0.0234896275130301
ds005540,eegnet_lr1e3,0,4,0.4828102461479608,0.4828102461479608,-0.0005278949934798,-0.0005278963833165,0.472923249015021,0.472923249015021,0.0098869971329398,-0.0079633788567757,0.0329750159098712,1985,0.0,0.0,0.0,1985,0.0098869971329398,-0.0079633788567757,0.0329750159098712,1985,0.0,EEGNet L1,-0.016839305076243,0.0366132993421228,0.0,0.0,-0.016839305076243,0.0366132993421228
ds005540,eegnet_lr1e3,0,8,0.4827901225313707,0.4827901225313707,0.0019186805611115,0.0019186794170957,0.4907012372224836,0.4907012372224836,-0.0079111146911128,-0.0178102304055843,0.0077843389754196,1985,0.0,0.0,0.0,1985,-0.0079111146911128,-0.0178102304055843,0.0077843389754196,1985,0.0,EEGNet L1,-0.025459418927181,0.0096371895449554,0.0,0.0,-0.025459418927181,0.0096371895449554
ds005540,eegnet_lr1e3,1,0,0.1426599350461797,-0.0004009960514774,0.121461929739162,0.0050126217009762,-3.0732194575483232e-15,0.1394240036727946,0.1426599350461827,0.0324152599282082,0.2240770355312257,1985,0.1394240036727977,0.0300555733499246,0.220531096193554,1985,0.003235931373385,-0.0024334335559859,0.006976119275994,1985,1.474514954580286e-17,EEGNet L1,0.0160012561018621,0.2693186139905034,0.0130402488072538,0.2658077585383416,-0.0029383966669244,0.0094102594136944
ds005540,eegnet_lr1e3,1,1,0.4093820594654856,0.387092168714107,0.1341097214986213,-0.0049178420017707,0.3897076368081029,0.409951189094022,0.0196744226573827,-0.0442356747741367,0.1074861905220083,1985,0.0202435522859191,-0.0438708033837024,0.1076566097950308,1985,-0.0005691296285363,-0.0039183951931477,0.0029252343395304,1985,-9.812029660993815e-17,EEGNet L1,-0.0826159509294439,0.1219647962442095,-0.0817766255662795,0.1222637301381179,-0.0052485640393131,0.0041103047822403
ds005540,eegnet_lr1e3,1,2,0.4552325262183,0.4495670861410407,0.1312686267980929,-0.0032937860087992,0.4472926348139064,0.4529887423733066,0.0079398914043935,-0.0753318179258293,0.1163052484552279,1985,0.0056961075594001,-0.0772000957914773,0.1147210204042904,1985,0.0022437838449933,-0.0079082326674119,0.0100763925783539,1985,1.0104764247564901e-16,EEGNet L1,-0.113965596500525,0.1298453793093121,-0.1151704855348078,0.1265627006536082,-0.0094400508536338,0.0139276185436205
ds005540,eegnet_lr1e3,1,4,0.476583757660393,0.4828102461479608,0.1352081895807614,-0.0005278963833165,0.472923249015021,0.4734042218746855,0.003660508645372,-0.083414519983503,0.1102609186421914,1985,0.0004809728596645,-0.0848439565228576,0.1070306485992108,1985,0.0031795357857075,-0.0065409839900256,0.0130928163767135,1985,0.0,EEGNet L1,-0.1233848979580667,0.1307059152488108,-0.1256658627926593,0.1266278085119884,-0.0096938127407483,0.0160528843121634
ds005540,eegnet_lr1e3,1,8,0.4837325973041285,0.4827901225313707,0.1266186080890855,0.0019186794170957,0.4907012372224836,0.4855856648588942,-0.006968639918355,-0.0993201344593801,0.1041909261131552,1985,-0.0051155723635893,-0.0982967960776867,0.106809779489393,1985,-0.0018530675547656,-0.0067763788363831,0.0028666709841094,1985,-1.0039712117215771e-16,EEGNet L1,-0.1401247383553709,0.1261874585186608,-0.1383350883081938,0.1281039435810151,-0.0084447722227443,0.004738637113213
ds005540,eegnet_lr1e3,2,0,0.137039368220496,-0.0004009960514774,0.1318016228098458,0.0050126217009762,-3.0732194575483232e-15,0.1363646402827018,0.1370393682204991,0.0285407674975482,0.201092953894219,1985,0.1363646402827049,0.0296228543223424,0.1999166613095842,1985,0.0006747279377941,-0.0048987261341607,0.0064901599236793,1985,1.1720225484568303e-16,EEGNet L1,0.0243648224916569,0.2497139139493413,0.0240093086602633,0.2487199719051465,-0.0069807156805381,0.0083301715561264
ds005540,eegnet_lr1e3,2,1,0.4371463066657944,0.387092168714107,0.1429211072630874,-0.0049178420017707,0.3897076368081029,0.4384746654153546,0.0474386698576915,-0.0126329150257359,0.1097563670791536,1985,0.0487670286072517,-0.0112573992459527,0.1114850972774106,1985,-0.0013283587495601,-0.0042649377079803,0.0024470825752345,1985,-1.0039712117215771e-16,EEGNet L1,-0.0335465502372057,0.1284238899525889,-0.0320844961787417,0.1296185533932451,-0.0061517166011964,0.0034949991020761
ds005540,eegnet_lr1e3,2,2,0.5122898396022464,0.4495670861410407,0.1433616337474946,-0.0032937860087992,0.4472926348139064,0.5141625393565328,0.0649972047883399,-0.013231457958117,0.1297414020602578,1985,0.0668699045426263,-0.0115750791595537,0.1319076276401202,1985,-0.0018726997542863,-0.0097914895965097,0.007215797561816,1985,-1.0256552551712872e-16,EEGNet L1,-0.0283252252973257,0.1583196348740056,-0.0255617103215895,0.1593015194068421,-0.0128807813791717,0.0091353818705989
ds005540,eegnet_lr1e3,2,4,0.543775941728184,0.4828102461479608,0.1444443111746111,-0.0005278963833165,0.472923249015021,0.5440407826025998,0.070852692713163,-0.0166339979641916,0.1446888430560582,1985,0.0711175335875788,-0.0154205493315396,0.144465461145985,1985,-0.0002648408744158,-0.0101630277105337,0.0105376910682334,1985,-5.9631119486702744e-18,EEGNet L1,-0.0336244401381259,0.1753298255644519,-0.033046509091196,0.1752815762663537,-0.0131143537574229,0.0125846720085913
ds005540,eegnet_lr1e3,2,8,0.5531892521280698,0.4827901225313707,0.1385998915818529,0.0019186794170957,0.4907012372224836,0.5559170887724669,0.0624880149055862,-0.026211756261558,0.1449251123095222,1985,0.0652158515499833,-0.0241490197166795,0.146715628930807,1985,-0.0027278366443971,-0.0090764127527544,0.0027202092426109,1985,-2.6020852139652106e-18,EEGNet L1,-0.0498148058820307,0.1747908356932031,-0.0467894926112201,0.1772211957111868,-0.0107130873107826,0.0052574140219883
ds005540,eegnet_lr1e3,4,0,0.2030450294855864,-0.0004009960514774,0.1641790951800304,0.0050126217009762,-3.0732194575483232e-15,0.2012714942197993,0.2030450294855895,0.0831959056154368,0.2556948362819803,1985,0.2012714942198024,0.0838516422601073,0.253142717673274,1985,0.001773535265787,-0.0042442375781308,0.0073940634256787,1985,1.0733601507606494e-16,EEGNet L1,0.0901318417617871,0.3159582172093919,0.0897379326936509,0.3128050557459539,-0.0059612396819108,0.0095083102134849
ds005540,eegnet_lr1e3,4,1,0.4714389509663866,0.387092168714107,0.1731137867239831,-0.0049178420017707,0.3897076368081029,0.4722962162265828,0.0817313141582837,0.0172242004324065,0.1420914261842544,1985,0.0825885794184799,0.0188253415821746,0.1421794345720297,1985,-0.0008572652601961,-0.0036202243379563,0.0018002559233069,1985,-9.389190813724468e-17,EEGNet L1,0.0015399901570315,0.161922638159536,0.0030081997286476,0.1621689591083121,-0.0043462229163691,0.0026316923959768
ds005540,eegnet_lr1e3,4,2,0.5633060182838866,0.4495670861410407,0.1755812522147696,-0.0032937860087992,0.4472926348139064,0.5637120717710203,0.1160133834699801,0.0361257101915657,0.1782809347837434,1985,0.1164194369571138,0.0362117308870667,0.1758516105713286,1985,-0.0004060534871337,-0.0087494546481033,0.0078201061750788,1985,-1.1817803680091998e-17,EEGNet L1,0.023734567584491,0.2082921993554692,0.0248804134615718,0.2079584604526558,-0.0111468216097531,0.0103347146354856
ds005540,eegnet_lr1e3,4,4,0.6071386818144365,0.4828102461479608,0.1757631887161091,-0.0005278963833165,0.472923249015021,0.6082045791036811,0.1342154327994155,0.0464083251210613,0.2048417685517332,1985,0.1352813300886601,0.0470311947061998,0.203735316579548,1985,-0.0010658972892445,-0.0089885318581404,0.0082757220195589,1985,-1.1058862159352145e-16,EEGNet L1,0.0311624542354845,0.2372684113633465,0.0326052543845568,0.2379574057927633,-0.012614010340386,0.0104822157618969
ds005540,eegnet_lr1e3,4,8,0.6259832620763847,0.4827901225313707,0.170896036008768,0.0019186794170957,0.4907012372224836,0.6274400484258289,0.135282024853901,0.043912075347136,0.2111839101604206,1985,0.1367388112033453,0.0445932839167558,0.2116597617827632,1985,-0.0014567863494442,-0.0061082306318051,0.0031377136649126,1985,-9.454242944073599e-17,EEGNet L1,0.025437108560558,0.245126941147244,0.0271344025846302,0.2463432198220603,-0.0075276163027736,0.0046140436038852
ds005540,eegnet_lr1e3,8,0,0.2065534607751598,-0.0004009960514774,0.1717794742917341,0.0050126217009762,-3.0732194575483232e-15,0.2035509755199839,0.2065534607751629,0.0867138744914406,0.2538497536562156,1985,0.203550975519987,0.0880472802809495,0.2506480273050332,1985,0.0030024852551759,-0.0050150211952356,0.0093769160402772,1985,7.37257477290143e-18,EEGNet L1,0.0964864881379488,0.3166204334123771,0.0955178465142802,0.3115841045256937,-0.0063598970934215,0.0123648676037734
ds005540,eegnet_lr1e3,8,1,0.4736253012359631,0.387092168714107,0.1834576890608825,-0.0049178420017707,0.3897076368081029,0.474201241691356,0.0839176644278602,0.020838966856178,0.1395636302863992,1985,0.0844936048832531,0.0219094104673728,0.1392850914911192,1985,-0.0005759404553928,-0.0033696258619389,0.0021664460115046,1985,-1.0093922225840046e-16,EEGNet L1,0.0063796759738234,0.1614556528818971,0.0075757700695143,0.1614114396969919,-0.0041831482963666,0.0030312673855808
ds005540,eegnet_lr1e3,8,2,0.5670358837031422,0.4495670861410407,0.1845756414862053,-0.0032937860087992,0.4472926348139064,0.5676535706334505,0.1197432488892357,0.0373588102669378,0.1736785115394715,1985,0.1203609358195439,0.039603614951706,0.1727922278769862,1985,-0.0006176869303082,-0.0096224990051488,0.0080062389789234,1985,2.2768245622195593e-18,EEGNet L1,0.029400217406911,0.2100862803715604,0.0321146686081305,0.2086072030309574,-0.011988311156216,0.0107529372955994
ds005540,eegnet_lr1e3,8,4,0.609305405576605,0.4828102461479608,0.1851810199521934,-0.0005278963833165,0.472923249015021,0.6104864167450004,0.1363821565615839,0.0477134347261107,0.197235190420638,1985,0.1375631677299794,0.0493679893016316,0.1964030349994278,1985,-0.0011810111683954,-0.0095878410270093,0.0092003207839863,1985,-1.0148132334464322e-16,EEGNet L1,0.036330672528953,0.2364336405942149,0.0382435418179085,0.2368827936420502,-0.0136545370443785,0.0112925147075877
ds005540,eegnet_lr1e3,8,8,0.6307208532493085,0.4827901225313707,0.1818709123660529,0.0019186794170957,0.4907012372224836,0.6327069705103981,0.1400196160268249,0.0520510747208774,0.2087145779138476,1985,0.1420057332879145,0.0534080431971025,0.2101651661117794,1985,-0.0019861172610896,-0.0064993683441329,0.0027348513495329,1985,-3.903127820947816e-18,EEGNet L1,0.0355705529265,0.2444686791271497,0.0379146192020692,0.2460968473737598,-0.0081337690756738,0.0041615345534945
ds005540,eegnet_lr1e4,0,0,9.45160194897451e-05,9.45160194897451e-05,0.0001936322021219,0.000193633842654,-3.0732194575483232e-15,-3.0732194575483232e-15,9.451601949281832e-05,-0.0073609913223591,0.0074737040623202,1985,0.0,0.0,0.0,1985,9.451601949281832e-05,-0.0073609913223591,0.0074737040623202,1985,0.0,EEGNet L2,-0.0096889651477165,0.0098779971867021,0.0,0.0,-0.0096889651477165,0.0098779971867021
ds005540,eegnet_lr1e4,0,1,0.3885640899993176,0.3885640899993176,-0.0003121798465615,-0.0003121815091938,0.3897076368081029,0.3897076368081029,-0.0011435468087852,-0.0047107941458067,0.0027720797952991,1985,0.0,0.0,0.0,1985,-0.0011435468087852,-0.0047107941458067,0.0027720797952991,1985,0.0,EEGNet L2,-0.0060739588119232,0.0037868651943527,0.0,0.0,-0.0060739588119232,0.0037868651943527
ds005540,eegnet_lr1e4,0,2,0.4461007338186408,0.4461007338186408,-0.0010241306696917,-0.0010241312969914,0.4472926348139064,0.4472926348139064,-0.0011919009952656,-0.0068129853555061,0.0050303599860352,1985,0.0,0.0,0.0,1985,-0.0011919009952656,-0.0068129853555061,0.0050303599860352,1985,0.0,EEGNet L2,-0.0089180570338329,0.0065342550433016,0.0,0.0,-0.0089180570338329,0.0065342550433016
ds005540,eegnet_lr1e4,0,4,0.4738187214173501,0.4738187214173501,0.0004136754476212,0.0004136714381552,0.472923249015021,0.472923249015021,0.0008954724023291,-0.0067668349348484,0.0080435104680719,1985,0.0,0.0,0.0,1985,0.0008954724023291,-0.0067668349348484,0.0080435104680719,1985,0.0,EEGNet L2,-0.0088410840324692,0.0106320288371274,0.0,0.0,-0.0088410840324692,0.0106320288371274
ds005540,eegnet_lr1e4,0,8,0.4912029972755912,0.4912029972755912,-0.0006746957296865,-0.0006746942589774,0.4907012372224836,0.4907012372224836,0.0005017600531075,-0.0055412327739105,0.0062980537244773,1985,0.0,0.0,0.0,1985,0.0005017600531075,-0.0055412327739105,0.0062980537244773,1985,0.0,EEGNet L2,-0.0070084672117308,0.008011987317946,0.0,0.0,-0.0070084672117308,0.008011987317946
ds005540,eegnet_lr1e4,1,0,0.1404027651178606,9.45160194897451e-05,0.1313457787860229,0.000193633842654,-3.0732194575483232e-15,0.1394240036727946,0.1404027651178636,0.0306921797185976,0.2203126051076385,1985,0.1394240036727977,0.0300555733499246,0.220531096193554,1985,0.0009787614450659,-0.0036691425580795,0.0046429856181057,1985,-4.553649124439119e-18,EEGNet L2,0.0148997253034939,0.2659058049322334,0.0130402488072538,0.2658077585383416,-0.0045555542734604,0.0065130771635922
ds005540,eegnet_lr1e4,1,1,0.409659824984078,0.3885640899993176,0.1313246282817789,-0.0003121815091938,0.3897076368081029,0.409951189094022,0.0199521881759751,-0.0436880240845147,0.1072087429839711,1985,0.0202435522859191,-0.0438708033837024,0.1076566097950308,1985,-0.000291364109944,-0.0026442698338055,0.0023704263854863,1985,2.8189256484623115e-18,EEGNet L2,-0.0820676014203217,0.1219719777722721,-0.0817766255662795,0.1222637301381179,-0.0037221519786064,0.0031394237587184
ds005540,eegnet_lr1e4,1,2,0.4533663892863007,0.4461007338186408,0.1312275949437049,-0.0010241312969914,0.4472926348139064,0.4529887423733066,0.0060737544723942,-0.0758364385888819,0.1141486620596189,1985,0.0056961075594001,-0.0772000957914773,0.1147210204042904,1985,0.000377646912994,-0.002806742858839,0.0042434458912314,1985,1.0018028073766061e-16,EEGNet L2,-0.1147286578001856,0.1268761667449742,-0.1151704855348078,0.1265627006536082,-0.0042041499190431,0.0049594437450312
ds005540,eegnet_lr1e4,1,4,0.4737911476950066,0.4738187214173501,0.1316683677157103,0.0004136714381552,0.472923249015021,0.4734042218746855,0.0008678986799856,-0.0830178313677685,0.1071151927422611,1985,0.0004809728596645,-0.0848439565228576,0.1070306485992108,1985,0.000386925820321,-0.0036605514643609,0.0050613652848165,1985,1.0001765041178778e-16,EEGNet L2,-0.1245496448401347,0.1262854422001059,-0.1256658627926593,0.1266278085119884,-0.0053248813350932,0.0060987329757353
ds005540,eegnet_lr1e4,1,8,0.485011541550233,0.4912029972755912,0.1309995519573466,-0.0006746942589774,0.4907012372224836,0.4855856648588942,-0.0056896956722505,-0.0971784691596033,0.1065984647112667,1985,-0.0051155723635893,-0.0982967960776867,0.106809779489393,1985,-0.0005741233086611,-0.0040689471414,0.0033108534312257,1985,-1.0007186052041206e-16,EEGNet L2,-0.1383772858372071,0.126997894492706,-0.1383350883081938,0.1281039435810151,-0.0054144874635367,0.0042662408462143
ds005540,eegnet_lr1e4,2,0,0.1378055727579998,9.45160194897451e-05,0.1444023403617403,0.000193633842654,-3.0732194575483232e-15,0.1363646402827018,0.1378055727580028,0.0318631152328992,0.2026131741290883,1985,0.1363646402827049,0.0296228543223424,0.1999166613095842,1985,0.0014409324752979,-0.0041760282445119,0.0071155649808205,1985,-9.75781955236954e-18,EEGNet L2,0.0256111839699306,0.249999961546075,0.0240093086602633,0.2487199719051465,-0.0062646726309658,0.0091465375815617
ds005540,eegnet_lr1e4,2,1,0.4384173885251718,0.3885640899993176,0.143708475092153,-0.0003121815091938,0.3897076368081029,0.4384746654153546,0.0487097517170689,-0.0104746216433387,0.1121336555696579,1985,0.0487670286072517,-0.0112573992459527,0.1114850972774106,1985,-5.727689018275584e-05,-0.0022106438482231,0.0031464250643824,1985,-4.1626587159865336e-17,EEGNet L2,-0.0320861230911463,0.1295056265252843,-0.0320844961787417,0.1296185533932451,-0.0041267018254195,0.004012148045054
ds005540,eegnet_lr1e4,2,2,0.514608450962071,0.4461007338186408,0.1436673846254375,-0.0010241312969914,0.4472926348139064,0.5141625393565328,0.0673158161481645,-0.0094451524374171,0.1311668628830557,1985,0.0668699045426263,-0.0115750791595537,0.1319076276401202,1985,0.0004459116055381,-0.0025364573616155,0.0047736445831376,1985,9.622294280808852e-17,EEGNet L2,-0.0246984578353966,0.1593300901317256,-0.0255617103215895,0.1593015194068421,-0.0047763773866837,0.0056682005977601
ds005540,eegnet_lr1e4,2,4,0.5449335251745329,0.4738187214173501,0.1445302996055417,0.0004136714381552,0.472923249015021,0.5440407826025998,0.0720102761595118,-0.0120329108237349,0.1461629151405987,1985,0.0711175335875788,-0.0154205493315396,0.144465461145985,1985,0.000892742571933,-0.0030384732938812,0.0067110308560473,1985,2.927345865710862e-18,EEGNet L2,-0.0313828936160883,0.1754034459351121,-0.033046509091196,0.1752815762663537,-0.0056471296840954,0.0074326148279615
ds005540,eegnet_lr1e4,2,8,0.5564350714281676,0.4912029972755912,0.1435964309436032,-0.0006746942589774,0.4907012372224836,0.5559170887724669,0.065733834205684,-0.0228807122169371,0.1479174415431733,1985,0.0652158515499833,-0.0241490197166795,0.146715628930807,1985,0.0005179826557006,-0.0029708825049509,0.0052552256574924,1985,1.0224026486538307e-16,EEGNet L2,-0.0460573905079733,0.1775250589193413,-0.0467894926112201,0.1772211957111868,-0.0049739108275125,0.0060098761389138
ds005540,eegnet_lr1e4,4,0,0.2019059065481579,9.45160194897451e-05,0.1754859972533134,0.000193633842654,-3.0732194575483232e-15,0.2012714942197993,0.201905906548161,0.0847493833808211,0.253781340969691,1985,0.2012714942198024,0.0838516422601073,0.253142717673274,1985,0.0006344123283586,-0.0052466183631941,0.0065076219418319,1985,1.8973538018496328e-17,EEGNet L2,0.0906431595355201,0.313168653560802,0.0897379326936509,0.3128050557459539,-0.0068267675407887,0.0080955921975059
ds005540,eegnet_lr1e4,4,1,0.4722409565624942,0.3885640899993176,0.1748329163929039,-0.0003121815091938,0.3897076368081029,0.4722962162265828,0.0825333197543913,0.0190064026750263,0.1424192179738944,1985,0.0825885794184799,0.0188253415821746,0.1421794345720297,1985,-5.525966408859162e-05,-0.0021981975557715,0.002779437256679,1985,-1.3877787807814457e-17,EEGNet L2,0.0030178940515456,0.162048745457237,0.0030081997286476,0.1621689591083121,-0.0033846037803497,0.0032740844521725
ds005540,eegnet_lr1e4,4,2,0.5642539617755491,0.4461007338186408,0.1747099784642672,-0.0010241312969914,0.4472926348139064,0.5637120717710203,0.1169613269616426,0.0375427977450849,0.1772248596943548,1985,0.1164194369571138,0.0362117308870667,0.1758516105713286,1985,0.0005418900045287,-0.00219210063075,0.0043227396968324,1985,9.725293487194975e-17,EEGNet L2,0.0260741962627836,0.2078484576605015,0.0248804134615718,0.2079584604526558,-0.0039580131818128,0.0050417931908703
ds005540,eegnet_lr1e4,4,4,0.6091759882691934,0.4738187214173501,0.175290067622447,0.0004136714381552,0.472923249015021,0.6082045791036811,0.1362527392541724,0.0477869268620254,0.204200618199664,1985,0.1352813300886601,0.0470311947061998,0.203735316579548,1985,0.0009714091655123,-0.0031916041404796,0.0063451465373958,1985,-2.2985086056692694e-17,EEGNet L2,0.0350300178855592,0.2374754606227856,0.0326052543845568,0.2379574057927633,-0.0056490047499275,0.0075918230809522
ds005540,eegnet_lr1e4,4,8,0.6277150450835169,0.4912029972755912,0.174453768936018,-0.0006746942589774,0.4907012372224836,0.6274400484258289,0.1370138078610333,0.0457129892536017,0.2115251238921283,1985,0.1367388112033453,0.0445932839167558,0.2116597617827632,1985,0.000274996657688,-0.0031514434380677,0.0046866492372245,1985,-1.3010426069826053e-17,EEGNet L2,0.0286437613215364,0.2453838544005301,0.0271344025846302,0.2463432198220603,-0.0049504435398112,0.0055004368551873
ds005540,eegnet_lr1e4,8,0,0.2041079684174931,9.45160194897451e-05,0.1832365830722617,0.000193633842654,-3.0732194575483232e-15,0.2035509755199839,0.2041079684174962,0.0890873355523392,0.2507394193748462,1985,0.203550975519987,0.0880472802809495,0.2506480273050332,1985,0.0005569928975092,-0.0054202430246417,0.0066018455004064,1985,1.2034644114589099e-17,EEGNet L2,0.0963934800306086,0.3118224568043838,0.0955178465142802,0.3115841045256937,-0.0076145363632582,0.0087285221582766
ds005540,eegnet_lr1e4,8,1,0.4741489098561764,0.3885640899993176,0.1826405371753081,-0.0003121815091938,0.3897076368081029,0.474201241691356,0.0844412730480735,0.0223866470014418,0.139810134990436,1985,0.0844936048832531,0.0219094104673728,0.1392850914911192,1985,-5.23318351795532e-05,-0.0021809575163577,0.0026387561386672,1985,-4.163336342344337e-17,EEGNet L2,0.0076776475624011,0.161204898533746,0.0075757700695143,0.1614114396969919,-0.0032354812942649,0.0031308176239058
ds005540,eegnet_lr1e4,8,2,0.5680948690677259,0.4461007338186408,0.182291431112845,-0.0010241312969914,0.4472926348139064,0.5676535706334505,0.1208022342538194,0.0415822108711575,0.1728654722063447,1985,0.1203609358195439,0.039603614951706,0.1727922278769862,1985,0.0004412984342754,-0.0025110718254049,0.0043393455647912,1985,1.1107651257113993e-16,EEGNet L2,0.0333572779669021,0.2082471905407367,0.0321146686081305,0.2086072030309574,-0.0041096522189661,0.004992249087517
ds005540,eegnet_lr1e4,8,4,0.6111284841747666,0.4738187214173501,0.1831497050856361,0.0004136714381552,0.472923249015021,0.6104864167450004,0.1382052351597456,0.0509915728406697,0.196546803386981,1985,0.1375631677299794,0.0493679893016316,0.1964030349994278,1985,0.0006420674297662,-0.0039244130537183,0.0061785997220504,1985,-8.998878031629687e-18,EEGNet L2,0.0405026289955631,0.2359078413239281,0.0382435418179085,0.2368827936420502,-0.0059642679665376,0.0072484028260701
ds005540,eegnet_lr1e4,8,8,0.6327476148151502,0.4912029972755912,0.1820200524225605,-0.0006746942589774,0.4907012372224836,0.6327069705103981,0.1420463775926665,0.0553813361992281,0.210370191720804,1985,0.1420057332879145,0.0534080431971025,0.2101651661117794,1985,4.064430475203551e-05,-0.0039733810355248,0.004282991620325,1985,-2.7755575615628914e-17,EEGNet L2,0.0389232445243844,0.2451695106609487,0.0379146192020692,0.2460968473737598,-0.0053504094780509,0.005431698087555
ds005540,labram_ridge_base,0,0,-0.0433216257368936,-0.0433216257368936,-0.0574218016305767,-0.0574218016305767,-3.0732194575483232e-15,-3.0732194575483232e-15,-0.0433216257368906,-0.1060387729206065,0.043335031255859,1985,0.0,0.0,0.0,1985,-0.0433216257368906,-0.1060387729206065,0.043335031255859,1985,0.0,LaBraM R1,-0.1418833747349968,0.0552401232612156,0.0,0.0,-0.1418833747349968,0.0552401232612156
ds005540,labram_ridge_base,0,1,0.3586491395649338,0.3586491395649338,-0.0479835864150626,-0.0479835864150626,0.3897076368081029,0.3897076368081029,-0.031058497243169,-0.0685537472265188,0.0108648212927033,1985,0.0,0.0,0.0,1985,-0.031058497243169,-0.0685537472265188,0.0108648212927033,1985,0.0,LaBraM R1,-0.0836437355637452,0.0215267410774071,0.0,0.0,-0.0836437355637452,0.0215267410774071
ds005540,labram_ridge_base,0,2,0.4017822740520681,0.4017822740520681,-0.0496324886811255,-0.0496324886811255,0.4472926348139064,0.4472926348139064,-0.0455103607618383,-0.0939617916092347,0.0101552158403466,1985,0.0,0.0,0.0,1985,-0.0455103607618383,-0.0939617916092347,0.0101552158403466,1985,0.0,LaBraM R1,-0.11368029309078,0.0226595715671033,0.0,0.0,-0.11368029309078,0.0226595715671033
ds005540,labram_ridge_base,0,4,0.4224671054450677,0.4224671054450677,-0.0387650546760389,-0.0387650546760389,0.472923249015021,0.472923249015021,-0.0504561435699532,-0.1022630594932495,0.0076892880007642,1985,0.0,0.0,0.0,1985,-0.0504561435699532,-0.1022630594932495,0.0076892880007642,1985,0.0,LaBraM R1,-0.122408170734704,0.0214958835947976,0.0,0.0,-0.122408170734704,0.0214958835947976
ds005540,labram_ridge_base,0,8,0.4231835485975416,0.4231835485975416,-0.0430410785732634,-0.0430410785732634,0.4907012372224836,0.4907012372224836,-0.0675176886249419,-0.13715154891866,0.0110564216570045,1985,0.0,0.0,0.0,1985,-0.0675176886249419,-0.13715154891866,0.0110564216570045,1985,0.0,LaBraM R1,-0.1639341642444371,0.0288987869945532,0.0,0.0,-0.1639341642444371,0.0288987869945532
ds005540,labram_ridge_base,1,0,0.1255301111505866,-0.0433216257368936,0.1214331558669641,-0.0574218016305767,-3.0732194575483232e-15,0.1394240036727946,0.1255301111505896,0.0120090893904796,0.2061051610359823,1985,0.1394240036727977,0.0300555733499246,0.220531096193554,1985,-0.013893892522208,-0.064809355121704,0.04166454133112,1985,-1.0061396160665481e-16,LaBraM R1,0.0005102373533939,0.2505499849477854,0.0130402488072538,0.2658077585383416,-0.0839400584951669,0.0561522734507508
ds005540,labram_ridge_base,1,1,0.3887923829947016,0.3586491395649338,0.1261624819160931,-0.0479835864150626,0.3897076368081029,0.409951189094022,-0.0009152538134012,-0.0735561087432596,0.0951245463613209,1985,0.0202435522859191,-0.0438708033837024,0.1076566097950308,1985,-0.0211588060993204,-0.0548625148984545,0.0140359782208169,1985,1.0408340855860843e-16,LaBraM R1,-0.1131468221336448,0.1113163145068423,-0.0817766255662795,0.1222637301381179,-0.0662104669133223,0.0238928547146815
ds005540,labram_ridge_base,1,2,0.4265742068938035,0.4017822740520681,0.125763758569489,-0.0496324886811255,0.4472926348139064,0.4529887423733066,-0.0207184279201029,-0.1052476151197974,0.0959384932663904,1985,0.0056961075594001,-0.0772000957914773,0.1147210204042904,1985,-0.0264145354795031,-0.066366523211757,0.0192124650924997,1985,9.71445146547012e-17,LaBraM R1,-0.1487848202418724,0.1073479644016666,-0.1151704855348078,0.1265627006536082,-0.0827063193039288,0.0298772483449226
ds005540,labram_ridge_base,1,4,0.4425849003829279,0.4224671054450677,0.1320439065524635,-0.0387650546760389,0.472923249015021,0.4734042218746855,-0.030338348632093,-0.1199945372903058,0.0860942130419657,1985,0.0004809728596645,-0.0848439565228576,0.1070306485992108,1985,-0.0308193214917575,-0.0726112378145442,0.0208442649261335,1985,0.0,LaBraM R1,-0.1612723759006843,0.1005956786364982,-0.1256658627926593,0.1266278085119884,-0.0924938564992574,0.0308552135157423
ds005540,labram_ridge_base,1,8,0.4531085478693333,0.4231835485975416,0.1393588311247951,-0.0430410785732634,0.4907012372224836,0.4855856648588942,-0.0375926893531503,-0.1381410357393907,0.0860878645226115,1985,-0.0051155723635893,-0.0982967960776867,0.106809779489393,1985,-0.0324771169895609,-0.101177151399519,0.0386722579368275,1985,-1.0408340855860843e-16,LaBraM R1,-0.1827592340944623,0.1075738553881617,-0.1383350883081938,0.1281039435810151,-0.1274409796069591,0.0624867456278372
ds005540,labram_ridge_base,2,0,0.1123336923882174,-0.0433216257368936,0.1173520984394731,-0.0574218016305767,-3.0732194575483232e-15,0.1363646402827018,0.1123336923882205,-0.0041859508191203,0.1926210972760931,1985,0.1363646402827049,0.0296228543223424,0.1999166613095842,1985,-0.0240309478944843,-0.0746086307209159,0.0433879644504218,1985,-1.0061396160665481e-16,LaBraM R1,-0.0146054749866776,0.2392728597631188,0.0240093086602633,0.2487199719051465,-0.1003031807965867,0.052241285007618
ds005540,labram_ridge_base,2,1,0.4223375204869394,0.3586491395649338,0.1255729474248574,-0.0479835864150626,0.3897076368081029,0.4384746654153546,0.0326298836788365,-0.0349759880096226,0.1056652294917005,1985,0.0487670286072517,-0.0112573992459527,0.1114850972774106,1985,-0.0161371449284152,-0.0509480566017286,0.0242953103791732,1985,3.469446951953614e-18,LaBraM R1,-0.0600018528566633,0.1252616202143363,-0.0320844961787417,0.1296185533932451,-0.0646519553039718,0.0323776654471414
ds005540,labram_ridge_base,2,2,0.491083196253486,0.4017822740520681,0.1264101128415512,-0.0496324886811255,0.4472926348139064,0.5141625393565328,0.0437905614395796,-0.0414882002982156,0.1215420058253219,1985,0.0668699045426263,-0.0115750791595537,0.1319076276401202,1985,-0.0230793431030467,-0.065171913909159,0.0247056541547001,1985,0.0,LaBraM R1,-0.060911636621499,0.1484927595006582,-0.0255617103215895,0.1593015194068421,-0.0810510559502563,0.0348923697441629
ds005540,labram_ridge_base,2,4,0.5144568160662848,0.4224671054450677,0.135814815128853,-0.0387650546760389,0.472923249015021,0.5440407826025998,0.0415335670512638,-0.0491202247080822,0.1272895669271962,1985,0.0711175335875788,-0.0154205493315396,0.144465461145985,1985,-0.029583966536315,-0.0709818838917409,0.0193598409209137,1985,-3.469446951953614e-18,LaBraM R1,-0.0716394213496709,0.1547065554521985,-0.033046509091196,0.1752815762663537,-0.0872388150325619,0.0280708819599319
ds005540,labram_ridge_base,2,8,0.5128989852073289,0.4231835485975416,0.1469958332450348,-0.0430410785732634,0.4907012372224836,0.5559170887724669,0.0221977479848453,-0.076970672751117,0.127285037131377,1985,0.0652158515499833,-0.0241490197166795,0.146715628930807,1985,-0.043018103565138,-0.0977621471155778,0.0235487994565396,1985,0.0,LaBraM R1,-0.1106177119035818,0.1550132078732724,-0.0467894926112201,0.1772211957111868,-0.1212683458798597,0.0352321387495837
ds005540,labram_ridge_base,4,0,0.1649429454116143,-0.0433216257368936,0.1363336100026612,-0.0574218016305767,-3.0732194575483232e-15,0.2012714942197993,0.1649429454116174,0.048137369497181,0.2249753285169308,1985,0.2012714942198024,0.0838516422601073,0.253142717673274,1985,-0.036328548808185,-0.0835152617495616,0.0302951570726303,1985,-6.938893903907228e-18,LaBraM R1,0.0477891759795956,0.2820967148436392,0.0897379326936509,0.3128050557459539,-0.1114169018648249,0.0387598042484549
ds005540,labram_ridge_base,4,1,0.4536315836238806,0.3586491395649338,0.1436596877884857,-0.0479835864150626,0.3897076368081029,0.4722962162265828,0.0639239468157777,-0.0035451413708551,0.1276533946197174,1985,0.0825885794184799,0.0188253415821746,0.1421794345720297,1985,-0.0186646326027021,-0.0499758910727543,0.0133044923254716,1985,-9.367506770274758e-17,LaBraM R1,-0.0213785686354364,0.1492264622669918,0.0030081997286476,0.1621689591083121,-0.0611495814397788,0.0238203162343744
ds005540,labram_ridge_base,4,2,0.5384279898823275,0.4017822740520681,0.1443686778539799,-0.0496324886811255,0.4472926348139064,0.5637120717710203,0.091135355068421,0.0062170414400866,0.1567839077509445,1985,0.1164194369571138,0.0362117308870667,0.1758516105713286,1985,-0.0252840818886928,-0.0651529137621121,0.0163836013855398,1985,0.0,LaBraM R1,-0.005512488748477,0.1877831988853191,0.0248804134615718,0.2079584604526558,-0.0787510994921963,0.0281829357148107
ds005540,labram_ridge_base,4,4,0.5771797441163353,0.4224671054450677,0.153779342728017,-0.0387650546760389,0.472923249015021,0.6082045791036811,0.1042564951013143,0.012547799636154,0.1767687082113991,1985,0.1352813300886601,0.0470311947061998,0.203735316579548,1985,-0.0310248349873457,-0.0679866687426415,0.0127981958750321,1985,-1.1796119636642288e-16,LaBraM R1,-0.0014281265975945,0.2099411168002232,0.0326052543845568,0.2379574057927633,-0.0839670030146427,0.0219173330399511
ds005540,labram_ridge_base,4,8,0.5779597428248335,0.4231835485975416,0.1638249649606379,-0.0430410785732634,0.4907012372224836,0.6274400484258289,0.0872585056023499,-0.021187640629732,0.1695479242046092,1985,0.1367388112033453,0.0445932839167558,0.2116597617827632,1985,-0.0494803056009953,-0.1074938769549656,0.0076397148682876,1985,-9.71445146547012e-17,LaBraM R1,-0.0397696673263154,0.2142866785310153,0.0271344025846302,0.2463432198220603,-0.1242203832651499,0.0252597720631592
ds005540,labram_ridge_base,8,0,0.1717610470915545,-0.0433216257368936,0.1472332206810274,-0.0574218016305767,-3.0732194575483232e-15,0.2035509755199839,0.1717610470915575,0.0522521503730264,0.2348414429814883,1985,0.203550975519987,0.0880472802809495,0.2506480273050332,1985,-0.0317899284284294,-0.0863546908143018,0.0410664906537241,1985,-8.326672684688674e-17,LaBraM R1,0.052414030684191,0.291108063498924,0.0955178465142802,0.3115841045256937,-0.113411711041617,0.049831854184758
ds005540,labram_ridge_base,8,1,0.4584776637231073,0.3586491395649338,0.1541187492019802,-0.0479835864150626,0.3897076368081029,0.474201241691356,0.0687700269150043,0.001158850114891,0.1300782508493884,1985,0.0844936048832531,0.0219094104673728,0.1392850914911192,1985,-0.0157235779682487,-0.0485890408593297,0.0159039520201174,1985,-9.020562075079397e-17,LaBraM R1,-0.0146992886233029,0.1522393424533117,0.0075757700695143,0.1614114396969919,-0.0587143028885839,0.0272671469520864
ds005540,labram_ridge_base,8,2,0.5470023706558246,0.4017822740520681,0.1529896137112357,-0.0496324886811255,0.4472926348139064,0.5676535706334505,0.0997097358419181,0.0125249204746477,0.1587306449563438,1985,0.1203609358195439,0.039603614951706,0.1727922278769862,1985,-0.0206511999776258,-0.0641773216525254,0.0206012801826037,1985,3.469446951953614e-18,LaBraM R1,0.0052679282634835,0.1941515434203526,0.0321146686081305,0.2086072030309574,-0.077123270738167,0.0358208707829152
ds005540,labram_ridge_base,8,4,0.5825963768815864,0.4224671054450677,0.1622673120932816,-0.0387650546760389,0.472923249015021,0.6104864167450004,0.1096731278665654,0.0168154816059076,0.1747663642649626,1985,0.1375631677299794,0.0493679893016316,0.1964030349994278,1985,-0.0278900398634139,-0.0714204608943896,0.0163456395826296,1985,-9.71445146547012e-17,LaBraM R1,0.0046779434822564,0.2146683122508743,0.0382435418179085,0.2368827936420502,-0.0849192071036756,0.0291391273768476
ds005540,labram_ridge_base,8,8,0.5868465723289671,0.4231835485975416,0.1726787106280317,-0.0430410785732634,0.4907012372224836,0.6327069705103981,0.0961453351064834,-0.0116127746980718,0.1757111376024262,1985,0.1420057332879145,0.0534080431971025,0.2101651661117794,1985,-0.045860398181431,-0.1098041726417369,0.0139212484505372,1985,-9.020562075079397e-17,LaBraM R1,-0.0280123092565208,0.2203029794694878,0.0379146192020692,0.2460968473737598,-0.1259631485969766,0.0342423522341144
ds005540,labram_ridge_strong,0,0,-0.0229245480472337,-0.0229245480472337,-0.0253082349187055,-0.0253082349187055,-3.0732194575483232e-15,-3.0732194575483232e-15,-0.0229245480472306,-0.0688045205828389,0.0381375750609519,1985,0.0,0.0,0.0,1985,-0.0229245480472306,-0.0688045205828389,0.0381375750609519,1985,0.0,LaBraM R2,-0.0918218813882401,0.0459727852937787,0.0,0.0,-0.0918218813882401,0.0459727852937787
ds005540,labram_ridge_strong,0,1,0.3746002456618499,0.3746002456618499,-0.0213620874257517,-0.0213620874257517,0.3897076368081029,0.3897076368081029,-0.0151073911462529,-0.0400841125499361,0.0113593750398904,1985,0.0,0.0,0.0,1985,-0.0151073911462529,-0.0400841125499361,0.0113593750398904,1985,0.0,LaBraM R2,-0.0487224902386504,0.0185077079461445,0.0,0.0,-0.0487224902386504,0.0185077079461445
ds005540,labram_ridge_strong,0,2,0.4255033712507239,0.4255033712507239,-0.0242583503716144,-0.0242583503716144,0.4472926348139064,0.4472926348139064,-0.0217892635631825,-0.0553121576231588,0.0146078364938472,1985,0.0,0.0,0.0,1985,-0.0217892635631825,-0.0553121576231588,0.0146078364938472,1985,0.0,LaBraM R2,-0.067502394832087,0.0239238677057219,0.0,0.0,-0.067502394832087,0.0239238677057219
ds005540,labram_ridge_strong,0,4,0.450335511393633,0.450335511393633,-0.018518864901488,-0.018518864901488,0.472923249015021,0.472923249015021,-0.0225877376213879,-0.0613372484672867,0.0189459441378156,1985,0.0,0.0,0.0,1985,-0.0225877376213879,-0.0613372484672867,0.0189459441378156,1985,0.0,LaBraM R2,-0.0736212329588125,0.0284457577160365,0.0,0.0,-0.0736212329588125,0.0284457577160365
ds005540,labram_ridge_strong,0,8,0.4634916475873898,0.4634916475873898,-0.0204650098385974,-0.0204650098385974,0.4907012372224836,0.4907012372224836,-0.0272095896350937,-0.0725468575724204,0.0208253198822272,1985,0.0,0.0,0.0,1985,-0.0272095896350937,-0.0725468575724204,0.0208253198822272,1985,0.0,LaBraM R2,-0.0875408514850479,0.0331216722148603,0.0,0.0,-0.0875408514850479,0.0331216722148603
ds005540,labram_ridge_strong,1,0,0.1276263723418218,-0.0229245480472337,0.124898675401276,-0.0253082349187055,-3.0732194575483232e-15,0.1394240036727946,0.1276263723418249,0.0187396237951269,0.2095867366570566,1985,0.1394240036727977,0.0300555733499246,0.220531096193554,1985,-0.0117976313309728,-0.0403949953464224,0.0257894507982647,1985,-6.938893903907228e-18,LaBraM R2,0.0032442802104742,0.2520084644731756,0.0130402488072538,0.2658077585383416,-0.055047031122318,0.0314517684603724
ds005540,labram_ridge_strong,1,1,0.3972706206831854,0.3746002456618499,0.1270487893548919,-0.0213620874257517,0.3897076368081029,0.409951189094022,0.0075629838750825,-0.0600651285205778,0.1015102237415645,1985,0.0202435522859191,-0.0438708033837024,0.1076566097950308,1985,-0.0126805684108366,-0.03398816269378,0.0101454842077413,1985,1.734723475976807e-18,LaBraM R2,-0.0996168908176287,0.1147428585677938,-0.0817766255662795,0.1222637301381179,-0.0407105484841411,0.0153494116624678
ds005540,labram_ridge_strong,1,2,0.4365604927037334,0.4255033712507239,0.1268023230643953,-0.0242583503716144,0.4472926348139064,0.4529887423733066,-0.010732142110173,-0.093491596129998,0.0985635412741015,1985,0.0056961075594001,-0.0772000957914773,0.1147210204042904,1985,-0.0164282496695732,-0.0394138869646489,0.0100837888907827,1985,1.0408340855860843e-16,LaBraM R2,-0.1333861822410325,0.1119218980206864,-0.1151704855348078,0.1265627006536082,-0.0491975104727528,0.0163410111336063
ds005540,labram_ridge_strong,1,4,0.4547891278082525,0.450335511393633,0.1300295321223158,-0.018518864901488,0.472923249015021,0.4734042218746855,-0.0181341212067684,-0.1014409670988196,0.0929823252819491,1985,0.0004809728596645,-0.0848439565228576,0.1070306485992108,1985,-0.018615094066433,-0.0430328387376048,0.012198941642659,1985,1.0061396160665481e-16,LaBraM R2,-0.1445954182957341,0.1083271758821971,-0.1256658627926593,0.1266278085119884,-0.0543927377393719,0.0171625496065059
ds005540,labram_ridge_strong,1,8,0.4710249367389688,0.4634916475873898,0.1348052396630123,-0.0204650098385974,0.4907012372224836,0.4855856648588942,-0.0196763004835148,-0.1102635793295891,0.0936367252763516,1985,-0.0051155723635893,-0.0982967960776867,0.106809779489393,1985,-0.0145607281199254,-0.0435318879744859,0.0202013379536925,1985,-9.8879238130678e-17,LaBraM R2,-0.1523108659238496,0.11295826495682,-0.1383350883081938,0.1281039435810151,-0.0554490390007575,0.0263275827609067
ds005540,labram_ridge_strong,2,0,0.1249380083582691,-0.0229245480472337,0.1355914905200881,-0.0253082349187055,-3.0732194575483232e-15,0.1363646402827018,0.1249380083582722,0.0168037387067347,0.1968160766452081,1985,0.1363646402827049,0.0296228543223424,0.1999166613095842,1985,-0.0114266319244327,-0.0440105909131781,0.0299013599111421,1985,1.0408340855860843e-17,LaBraM R2,0.0075585353152502,0.2423174814012941,0.0240093086602633,0.2487199719051465,-0.0593944671310105,0.0365412032821451
ds005540,labram_ridge_strong,2,1,0.4312701067616096,0.3746002456618499,0.1390289400004104,-0.0213620874257517,0.3897076368081029,0.4384746654153546,0.0415624699535067,-0.0224551978470927,0.1114492526090054,1985,0.0487670286072517,-0.0112573992459527,0.1114850972774106,1985,-0.0072045586537449,-0.0297413130490954,0.0156259275083255,1985,-9.540979117872439e-17,LaBraM R2,-0.0440843965065125,0.1272093364135261,-0.0320844961787417,0.1296185533932451,-0.0372176134515101,0.0228084961440202
ds005540,labram_ridge_strong,2,2,0.5057609394043652,0.4255033712507239,0.1390513131632825,-0.0242583503716144,0.4472926348139064,0.5141625393565328,0.0584683045904587,-0.0235979426121588,0.126317774551963,1985,0.0668699045426263,-0.0115750791595537,0.1319076276401202,1985,-0.0084015999521676,-0.0365462889070251,0.0200019855980278,1985,1.734723475976807e-18,LaBraM R2,-0.0376613314984075,0.1545979406793249,-0.0255617103215895,0.1593015194068421,-0.0447292823830615,0.0279260824787263
ds005540,labram_ridge_strong,2,4,0.5331112659733233,0.450335511393633,0.1428539536212308,-0.018518864901488,0.472923249015021,0.5440407826025998,0.0601880169583022,-0.0291988033736639,0.1393798770314629,1985,0.0711175335875788,-0.0154205493315396,0.144465461145985,1985,-0.0109295166292765,-0.0392924861652976,0.0198448452901648,1985,-1.0408340855860843e-16,LaBraM R2,-0.0465247018310123,0.1669007357476168,-0.033046509091196,0.1752815762663537,-0.0486482802302703,0.0267892469717172
ds005540,labram_ridge_strong,2,8,0.5454967888787925,0.4634916475873898,0.146596977692681,-0.0204650098385974,0.4907012372224836,0.5559170887724669,0.0547955516563088,-0.0387466899697842,0.1421424443749009,1985,0.0652158515499833,-0.0241490197166795,0.146715628930807,1985,-0.0104202998936744,-0.0407889558567288,0.022123316312058,1985,-1.0408340855860843e-16,LaBraM R2,-0.0618150605648364,0.1714061638774542,-0.0467894926112201,0.1772211957111868,-0.05163430888769,0.0307937091003411
ds005540,labram_ridge_strong,4,0,0.1846546055996891,-0.0229245480472337,0.1614944610215483,-0.0253082349187055,-3.0732194575483232e-15,0.2012714942197993,0.1846546055996921,0.070399509317033,0.2390274297795026,1985,0.2012714942198024,0.0838516422601073,0.253142717673274,1985,-0.0166168886201102,-0.0455667080293707,0.0257182394067384,1985,-9.367506770274758e-17,LaBraM R2,0.0745588295559541,0.2947503816434302,0.0897379326936509,0.3128050557459539,-0.062996411150299,0.0297626339100785
ds005540,labram_ridge_strong,4,1,0.4644718972472258,0.3746002456618499,0.1646518392184926,-0.0213620874257517,0.3897076368081029,0.4722962162265828,0.0747642604391229,0.009605354803163,0.1360904527634291,1985,0.0825885794184799,0.0188253415821746,0.1421794345720297,1985,-0.0078243189793569,-0.0276460377357122,0.0109512648461698,1985,-9.540979117872439e-17,LaBraM R2,-0.0064025543820486,0.1559310752602945,0.0030081997286476,0.1621689591083121,-0.0336714236036539,0.01802278564494
ds005540,labram_ridge_strong,4,2,0.5540407888361429,0.4255033712507239,0.1645342662649167,-0.0242583503716144,0.4472926348139064,0.5637120717710203,0.1067481540222364,0.0247734497268875,0.1673609304605006,1985,0.1164194369571138,0.0362117308870667,0.1758516105713286,1985,-0.0096712829348774,-0.0350998607854281,0.0146917235516102,1985,-1.734723475976807e-18,LaBraM R2,0.0162318324937085,0.1972644755507643,0.0248804134615718,0.2079584604526558,-0.0419790983614981,0.0226365324917433
ds005540,labram_ridge_strong,4,4,0.5965587624989475,0.450335511393633,0.1686667197903312,-0.018518864901488,0.472923249015021,0.6082045791036811,0.1236355134839264,0.0362863521985499,0.1916359709735448,1985,0.1352813300886601,0.0470311947061998,0.203735316579548,1985,-0.0116458166047336,-0.0378659859380454,0.0162897953612385,1985,-1.1102230246251565e-16,LaBraM R2,0.0214317363730913,0.2258392905947616,0.0326052543845568,0.2379574057927633,-0.0472663536508942,0.023974720441427
ds005540,labram_ridge_strong,4,8,0.6173000803930391,0.4634916475873898,0.1733071599707223,-0.0204650098385974,0.4907012372224836,0.6274400484258289,0.1265988431705554,0.0310277550744666,0.2033892278305144,1985,0.1367388112033453,0.0445932839167558,0.2116597617827632,1985,-0.0101399680327898,-0.0406402368875663,0.0203907187380171,1985,-1.0928757898653885e-16,LaBraM R2,0.0154930939433193,0.2377045923977916,0.0271344025846302,0.2463432198220603,-0.0505169639894712,0.0302370279238915
ds005540,labram_ridge_strong,8,0,0.1888729585375815,-0.0229245480472337,0.1724304179162553,-0.0253082349187055,-3.0732194575483232e-15,0.2035509755199839,0.1888729585375846,0.0757832155044781,0.2412456035781278,1985,0.203550975519987,0.0880472802809495,0.2506480273050332,1985,-0.0146780169824023,-0.0489483056063468,0.0292860397721049,1985,-9.71445146547012e-17,LaBraM R2,0.0785824453269091,0.2991634717482601,0.0955178465142802,0.3115841045256937,-0.0665629674296944,0.0372069334648896
ds005540,labram_ridge_strong,8,1,0.4662013795618596,0.3746002456618499,0.1751953473832598,-0.0213620874257517,0.3897076368081029,0.474201241691356,0.0764937427537567,0.0128804415066397,0.1334425673635565,1985,0.0844936048832531,0.0219094104673728,0.1392850914911192,1985,-0.0079998621294964,-0.0274913144105206,0.0119497147194197,1985,3.469446951953614e-18,LaBraM R2,-0.002749132674262,0.1557366181817754,0.0075757700695143,0.1614114396969919,-0.0347255154792408,0.018725791220248
ds005540,labram_ridge_strong,8,2,0.5580502001269784,0.4255033712507239,0.1740645629182067,-0.0242583503716144,0.4472926348139064,0.5676535706334505,0.1107575653130719,0.0290670516711148,0.165725103034829,1985,0.1203609358195439,0.039603614951706,0.1727922278769862,1985,-0.009603370506472,-0.0363898650557075,0.0167835423430364,1985,1.0408340855860843e-17,LaBraM R2,0.0219693559151162,0.1995457747110276,0.0321146686081305,0.2086072030309574,-0.0442048095506092,0.024998068537665
ds005540,labram_ridge_strong,8,4,0.5984125427502656,0.450335511393633,0.1779023165172512,-0.018518864901488,0.472923249015021,0.6104864167450004,0.1254892937352446,0.0344397844773699,0.1876387530187565,1985,0.1375631677299794,0.0493679893016316,0.1964030349994278,1985,-0.0120738739947348,-0.03994566778137,0.0168875140444236,1985,-6.938893903907228e-18,LaBraM R2,0.0246902715347023,0.2262883159357868,0.0382435418179085,0.2368827936420502,-0.0490176067972178,0.0248698588077482
ds005540,labram_ridge_strong,8,8,0.6231609201132849,0.4634916475873898,0.1826852382009207,-0.0204650098385974,0.4907012372224836,0.6327069705103981,0.1324596828908013,0.0390230390941097,0.2027860633975934,1985,0.1420057332879145,0.0534080431971025,0.2101651661117794,1985,-0.0095460503971132,-0.0419409463576399,0.0242870634955351,1985,-3.469446951953614e-18,LaBraM R2,0.0235262862488121,0.2413930795327905,0.0379146192020692,0.2460968473737598,-0.0532703100469634,0.034178209252737
ds006850,bandpower_ridge_base,0,0,0.00809431670614,0.00809431670614,0.0105642833193436,0.0105642833193436,-6.6357841984806225e-16,-6.6357841984806225e-16,0.0080943167061407,-0.0630253420090942,0.0847323164030928,2000,0.0,0.0,0.0,2000,0.0080943167061407,-0.0630253420090942,0.0847323164030928,2000,0.0,Band-power R1,-0.0750226482295368,0.0912112816418183,0.0,0.0,-0.0750226482295368,0.0912112816418183
ds006850,bandpower_ridge_base,0,1,0.2480930482051285,0.2480930482051285,0.0120867196566471,0.0120867196566471,0.2524773125728417,0.2524773125728417,-0.0043842643677131,-0.0461657885619373,0.0417345481080047,2000,0.0,0.0,0.0,2000,-0.0043842643677131,-0.0461657885619373,0.0417345481080047,2000,0.0,Band-power R1,-0.0542927553056237,0.0455242265701974,0.0,0.0,-0.0542927553056237,0.0455242265701974
ds006850,bandpower_ridge_base,0,2,0.3171417276209836,0.3171417276209836,0.0151260906413833,0.0151260906413833,0.3327785294901091,0.3327785294901091,-0.0156368018691254,-0.0666051111143554,0.0440418843769347,2000,0.0,0.0,0.0,2000,-0.0156368018691254,-0.0666051111143554,0.0440418843769347,2000,0.0,Band-power R1,-0.0789211653856003,0.0476475616473494,0.0,0.0,-0.0789211653856003,0.0476475616473494
ds006850,bandpower_ridge_base,0,4,0.307146345722377,0.307146345722377,0.0262005746997381,0.0262005746997381,0.3122403043035985,0.3122403043035985,-0.0050939585812215,-0.0637224924496974,0.0582486083024404,2000,0.0,0.0,0.0,2000,-0.0050939585812215,-0.0637224924496974,0.0582486083024404,2000,0.0,Band-power R1,-0.0742918152520323,0.0641038980895893,0.0,0.0,-0.0742918152520323,0.0641038980895893
ds006850,bandpower_ridge_base,0,8,0.3228569720474993,0.3228569720474993,0.0082787054979966,0.0082787054979966,0.3407733032215742,0.3407733032215742,-0.0179163311740749,-0.0768712074658568,0.0450133852381965,2000,0.0,0.0,0.0,2000,-0.0179163311740749,-0.0768712074658568,0.0450133852381965,2000,0.0,Band-power R1,-0.0858370533530038,0.0500043910048539,0.0,0.0,-0.0858370533530038,0.0500043910048539
ds006850,bandpower_ridge_base,1,0,0.0839175848554424,0.0080943167061404,0.0853392116831302,0.0105642833193436,-6.6357841984806225e-16,0.0827465866520994,0.0839175848554431,-0.026830383836541,0.1958365575946215,2000,0.0827465866521,-0.0248692499610997,0.1933140268458967,2000,0.001170998203343,-0.0431609345089971,0.0505485451514157,2000,9.8879238130678e-17,Band-power R1,-0.0428638795484895,0.2106990492593757,-0.0425354619217997,0.2080286352259999,-0.0511929103254269,0.0535349067321129
ds006850,bandpower_ridge_base,1,1,0.2267837747314557,0.2480930482051285,0.0849894391470541,0.0120867196566471,0.2524773125728417,0.2346367715556307,-0.0256935378413859,-0.1091332879448136,0.0782684134819457,2000,-0.0178405410172108,-0.1001973196623469,0.078682498596722,2000,-0.007852996824175,-0.0366820339097952,0.0278290451045219,2000,-1.0061396160665481e-16,Band-power R1,-0.1306025895176061,0.0792155138348341,-0.1181441283704763,0.0824630463360545,-0.0441920296636386,0.0284860360152884
ds006850,bandpower_ridge_base,1,2,0.2701612115766067,0.3171417276209836,0.0844608046219254,0.0151260906413829,0.3327785294901091,0.2783210358552465,-0.0626173179135023,-0.1494369756739493,0.0583056858657634,2000,-0.0544574936348626,-0.1386275271078169,0.0583168377342427,2000,-0.0081598242786397,-0.0418317230568886,0.0365921050482488,2000,8.673617379884035e-18,Band-power R1,-0.1807927431456558,0.055558107318651,-0.166156785796799,0.0572417985270737,-0.0523128341097564,0.0359931855524769
ds006850,bandpower_ridge_base,1,4,0.2584910133625024,0.307146345722377,0.0871018325529304,0.0262005746997381,0.3122403043035985,0.2658909927174616,-0.053749290941096,-0.1468611547052134,0.0712402817089806,2000,-0.0463493115861369,-0.1421008867628116,0.0708859464644004,2000,-0.0073999793549591,-0.0431623488376242,0.0385579507436593,2000,2.6020852139652106e-18,Band-power R1,-0.1755537418965168,0.0680551600143246,-0.1654195276852045,0.0727209045129306,-0.0538988298443476,0.0390988711344293
ds006850,bandpower_ridge_base,1,8,0.2751152482457745,0.3228569720474991,0.0853449113447751,0.0082787054979966,0.3407733032215742,0.2850404421141917,-0.0656580549757997,-0.158239276527458,0.0598877721987873,2000,-0.0557328611073824,-0.1508385598084842,0.0620701783823812,2000,-0.0099251938684172,-0.0462144230740338,0.0381552701045353,2000,-9.540979117872439e-17,Band-power R1,-0.1907643408962846,0.0594482309446851,-0.1778638062548579,0.066398084040093,-0.0575627126123269,0.0377123248754923
ds006850,bandpower_ridge_base,2,0,0.147304470341611,0.0080943167061401,0.1246725715721272,0.0105642833193436,-6.6357841984806225e-16,0.1409623719152998,0.1473044703416117,0.0323885074567265,0.2478426427220902,2000,0.1409623719153005,0.0371896145176734,0.2327148380417304,2000,0.0063420984263111,-0.0438898359060412,0.0605503714125475,2000,9.8879238130678e-17,Band-power R1,0.0260731772321436,0.2685357634510797,0.0270099847209891,0.2549147591096118,-0.0527871110570127,0.0654713079096351
ds006850,bandpower_ridge_base,2,1,0.2816433514261171,0.2480930482051285,0.1271482957626678,0.0120867196566471,0.2524773125728417,0.282562119128086,0.0291660388532754,-0.0352282327167727,0.1174192957952652,2000,0.0300848065552443,-0.0334836962814551,0.1094928289070874,2000,-0.0009187677019689,-0.0326283509774858,0.0338806374695842,2000,-5.421010862427522e-19,Band-power R1,-0.0595299971585476,0.1178620748650985,-0.0522706612398875,0.1124402743503762,-0.0392985883753716,0.0374610529714337
ds006850,bandpower_ridge_base,2,2,0.3474924837961094,0.3171417276209834,0.123803024312404,0.0151260906413826,0.3327785294901091,0.3508125268936441,0.0147139543060003,-0.0634537109262396,0.1172599006565587,2000,0.018033997403535,-0.0537852635272875,0.1094533154455691,2000,-0.0033200430975346,-0.0429975362431477,0.0416272067092132,2000,-1.0061396160665481e-16,Band-power R1,-0.0882318443401089,0.1176597529521096,-0.0773783057649403,0.1134463005720103,-0.0512944603801257,0.0446543741850563
ds006850,bandpower_ridge_base,2,4,0.3396856254693352,0.307146345722377,0.1276634715076265,0.0262005746997381,0.3122403043035985,0.3435943160315819,0.0274453211657367,-0.0565041692565512,0.1316648057545522,2000,0.0313540117279834,-0.0490673317501028,0.1265230651189942,2000,-0.0039086905622467,-0.0479027823125534,0.0439518520100116,2000,3.469446951953614e-18,Band-power R1,-0.0800608601308672,0.1349515024623406,-0.0704551449931778,0.1331631684491447,-0.0555806205319239,0.0477632394074304
ds006850,bandpower_ridge_base,2,8,0.3670764301140818,0.3228569720474991,0.1266553751332824,0.0082787054979966,0.3407733032215742,0.3725051289693549,0.0263031268925075,-0.0636630047720384,0.1338382046140881,2000,0.0317318257477807,-0.0554144371999921,0.132029792929923,2000,-0.0054286988552731,-0.0529319388004959,0.0439331807861971,2000,-9.540979117872439e-17,Band-power R1,-0.0850890502639805,0.1376953040489956,-0.0754763005941988,0.1389399520897603,-0.0595821823210742,0.0487247846105279
ds006850,bandpower_ridge_base,4,0,0.1552804382183984,0.00809431670614,0.1490179925241441,0.0105642833193438,-6.6357841984806225e-16,0.1536182525394175,0.155280438218399,0.0362642048222366,0.2584134604753096,2000,0.1536182525394182,0.0396068246349076,0.2453221899303172,2000,0.0016621856789808,-0.0528720663915939,0.0592035657888878,2000,-1.3010426069826053e-18,Band-power R1,0.0273276637778343,0.2832332126589638,0.0370976837378651,0.2701388213409714,-0.061348725827063,0.0646730971850247
ds006850,bandpower_ridge_base,4,1,0.3001141742950984,0.2480930482051283,0.1507848076715679,0.012086719656647,0.2524773125728417,0.3023803686005889,0.0476368617222567,-0.0205945802106405,0.1300294393861335,2000,0.0499030560277472,-0.0107718636506649,0.1199416286787717,2000,-0.0022661943054904,-0.0345512797137469,0.0335511702661051,2000,-1.0018028073766061e-16,Band-power R1,-0.036549275412187,0.1318229988567006,-0.0238655790148268,0.1236716910703213,-0.0414610129495642,0.0369286243385833
ds006850,bandpower_ridge_base,4,2,0.370475816067506,0.3171417276209836,0.1454872510940231,0.0151260906413824,0.3327785294901091,0.3805869588807822,0.0376972865773969,-0.0393736839606932,0.1395524775772149,2000,0.0478084293906731,-0.0261456880496663,0.1310668374291758,2000,-0.0101111428132761,-0.04968770541672,0.0365583376054761,2000,-1.0061396160665481e-16,Band-power R1,-0.0639142658923264,0.1393088390471203,-0.0408835902126683,0.1365004489940146,-0.0581511196868578,0.0379288340603054
ds006850,bandpower_ridge_base,4,4,0.3678963699471144,0.307146345722377,0.1511292090039695,0.0262005746997377,0.3122403043035985,0.3752071982537277,0.0556560656435158,-0.0300011790442662,0.1539592330263158,2000,0.0629668939501292,-0.0162347458447411,0.1503086716714229,2000,-0.0073108283066133,-0.0494154898576229,0.0408845358774785,2000,-9.280770596475918e-17,Band-power R1,-0.05076438296152,0.1620765142485518,-0.0314670334672091,0.1574008213674675,-0.058741865733976,0.0441202091207494
ds006850,bandpower_ridge_base,4,8,0.3966583844575256,0.3228569720474997,0.1500473862698242,0.0082787054979966,0.3407733032215742,0.4064459392866467,0.0558850812359513,-0.0316346224837391,0.1580525960385579,2000,0.0656726360650725,-0.0167296423409019,0.1555577881174501,2000,-0.0097875548291211,-0.0557768450578398,0.0399151654586303,2000,-9.194034422677078e-17,Band-power R1,-0.0534707902958298,0.1652409527677325,-0.0327958577857271,0.1641411299158722,-0.0633193454735946,0.0437442358153524
ds006850,bandpower_ridge_base,8,0,0.1517086267511878,0.00809431670614,0.1455002749338977,0.0105642833193438,-6.6357841984806225e-16,0.1564408228759196,0.1517086267511885,0.0337578017346228,0.2538767457472087,2000,0.1564408228759203,0.0522892775511741,0.2434773560387886,2000,-0.0047321961247318,-0.0564547866392175,0.0542746221019281,2000,2.5153490401663703e-17,Band-power R1,0.0290025588129592,0.2744146946894178,0.0491872034483967,0.2636944423034438,-0.0673614728501447,0.057897080600681
ds006850,bandpower_ridge_base,8,1,0.3060127349563111,0.2480930482051283,0.1486970039265741,0.012086719656647,0.2524773125728417,0.3108629427789764,0.0535354223834694,-0.012973614367739,0.1313079686382251,2000,0.0583856302061347,0.0047732339790911,0.1217845087926029,2000,-0.0048502078226652,-0.0360525380579121,0.031732412399905,2000,-9.8879238130678e-17,Band-power R1,-0.0271594553437142,0.1342303001106532,-0.0089259570345041,0.1256972174467736,-0.0435151531289327,0.0338147374836021
ds006850,bandpower_ridge_base,8,2,0.3792647628211217,0.3171417276209836,0.1454233131342483,0.0151260906413824,0.3327785294901091,0.3927762479587605,0.0464862333310126,-0.0300427647761424,0.1415665348596811,2000,0.0599977184686513,-0.002865312883864,0.135223441858281,2000,-0.0135114851376387,-0.0505075876828376,0.0319477299783399,2000,3.469446951953614e-18,Band-power R1,-0.0497054793460509,0.1426779460080762,-0.0195673485511932,0.139562785488496,-0.0615418795017448,0.0345189092264673
ds006850,bandpower_ridge_base,8,4,0.3752228574517388,0.307146345722377,0.1510789459608137,0.0262005746997377,0.3122403043035985,0.387435012462399,0.0629825531481402,-0.0239679401683174,0.1557304649178258,2000,0.0751947081588004,0.0033093603231873,0.1522636522726705,2000,-0.0122121550106601,-0.0551807162158158,0.0360377664344424,2000,-9.71445146547012e-17,Band-power R1,-0.0391747496178896,0.1651398559141701,-0.0104714166543101,0.160860832971911,-0.0641596313621615,0.0397353213408411
ds006850,bandpower_ridge_base,8,8,0.404626973016658,0.3228569720474997,0.1500319661435551,0.0082787054979966,0.3407733032215742,0.4181428795660101,0.0638536697950837,-0.0242876915050096,0.1586802062092636,2000,0.0773695763444359,0.0025881139430619,0.1580455921316929,2000,-0.0135159065493521,-0.0561009082170988,0.0361546171242952,2000,-1.1102230246251565e-16,Band-power R1,-0.0396482654975256,0.1673556050876931,-0.0123909031378424,0.1671300558267143,-0.0656421164821375,0.0386103033834332
ds006850,bandpower_ridge_strong,0,0,-0.0121230620898354,-0.0121230620898354,-0.0051747363669553,-0.0051747363669553,-6.6357841984806225e-16,-6.6357841984806225e-16,-0.0121230620898347,-0.0624699014160962,0.0442643287782352,2000,0.0,0.0,0.0,2000,-0.0121230620898347,-0.0624699014160962,0.0442643287782352,2000,0.0,Band-power R2,-0.070764466589836,0.0465183424101665,0.0,0.0,-0.070764466589836,0.0465183424101665
ds006850,bandpower_ridge_strong,0,1,0.2426294739736736,0.2426294739736736,-0.0030377066206358,-0.0030377066206358,0.2524773125728417,0.2524773125728417,-0.009847838599168,-0.0382280069494134,0.0222831771474218,2000,0.0,0.0,0.0,2000,-0.009847838599168,-0.0382280069494134,0.0222831771474218,2000,0.0,Band-power R2,-0.0443898041904219,0.0246941269920858,0.0,0.0,-0.0443898041904219,0.0246941269920858
ds006850,bandpower_ridge_strong,0,2,0.3130355942222496,0.3130355942222496,-0.0020807994830071,-0.0020807994830071,0.3327785294901091,0.3327785294901091,-0.0197429352678594,-0.0562060648197383,0.0223943976423458,2000,0.0,0.0,0.0,2000,-0.0197429352678594,-0.0562060648197383,0.0223943976423458,2000,0.0,Band-power R2,-0.0635749155175978,0.0240890449818789,0.0,0.0,-0.0635749155175978,0.0240890449818789
ds006850,bandpower_ridge_strong,0,4,0.2990889982632157,0.2990889982632157,0.0070342028741832,0.0070342028741832,0.3122403043035985,0.3122403043035985,-0.0131513060403827,-0.0531993356291612,0.0288809866965901,2000,0.0,0.0,0.0,2000,-0.0131513060403827,-0.0531993356291612,0.0288809866965901,2000,0.0,Band-power R2,-0.0595304159472257,0.0332278038664602,0.0,0.0,-0.0595304159472257,0.0332278038664602
ds006850,bandpower_ridge_strong,0,8,0.3245796711362553,0.3245796711362553,-0.000839869790544,-0.000839869790544,0.3407733032215742,0.3407733032215742,-0.0161936320853189,-0.0538448648105874,0.0248287578939308,2000,0.0,0.0,0.0,2000,-0.0161936320853189,-0.0538448648105874,0.0248287578939308,2000,0.0,Band-power R2,-0.060403481628849,0.0280162174582111,0.0,0.0,-0.060403481628849,0.0280162174582111
ds006850,bandpower_ridge_strong,1,0,0.0810229964739684,-0.0121230620898354,0.0889322260469493,-0.0051747363669553,-6.6357841984806225e-16,0.0827465866520994,0.0810229964739691,-0.0299047150361803,0.1958820837678041,2000,0.0827465866521,-0.0248692499610997,0.1933140268458967,2000,-0.0017235901781309,-0.0311732507065267,0.0275530199338011,2000,3.903127820947816e-18,Band-power R2,-0.0469278105288303,0.2089738034767686,-0.0425354619217997,0.2080286352259999,-0.0348608199213114,0.0314136395650495
ds006850,bandpower_ridge_strong,1,1,0.2293456592711139,0.2426294739736736,0.0892141602901061,-0.0030377066206358,0.2524773125728417,0.2346367715556307,-0.0231316533017277,-0.109596144619741,0.0782470378596913,2000,-0.0178405410172108,-0.1001973196623469,0.078682498596722,2000,-0.0052911122845168,-0.0266442493912873,0.0162712253523902,2000,-1.0061396160665481e-16,Band-power R2,-0.1267310553821538,0.0804677487786982,-0.1181441283704763,0.0824630463360545,-0.029029002362898,0.0184467777938642
ds006850,bandpower_ridge_strong,1,2,0.2720474124193553,0.3130355942222496,0.0884558944236305,-0.0020807994830071,0.3327785294901091,0.2783210358552465,-0.0607311170707537,-0.1477451278013581,0.0551401169860569,2000,-0.0544574936348626,-0.1386275271078169,0.0583168377342427,2000,-0.0062736234358911,-0.0293561723636278,0.0213395151179291,2000,0.0,Band-power R2,-0.1757270851356339,0.0542648509941264,-0.166156785796799,0.0572417985270737,-0.0348146885273002,0.022267441655518
ds006850,bandpower_ridge_strong,1,4,0.2603234311832478,0.2990889982632157,0.091584310045779,0.0070342028741837,0.3122403043035985,0.2658909927174616,-0.0519168731203506,-0.1469267668091213,0.066970724164872,2000,-0.0463493115861369,-0.1421008867628116,0.0708859464644004,2000,-0.0055675615342137,-0.0290901684222339,0.0215137820162923,2000,0.0,Band-power R2,-0.1721706336211996,0.0683368873804983,-0.1654195276852045,0.0727209045129306,-0.0343984639704373,0.0232633409020098
ds006850,bandpower_ridge_strong,1,8,0.2775234874034459,0.3245796711362553,0.0899364757573406,-0.000839869790544,0.3407733032215742,0.2850404421141917,-0.0632498158181283,-0.1600034990945248,0.0596819380053113,2000,-0.0557328611073824,-0.1508385598084842,0.0620701783823812,2000,-0.0075169547107458,-0.0302219065240226,0.0210282522021614,2000,-9.8879238130678e-17,Band-power R2,-0.1870522308774612,0.0605525992412045,-0.1778638062548579,0.066398084040093,-0.0365779762133414,0.0215440667918497
ds006850,bandpower_ridge_strong,2,0,0.1464399636972876,-0.0121230620898354,0.1311036590028225,-0.0051747363669553,-6.6357841984806225e-16,0.1409623719152998,0.1464399636972883,0.0330041404433544,0.2405561609369237,2000,0.1409623719153005,0.0371896145176734,0.2327148380417304,2000,0.0054775917819877,-0.0257719301490285,0.0384065532239907,2000,8.413408858487514e-17,Band-power R2,0.0272781429811448,0.2656017844134317,0.0270099847209891,0.2549147591096118,-0.0319934692750049,0.0429486528389805
ds006850,bandpower_ridge_strong,2,1,0.2839419586051817,0.2426294739736735,0.1327008244299567,-0.0030377066206358,0.2524773125728417,0.282562119128086,0.03146464603234,-0.0338129311776753,0.1153474056535794,2000,0.0300848065552443,-0.0334836962814551,0.1094928289070874,2000,0.0013798394770956,-0.0197225531836494,0.0231604100130242,2000,9.71445146547012e-17,Band-power R2,-0.0547435053116287,0.1176727973763089,-0.0522706612398875,0.1124402743503762,-0.0227536032162141,0.0255132821704055
ds006850,bandpower_ridge_strong,2,2,0.3512023869976275,0.3130355942222496,0.1303877685803769,-0.0020807994830068,0.3327785294901091,0.3508125268936441,0.0184238575075184,-0.0558492168784946,0.1149509972243621,2000,0.018033997403535,-0.0537852635272875,0.1094533154455691,2000,0.0003898601039833,-0.0243529046720458,0.0283456312201049,2000,1.0055975149803054e-16,Band-power R2,-0.0805205195139334,0.1173682345289702,-0.0773783057649403,0.1134463005720103,-0.029024941117524,0.0298046613254908
ds006850,bandpower_ridge_strong,2,4,0.3454736914472286,0.2990889982632157,0.1340173885872814,0.0070342028741837,0.3122403043035985,0.3435943160315819,0.0332333871436301,-0.0493871783722935,0.1285122645170759,2000,0.0313540117279834,-0.0490673317501028,0.1265230651189942,2000,0.0018793754156467,-0.0236877133281577,0.0295384198680691,2000,2.168404344971009e-19,Band-power R2,-0.0700640420703307,0.136530816357591,-0.0704551449931778,0.1331631684491447,-0.0283270891317919,0.0320858399630853
ds006850,bandpower_ridge_strong,2,8,0.3740282565175168,0.3245796711362553,0.1332824375101933,-0.000839869790544,0.3407733032215742,0.3725051289693549,0.0332549532959426,-0.054832226405259,0.1368113562507812,2000,0.0317318257477807,-0.0554144371999921,0.132029792929923,2000,0.0015231275481619,-0.0244978262421205,0.030383666654864,2000,3.903127820947816e-18,Band-power R2,-0.0743413087121405,0.1408512153040258,-0.0754763005941988,0.1389399520897603,-0.0292300300602341,0.032276285156558
ds006850,bandpower_ridge_strong,4,0,0.1509536023066258,-0.0121230620898352,0.1509796441118897,-0.0051747363669552,-6.6357841984806225e-16,0.1536182525394175,0.1509536023066265,0.0335410849115772,0.2520873897777232,2000,0.1536182525394182,0.0396068246349076,0.2453221899303172,2000,-0.0026646502327917,-0.0375600108515163,0.037438724703367,2000,6.938893903907228e-18,Band-power R2,0.0257632885488353,0.2761439160644176,0.0370976837378651,0.2701388213409714,-0.0454436419994349,0.0401143415338514
ds006850,bandpower_ridge_strong,4,1,0.2987128675004372,0.2426294739736734,0.1519483007310137,-0.0030377066206358,0.2524773125728417,0.3023803686005889,0.0462355549275955,-0.0194578796574494,0.122995577919102,2000,0.0499030560277472,-0.0107718636506649,0.1199416286787717,2000,-0.0036675011001516,-0.0257976849278827,0.0216525027868886,2000,-1.0278236595162582e-16,Band-power R2,-0.0346998088193147,0.1271709186745058,-0.0238655790148268,0.1236716910703213,-0.0302561274697141,0.0229211252694107
ds006850,bandpower_ridge_strong,4,2,0.3718776950405104,0.3130355942222497,0.148859665305682,-0.002080799483007,0.3327785294901091,0.3805869588807822,0.0390991655504012,-0.0362988690330006,0.1337920098372139,2000,0.0478084293906731,-0.0261456880496663,0.1310668374291758,2000,-0.0087092638402718,-0.0344454503066869,0.0227198470201335,2000,-9.540979117872439e-17,Band-power R2,-0.0573912504831287,0.1355895815839312,-0.0408835902126683,0.1365004489940146,-0.0413810931275037,0.02396256544696
ds006850,bandpower_ridge_strong,4,4,0.3685345103380793,0.2990889982632158,0.1536201318433631,0.0070342028741835,0.3122403043035985,0.3752071982537277,0.0562942060344808,-0.027151566925119,0.1461940789419495,2000,0.0629668939501292,-0.0162347458447411,0.1503086716714229,2000,-0.0066726879156484,-0.0337544995339813,0.0236423217817468,2000,6.071532165918825e-18,Band-power R2,-0.044145162950493,0.1567335750194547,-0.0314670334672091,0.1574008213674675,-0.0397762459451311,0.0264308701138343
ds006850,bandpower_ridge_strong,4,8,0.3984594337477894,0.3245796711362553,0.1527216164560171,-0.0008398697905442,0.3407733032215742,0.4064459392866467,0.0576861305262152,-0.0285644286774807,0.1524274257047491,2000,0.0656726360650725,-0.0167296423409019,0.1555577881174501,2000,-0.0079865055388572,-0.0355286260064564,0.0229710222554121,2000,-9.71445146547012e-17,Band-power R2,-0.0453612530937774,0.1607335141462079,-0.0327958577857271,0.1641411299158722,-0.0411495611168768,0.0251765500391623
ds006850,bandpower_ridge_strong,8,0,0.1459566554411117,-0.0121230620898352,0.1463673075710141,-0.0051747363669552,-6.6357841984806225e-16,0.1564408228759196,0.1459566554411124,0.0326531110323267,0.2433760816542018,2000,0.1564408228759203,0.0522892775511741,0.2434773560387886,2000,-0.0104841674348079,-0.0454093110575032,0.0317368356124574,2000,0.0,Band-power R2,0.0284428158872677,0.263470494994957,0.0491872034483967,0.2636944423034438,-0.0549004176820321,0.0339320828124163
ds006850,bandpower_ridge_strong,8,1,0.3042198964999326,0.2426294739736734,0.1480658965195783,-0.0030377066206358,0.2524773125728417,0.3108629427789764,0.0517425839270909,-0.0119104196283813,0.1245782971994583,2000,0.0583856302061347,0.0047732339790911,0.1217845087926029,2000,-0.0066430462790438,-0.0294994238026599,0.0187313127784904,2000,-1.734723475976807e-18,Band-power R2,-0.0239899227784077,0.1274750906325895,-0.0089259570345041,0.1256972174467736,-0.0339523336895331,0.0206662411314454
ds006850,bandpower_ridge_strong,8,2,0.3799265621673532,0.3130355942222497,0.1465744811298457,-0.002080799483007,0.3327785294901091,0.3927762479587605,0.0471480326772441,-0.0268218992504877,0.1345329386275325,2000,0.0599977184686513,-0.002865312883864,0.135223441858281,2000,-0.0128496857914072,-0.0393955291094554,0.0202146861591297,2000,3.469446951953614e-18,Band-power R2,-0.0421999048509063,0.1364959702053945,-0.0195673485511932,0.139562785488496,-0.0475668195203538,0.0218674479375392
ds006850,bandpower_ridge_strong,8,4,0.3757381766144595,0.2990889982632158,0.1520844663836963,0.0070342028741835,0.3122403043035985,0.387435012462399,0.063497872310861,-0.0202167737758107,0.1493658443542816,2000,0.0751947081588004,0.0033093603231873,0.1522636522726705,2000,-0.0116968358479394,-0.0399202817722327,0.0216622793722364,2000,-1.734723475976807e-18,Band-power R2,-0.0303435292816465,0.1573392739033686,-0.0104714166543101,0.160860832971911,-0.0472284710868821,0.0238347993910032
ds006850,bandpower_ridge_strong,8,8,0.4050355567203801,0.3245796711362553,0.150577339897529,-0.0008398697905442,0.3407733032215742,0.4181428795660101,0.0642622534988059,-0.0202105995662327,0.150918235310521,2000,0.0773695763444359,0.0025881139430619,0.1580455921316929,2000,-0.0131073228456299,-0.0397615050271107,0.019912490227515,2000,-1.0061396160665481e-16,Band-power R2,-0.0315341315631115,0.1600586385607234,-0.0123909031378424,0.1671300558267143,-0.0472780178606845,0.0210633721694246
ds006850,eegnet_lr1e3,0,0,0.0101447710421176,0.0101447710421176,0.0191724820146088,0.01917248050675,-6.6357841984806225e-16,-6.6357841984806225e-16,0.0101447710421182,-0.01479636453827,0.0358583585346744,2000,0.0,0.0,0.0,2000,0.0101447710421182,-0.01479636453827,0.0358583585346744,2000,0.0,EEGNet L1,-0.0180589933550866,0.0383485354393232,0.0,0.0,-0.0180589933550866,0.0383485354393232
ds006850,eegnet_lr1e3,0,1,0.2585771691435105,0.2585771691435105,0.0099805901202088,0.0099805929242199,0.2524773125728417,0.2524773125728417,0.0060998565706688,-0.0057553101739207,0.0176946855588991,2000,0.0,0.0,0.0,2000,0.0060998565706688,-0.0057553101739207,0.0176946855588991,2000,0.0,EEGNet L1,-0.0073239449679258,0.0195236581092635,0.0,0.0,-0.0073239449679258,0.0195236581092635
ds006850,eegnet_lr1e3,0,2,0.3472962983446062,0.3472962983446062,0.0187067174588738,0.0187067135551525,0.3327785294901091,0.3327785294901091,0.014517768854497,-0.0082569121049856,0.0413451250986314,2000,0.0,0.0,0.0,2000,0.014517768854497,-0.0082569121049856,0.0413451250986314,2000,0.0,EEGNet L1,-0.013479500726928,0.0425150384359221,0.0,0.0,-0.013479500726928,0.0425150384359221
ds006850,eegnet_lr1e3,0,4,0.3239084768071994,0.3239084768071994,0.0119372901662316,0.0119372882251145,0.3122403043035985,0.3122403043035985,0.0116681725036009,-0.005408523606472,0.0273446996657549,2000,0.0,0.0,0.0,2000,0.0116681725036009,-0.005408523606472,0.0273446996657549,2000,0.0,EEGNet L1,-0.0070667134677227,0.0304030584749245,0.0,0.0,-0.0070667134677227,0.0304030584749245
ds006850,eegnet_lr1e3,0,8,0.3576574964676767,0.3576574964676767,0.018921326592309,0.0189213262900528,0.3407733032215742,0.3407733032215742,0.0168841932461025,-0.0105536602832505,0.0469222201432258,2000,0.0,0.0,0.0,2000,0.0168841932461025,-0.0105536602832505,0.0469222201432258,2000,0.0,EEGNet L1,-0.0154505965204164,0.0492189830126214,0.0,0.0,-0.0154505965204164,0.0492189830126214
ds006850,eegnet_lr1e3,1,0,0.0893892218930183,0.0101447710421176,0.0924076466337131,0.01917248050675,-6.6357841984806225e-16,0.0827465866520994,0.089389221893019,-0.015531487911869,0.1988412180859936,2000,0.0827465866521,-0.0248692499610997,0.1933140268458967,2000,0.0066426352409189,-0.0061268788752985,0.0218031514418808,2000,1.0061396160665481e-16,EEGNet L1,-0.0358784590757415,0.2146569028617796,-0.0425354619217997,0.2080286352259999,-0.0093788421157649,0.0226641125976028
ds006850,eegnet_lr1e3,1,1,0.2401154913602307,0.2585771691435105,0.0924690930496342,0.0099805929242199,0.2524773125728417,0.2346367715556307,-0.0123618212126109,-0.0956273797607396,0.0856515864543066,2000,-0.0178405410172108,-0.1001973196623469,0.078682498596722,2000,0.0054787198045999,-0.0040775465349318,0.0151387865794474,2000,8.673617379884035e-19,EEGNet L1,-0.1140393536637001,0.0893157112384782,-0.1181441283704763,0.0824630463360545,-0.0052810566255665,0.0162384962347663
ds006850,eegnet_lr1e3,1,2,0.2828894857082494,0.3472962983446062,0.0908814420996046,0.0187067135551525,0.3327785294901091,0.2783210358552465,-0.0498890437818597,-0.1369508769389573,0.0658864736162351,2000,-0.0544574936348626,-0.1386275271078169,0.0583168377342427,2000,0.0045684498530029,-0.0103175183216896,0.024156406486314,2000,0.0,EEGNet L1,-0.161919030838374,0.0621409432746546,-0.166156785796799,0.0572417985270737,-0.0149960850607724,0.0241329847667782
ds006850,eegnet_lr1e3,1,4,0.2722594260765151,0.3239084768071994,0.0907467407721889,0.0119372882251145,0.3122403043035985,0.2658909927174616,-0.0399808782270834,-0.1337600438718418,0.0758248027593317,2000,-0.0463493115861369,-0.1421008867628116,0.0708859464644004,2000,0.0063684333590535,-0.0047405115105071,0.0178478877819769,2000,1.734723475976807e-18,EEGNet L1,-0.1589653709017056,0.0790036144475387,-0.1654195276852045,0.0727209045129306,-0.0063205445511841,0.0190574112692912
ds006850,eegnet_lr1e3,1,8,0.2908679396252495,0.3576574964676767,0.0940441711326855,0.0189213262900528,0.3407733032215742,0.2850404421141917,-0.0499053635963246,-0.1451835513409153,0.071806598727838,2000,-0.0557328611073824,-0.1508385598084842,0.0620701783823812,2000,0.0058274975110577,-0.0084363255071887,0.0237599133395329,2000,1.0148132334464322e-16,EEGNet L1,-0.1717162780430799,0.0719055508504305,-0.1778638062548579,0.066398084040093,-0.0120120350045253,0.0236670300266409
ds006850,eegnet_lr1e3,2,0,0.1458373249989986,0.0101447710421176,0.1370556207830804,0.01917248050675,-6.6357841984806225e-16,0.1409623719152998,0.1458373249989993,0.0394668580091028,0.2433152818368889,2000,0.1409623719153005,0.0371896145176734,0.2327148380417304,2000,0.0048749530836988,-0.0174034403695907,0.0264124369186403,2000,-1.474514954580286e-17,EEGNet L1,0.0281383175033631,0.2635363324946355,0.0270099847209891,0.2549147591096118,-0.01934076995788,0.0290906761252776
ds006850,eegnet_lr1e3,2,1,0.2838290273667316,0.2585771691435105,0.130884654953063,0.0099805929242199,0.2524773125728417,0.282562119128086,0.0313517147938899,-0.0368263749264116,0.1152042967196949,2000,0.0300848065552443,-0.0334836962814551,0.1094928289070874,2000,0.0012669082386456,-0.0186382810947982,0.0152921134951302,2000,4.336808689942018e-19,EEGNet L1,-0.0549135639639773,0.1176169935517573,-0.0522706612398875,0.1124402743503762,-0.0176004816590855,0.0201342981363767
ds006850,eegnet_lr1e3,2,2,0.3350875493900783,0.3472962983446062,0.1270185270781754,0.0187067135551525,0.3327785294901091,0.3508125268936441,0.0023090198999692,-0.0732879374894282,0.1101922417552832,2000,0.018033997403535,-0.0537852635272875,0.1094533154455691,2000,-0.0157249775035657,-0.0414063816078045,0.0229032754982587,2000,-1.0061396160665481e-16,EEGNet L1,-0.1038160278839999,0.1084340676839384,-0.0773783057649403,0.1134463005720103,-0.0545221536393121,0.0230721986321806
ds006850,eegnet_lr1e3,2,4,0.3493836044088231,0.3239084768071994,0.1330024465772082,0.0119372882251145,0.3122403043035985,0.3435943160315819,0.0371433001052246,-0.0457391128354666,0.1347715976022961,2000,0.0313540117279834,-0.0490673317501028,0.1265230651189942,2000,0.0057892883772411,-0.0126197857193628,0.0226042881952578,2000,9.974659986866641e-17,EEGNet L1,-0.0686189380946573,0.1429055383051066,-0.0704551449931778,0.1331631684491447,-0.0138973992562027,0.0254759760106851
ds006850,eegnet_lr1e3,2,8,0.3708528600119369,0.3576574964676767,0.1324308021350194,0.0189213262900528,0.3407733032215742,0.3725051289693549,0.0300795567903627,-0.0617743238431405,0.1373630389435901,2000,0.0317318257477807,-0.0554144371999921,0.132029792929923,2000,-0.0016522689574179,-0.02838935667257,0.028642853149236,2000,-9.73613550891983e-17,EEGNet L1,-0.0856984530779769,0.1458575666587023,-0.0754763005941988,0.1389399520897603,-0.034263437057284,0.030958899142448
ds006850,eegnet_lr1e3,4,0,0.1690456888833308,0.0101447710421176,0.1681820990427255,0.01917248050675,-6.6357841984806225e-16,0.1536182525394175,0.1690456888833315,0.0553799839482071,0.2636659083235678,2000,0.1536182525394182,0.0396068246349076,0.2453221899303172,2000,0.0154274363439133,-0.0073623548852396,0.0356292114794381,2000,3.469446951953614e-18,EEGNet L1,0.050755311899886,0.287336065866777,0.0370976837378651,0.2701388213409714,-0.0083250044040654,0.039179877091892
ds006850,eegnet_lr1e3,4,1,0.3101072240929372,0.2585771691435105,0.1614619436224203,0.0099805929242199,0.2524773125728417,0.3023803686005889,0.0576299115200955,-0.0050677538973207,0.1284104165968646,2000,0.0499030560277472,-0.0107718636506649,0.1199416286787717,2000,0.0077268554923483,-0.0049831260755139,0.0190771079071517,2000,-8.673617379884035e-19,EEGNet L1,-0.0180678978533043,0.1333277208934954,-0.0238655790148268,0.1236716910703213,-0.0058030460787974,0.021256757063494
ds006850,eegnet_lr1e3,4,2,0.3835293573552366,0.3472962983446062,0.1641858031505327,0.0187067135551525,0.3327785294901091,0.3805869588807822,0.0507508278651275,-0.0237221062825959,0.1410460488362538,2000,0.0478084293906731,-0.0261456880496663,0.1310668374291758,2000,0.0029423984744543,-0.0175181619731738,0.0268510862518328,2000,1.0495077029659683e-16,EEGNet L1,-0.0424368600665756,0.1439385157968307,-0.0408835902126683,0.1365004489940146,-0.0219971123307291,0.0278819092796379
ds006850,eegnet_lr1e3,4,4,0.3875771603541093,0.3239084768071994,0.1625591335023884,0.0119372882251145,0.3122403043035985,0.3752071982537277,0.0753368560505107,-0.0082063922029158,0.1623817760260542,2000,0.0629668939501292,-0.0162347458447411,0.1503086716714229,2000,0.0123699621003815,-0.0038469051883718,0.0270066785061316,2000,6.938893903907228e-18,EEGNet L1,-0.0208663352517164,0.171540047352738,-0.0314670334672091,0.1574008213674675,-0.0051017834393492,0.0298417076401123
ds006850,eegnet_lr1e3,4,8,0.417267692247954,0.3576574964676767,0.1622111772883493,0.0189213262900528,0.3407733032215742,0.4064459392866467,0.0764943890263797,-0.0113092838233395,0.1708375733812526,2000,0.0656726360650725,-0.0167296423409019,0.1555577881174501,2000,0.0108217529613072,-0.011762924759897,0.0336131032845766,2000,5.204170427930421e-18,EEGNet L1,-0.0262283362030849,0.1792171142558445,-0.0327958577857271,0.1641411299158722,-0.0141930137069967,0.0358365196296113
ds006850,eegnet_lr1e3,8,0,0.1702365130184117,0.0101447710421176,0.1743613488186026,0.01917248050675,-6.6357841984806225e-16,0.1564408228759196,0.1702365130184123,0.0620404766931701,0.257823994545918,2000,0.1564408228759203,0.0522892775511741,0.2434773560387886,2000,0.013795690142492,-0.0082510683702787,0.0331225711702713,2000,1.734723475976807e-17,EEGNet L1,0.0607698287480999,0.2797031972887248,0.0491872034483967,0.2636944423034438,-0.0091094589776942,0.0367008392626783
ds006850,eegnet_lr1e3,8,1,0.3179881831021663,0.2585771691435105,0.1657998929525925,0.0099805929242199,0.2524773125728417,0.3108629427789764,0.0655108705293246,0.0091671796905581,0.130325268062527,2000,0.0583856302061347,0.0047732339790911,0.1217845087926029,2000,0.0071252403231898,-0.0048818075237571,0.017984999594284,2000,9.627715291671279e-17,EEGNet L1,-0.0042275564251623,0.1352492974838116,-0.0089259570345041,0.1256972174467736,-0.0058888710856271,0.0201393517320069
ds006850,eegnet_lr1e3,8,2,0.4011942876268328,0.3472962983446062,0.1754088319425758,0.0187067135551525,0.3327785294901091,0.3927762479587605,0.0684157581367237,0.0002449926079373,0.1477851577419625,2000,0.0599977184686513,-0.002865312883864,0.135223441858281,2000,0.0084180396680723,-0.010150305955444,0.0308115149258389,2000,9.8879238130678e-17,EEGNet L1,-0.0152291068055228,0.1520606230789703,-0.0195673485511932,0.139562785488496,-0.0143154775104228,0.0311515568465676
ds006850,eegnet_lr1e3,8,4,0.397802778526051,0.3239084768071994,0.164155606355772,0.0119372882251145,0.3122403043035985,0.387435012462399,0.0855624742224525,0.0090371992043664,0.1653067729717255,2000,0.0751947081588004,0.0033093603231873,0.1522636522726705,2000,0.010367766063652,-0.0064834569846632,0.0273930108792078,2000,9.71445146547012e-17,EEGNet L1,-0.0030117833885119,0.1741367318334169,-0.0104714166543101,0.160860832971911,-0.0086202242011006,0.0293557563284047
ds006850,eegnet_lr1e3,8,8,0.429242975492215,0.3576574964676767,0.1701598814246037,0.0189213262900528,0.3407733032215742,0.4181428795660101,0.0884696722706407,0.0058395315799464,0.1753928435297531,2000,0.0773695763444359,0.0025881139430619,0.1580455921316929,2000,0.0111000959262048,-0.014686242778438,0.035981568433208,2000,-1.734723475976807e-18,EEGNet L1,-0.0080322472700847,0.1849715918113663,-0.0123909031378424,0.1671300558267143,-0.0165609124868534,0.0387611043392631
ds006850,eegnet_lr1e4,0,0,0.0135866011797385,0.0135866011797385,0.0159826313694154,0.0159826217877524,-6.6357841984806225e-16,-6.6357841984806225e-16,0.0135866011797391,-0.0160251170235925,0.0452172883667268,2000,0.0,0.0,0.0,2000,0.0135866011797391,-0.0160251170235925,0.0452172883667268,2000,0.0,EEGNet L2,-0.0209110242367342,0.0480842265962126,0.0,0.0,-0.0209110242367342,0.0480842265962126
ds006850,eegnet_lr1e4,0,1,0.2638962464104247,0.2638962464104247,0.0124492031867924,0.0124492014807004,0.2524773125728417,0.2524773125728417,0.011418933837583,-0.0055742854835948,0.0300284801398787,2000,0.0,0.0,0.0,2000,0.011418933837583,-0.0055742854835948,0.0300284801398787,2000,0.0,EEGNet L2,-0.0087851918435383,0.0316230595187045,0.0,0.0,-0.0087851918435383,0.0316230595187045
ds006850,eegnet_lr1e4,0,2,0.3367661048646303,0.3367661048646303,0.0060802575176496,0.0060802636453071,0.3327785294901091,0.3327785294901091,0.0039875753745212,-0.005635667283183,0.01427494219013,2000,0.0,0.0,0.0,2000,0.0039875753745212,-0.005635667283183,0.01427494219013,2000,0.0,EEGNet L2,-0.0072108244394035,0.0151859751884459,0.0,0.0,-0.0072108244394035,0.0151859751884459
ds006850,eegnet_lr1e4,0,4,0.3219543269441552,0.3219543269441552,0.0113455723594659,0.0113455714422891,0.3122403043035985,0.3122403043035985,0.0097140226405567,-0.0089152231482938,0.0270398298860028,2000,0.0,0.0,0.0,2000,0.0097140226405567,-0.0089152231482938,0.0270398298860028,2000,0.0,EEGNet L2,-0.0107567624216142,0.0301848077027278,0.0,0.0,-0.0107567624216142,0.0301848077027278
ds006850,eegnet_lr1e4,0,8,0.3483556285448535,0.3483556285448535,0.0076503735947966,0.0076503793020375,0.3407733032215742,0.3407733032215742,0.0075823253232792,-0.0069056427836485,0.0233701319562825,2000,0.0,0.0,0.0,2000,0.0075823253232792,-0.0069056427836485,0.0233701319562825,2000,0.0,EEGNet L2,-0.0094538801291054,0.024618530775664,0.0,0.0,-0.0094538801291054,0.024618530775664
ds006850,eegnet_lr1e4,1,0,0.087295457455625,0.0135866011797385,0.0897353100967784,0.0159826217877524,-6.6357841984806225e-16,0.0827465866520994,0.0872954574556257,-0.0218092748529581,0.1987437416327652,2000,0.0827465866521,-0.0248692499610997,0.1933140268458967,2000,0.0045488708035256,-0.0110866046936548,0.0255076786478076,2000,1.0061396160665481e-16,EEGNet L2,-0.0370968366609304,0.2116877515721818,-0.0425354619217997,0.2080286352259999,-0.015993324907052,0.0250910665141033
ds006850,eegnet_lr1e4,1,1,0.2407301875460591,0.2638962464104247,0.0909137870031727,0.0124492014807004,0.2524773125728417,0.2346367715556307,-0.0117471250267825,-0.0956880326698844,0.0895975364203773,2000,-0.0178405410172108,-0.1001973196623469,0.078682498596722,2000,0.0060934159904283,-0.0057971400917899,0.0217199872272526,2000,0.0,EEGNet L2,-0.1142358468784792,0.0907415968249142,-0.1181441283704763,0.0824630463360545,-0.0093986964477127,0.0215855284285694
ds006850,eegnet_lr1e4,1,2,0.2785804671438097,0.3367661048646303,0.0876854325727101,0.0060802636453071,0.3327785294901091,0.2783210358552465,-0.0541980623462993,-0.1387596433931082,0.0595370687622843,2000,-0.0544574936348626,-0.1386275271078169,0.0583168377342427,2000,0.0002594312885632,-0.0074654926226665,0.0083951620471839,2000,1.0267394573437727e-16,EEGNet L2,-0.1657989712318437,0.057402846539245,-0.166156785796799,0.0572417985270737,-0.0089574666377196,0.0094763292148461
ds006850,eegnet_lr1e4,1,4,0.2682248529256336,0.3219543269441552,0.0876707963785055,0.0113455714422891,0.3122403043035985,0.2658909927174616,-0.0440154513779649,-0.1379174609993982,0.0747371086266409,2000,-0.0463493115861369,-0.1421008867628116,0.0708859464644004,2000,0.002333860208172,-0.0094441215570258,0.0162245995327409,2000,4.336808689942018e-19,EEGNet L2,-0.1631063204698558,0.075075417713926,-0.1654195276852045,0.0727209045129306,-0.0122581469133104,0.0169258673296544
ds006850,eegnet_lr1e4,1,8,0.2886031419552884,0.3483556285448535,0.0884386890037315,0.0076503793020375,0.3407733032215742,0.2850404421141917,-0.0521701612662857,-0.147597520777209,0.0657367268773061,2000,-0.0557328611073824,-0.1508385598084842,0.0620701783823812,2000,0.0035626998410966,-0.0068844182691315,0.0145415842970537,2000,1.0191500421363742e-16,EEGNet L2,-0.1740406972225304,0.0697003746899588,-0.1778638062548579,0.066398084040093,-0.0087690494143919,0.0158944490965853
ds006850,eegnet_lr1e4,2,0,0.15339309742386,0.0135866011797385,0.137801567684667,0.0159826217877524,-6.6357841984806225e-16,0.1409623719152998,0.1533930974238607,0.0457461880292218,0.2475304632194505,2000,0.1409623719153005,0.0371896145176734,0.2327148380417304,2000,0.0124307255085601,-0.0070537017891146,0.0306856073546085,2000,9.71445146547012e-17,EEGNet L2,0.0376263259756363,0.269159868872085,0.0270099847209891,0.2549147591096118,-0.0085988618783593,0.0334603128954797
ds006850,eegnet_lr1e4,2,1,0.2904673984488729,0.2638962464104247,0.1373745946770312,0.0124492014807004,0.2524773125728417,0.282562119128086,0.0379900858760312,-0.0301883173300488,0.1213411591142677,2000,0.0300848065552443,-0.0334836962814551,0.1094928289070874,2000,0.0079052793207868,-0.0100645510991752,0.0239425904459388,2000,9.8879238130678e-17,EEGNet L2,-0.0487274304244504,0.1247076021765129,-0.0522706612398875,0.1124402743503762,-0.0107217423592976,0.0265323010008714
ds006850,eegnet_lr1e4,2,2,0.3543324715329922,0.3367661048646303,0.1326140615235592,0.0060802636453071,0.3327785294901091,0.3508125268936441,0.0215539420428831,-0.0500266752045477,0.1136779239125018,2000,0.018033997403535,-0.0537852635272875,0.1094533154455691,2000,0.0035199446393481,-0.0040825419521418,0.0123204016108264,2000,-8.673617379884035e-19,EEGNet L2,-0.0754253343893625,0.1185332184751287,-0.0773783057649403,0.1134463005720103,-0.0056831313298725,0.0127230206085688
ds006850,eegnet_lr1e4,2,4,0.3509795553684117,0.3219543269441552,0.1351996271262049,0.0113455714422891,0.3122403043035985,0.3435943160315819,0.0387392510648131,-0.0453273170644117,0.1361144072577755,2000,0.0313540117279834,-0.0490673317501028,0.1265230651189942,2000,0.0073852393368297,-0.0078831458947372,0.0232297591463278,2000,5.204170427930421e-18,EEGNet L2,-0.0662429786977672,0.1437214808273935,-0.0704551449931778,0.1331631684491447,-0.0099081528451348,0.0246786315187943
ds006850,eegnet_lr1e4,2,8,0.3803045128753712,0.3483556285448535,0.1331181920175272,0.0076503793020375,0.3407733032215742,0.3725051289693549,0.039531209653797,-0.0486542552599964,0.1403460855047313,2000,0.0317318257477807,-0.0554144371999921,0.132029792929923,2000,0.0077993839060163,-0.0038103120762066,0.0208875551517263,2000,3.469446951953614e-18,EEGNet L2,-0.0705892626328019,0.1496516819403959,-0.0754763005941988,0.1389399520897603,-0.0060371520489916,0.0216359198610243
ds006850,eegnet_lr1e4,4,0,0.1712761681056094,0.0135866011797385,0.1664505719030315,0.0159826217877524,-6.6357841984806225e-16,0.1536182525394175,0.1712761681056101,0.0561350428723677,0.2668094803733984,2000,0.1536182525394182,0.0396068246349076,0.2453221899303172,2000,0.0176579155661918,-0.0067435533863828,0.0428260877327033,2000,1.214306433183765e-16,EEGNet L2,0.0528154563802739,0.2897368798309463,0.0370976837378651,0.2701388213409714,-0.010118684726308,0.0454345158586918
ds006850,eegnet_lr1e4,4,1,0.319737823358306,0.2638962464104247,0.165520465558285,0.0124492014807004,0.2524773125728417,0.3023803686005889,0.0672605107854643,0.000754848575369,0.1379460878269198,2000,0.0499030560277472,-0.0107718636506649,0.1199416286787717,2000,0.0173574547577171,-0.0005853640810102,0.0357978121292215,2000,0.0,EEGNet L2,-0.0107524446441939,0.1452734662151226,-0.0238655790148268,0.1236716910703213,-0.0034998076226685,0.0382147171381027
ds006850,eegnet_lr1e4,4,2,0.3867919723611283,0.3367661048646303,0.1599102570334348,0.0060802636453071,0.3327785294901091,0.3805869588807822,0.0540134428710191,-0.0213277665458425,0.1401347539653727,2000,0.0478084293906731,-0.0261456880496663,0.1310668374291758,2000,0.006205013480346,-0.0032894268767025,0.0169323493301562,2000,1.734723475976807e-18,EEGNet L2,-0.0363789854530426,0.1444058711950809,-0.0408835902126683,0.1365004489940146,-0.0052220598785951,0.0176320868392872
ds006850,eegnet_lr1e4,4,4,0.3877616525180652,0.3219543269441552,0.1631866666637166,0.0113455714422891,0.3122403043035985,0.3752071982537277,0.0755213482144667,-0.0081643790548788,0.1646767272215441,2000,0.0629668939501292,-0.0162347458447411,0.1503086716714229,2000,0.0125544542643375,-0.0053711554840131,0.0306922296878896,2000,3.469446951953614e-18,EEGNet L2,-0.0216113260034523,0.1726540224323858,-0.0314670334672091,0.1574008213674675,-0.0081506308161462,0.0332595393448213
ds006850,eegnet_lr1e4,4,8,0.4164640294260657,0.3483556285448535,0.1596325426682245,0.0076503793020375,0.3407733032215742,0.4064459392866467,0.0756907262044914,-0.0094299489834444,0.1686757456628636,2000,0.0656726360650725,-0.0167296423409019,0.1555577881174501,2000,0.0100180901394189,-0.0026118928011399,0.0257159020852756,2000,0.0,EEGNet L2,-0.0251418924628988,0.1765233448718817,-0.0327958577857271,0.1641411299158722,-0.0055233995301339,0.0255595798089718
ds006850,eegnet_lr1e4,8,0,0.1712656379469538,0.0135866011797385,0.1706420812535983,0.0159826217877524,-6.6357841984806225e-16,0.1564408228759196,0.1712656379469544,0.0622255987543196,0.2601058181891197,2000,0.1564408228759203,0.0522892775511741,0.2434773560387886,2000,0.0148248150710341,-0.0101674226358066,0.0385845372514878,2000,1.3877787807814457e-17,EEGNet L2,0.0608051791594759,0.281726096734433,0.0491872034483967,0.2636944423034438,-0.0126988447267791,0.0423484748688475
ds006850,eegnet_lr1e4,8,1,0.3240543646568635,0.2638962464104247,0.1691720906451711,0.0124492014807004,0.2524773125728417,0.3108629427789764,0.0715770520840218,0.0111523714949157,0.1378272497601928,2000,0.0583856302061347,0.0047732339790911,0.1217845087926029,2000,0.013191421877887,-0.0052069740201068,0.0317467562844297,2000,1.0581813203458523e-16,EEGNet L2,-0.0010076730714307,0.1441617772394743,-0.0089259570345041,0.1256972174467736,-0.0081295280254169,0.034512371781191
ds006850,eegnet_lr1e4,8,2,0.3965897585360624,0.3367661048646303,0.1614347466809524,0.0060802636453071,0.3327785294901091,0.3927762479587605,0.0638112290459532,-0.0010800546319902,0.1410562790268421,2000,0.0599977184686513,-0.002865312883864,0.135223441858281,2000,0.0038135105773018,-0.0059962914469718,0.0152155109850342,2000,9.974659986866641e-17,EEGNet L2,-0.0179869261477966,0.1456093842397032,-0.0195673485511932,0.139562785488496,-0.0079729114052558,0.0155999325598596
ds006850,eegnet_lr1e4,8,4,0.3957388317825406,0.3219543269441552,0.1654618153575803,0.0113455714422891,0.3122403043035985,0.387435012462399,0.0834985274789421,0.0079690205603549,0.164083888944211,2000,0.0751947081588004,0.0033093603231873,0.1522636522726705,2000,0.0083038193201416,-0.0097560916059641,0.0280616661022344,2000,9.540979117872439e-17,EEGNet L2,-0.0064720131212704,0.1734690680791546,-0.0104714166543101,0.160860832971911,-0.0130385244958362,0.0296461631361194
ds006850,eegnet_lr1e4,8,8,0.4259057560776625,0.3483556285448535,0.1621669271132877,0.0076503793020375,0.3407733032215742,0.4181428795660101,0.0851324528560883,0.0068445763856496,0.1676514593143638,2000,0.0773695763444359,0.0025881139430619,0.1580455921316929,2000,0.0077628765116524,-0.0064441485939088,0.0251921227572945,2000,-1.1275702593849246e-17,EEGNet L2,-0.0085196444948746,0.1787845502070513,-0.0123909031378424,0.1671300558267143,-0.0096584608650298,0.0251842138883346
ds006850,labram_ridge_base,0,0,-0.01824487406697,-0.01824487406697,-0.0125394696138717,-0.0125394696138717,-6.6357841984806225e-16,-6.6357841984806225e-16,-0.0182448740669693,-0.0764695585305806,0.0391251453346299,2000,0.0,0.0,0.0,2000,-0.0182448740669693,-0.0764695585305806,0.0391251453346299,2000,0.0,LaBraM R1,-0.0840823634900111,0.0475926153560724,0.0,0.0,-0.0840823634900111,0.0475926153560724
ds006850,labram_ridge_base,0,1,0.2361896454004938,0.2361896454004938,-0.0149990625522094,-0.0149990625522094,0.2524773125728417,0.2524773125728417,-0.0162876671723478,-0.0474815097468356,0.0133785141849967,2000,0.0,0.0,0.0,2000,-0.0162876671723478,-0.0474815097468356,0.0133785141849967,2000,0.0,LaBraM R1,-0.0531107694835467,0.020535435138851,0.0,0.0,-0.0531107694835467,0.020535435138851
ds006850,labram_ridge_base,0,2,0.3101446191737559,0.3101446191737559,-0.0126945284631505,-0.0126945284631505,0.3327785294901091,0.3327785294901091,-0.0226339103163532,-0.0644756830140275,0.0161532977131921,2000,0.0,0.0,0.0,2000,-0.0226339103163532,-0.0644756830140275,0.0161532977131921,2000,0.0,LaBraM R1,-0.0684656757922917,0.0231978551595853,0.0,0.0,-0.0684656757922917,0.0231978551595853
ds006850,labram_ridge_base,0,4,0.2889932414767712,0.2889932414767712,-0.0123378372443473,-0.0123378372443473,0.3122403043035985,0.3122403043035985,-0.0232470628268273,-0.0675251655637311,0.0169974808729093,2000,0.0,0.0,0.0,2000,-0.0232470628268273,-0.0675251655637311,0.0169974808729093,2000,0.0,LaBraM R1,-0.0712380144041828,0.0247438887505281,0.0,0.0,-0.0712380144041828,0.0247438887505281
ds006850,labram_ridge_base,0,8,0.3093755731312141,0.3093755731312141,-0.0162088976468122,-0.0162088976468122,0.3407733032215742,0.3407733032215742,-0.0313977300903601,-0.0771136208006663,0.0117032414940143,2000,0.0,0.0,0.0,2000,-0.0313977300903601,-0.0771136208006663,0.0117032414940143,2000,0.0,LaBraM R1,-0.0833918066451852,0.020596346464465,0.0,0.0,-0.0833918066451852,0.020596346464465
ds006850,labram_ridge_base,1,0,0.0541654636619619,-0.01824487406697,0.0619809412827856,-0.0125394696138712,-6.6357841984806225e-16,0.0827465866520994,0.0541654636619626,-0.055826054974686,0.1671808060436535,2000,0.0827465866521,-0.0248692499610997,0.1933140268458967,2000,-0.0285811229901374,-0.0623638570725373,0.0069401471271872,2000,3.469446951953614e-18,LaBraM R1,-0.0713265932451062,0.1796575205690315,-0.0425354619217997,0.2080286352259999,-0.0676343488858413,0.0104721029055665
ds006850,labram_ridge_base,1,1,0.2114774577337142,0.2361896454004938,0.0619559940301644,-0.0149990625522094,0.2524773125728417,0.2346367715556307,-0.0409998548391274,-0.1249748817000059,0.0599585984022489,2000,-0.0178405410172108,-0.1001973196623469,0.078682498596722,2000,-0.0231593138219165,-0.0463457168886794,0.0013206100668507,2000,-1.0061396160665481e-16,LaBraM R1,-0.1445140617972737,0.0625143521190188,-0.1181441283704763,0.0824630463360545,-0.0502519819743815,0.0039333543305484
ds006850,labram_ridge_base,1,2,0.2517477507858238,0.3101446191737559,0.0601739493868885,-0.0126945284631505,0.3327785294901091,0.2783210358552465,-0.0810307787042852,-0.1695056177843349,0.0330239289139976,2000,-0.0544574936348626,-0.1386275271078169,0.0583168377342427,2000,-0.0265732850694226,-0.0539561589352164,0.0005521426942315,2000,6.938893903907228e-18,LaBraM R1,-0.1952530419723612,0.0331914845637907,-0.166156785796799,0.0572417985270737,-0.0571060983786012,0.0039595282397559
ds006850,labram_ridge_base,1,4,0.2349105066516468,0.2889932414767712,0.0625335837233675,-0.0123378372443473,0.3122403043035985,0.2658909927174616,-0.0773297976519516,-0.1723158318558462,0.0416421044805527,2000,-0.0463493115861369,-0.1421008867628116,0.0708859464644004,2000,-0.0309804860658147,-0.0585239059201656,-0.0007757112255183,2000,3.469446951953614e-18,LaBraM R1,-0.2000981984231682,0.0454386031192649,-0.1654195276852045,0.0727209045129306,-0.0640960035867708,0.0021350314551414
ds006850,labram_ridge_base,1,8,0.2489904776997334,0.3093755731312141,0.0601356726746466,-0.0162088976468122,0.3407733032215742,0.2850404421141917,-0.0917828255218407,-0.1852638278282182,0.0299728452939648,2000,-0.0557328611073824,-0.1508385598084842,0.0620701783823812,2000,-0.0360499644144583,-0.0651622763076628,-0.0059317637610432,2000,6.938893903907228e-18,LaBraM R1,-0.2163281210795997,0.0327624700359181,-0.1778638062548579,0.066398084040093,-0.0695901464693447,-0.0025097823595719
ds006850,labram_ridge_base,2,0,0.1295055408873524,-0.01824487406697,0.114647141294704,-0.0125394696138712,-6.6357841984806225e-16,0.1409623719152998,0.129505540887353,0.0166509435449925,0.224645775569221,2000,0.1409623719153005,0.0371896145176734,0.2327148380417304,2000,-0.0114568310279474,-0.0554679535295953,0.0270440657589846,2000,-1.0581813203458523e-16,LaBraM R1,0.0087976395913349,0.2502134421833711,0.0270099847209891,0.2549147591096118,-0.0588969727764374,0.0359833107205425
ds006850,labram_ridge_base,2,1,0.2746579576304249,0.2361896454004938,0.1136422531720443,-0.0149990625522097,0.2524773125728417,0.282562119128086,0.0221806450575832,-0.0460337572055341,0.1045798533176965,2000,0.0300848065552443,-0.0334836962814551,0.1094928289070874,2000,-0.0079041614976611,-0.0362037124079388,0.0162154513965188,2000,0.0,LaBraM R1,-0.0630504765520849,0.1074117666672513,-0.0522706612398875,0.1124402743503762,-0.037800058457631,0.0219917354623087
ds006850,labram_ridge_base,2,2,0.342007785165969,0.3101446191737559,0.1139724859510901,-0.0126945284631505,0.3327785294901091,0.3508125268936441,0.0092292556758599,-0.0671850109195074,0.102315634985495,2000,0.018033997403535,-0.0537852635272875,0.1094533154455691,2000,-0.008804741727675,-0.0407169456322126,0.0201819948664459,2000,-1.0061396160665481e-16,LaBraM R1,-0.0888386528376246,0.1072971641893445,-0.0773783057649403,0.1134463005720103,-0.0437846686219122,0.026175185166562
ds006850,labram_ridge_base,2,4,0.3342051311412614,0.2889932414767712,0.1156472165919627,-0.0123378372443476,0.3122403043035985,0.3435943160315819,0.0219648268376629,-0.0660987850600008,0.1194978961967326,2000,0.0313540117279834,-0.0490673317501028,0.1265230651189942,2000,-0.0093891848903205,-0.043580392173392,0.0210081202238997,2000,3.469446951953614e-18,LaBraM R1,-0.0841223017834255,0.1280519554587514,-0.0704551449931778,0.1331631684491447,-0.046617883581172,0.0278395138005309
ds006850,labram_ridge_base,2,8,0.3592803761356177,0.3093755731312141,0.1118985381375554,-0.0162088976468122,0.3407733032215742,0.3725051289693549,0.0185070729140434,-0.0762475240976601,0.1178419817933696,2000,0.0317318257477807,-0.0554144371999921,0.132029792929923,2000,-0.0132247528337372,-0.0522440985027218,0.0190850191824418,2000,-9.71445146547012e-17,LaBraM R1,-0.0926367448125273,0.1296508906406142,-0.0754763005941988,0.1389399520897603,-0.0552485968970417,0.0287990912295672
ds006850,labram_ridge_base,4,0,0.1430997716140827,-0.01824487406697,0.1464250840658774,-0.0125394696138712,-6.6357841984806225e-16,0.1536182525394175,0.1430997716140834,0.014468246984311,0.2468640354887819,2000,0.1536182525394182,0.0396068246349076,0.2453221899303172,2000,-0.0105184809253348,-0.0574218973378603,0.0304865560832143,2000,2.2551405187698492e-17,LaBraM R1,0.0145229650391199,0.2716765781890469,0.0370976837378651,0.2701388213409714,-0.0609337466303758,0.0398967847797062
ds006850,labram_ridge_base,4,1,0.2949497013514429,0.2361896454004938,0.1455744566434702,-0.0149990625522097,0.2524773125728417,0.3023803686005889,0.0424723887786012,-0.0264680543643236,0.1193946818405914,2000,0.0499030560277472,-0.0107718636506649,0.1199416286787717,2000,-0.007430667249146,-0.0356966149942771,0.0177731546006131,2000,-4.336808689942018e-18,LaBraM R1,-0.0388922509786941,0.1238370285358965,-0.0238655790148268,0.1236716910703213,-0.0378481386487507,0.0229868041504586
ds006850,labram_ridge_base,4,2,0.3702411946704722,0.3101446191737558,0.1465195407075346,-0.0126945284631503,0.3327785294901091,0.3805869588807822,0.0374626651803631,-0.0438162677781799,0.1295463486814564,2000,0.0478084293906731,-0.0261456880496663,0.1310668374291758,2000,-0.01034576421031,-0.0426120780262902,0.0205432621382687,2000,1.734723475976807e-18,LaBraM R1,-0.060279220258365,0.1352045506190913,-0.0408835902126683,0.1365004489940146,-0.0470243455738294,0.0263328171532094
ds006850,labram_ridge_base,4,4,0.3612445349746006,0.2889932414767714,0.1455432178780878,-0.0123378372443477,0.3122403043035985,0.3752071982537277,0.0490042306710021,-0.0393505870924219,0.1411439538950409,2000,0.0629668939501292,-0.0162347458447411,0.1503086716714229,2000,-0.013962663279127,-0.0476344220918109,0.0161211927549246,2000,-9.71445146547012e-17,LaBraM R1,-0.054467231658122,0.1524756930001263,-0.0314670334672091,0.1574008213674675,-0.0515793836023673,0.0236540570441132
ds006850,labram_ridge_base,4,8,0.3904681662639376,0.3093755731312141,0.1436866470289181,-0.0162088976468122,0.3407733032215742,0.4064459392866467,0.0496948630423633,-0.0441364474809065,0.146455089651345,2000,0.0656726360650725,-0.0167296423409019,0.1555577881174501,2000,-0.0159777730227091,-0.054847803545791,0.0175981860974519,2000,-9.71445146547012e-17,LaBraM R1,-0.058107051994936,0.1574967780796628,-0.0327958577857271,0.1641411299158722,-0.0578566635758065,0.0259011175303883
ds006850,labram_ridge_base,8,0,0.1455349547118576,-0.01824487406697,0.1511763132501093,-0.0125394696138712,-6.6357841984806225e-16,0.1564408228759196,0.1455349547118583,0.0240624123891851,0.241536165959268,2000,0.1564408228759203,0.0522892775511741,0.2434773560387886,2000,-0.0109058681640619,-0.0591726639410473,0.032121078826441,2000,-9.8879238130678e-17,LaBraM R1,0.0237842311120204,0.2672856783116962,0.0491872034483967,0.2636944423034438,-0.0625384980099607,0.0407267616818368
ds006850,labram_ridge_base,8,1,0.3012973205463016,0.2361896454004938,0.1490865730143445,-0.0149990625522097,0.2524773125728417,0.3108629427789764,0.0488200079734599,-0.0145725635437393,0.1171178360816239,2000,0.0583856302061347,0.0047732339790911,0.1217845087926029,2000,-0.0095656222326748,-0.036620979966194,0.0150256646288765,2000,1.734723475976807e-18,LaBraM R1,-0.0270645052370508,0.1247045211839707,-0.0089259570345041,0.1256972174467736,-0.0389992389137816,0.019867994448432
ds006850,labram_ridge_base,8,2,0.3807617820143263,0.3101446191737558,0.1524304388072216,-0.0126945284631503,0.3327785294901091,0.3927762479587605,0.0479832525242172,-0.0292212752969506,0.1276000761878856,2000,0.0599977184686513,-0.002865312883864,0.135223441858281,2000,-0.0120144659444341,-0.0456379895461926,0.0174928090131129,2000,5.204170427930421e-18,LaBraM R1,-0.0413401682891466,0.137306673337581,-0.0195673485511932,0.139562785488496,-0.0481566996946096,0.0241277678057413
ds006850,labram_ridge_base,8,4,0.371717998893179,0.2889932414767714,0.1483575673852556,-0.0123378372443477,0.3122403043035985,0.387435012462399,0.0594776945895805,-0.0266058913453624,0.1427562414959378,2000,0.0751947081588004,0.0033093603231873,0.1522636522726705,2000,-0.0157170135692199,-0.0507602402990053,0.0133662334209348,2000,-3.469446951953614e-18,LaBraM R1,-0.0368156116040294,0.1557710007831905,-0.0104714166543101,0.160860832971911,-0.0530282397019944,0.0215942125635545
ds006850,labram_ridge_base,8,8,0.399516220914634,0.3093755731312141,0.1483814174717034,-0.0162088976468122,0.3407733032215742,0.4181428795660101,0.0587429176930598,-0.0268065896206903,0.147554683133659,2000,0.0773695763444359,0.0025881139430619,0.1580455921316929,2000,-0.018626658651376,-0.056278122752179,0.0126044672574515,2000,-1.0408340855860843e-16,LaBraM R1,-0.0423432039940889,0.1598290393802086,-0.0123909031378424,0.1671300558267143,-0.0593077096310215,0.0220543923282694
ds006850,labram_ridge_strong,0,0,-0.0020510741633817,-0.0020510741633817,0.0064376083914294,0.0064376083914294,-6.6357841984806225e-16,-6.6357841984806225e-16,-0.0020510741633811,-0.0393249815472862,0.0337511779419516,2000,0.0,0.0,0.0,2000,-0.0020510741633811,-0.0393249815472862,0.0337511779419516,2000,0.0,LaBraM R2,-0.0448076672793717,0.0407055189526095,0.0,0.0,-0.0448076672793717,0.0407055189526095
ds006850,labram_ridge_strong,0,1,0.2486895257238094,0.2486895257238094,0.0053501573716665,0.0053501573716665,0.2524773125728417,0.2524773125728417,-0.0037877868490321,-0.0246910730280878,0.0157273407371706,2000,0.0,0.0,0.0,2000,-0.0037877868490321,-0.0246910730280878,0.0157273407371706,2000,0.0,LaBraM R2,-0.0276059957142659,0.0200304220162015,0.0,0.0,-0.0276059957142659,0.0200304220162015
ds006850,labram_ridge_strong,0,2,0.3275422141505143,0.3275422141505143,0.0072528566061703,0.0072528566061703,0.3327785294901091,0.3327785294901091,-0.0052363153395947,-0.0325378090875385,0.0193311706724832,2000,0.0,0.0,0.0,2000,-0.0052363153395947,-0.0325378090875385,0.0193311706724832,2000,0.0,LaBraM R2,-0.0352473226893262,0.0247746920101366,0.0,0.0,-0.0352473226893262,0.0247746920101366
ds006850,labram_ridge_strong,0,4,0.3070682316079632,0.3070682316079632,0.0079615120085008,0.0079615120085008,0.3122403043035985,0.3122403043035985,-0.0051720726956352,-0.033348800401593,0.0210950682446261,2000,0.0,0.0,0.0,2000,-0.0051720726956352,-0.033348800401593,0.0210950682446261,2000,0.0,LaBraM R2,-0.0371217133151108,0.0267775679238404,0.0,0.0,-0.0371217133151108,0.0267775679238404
ds006850,labram_ridge_strong,0,8,0.3260727239149362,0.3260727239149362,0.0045149950883808,0.0045149950883808,0.3407733032215742,0.3407733032215742,-0.0147005793066379,-0.0516837679657287,0.0208217291769562,2000,0.0,0.0,0.0,2000,-0.0147005793066379,-0.0516837679657287,0.0208217291769562,2000,0.0,LaBraM R2,-0.0575158426075387,0.0281146839942628,0.0,0.0,-0.0575158426075387,0.0281146839942628
ds006850,labram_ridge_strong,1,0,0.0783191600846559,-0.0020510741633822,0.0845437032930762,0.0064376083914294,-6.6357841984806225e-16,0.0827465866520994,0.0783191600846565,-0.0340355309634374,0.1870819461956837,2000,0.0827465866521,-0.0248692499610997,0.1933140268458967,2000,-0.0044274265674434,-0.0263416604788006,0.0160716957487103,2000,-9.280770596475918e-17,LaBraM R2,-0.046539442443894,0.2031777626132072,-0.0425354619217997,0.2080286352259999,-0.0280071558817942,0.0191523027469073
ds006850,labram_ridge_strong,1,1,0.2301277152473964,0.2486895257238094,0.0848494178483018,0.0053501573716665,0.2524773125728417,0.2346367715556307,-0.0223495973254452,-0.1057031018649776,0.0740863370052875,2000,-0.0178405410172108,-0.1001973196623469,0.078682498596722,2000,-0.0045090563082343,-0.0188342318283269,0.009746577983224,2000,-1.0061396160665481e-16,LaBraM R2,-0.1229667853594374,0.078267590708547,-0.1181441283704763,0.0824630463360545,-0.0201516876709987,0.01113357505453
ds006850,labram_ridge_strong,1,2,0.2729694749935859,0.3275422141505143,0.0849982884935826,0.0072528566061703,0.3327785294901091,0.2783210358552465,-0.0598090544965231,-0.1453219851416232,0.0534508527843768,2000,-0.0544574936348626,-0.1386275271078169,0.0583168377342427,2000,-0.0053515608616605,-0.0225693269533367,0.0106536700428664,2000,1.734723475976807e-18,LaBraM R2,-0.1716996722472472,0.0520815632542008,-0.166156785796799,0.0572417985270737,-0.0236656785529198,0.0129625568295987
ds006850,labram_ridge_strong,1,4,0.2598339526737582,0.3070682316079632,0.0862441987071916,0.0079615120085008,0.3122403043035985,0.2658909927174616,-0.0524063516298403,-0.1492148961945854,0.060862776278232,2000,-0.0463493115861369,-0.1421008867628116,0.0708859464644004,2000,-0.0060570400437033,-0.0242485741837606,0.0119371325886127,2000,-1.0148132334464322e-16,LaBraM R2,-0.1719811838015664,0.0671684805418857,-0.1654195276852045,0.0727209045129306,-0.026311616285025,0.0141975361976182
ds006850,labram_ridge_strong,1,8,0.2732345347374089,0.3260727239149362,0.0833161080526864,0.0045149950883808,0.3407733032215742,0.2850404421141917,-0.0675387684841653,-0.1615561593892175,0.05007904896868,2000,-0.0557328611073824,-0.1508385598084842,0.0620701783823812,2000,-0.0118059073767828,-0.0347004821856696,0.0090664326260652,2000,-1.0061396160665481e-16,LaBraM R2,-0.1892052140786803,0.0541276771103496,-0.1778638062548579,0.066398084040093,-0.0360972502554683,0.0124854355019025
ds006850,labram_ridge_strong,2,0,0.1417162098576858,-0.0020510741633819,0.1274164783965729,0.0064376083914294,-6.6357841984806225e-16,0.1409623719152998,0.1417162098576864,0.0322900536144596,0.2349137223813163,2000,0.1409623719153005,0.0371896145176734,0.2327148380417304,2000,0.0007538379423859,-0.0242812254617543,0.0224725963210445,2000,-1.3010426069826053e-18,LaBraM R2,0.025298655652396,0.2581337640629769,0.0270099847209891,0.2549147591096118,-0.0270247153592506,0.0285323912440225
ds006850,labram_ridge_strong,2,1,0.2827112527904732,0.2486895257238094,0.1272731873325275,0.0053501573716662,0.2524773125728417,0.282562119128086,0.0302339402176315,-0.0339858442680761,0.1127912352109072,2000,0.0300848065552443,-0.0334836962814551,0.1094928289070874,2000,0.0001491336623872,-0.0156486765470545,0.0152874343969146,2000,-1.3552527156068805e-19,LaBraM R2,-0.0532978417275083,0.1137657221627715,-0.0522706612398875,0.1124402743503762,-0.0174011493160013,0.0176994166407757
ds006850,labram_ridge_strong,2,2,0.3515244670434583,0.3275422141505143,0.1282640808997373,0.00725285660617,0.3327785294901091,0.3508125268936441,0.0187459375533492,-0.0558284068637842,0.1118225839421047,2000,0.018033997403535,-0.0537852635272875,0.1094533154455691,2000,0.0007119401498142,-0.018236287085149,0.0183177888790858,2000,4.336808689942018e-19,LaBraM R2,-0.078020105332465,0.1155119804391635,-0.0773783057649403,0.1134463005720103,-0.0204666069431876,0.0218904872428161
ds006850,labram_ridge_strong,2,4,0.3450805593671459,0.3070682316079632,0.1295157301256443,0.0079615120085008,0.3122403043035985,0.3435943160315819,0.0328402550635473,-0.0506103525685933,0.1309031166090435,2000,0.0313540117279834,-0.0490673317501028,0.1265230651189942,2000,0.0014862433355639,-0.0194265740783939,0.0203688193236455,2000,1.3010426069826053e-18,LaBraM R2,-0.0709652419340651,0.1366457520611599,-0.0704551449931778,0.1331631684491447,-0.021560210187532,0.0245326968586598
ds006850,labram_ridge_strong,2,8,0.3690802562812657,0.3260727239149362,0.1258716485347895,0.0045149950883808,0.3407733032215742,0.3725051289693549,0.0283069530596914,-0.0629760725380247,0.1287686561559046,2000,0.0317318257477807,-0.0554144371999921,0.132029792929923,2000,-0.0034248726880892,-0.0315782763013439,0.0204803745901053,2000,-9.627715291671279e-17,LaBraM R2,-0.0812031479274723,0.1378170540468552,-0.0754763005941988,0.1389399520897603,-0.0332949119905289,0.0264451666143504
ds006850,labram_ridge_strong,4,0,0.1535727317921098,-0.0020510741633821,0.1558751256723064,0.0064376083914294,-6.6357841984806225e-16,0.1536182525394175,0.1535727317921105,0.0307410208815044,0.2497404220694408,2000,0.1536182525394182,0.0396068246349076,0.2453221899303172,2000,-4.552074730773681e-05,-0.0281338444718755,0.0251799067314767,2000,5.551115123125783e-17,LaBraM R2,0.0323113485069711,0.2748341150772498,0.0370976837378651,0.2701388213409714,-0.0306596677613797,0.0305686262667642
ds006850,labram_ridge_strong,4,1,0.301862011793457,0.2486895257238094,0.1554007998519875,0.0053501573716664,0.2524773125728417,0.3023803686005889,0.0493846992206153,-0.0165664926212233,0.1236331001677178,2000,0.0499030560277472,-0.0107718636506649,0.1199416286787717,2000,-0.0005183568071319,-0.0169487850189947,0.0151245111369549,2000,-5.421010862427522e-19,LaBraM R2,-0.0276115310832638,0.1263809295244945,-0.0238655790148268,0.1236716910703213,-0.018874211833036,0.0178374982187721
ds006850,labram_ridge_strong,4,2,0.3802817604173372,0.3275422141505143,0.1573355919237313,0.00725285660617,0.3327785294901091,0.3805869588807822,0.047503230927228,-0.0301806738050725,0.1355062354862722,2000,0.0478084293906731,-0.0261456880496663,0.1310668374291758,2000,-0.000305198463445,-0.0203035641918878,0.0188580828451388,2000,-9.437979911486316e-17,LaBraM R2,-0.0453688558244866,0.1403753176789428,-0.0408835902126683,0.1365004489940146,-0.0227736386423387,0.0221632417154486
ds006850,labram_ridge_strong,4,4,0.3733373569111457,0.3070682316079632,0.1569180533244668,0.0079615120085008,0.3122403043035985,0.3752071982537277,0.0610970526075472,-0.0255576562904627,0.1512360341295961,2000,0.0629668939501292,-0.0162347458447411,0.1503086716714229,2000,-0.001869841342582,-0.0230969605030641,0.0172411311158314,2000,5.421010862427522e-18,LaBraM R2,-0.0371570875672915,0.1593511927823859,-0.0314670334672091,0.1574008213674675,-0.025198857991391,0.021459175306227
ds006850,labram_ridge_strong,4,8,0.3999488250003665,0.3260727239149362,0.1553523178048242,0.0045149950883806,0.3407733032215742,0.4064459392866467,0.0591755217787923,-0.0309938795437999,0.1526452799289463,2000,0.0656726360650725,-0.0167296423409019,0.1555577881174501,2000,-0.0064971142862801,-0.0349808881395978,0.0195198421772563,2000,-9.194034422677078e-17,LaBraM R2,-0.0450641122340333,0.1634151557916179,-0.0327958577857271,0.1641411299158722,-0.0380691305399122,0.0250749019673518
ds006850,labram_ridge_strong,8,0,0.1563446879381589,-0.0020510741633821,0.1606752084777992,0.0064376083914294,-6.6357841984806225e-16,0.1564408228759196,0.1563446879381595,0.0424481505839696,0.2440475084013218,2000,0.1564408228759203,0.0522892775511741,0.2434773560387886,2000,-9.613493776075566e-05,-0.0293583649592226,0.0258338693674511,2000,-2.7755575615628914e-17,LaBraM R2,0.0430024716430578,0.2696869042332612,0.0491872034483967,0.2636944423034438,-0.0318205437160182,0.0316282738404967
ds006850,labram_ridge_strong,8,1,0.3091034821215853,0.2486895257238094,0.1596995831232369,0.0053501573716664,0.2524773125728417,0.3108629427789764,0.0566261695487436,-0.0021542616609898,0.1222529302944143,2000,0.0583856302061347,0.0047732339790911,0.1217845087926029,2000,-0.001759460657391,-0.0179714731647623,0.0132393940240263,2000,-9.73613550891983e-17,LaBraM R2,-0.0145180911881601,0.1277704302856475,-0.0089259570345041,0.1256972174467736,-0.0196344014952249,0.0161154801804427
ds006850,labram_ridge_strong,8,2,0.3918739617298573,0.3275422141505143,0.1630539724149305,0.00725285660617,0.3327785294901091,0.3927762479587605,0.0590954322397482,-0.0108861348761125,0.1357254756988782,2000,0.0599977184686513,-0.002865312883864,0.135223441858281,2000,-0.0009022862289031,-0.0211893018533714,0.0171081301456852,2000,0.0,LaBraM R2,-0.0247018746924557,0.1428927391719522,-0.0195673485511932,0.139562785488496,-0.0229942639663317,0.0211896915085254
ds006850,labram_ridge_strong,8,4,0.3844106654626231,0.3070682316079632,0.1610581299124948,0.0079615120085008,0.3122403043035985,0.387435012462399,0.0721703611590246,-0.0080482353766068,0.1512074298765013,2000,0.0751947081588004,0.0033093603231873,0.1522636522726705,2000,-0.0030243469997758,-0.0249772632537649,0.0155541883215905,2000,-8.673617379884035e-19,LaBraM R2,-0.0181709659988334,0.1625116883168826,-0.0104714166543101,0.160860832971911,-0.0262635551660938,0.0202148611665421
ds006850,labram_ridge_strong,8,8,0.4096316517148553,0.3260727239149362,0.1595220137310095,0.0045149950883806,0.3407733032215742,0.4181428795660101,0.0688583484932811,-0.0124313762517804,0.1541705232331395,2000,0.0773695763444359,0.0025881139430619,0.1580455921316929,2000,-0.0085112278511548,-0.0373087993627818,0.0172182519886709,2000,-8.673617379884035e-18,LaBraM R2,-0.0277716965550497,0.1654883935416119,-0.0123909031378424,0.1671300558267143,-0.0407223303186689,0.0236998746163593
