seed,participant_dose,stimulus_dose,predictor,macro_ccc,macro_mae,dataset_id,representation
11,0,0,prior,0.1002609599227078,0.2928618421052632,ds002721,bandpower
11,0,0,eeg_population,0.0081698540811683,0.2694059624829732,ds002721,bandpower
11,0,0,eeg_personalized,0.0081698540811683,0.2694059624829732,ds002721,bandpower
11,0,0,combined_population,0.110776971226672,0.2847387295870695,ds002721,bandpower
11,0,0,combined_personalized,0.110776971226672,0.2847387295870695,ds002721,bandpower
11,0,0,prior,0.1002609599227078,0.2928618421052632,ds002721,labram_pretrained
11,0,0,eeg_population,0.0030490899692261,0.2695713347806628,ds002721,labram_pretrained
11,0,0,eeg_personalized,0.0030490899692261,0.2695713347806628,ds002721,labram_pretrained
11,0,0,combined_population,0.1291387663141738,0.2845047388314188,ds002721,labram_pretrained
11,0,0,combined_personalized,0.1291387663141738,0.2845047388314188,ds002721,labram_pretrained
11,0,0,prior,0.1002609599227078,0.2928618421052632,ds002721,labram_random
11,0,0,eeg_population,0.0395617238130325,0.2698580903577199,ds002721,labram_random
11,0,0,eeg_personalized,0.0395617238130325,0.2698580903577199,ds002721,labram_random
11,0,0,combined_population,0.1372142356105311,0.2914346569553762,ds002721,labram_random
11,0,0,combined_personalized,0.1372142356105311,0.2914346569553762,ds002721,labram_random
11,0,1,prior,0.3048143520369955,0.2434210526315789,ds002721,bandpower
11,0,1,eeg_population,0.0133651807255272,0.2680215107771675,ds002721,bandpower
11,0,1,eeg_personalized,0.0133651807255272,0.2680215107771675,ds002721,bandpower
11,0,1,combined_population,0.2924646616366813,0.25281751262547,ds002721,bandpower
11,0,1,combined_personalized,0.2924646616366813,0.25281751262547,ds002721,bandpower
11,0,1,prior,0.3048143520369955,0.2434210526315789,ds002721,labram_pretrained
11,0,1,eeg_population,-0.0034120349220035,0.2692136068545737,ds002721,labram_pretrained
11,0,1,eeg_personalized,-0.0034120349220035,0.2692136068545737,ds002721,labram_pretrained
11,0,1,combined_population,0.3028389351261253,0.2493382968384898,ds002721,labram_pretrained
11,0,1,combined_personalized,0.3028389351261253,0.2493382968384898,ds002721,labram_pretrained
11,0,1,prior,0.3048143520369955,0.2434210526315789,ds002721,labram_random
11,0,1,eeg_population,0.0294898108433005,0.2721820387575075,ds002721,labram_random
11,0,1,eeg_personalized,0.0294898108433005,0.2721820387575075,ds002721,labram_random
11,0,1,combined_population,0.3158683090296461,0.2490283523740709,ds002721,labram_random
11,0,1,combined_personalized,0.3158683090296461,0.2490283523740709,ds002721,labram_random
11,0,2,prior,0.3097812643019378,0.2269736842105263,ds002721,bandpower
11,0,2,eeg_population,0.0140920220471505,0.2679992695301862,ds002721,bandpower
11,0,2,eeg_personalized,0.0140920220471505,0.2679992695301862,ds002721,bandpower
11,0,2,combined_population,0.3122104916854342,0.2216693425988925,ds002721,bandpower
11,0,2,combined_personalized,0.3122104916854342,0.2216693425988925,ds002721,bandpower
11,0,2,prior,0.3097812643019378,0.2269736842105263,ds002721,labram_pretrained
11,0,2,eeg_population,-0.0053696922153852,0.2688124793030498,ds002721,labram_pretrained
11,0,2,eeg_personalized,-0.0053696922153852,0.2688124793030498,ds002721,labram_pretrained
11,0,2,combined_population,0.3201619856142036,0.2164893655583836,ds002721,labram_pretrained
11,0,2,combined_personalized,0.3201619856142036,0.2164893655583836,ds002721,labram_pretrained
11,0,2,prior,0.3097812643019378,0.2269736842105263,ds002721,labram_random
11,0,2,eeg_population,0.0413493009162055,0.2699832884578075,ds002721,labram_random
11,0,2,eeg_personalized,0.0413493009162055,0.2699832884578075,ds002721,labram_random
11,0,2,combined_population,0.3131672464407974,0.2249300109443147,ds002721,labram_random
11,0,2,combined_personalized,0.3131672464407974,0.2249300109443147,ds002721,labram_random
11,0,4,prior,0.3676811717055452,0.2179276315789473,ds002721,bandpower
11,0,4,eeg_population,-0.0032803901065191,0.269572048139615,ds002721,bandpower
11,0,4,eeg_personalized,-0.0032803901065191,0.269572048139615,ds002721,bandpower
11,0,4,combined_population,0.3628317694932708,0.2138867110851471,ds002721,bandpower
11,0,4,combined_personalized,0.3628317694932708,0.2138867110851471,ds002721,bandpower
11,0,4,prior,0.3676811717055452,0.2179276315789473,ds002721,labram_pretrained
11,0,4,eeg_population,-0.0104558171305279,0.2665259582756456,ds002721,labram_pretrained
11,0,4,eeg_personalized,-0.0104558171305279,0.2665259582756456,ds002721,labram_pretrained
11,0,4,combined_population,0.3795876871264834,0.205512942797514,ds002721,labram_pretrained
11,0,4,combined_personalized,0.3795876871264834,0.205512942797514,ds002721,labram_pretrained
11,0,4,prior,0.3676811717055452,0.2179276315789473,ds002721,labram_random
11,0,4,eeg_population,0.0288246010140459,0.2719260426981706,ds002721,labram_random
11,0,4,eeg_personalized,0.0288246010140459,0.2719260426981706,ds002721,labram_random
11,0,4,combined_population,0.3718925978652551,0.2154163832239733,ds002721,labram_random
11,0,4,combined_personalized,0.3718925978652551,0.2154163832239733,ds002721,labram_random
11,1,0,prior,0.1002609599227078,0.2928618421052632,ds002721,bandpower
11,1,0,eeg_population,0.0081698540811683,0.2694059624829732,ds002721,bandpower
11,1,0,eeg_personalized,-0.3266395168367971,0.3636772557632166,ds002721,bandpower
11,1,0,combined_population,0.110776971226672,0.2847387295870695,ds002721,bandpower
11,1,0,combined_personalized,-0.1594063785602317,0.4079714516266559,ds002721,bandpower
11,1,0,prior,0.1002609599227078,0.2928618421052632,ds002721,labram_pretrained
11,1,0,eeg_population,0.0030490899692261,0.2695713347806628,ds002721,labram_pretrained
11,1,0,eeg_personalized,-0.3268313823504178,0.3537390698194865,ds002721,labram_pretrained
11,1,0,combined_population,0.1291387663141738,0.2845047388314188,ds002721,labram_pretrained
11,1,0,combined_personalized,-0.1366714311257287,0.4019466961796198,ds002721,labram_pretrained
11,1,0,prior,0.1002609599227078,0.2928618421052632,ds002721,labram_random
11,1,0,eeg_population,0.0395617238130325,0.2698580903577199,ds002721,labram_random
11,1,0,eeg_personalized,-0.3191557090636355,0.3572947743898313,ds002721,labram_random
11,1,0,combined_population,0.1372142356105311,0.2914346569553762,ds002721,labram_random
11,1,0,combined_personalized,-0.1556463380248813,0.4152859526719452,ds002721,labram_random
11,1,1,prior,0.3048143520369955,0.2434210526315789,ds002721,bandpower
11,1,1,eeg_population,0.0133651807255272,0.2680215107771675,ds002721,bandpower
11,1,1,eeg_personalized,-0.3266182016121578,0.3631278773604806,ds002721,bandpower
11,1,1,combined_population,0.2924646616366813,0.25281751262547,ds002721,bandpower
11,1,1,combined_personalized,-0.0311239539119599,0.3945786658816675,ds002721,bandpower
11,1,1,prior,0.3048143520369955,0.2434210526315789,ds002721,labram_pretrained
11,1,1,eeg_population,-0.0034120349220035,0.2692136068545737,ds002721,labram_pretrained
11,1,1,eeg_personalized,-0.3323201267519187,0.3553625533668104,ds002721,labram_pretrained
11,1,1,combined_population,0.3028389351261253,0.2493382968384898,ds002721,labram_pretrained
11,1,1,combined_personalized,-0.0090842979753944,0.3873941131567064,ds002721,labram_pretrained
11,1,1,prior,0.3048143520369955,0.2434210526315789,ds002721,labram_random
11,1,1,eeg_population,0.0294898108433005,0.2721820387575075,ds002721,labram_random
11,1,1,eeg_personalized,-0.3255836840697128,0.3596767986516667,ds002721,labram_random
11,1,1,combined_population,0.3158683090296461,0.2490283523740709,ds002721,labram_random
11,1,1,combined_personalized,-0.0395017512441497,0.3972812843039205,ds002721,labram_random
11,1,2,prior,0.3097812643019378,0.2269736842105263,ds002721,bandpower
11,1,2,eeg_population,0.0140920220471505,0.2679992695301862,ds002721,bandpower
11,1,2,eeg_personalized,-0.3278660568470024,0.3635037323650263,ds002721,bandpower
11,1,2,combined_population,0.3122104916854342,0.2216693425988925,ds002721,bandpower
11,1,2,combined_personalized,-0.0313454890097186,0.3806878435614294,ds002721,bandpower
11,1,2,prior,0.3097812643019378,0.2269736842105263,ds002721,labram_pretrained
11,1,2,eeg_population,-0.0053696922153852,0.2688124793030498,ds002721,labram_pretrained
11,1,2,eeg_personalized,-0.3279054358047729,0.3550564826777153,ds002721,labram_pretrained
11,1,2,combined_population,0.3201619856142036,0.2164893655583836,ds002721,labram_pretrained
11,1,2,combined_personalized,-0.0141437044175237,0.3755787103894877,ds002721,labram_pretrained
11,1,2,prior,0.3097812643019378,0.2269736842105263,ds002721,labram_random
11,1,2,eeg_population,0.0413493009162055,0.2699832884578075,ds002721,labram_random
11,1,2,eeg_personalized,-0.3141170781513234,0.356802504559442,ds002721,labram_random
11,1,2,combined_population,0.3131672464407974,0.2249300109443147,ds002721,labram_random
11,1,2,combined_personalized,-0.037117118513602,0.3913923717571386,ds002721,labram_random
11,1,4,prior,0.3676811717055452,0.2179276315789473,ds002721,bandpower
11,1,4,eeg_population,-0.0032803901065191,0.269572048139615,ds002721,bandpower
11,1,4,eeg_personalized,-0.3291955689698577,0.3648678242998442,ds002721,bandpower
11,1,4,combined_population,0.3628317694932708,0.2138867110851471,ds002721,bandpower
11,1,4,combined_personalized,0.0425853933394402,0.2892690881866458,ds002721,bandpower
11,1,4,prior,0.3676811717055452,0.2179276315789473,ds002721,labram_pretrained
11,1,4,eeg_population,-0.0104558171305279,0.2665259582756456,ds002721,labram_pretrained
11,1,4,eeg_personalized,-0.3259594554793754,0.3571062179609419,ds002721,labram_pretrained
11,1,4,combined_population,0.3795876871264834,0.205512942797514,ds002721,labram_pretrained
11,1,4,combined_personalized,0.0778009790222615,0.2805777983551146,ds002721,labram_pretrained
11,1,4,prior,0.3676811717055452,0.2179276315789473,ds002721,labram_random
11,1,4,eeg_population,0.0288246010140459,0.2719260426981706,ds002721,labram_random
11,1,4,eeg_personalized,-0.3286758591385087,0.359064577524305,ds002721,labram_random
11,1,4,combined_population,0.3718925978652551,0.2154163832239733,ds002721,labram_random
11,1,4,combined_personalized,0.0213988853748375,0.2986461373149056,ds002721,labram_random
11,2,0,prior,0.1002609599227078,0.2928618421052632,ds002721,bandpower
11,2,0,eeg_population,0.0081698540811683,0.2694059624829732,ds002721,bandpower
11,2,0,eeg_personalized,-0.1964616405208435,0.2934022221365312,ds002721,bandpower
11,2,0,combined_population,0.110776971226672,0.2847387295870695,ds002721,bandpower
11,2,0,combined_personalized,-0.0393999739909138,0.3364860557594452,ds002721,bandpower
11,2,0,prior,0.1002609599227078,0.2928618421052632,ds002721,labram_pretrained
11,2,0,eeg_population,0.0030490899692261,0.2695713347806628,ds002721,labram_pretrained
11,2,0,eeg_personalized,-0.1720313982812221,0.291028694466557,ds002721,labram_pretrained
11,2,0,combined_population,0.1291387663141738,0.2845047388314188,ds002721,labram_pretrained
11,2,0,combined_personalized,-0.008427701870091,0.3285191929701682,ds002721,labram_pretrained
11,2,0,prior,0.1002609599227078,0.2928618421052632,ds002721,labram_random
11,2,0,eeg_population,0.0395617238130325,0.2698580903577199,ds002721,labram_random
11,2,0,eeg_personalized,-0.1941502359505451,0.2922669431363607,ds002721,labram_random
11,2,0,combined_population,0.1372142356105311,0.2914346569553762,ds002721,labram_random
11,2,0,combined_personalized,-0.0391332357721739,0.34040091297468,ds002721,labram_random
11,2,1,prior,0.3048143520369955,0.2434210526315789,ds002721,bandpower
11,2,1,eeg_population,0.0133651807255272,0.2680215107771675,ds002721,bandpower
11,2,1,eeg_personalized,-0.1962891116021816,0.293251734270439,ds002721,bandpower
11,2,1,combined_population,0.2924646616366813,0.25281751262547,ds002721,bandpower
11,2,1,combined_personalized,0.1154619448487644,0.3463367955158348,ds002721,bandpower
11,2,1,prior,0.3048143520369955,0.2434210526315789,ds002721,labram_pretrained
11,2,1,eeg_population,-0.0034120349220035,0.2692136068545737,ds002721,labram_pretrained
11,2,1,eeg_personalized,-0.1803373546243787,0.29232988542785,ds002721,labram_pretrained
11,2,1,combined_population,0.3028389351261253,0.2493382968384898,ds002721,labram_pretrained
11,2,1,combined_personalized,0.1348314053540496,0.3434912978385913,ds002721,labram_pretrained
11,2,1,prior,0.3048143520369955,0.2434210526315789,ds002721,labram_random
11,2,1,eeg_population,0.0294898108433005,0.2721820387575075,ds002721,labram_random
11,2,1,eeg_personalized,-0.2043174562491274,0.295044852012564,ds002721,labram_random
11,2,1,combined_population,0.3158683090296461,0.2490283523740709,ds002721,labram_random
11,2,1,combined_personalized,0.1045096673605357,0.3478379814688653,ds002721,labram_random
11,2,2,prior,0.3097812643019378,0.2269736842105263,ds002721,bandpower
11,2,2,eeg_population,0.0140920220471505,0.2679992695301862,ds002721,bandpower
11,2,2,eeg_personalized,-0.1983056498702128,0.2936608231701703,ds002721,bandpower
11,2,2,combined_population,0.3122104916854342,0.2216693425988925,ds002721,bandpower
11,2,2,combined_personalized,0.1291412517734628,0.311380488807564,ds002721,bandpower
11,2,2,prior,0.3097812643019378,0.2269736842105263,ds002721,labram_pretrained
11,2,2,eeg_population,-0.0053696922153852,0.2688124793030498,ds002721,labram_pretrained
11,2,2,eeg_personalized,-0.1779415440973537,0.2919198825252759,ds002721,labram_pretrained
11,2,2,combined_population,0.3201619856142036,0.2164893655583836,ds002721,labram_pretrained
11,2,2,combined_personalized,0.1416248346802575,0.3138281664869978,ds002721,labram_pretrained
11,2,2,prior,0.3097812643019378,0.2269736842105263,ds002721,labram_random
11,2,2,eeg_population,0.0413493009162055,0.2699832884578075,ds002721,labram_random
11,2,2,eeg_personalized,-0.1839544570580729,0.291634427170963,ds002721,labram_random
11,2,2,combined_population,0.3131672464407974,0.2249300109443147,ds002721,labram_random
11,2,2,combined_personalized,0.1152314031086261,0.3170864364161824,ds002721,labram_random
11,2,4,prior,0.3676811717055452,0.2179276315789473,ds002721,bandpower
11,2,4,eeg_population,-0.0032803901065191,0.269572048139615,ds002721,bandpower
11,2,4,eeg_personalized,-0.2012121027149774,0.2940031679546312,ds002721,bandpower
11,2,4,combined_population,0.3628317694932708,0.2138867110851471,ds002721,bandpower
11,2,4,combined_personalized,0.2218306463041028,0.2558714649633273,ds002721,bandpower
11,2,4,prior,0.3676811717055452,0.2179276315789473,ds002721,labram_pretrained
11,2,4,eeg_population,-0.0104558171305279,0.2665259582756456,ds002721,labram_pretrained
11,2,4,eeg_personalized,-0.1811132760433852,0.2917136744828036,ds002721,labram_pretrained
11,2,4,combined_population,0.3795876871264834,0.205512942797514,ds002721,labram_pretrained
11,2,4,combined_personalized,0.2478593422396774,0.2579016070972954,ds002721,labram_pretrained
11,2,4,prior,0.3676811717055452,0.2179276315789473,ds002721,labram_random
11,2,4,eeg_population,0.0288246010140459,0.2719260426981706,ds002721,labram_random
11,2,4,eeg_personalized,-0.2095102406771131,0.2945857151243144,ds002721,labram_random
11,2,4,combined_population,0.3718925978652551,0.2154163832239733,ds002721,labram_random
11,2,4,combined_personalized,0.1982420081298193,0.2635997383942333,ds002721,labram_random
11,4,0,prior,0.1002609599227078,0.2928618421052632,ds002721,bandpower
11,4,0,eeg_population,0.0081698540811683,0.2694059624829732,ds002721,bandpower
11,4,0,eeg_personalized,-0.0585245626141815,0.2699663772104573,ds002721,bandpower
11,4,0,combined_population,0.110776971226672,0.2847387295870695,ds002721,bandpower
11,4,0,combined_personalized,0.14405234847622,0.2743794270936512,ds002721,bandpower
11,4,0,prior,0.1002609599227078,0.2928618421052632,ds002721,labram_pretrained
11,4,0,eeg_population,0.0030490899692261,0.2695713347806628,ds002721,labram_pretrained
11,4,0,eeg_personalized,-0.0458842317357152,0.2687521462726591,ds002721,labram_pretrained
11,4,0,combined_population,0.1291387663141738,0.2845047388314188,ds002721,labram_pretrained
11,4,0,combined_personalized,0.1766249796053332,0.271914475561071,ds002721,labram_pretrained
11,4,0,prior,0.1002609599227078,0.2928618421052632,ds002721,labram_random
11,4,0,eeg_population,0.0395617238130325,0.2698580903577199,ds002721,labram_random
11,4,0,eeg_personalized,-0.0446552617896013,0.2699833530231539,ds002721,labram_random
11,4,0,combined_population,0.1372142356105311,0.2914346569553762,ds002721,labram_random
11,4,0,combined_personalized,0.1606710125514052,0.2810434277156304,ds002721,labram_random
11,4,1,prior,0.3048143520369955,0.2434210526315789,ds002721,bandpower
11,4,1,eeg_population,0.0133651807255272,0.2680215107771675,ds002721,bandpower
11,4,1,eeg_personalized,-0.058092249852248,0.2697911359080128,ds002721,bandpower
11,4,1,combined_population,0.2924646616366813,0.25281751262547,ds002721,bandpower
11,4,1,combined_personalized,0.2615899090165315,0.2973193581882869,ds002721,bandpower
11,4,1,prior,0.3048143520369955,0.2434210526315789,ds002721,labram_pretrained
11,4,1,eeg_population,-0.0034120349220035,0.2692136068545737,ds002721,labram_pretrained
11,4,1,eeg_personalized,-0.0513092084458355,0.2696033233235574,ds002721,labram_pretrained
11,4,1,combined_population,0.3028389351261253,0.2493382968384898,ds002721,labram_pretrained
11,4,1,combined_personalized,0.2767252097454728,0.297602516978032,ds002721,labram_pretrained
11,4,1,prior,0.3048143520369955,0.2434210526315789,ds002721,labram_random
11,4,1,eeg_population,0.0294898108433005,0.2721820387575075,ds002721,labram_random
11,4,1,eeg_personalized,-0.0557412767580182,0.2716607381981641,ds002721,labram_random
11,4,1,combined_population,0.3158683090296461,0.2490283523740709,ds002721,labram_random
11,4,1,combined_personalized,0.2804566369982517,0.2838825393739478,ds002721,labram_random
11,4,2,prior,0.3097812643019378,0.2269736842105263,ds002721,bandpower
11,4,2,eeg_population,0.0140920220471505,0.2679992695301862,ds002721,bandpower
11,4,2,eeg_personalized,-0.0601960729513368,0.270346336395284,ds002721,bandpower
11,4,2,combined_population,0.3122104916854342,0.2216693425988925,ds002721,bandpower
11,4,2,combined_personalized,0.3023523131780219,0.246509734863785,ds002721,bandpower
11,4,2,prior,0.3097812643019378,0.2269736842105263,ds002721,labram_pretrained
11,4,2,eeg_population,-0.0053696922153852,0.2688124793030498,ds002721,labram_pretrained
11,4,2,eeg_personalized,-0.0518239980950324,0.2702239327080826,ds002721,labram_pretrained
11,4,2,combined_population,0.3201619856142036,0.2164893655583836,ds002721,labram_pretrained
11,4,2,combined_personalized,0.3141083211117059,0.2498320078201888,ds002721,labram_pretrained
11,4,2,prior,0.3097812643019378,0.2269736842105263,ds002721,labram_random
11,4,2,eeg_population,0.0413493009162055,0.2699832884578075,ds002721,labram_random
11,4,2,eeg_personalized,-0.0377850105873955,0.2693793876294378,ds002721,labram_random
11,4,2,combined_population,0.3131672464407974,0.2249300109443147,ds002721,labram_random
11,4,2,combined_personalized,0.3069820113710464,0.2467869546079261,ds002721,labram_random
11,4,4,prior,0.3676811717055452,0.2179276315789473,ds002721,bandpower
11,4,4,eeg_population,-0.0032803901065191,0.269572048139615,ds002721,bandpower
11,4,4,eeg_personalized,-0.0646920761105452,0.2710919285400766,ds002721,bandpower
11,4,4,combined_population,0.3628317694932708,0.2138867110851471,ds002721,bandpower
11,4,4,combined_personalized,0.4051342003871904,0.2063289259128375,ds002721,bandpower
11,4,4,prior,0.3676811717055452,0.2179276315789473,ds002721,labram_pretrained
11,4,4,eeg_population,-0.0104558171305279,0.2665259582756456,ds002721,labram_pretrained
11,4,4,eeg_personalized,-0.054818723486686,0.2704346350645535,ds002721,labram_pretrained
11,4,4,combined_population,0.3795876871264834,0.205512942797514,ds002721,labram_pretrained
11,4,4,combined_personalized,0.4221551639454124,0.207462397382055,ds002721,labram_pretrained
11,4,4,prior,0.3676811717055452,0.2179276315789473,ds002721,labram_random
11,4,4,eeg_population,0.0288246010140459,0.2719260426981706,ds002721,labram_random
11,4,4,eeg_personalized,-0.0616791302369208,0.2706799630936544,ds002721,labram_random
11,4,4,combined_population,0.3718925978652551,0.2154163832239733,ds002721,labram_random
11,4,4,combined_personalized,0.4071387036231465,0.2060608888123421,ds002721,labram_random
11,8,0,prior,0.1002609599227078,0.2928618421052632,ds002721,bandpower
11,8,0,eeg_population,0.0081698540811683,0.2694059624829732,ds002721,bandpower
11,8,0,eeg_personalized,0.0307986177580696,0.2568552899874828,ds002721,bandpower
11,8,0,combined_population,0.110776971226672,0.2847387295870695,ds002721,bandpower
11,8,0,combined_personalized,0.192968152083869,0.2967342525025697,ds002721,bandpower
11,8,0,prior,0.1002609599227078,0.2928618421052632,ds002721,labram_pretrained
11,8,0,eeg_population,0.0030490899692261,0.2695713347806628,ds002721,labram_pretrained
11,8,0,eeg_personalized,0.040349898720377,0.2542738112712505,ds002721,labram_pretrained
11,8,0,combined_population,0.1291387663141738,0.2845047388314188,ds002721,labram_pretrained
11,8,0,combined_personalized,0.2136023883382943,0.2992320529796026,ds002721,labram_pretrained
11,8,0,prior,0.1002609599227078,0.2928618421052632,ds002721,labram_random
11,8,0,eeg_population,0.0395617238130325,0.2698580903577199,ds002721,labram_random
11,8,0,eeg_personalized,0.0138286861852692,0.2638571781089984,ds002721,labram_random
11,8,0,combined_population,0.1372142356105311,0.2914346569553762,ds002721,labram_random
11,8,0,combined_personalized,0.1878703912574018,0.3126946262797815,ds002721,labram_random
11,8,1,prior,0.3048143520369955,0.2434210526315789,ds002721,bandpower
11,8,1,eeg_population,0.0133651807255272,0.2680215107771675,ds002721,bandpower
11,8,1,eeg_personalized,0.0317067279278879,0.2564901964363226,ds002721,bandpower
11,8,1,combined_population,0.2924646616366813,0.25281751262547,ds002721,bandpower
11,8,1,combined_personalized,0.3286986602773762,0.2706566307778246,ds002721,bandpower
11,8,1,prior,0.3048143520369955,0.2434210526315789,ds002721,labram_pretrained
11,8,1,eeg_population,-0.0034120349220035,0.2692136068545737,ds002721,labram_pretrained
11,8,1,eeg_personalized,0.0347693673381726,0.253080615841837,ds002721,labram_pretrained
11,8,1,combined_population,0.3028389351261253,0.2493382968384898,ds002721,labram_pretrained
11,8,1,combined_personalized,0.3375258969955864,0.2756400961003356,ds002721,labram_pretrained
11,8,1,prior,0.3048143520369955,0.2434210526315789,ds002721,labram_random
11,8,1,eeg_population,0.0294898108433005,0.2721820387575075,ds002721,labram_random
11,8,1,eeg_personalized,0.0015915077632039,0.2651637995684632,ds002721,labram_random
11,8,1,combined_population,0.3158683090296461,0.2490283523740709,ds002721,labram_random
11,8,1,combined_personalized,0.329935246579076,0.2682640398344872,ds002721,labram_random
11,8,2,prior,0.3097812643019378,0.2269736842105263,ds002721,bandpower
11,8,2,eeg_population,0.0140920220471505,0.2679992695301862,ds002721,bandpower
11,8,2,eeg_personalized,0.0298838044533039,0.2569131404477783,ds002721,bandpower
11,8,2,combined_population,0.3122104916854342,0.2216693425988925,ds002721,bandpower
11,8,2,combined_personalized,0.3436622652295147,0.2417039595114491,ds002721,bandpower
11,8,2,prior,0.3097812643019378,0.2269736842105263,ds002721,labram_pretrained
11,8,2,eeg_population,-0.0053696922153852,0.2688124793030498,ds002721,labram_pretrained
11,8,2,eeg_personalized,0.0344621925814163,0.2535393037708661,ds002721,labram_pretrained
11,8,2,combined_population,0.3201619856142036,0.2164893655583836,ds002721,labram_pretrained
11,8,2,combined_personalized,0.3471210749284104,0.2429396253161472,ds002721,labram_pretrained
11,8,2,prior,0.3097812643019378,0.2269736842105263,ds002721,labram_random
11,8,2,eeg_population,0.0413493009162055,0.2699832884578075,ds002721,labram_random
11,8,2,eeg_personalized,0.0179689345323522,0.2637093977878495,ds002721,labram_random
11,8,2,combined_population,0.3131672464407974,0.2249300109443147,ds002721,labram_random
11,8,2,combined_personalized,0.3308289114339204,0.2476382281712857,ds002721,labram_random
11,8,4,prior,0.3676811717055452,0.2179276315789473,ds002721,bandpower
11,8,4,eeg_population,-0.0032803901065191,0.269572048139615,ds002721,bandpower
11,8,4,eeg_personalized,0.0264449720833142,0.2574761188281474,ds002721,bandpower
11,8,4,combined_population,0.3628317694932708,0.2138867110851471,ds002721,bandpower
11,8,4,combined_personalized,0.4312433102565753,0.2128806951438924,ds002721,bandpower
11,8,4,prior,0.3676811717055452,0.2179276315789473,ds002721,labram_pretrained
11,8,4,eeg_population,-0.0104558171305279,0.2665259582756456,ds002721,labram_pretrained
11,8,4,eeg_personalized,0.0351621310428581,0.2522718802543136,ds002721,labram_pretrained
11,8,4,combined_population,0.3795876871264834,0.205512942797514,ds002721,labram_pretrained
11,8,4,combined_personalized,0.4361471214500535,0.2165917865765381,ds002721,labram_pretrained
11,8,4,prior,0.3676811717055452,0.2179276315789473,ds002721,labram_random
11,8,4,eeg_population,0.0288246010140459,0.2719260426981706,ds002721,labram_random
11,8,4,eeg_personalized,-0.0026281836987574,0.264588882341595,ds002721,labram_random
11,8,4,combined_population,0.3718925978652551,0.2154163832239733,ds002721,labram_random
11,8,4,combined_personalized,0.4071706618292114,0.2227541326659612,ds002721,labram_random
23,0,0,prior,0.1116890350810767,0.273625,ds002721,bandpower
23,0,0,eeg_population,-0.0375635668078309,0.2819482439705291,ds002721,bandpower
23,0,0,eeg_personalized,-0.0375635668078309,0.2819482439705291,ds002721,bandpower
23,0,0,combined_population,0.1089792305099003,0.2740764355958265,ds002721,bandpower
23,0,0,combined_personalized,0.1089792305099003,0.2740764355958265,ds002721,bandpower
23,0,0,prior,0.1116890350810767,0.273625,ds002721,labram_pretrained
23,0,0,eeg_population,0.0267745817603193,0.2782443042290596,ds002721,labram_pretrained
23,0,0,eeg_personalized,0.0267745817603193,0.2782443042290596,ds002721,labram_pretrained
23,0,0,combined_population,0.120196076374251,0.280080583869881,ds002721,labram_pretrained
23,0,0,combined_personalized,0.120196076374251,0.280080583869881,ds002721,labram_pretrained
23,0,0,prior,0.1116890350810767,0.273625,ds002721,labram_random
23,0,0,eeg_population,-0.0039064846837828,0.2717406740347493,ds002721,labram_random
23,0,0,eeg_personalized,-0.0039064846837828,0.2717406740347493,ds002721,labram_random
23,0,0,combined_population,0.1222929071077855,0.2697246059925359,ds002721,labram_random
23,0,0,combined_personalized,0.1222929071077855,0.2697246059925359,ds002721,labram_random
23,0,1,prior,0.0834787960165603,0.325,ds002721,bandpower
23,0,1,eeg_population,-0.0454860707259894,0.2835768089968352,ds002721,bandpower
23,0,1,eeg_personalized,-0.0454860707259894,0.2835768089968352,ds002721,bandpower
23,0,1,combined_population,0.0780980620345119,0.3292343715251808,ds002721,bandpower
23,0,1,combined_personalized,0.0780980620345119,0.3292343715251808,ds002721,bandpower
23,0,1,prior,0.0834787960165603,0.325,ds002721,labram_pretrained
23,0,1,eeg_population,0.0220090049625576,0.2798253278192626,ds002721,labram_pretrained
23,0,1,eeg_personalized,0.0220090049625576,0.2798253278192626,ds002721,labram_pretrained
23,0,1,combined_population,0.0857524171072583,0.3280182662254141,ds002721,labram_pretrained
23,0,1,combined_personalized,0.0857524171072583,0.3280182662254141,ds002721,labram_pretrained
23,0,1,prior,0.0834787960165603,0.325,ds002721,labram_random
23,0,1,eeg_population,0.0066519763761459,0.2719996192131433,ds002721,labram_random
23,0,1,eeg_personalized,0.0066519763761459,0.2719996192131433,ds002721,labram_random
23,0,1,combined_population,0.0995799528462956,0.3312788708597861,ds002721,labram_random
23,0,1,combined_personalized,0.0995799528462956,0.3312788708597861,ds002721,labram_random
23,0,2,prior,0.1528839692071957,0.28875,ds002721,bandpower
23,0,2,eeg_population,-0.0437284959837842,0.2840134094886232,ds002721,bandpower
23,0,2,eeg_personalized,-0.0437284959837842,0.2840134094886232,ds002721,bandpower
23,0,2,combined_population,0.1476824130971105,0.2923949211725739,ds002721,bandpower
23,0,2,combined_personalized,0.1476824130971105,0.2923949211725739,ds002721,bandpower
23,0,2,prior,0.1528839692071957,0.28875,ds002721,labram_pretrained
23,0,2,eeg_population,0.0296484102208485,0.2783157394753882,ds002721,labram_pretrained
23,0,2,eeg_personalized,0.0296484102208485,0.2783157394753882,ds002721,labram_pretrained
23,0,2,combined_population,0.1719624442835113,0.2823850991762046,ds002721,labram_pretrained
23,0,2,combined_personalized,0.1719624442835113,0.2823850991762046,ds002721,labram_pretrained
23,0,2,prior,0.1528839692071957,0.28875,ds002721,labram_random
23,0,2,eeg_population,0.0339575528737681,0.2679050056832329,ds002721,labram_random
23,0,2,eeg_personalized,0.0339575528737681,0.2679050056832329,ds002721,labram_random
23,0,2,combined_population,0.1912187825725194,0.285336450985853,ds002721,labram_random
23,0,2,combined_personalized,0.1912187825725194,0.285336450985853,ds002721,labram_random
23,0,4,prior,0.0744195163534689,0.2931249999999999,ds002721,bandpower
23,0,4,eeg_population,-0.0193331006841639,0.2790838748645315,ds002721,bandpower
23,0,4,eeg_personalized,-0.0193331006841639,0.2790838748645315,ds002721,bandpower
23,0,4,combined_population,0.0776067063108181,0.2911547624431549,ds002721,bandpower
23,0,4,combined_personalized,0.0776067063108181,0.2911547624431549,ds002721,bandpower
23,0,4,prior,0.0744195163534689,0.2931249999999999,ds002721,labram_pretrained
23,0,4,eeg_population,0.0134506586864182,0.279878451812812,ds002721,labram_pretrained
23,0,4,eeg_personalized,0.0134506586864182,0.279878451812812,ds002721,labram_pretrained
23,0,4,combined_population,0.0863216404253393,0.284054569793749,ds002721,labram_pretrained
23,0,4,combined_personalized,0.0863216404253393,0.284054569793749,ds002721,labram_pretrained
23,0,4,prior,0.0744195163534689,0.2931249999999999,ds002721,labram_random
23,0,4,eeg_population,-0.0236736149850229,0.2779697591901713,ds002721,labram_random
23,0,4,eeg_personalized,-0.0236736149850229,0.2779697591901713,ds002721,labram_random
23,0,4,combined_population,0.0812122178817917,0.2896913657910352,ds002721,labram_random
23,0,4,combined_personalized,0.0812122178817917,0.2896913657910352,ds002721,labram_random
23,1,0,prior,0.1116890350810767,0.273625,ds002721,bandpower
23,1,0,eeg_population,-0.0375635668078309,0.2819482439705291,ds002721,bandpower
23,1,0,eeg_personalized,0.3721629895283362,0.2397380237865121,ds002721,bandpower
23,1,0,combined_population,0.1089792305099003,0.2740764355958265,ds002721,bandpower
23,1,0,combined_personalized,0.3658496581927135,0.3068040660347877,ds002721,bandpower
23,1,0,prior,0.1116890350810767,0.273625,ds002721,labram_pretrained
23,1,0,eeg_population,0.0267745817603193,0.2782443042290596,ds002721,labram_pretrained
23,1,0,eeg_personalized,0.3827129693098787,0.2390018690919675,ds002721,labram_pretrained
23,1,0,combined_population,0.120196076374251,0.280080583869881,ds002721,labram_pretrained
23,1,0,combined_personalized,0.3646506719368888,0.3041095463666471,ds002721,labram_pretrained
23,1,0,prior,0.1116890350810767,0.273625,ds002721,labram_random
23,1,0,eeg_population,-0.0039064846837828,0.2717406740347493,ds002721,labram_random
23,1,0,eeg_personalized,0.3725612169536385,0.2521088137505679,ds002721,labram_random
23,1,0,combined_population,0.1222929071077855,0.2697246059925359,ds002721,labram_random
23,1,0,combined_personalized,0.3690990276607331,0.3135087283573746,ds002721,labram_random
23,1,1,prior,0.0834787960165603,0.325,ds002721,bandpower
23,1,1,eeg_population,-0.0454860707259894,0.2835768089968352,ds002721,bandpower
23,1,1,eeg_personalized,0.3705316567785573,0.2400362447155642,ds002721,bandpower
23,1,1,combined_population,0.0780980620345119,0.3292343715251808,ds002721,bandpower
23,1,1,combined_personalized,0.3231853983753029,0.321123778247497,ds002721,bandpower
23,1,1,prior,0.0834787960165603,0.325,ds002721,labram_pretrained
23,1,1,eeg_population,0.0220090049625576,0.2798253278192626,ds002721,labram_pretrained
23,1,1,eeg_personalized,0.379888929017231,0.2409167495794842,ds002721,labram_pretrained
23,1,1,combined_population,0.0857524171072583,0.3280182662254141,ds002721,labram_pretrained
23,1,1,combined_personalized,0.3235676645429198,0.3185392009835732,ds002721,labram_pretrained
23,1,1,prior,0.0834787960165603,0.325,ds002721,labram_random
23,1,1,eeg_population,0.0066519763761459,0.2719996192131433,ds002721,labram_random
23,1,1,eeg_personalized,0.376191945206944,0.2524035097789003,ds002721,labram_random
23,1,1,combined_population,0.0995799528462956,0.3312788708597861,ds002721,labram_random
23,1,1,combined_personalized,0.3285238852742584,0.3269260593726199,ds002721,labram_random
23,1,2,prior,0.1528839692071957,0.28875,ds002721,bandpower
23,1,2,eeg_population,-0.0437284959837842,0.2840134094886232,ds002721,bandpower
23,1,2,eeg_personalized,0.369890023458693,0.2400741792484376,ds002721,bandpower
23,1,2,combined_population,0.1476824130971105,0.2923949211725739,ds002721,bandpower
23,1,2,combined_personalized,0.4194391050653853,0.279280921417383,ds002721,bandpower
23,1,2,prior,0.1528839692071957,0.28875,ds002721,labram_pretrained
23,1,2,eeg_population,0.0296484102208485,0.2783157394753882,ds002721,labram_pretrained
23,1,2,eeg_personalized,0.3792405445022978,0.2389760213489105,ds002721,labram_pretrained
23,1,2,combined_population,0.1719624442835113,0.2823850991762046,ds002721,labram_pretrained
23,1,2,combined_personalized,0.4234988141630078,0.2718447347499669,ds002721,labram_pretrained
23,1,2,prior,0.1528839692071957,0.28875,ds002721,labram_random
23,1,2,eeg_population,0.0339575528737681,0.2679050056832329,ds002721,labram_random
23,1,2,eeg_personalized,0.3778223578439514,0.2511360131175738,ds002721,labram_random
23,1,2,combined_population,0.1912187825725194,0.285336450985853,ds002721,labram_random
23,1,2,combined_personalized,0.4399374828029166,0.2817512955476788,ds002721,labram_random
23,1,4,prior,0.0744195163534689,0.2931249999999999,ds002721,bandpower
23,1,4,eeg_population,-0.0193331006841639,0.2790838748645315,ds002721,bandpower
23,1,4,eeg_personalized,0.3746683449651664,0.2395467842338214,ds002721,bandpower
23,1,4,combined_population,0.0776067063108181,0.2911547624431549,ds002721,bandpower
23,1,4,combined_personalized,0.3739906059008954,0.2779885634837322,ds002721,bandpower
23,1,4,prior,0.0744195163534689,0.2931249999999999,ds002721,labram_pretrained
23,1,4,eeg_population,0.0134506586864182,0.279878451812812,ds002721,labram_pretrained
23,1,4,eeg_personalized,0.3793569944364379,0.2387045670409537,ds002721,labram_pretrained
23,1,4,combined_population,0.0863216404253393,0.284054569793749,ds002721,labram_pretrained
23,1,4,combined_personalized,0.3808983560299138,0.2711873036918703,ds002721,labram_pretrained
23,1,4,prior,0.0744195163534689,0.2931249999999999,ds002721,labram_random
23,1,4,eeg_population,-0.0236736149850229,0.2779697591901713,ds002721,labram_random
23,1,4,eeg_personalized,0.332914277900091,0.2562984438639086,ds002721,labram_random
23,1,4,combined_population,0.0812122178817917,0.2896913657910352,ds002721,labram_random
23,1,4,combined_personalized,0.3471146676244291,0.29077670815656,ds002721,labram_random
23,2,0,prior,0.1116890350810767,0.273625,ds002721,bandpower
23,2,0,eeg_population,-0.0375635668078309,0.2819482439705291,ds002721,bandpower
23,2,0,eeg_personalized,0.2818984402083074,0.2405076903700843,ds002721,bandpower
23,2,0,combined_population,0.1089792305099003,0.2740764355958265,ds002721,bandpower
23,2,0,combined_personalized,0.3224298791141649,0.2761519289589513,ds002721,bandpower
23,2,0,prior,0.1116890350810767,0.273625,ds002721,labram_pretrained
23,2,0,eeg_population,0.0267745817603193,0.2782443042290596,ds002721,labram_pretrained
23,2,0,eeg_personalized,0.3049675449337783,0.2331476327524448,ds002721,labram_pretrained
23,2,0,combined_population,0.120196076374251,0.280080583869881,ds002721,labram_pretrained
23,2,0,combined_personalized,0.3234946015793739,0.2767321357717754,ds002721,labram_pretrained
23,2,0,prior,0.1116890350810767,0.273625,ds002721,labram_random
23,2,0,eeg_population,-0.0039064846837828,0.2717406740347493,ds002721,labram_random
23,2,0,eeg_personalized,0.2743193090173302,0.2553374268217014,ds002721,labram_random
23,2,0,combined_population,0.1222929071077855,0.2697246059925359,ds002721,labram_random
23,2,0,combined_personalized,0.3258313775486744,0.2774239465941078,ds002721,labram_random
23,2,1,prior,0.0834787960165603,0.325,ds002721,bandpower
23,2,1,eeg_population,-0.0454860707259894,0.2835768089968352,ds002721,bandpower
23,2,1,eeg_personalized,0.2785583253467378,0.2411466760499294,ds002721,bandpower
23,2,1,combined_population,0.0780980620345119,0.3292343715251808,ds002721,bandpower
23,2,1,combined_personalized,0.3037890946346915,0.2700660948114401,ds002721,bandpower
23,2,1,prior,0.0834787960165603,0.325,ds002721,labram_pretrained
23,2,1,eeg_population,0.0220090049625576,0.2798253278192626,ds002721,labram_pretrained
23,2,1,eeg_personalized,0.3013527859018299,0.2349262812306617,ds002721,labram_pretrained
23,2,1,combined_population,0.0857524171072583,0.3280182662254141,ds002721,labram_pretrained
23,2,1,combined_personalized,0.3072136292438809,0.2704148604209503,ds002721,labram_pretrained
23,2,1,prior,0.0834787960165603,0.325,ds002721,labram_random
23,2,1,eeg_population,0.0066519763761459,0.2719996192131433,ds002721,labram_random
23,2,1,eeg_personalized,0.2803346282899265,0.2545976271908822,ds002721,labram_random
23,2,1,combined_population,0.0995799528462956,0.3312788708597861,ds002721,labram_random
23,2,1,combined_personalized,0.3071692015326834,0.2734843958065821,ds002721,labram_random
23,2,2,prior,0.1528839692071957,0.28875,ds002721,bandpower
23,2,2,eeg_population,-0.0437284959837842,0.2840134094886232,ds002721,bandpower
23,2,2,eeg_personalized,0.2775321452402542,0.2405029561831194,ds002721,bandpower
23,2,2,combined_population,0.1476824130971105,0.2923949211725739,ds002721,bandpower
23,2,2,combined_personalized,0.3893271543310239,0.2488945339076182,ds002721,bandpower
23,2,2,prior,0.1528839692071957,0.28875,ds002721,labram_pretrained
23,2,2,eeg_population,0.0296484102208485,0.2783157394753882,ds002721,labram_pretrained
23,2,2,eeg_personalized,0.298545917696948,0.2347499836265457,ds002721,labram_pretrained
23,2,2,combined_population,0.1719624442835113,0.2823850991762046,ds002721,labram_pretrained
23,2,2,combined_personalized,0.3945729786597196,0.2498566589881251,ds002721,labram_pretrained
23,2,2,prior,0.1528839692071957,0.28875,ds002721,labram_random
23,2,2,eeg_population,0.0339575528737681,0.2679050056832329,ds002721,labram_random
23,2,2,eeg_personalized,0.2833831836067528,0.2524196794458408,ds002721,labram_random
23,2,2,combined_population,0.1912187825725194,0.285336450985853,ds002721,labram_random
23,2,2,combined_personalized,0.4034192201245528,0.2504456798890254,ds002721,labram_random
23,2,4,prior,0.0744195163534689,0.2931249999999999,ds002721,bandpower
23,2,4,eeg_population,-0.0193331006841639,0.2790838748645315,ds002721,bandpower
23,2,4,eeg_personalized,0.2843415272784534,0.2385388777258048,ds002721,bandpower
23,2,4,combined_population,0.0776067063108181,0.2911547624431549,ds002721,bandpower
23,2,4,combined_personalized,0.3342442880639611,0.2534190982615153,ds002721,bandpower
23,2,4,prior,0.0744195163534689,0.2931249999999999,ds002721,labram_pretrained
23,2,4,eeg_population,0.0134506586864182,0.279878451812812,ds002721,labram_pretrained
23,2,4,eeg_personalized,0.2899217639107012,0.2377378957394011,ds002721,labram_pretrained
23,2,4,combined_population,0.0863216404253393,0.284054569793749,ds002721,labram_pretrained
23,2,4,combined_personalized,0.3341034244552748,0.2515588422237462,ds002721,labram_pretrained
23,2,4,prior,0.0744195163534689,0.2931249999999999,ds002721,labram_random
23,2,4,eeg_population,-0.0236736149850229,0.2779697591901713,ds002721,labram_random
23,2,4,eeg_personalized,0.2389561668087206,0.2606326040190518,ds002721,labram_random
23,2,4,combined_population,0.0812122178817917,0.2896913657910352,ds002721,labram_random
23,2,4,combined_personalized,0.314480786833167,0.2607041335158399,ds002721,labram_random
23,4,0,prior,0.1116890350810767,0.273625,ds002721,bandpower
23,4,0,eeg_population,-0.0375635668078309,0.2819482439705291,ds002721,bandpower
23,4,0,eeg_personalized,0.3113340493570693,0.2428144696166738,ds002721,bandpower
23,4,0,combined_population,0.1089792305099003,0.2740764355958265,ds002721,bandpower
23,4,0,combined_personalized,0.2930854768357209,0.2686005013056576,ds002721,bandpower
23,4,0,prior,0.1116890350810767,0.273625,ds002721,labram_pretrained
23,4,0,eeg_population,0.0267745817603193,0.2782443042290596,ds002721,labram_pretrained
23,4,0,eeg_personalized,0.3085685894523199,0.2401840442856005,ds002721,labram_pretrained
23,4,0,combined_population,0.120196076374251,0.280080583869881,ds002721,labram_pretrained
23,4,0,combined_personalized,0.2769179489039951,0.2730423424220387,ds002721,labram_pretrained
23,4,0,prior,0.1116890350810767,0.273625,ds002721,labram_random
23,4,0,eeg_population,-0.0039064846837828,0.2717406740347493,ds002721,labram_random
23,4,0,eeg_personalized,0.2949205707723628,0.2512530531632085,ds002721,labram_random
23,4,0,combined_population,0.1222929071077855,0.2697246059925359,ds002721,labram_random
23,4,0,combined_personalized,0.284877340787793,0.272568656962847,ds002721,labram_random
23,4,1,prior,0.0834787960165603,0.325,ds002721,bandpower
23,4,1,eeg_population,-0.0454860707259894,0.2835768089968352,ds002721,bandpower
23,4,1,eeg_personalized,0.3097778498069803,0.2430541961822394,ds002721,bandpower
23,4,1,combined_population,0.0780980620345119,0.3292343715251808,ds002721,bandpower
23,4,1,combined_personalized,0.2710911484391753,0.265790752725093,ds002721,bandpower
23,4,1,prior,0.0834787960165603,0.325,ds002721,labram_pretrained
23,4,1,eeg_population,0.0220090049625576,0.2798253278192626,ds002721,labram_pretrained
23,4,1,eeg_personalized,0.3098906689372174,0.2406065039305363,ds002721,labram_pretrained
23,4,1,combined_population,0.0857524171072583,0.3280182662254141,ds002721,labram_pretrained
23,4,1,combined_personalized,0.2499295472218245,0.2799095208739969,ds002721,labram_pretrained
23,4,1,prior,0.0834787960165603,0.325,ds002721,labram_random
23,4,1,eeg_population,0.0066519763761459,0.2719996192131433,ds002721,labram_random
23,4,1,eeg_personalized,0.3070981398730693,0.2496813581253047,ds002721,labram_random
23,4,1,combined_population,0.0995799528462956,0.3312788708597861,ds002721,labram_random
23,4,1,combined_personalized,0.2652887804224959,0.2754386394480987,ds002721,labram_random
23,4,2,prior,0.1528839692071957,0.28875,ds002721,bandpower
23,4,2,eeg_population,-0.0437284959837842,0.2840134094886232,ds002721,bandpower
23,4,2,eeg_personalized,0.3075544650964581,0.2433307685744789,ds002721,bandpower
23,4,2,combined_population,0.1476824130971105,0.2923949211725739,ds002721,bandpower
23,4,2,combined_personalized,0.3532532748933717,0.2435685303131832,ds002721,bandpower
23,4,2,prior,0.1528839692071957,0.28875,ds002721,labram_pretrained
23,4,2,eeg_population,0.0296484102208485,0.2783157394753882,ds002721,labram_pretrained
23,4,2,eeg_personalized,0.3089442462989193,0.2397514006678946,ds002721,labram_pretrained
23,4,2,combined_population,0.1719624442835113,0.2823850991762046,ds002721,labram_pretrained
23,4,2,combined_personalized,0.3373982720900389,0.2496984793000848,ds002721,labram_pretrained
23,4,2,prior,0.1528839692071957,0.28875,ds002721,labram_random
23,4,2,eeg_population,0.0339575528737681,0.2679050056832329,ds002721,labram_random
23,4,2,eeg_personalized,0.3218386234947584,0.2461490840773654,ds002721,labram_random
23,4,2,combined_population,0.1912187825725194,0.285336450985853,ds002721,labram_random
23,4,2,combined_personalized,0.3579832398325546,0.2481463161110676,ds002721,labram_random
23,4,4,prior,0.0744195163534689,0.2931249999999999,ds002721,bandpower
23,4,4,eeg_population,-0.0193331006841639,0.2790838748645315,ds002721,bandpower
23,4,4,eeg_personalized,0.3136723708532511,0.2412419280649057,ds002721,bandpower
23,4,4,combined_population,0.0776067063108181,0.2911547624431549,ds002721,bandpower
23,4,4,combined_personalized,0.295717602670324,0.2522572272791197,ds002721,bandpower
23,4,4,prior,0.0744195163534689,0.2931249999999999,ds002721,labram_pretrained
23,4,4,eeg_population,0.0134506586864182,0.279878451812812,ds002721,labram_pretrained
23,4,4,eeg_personalized,0.2983387970827643,0.2409631950415158,ds002721,labram_pretrained
23,4,4,combined_population,0.0863216404253393,0.284054569793749,ds002721,labram_pretrained
23,4,4,combined_personalized,0.2731734985475598,0.2575349969394426,ds002721,labram_pretrained
23,4,4,prior,0.0744195163534689,0.2931249999999999,ds002721,labram_random
23,4,4,eeg_population,-0.0236736149850229,0.2779697591901713,ds002721,labram_random
23,4,4,eeg_personalized,0.2767495879092256,0.2523594544897743,ds002721,labram_random
23,4,4,combined_population,0.0812122178817917,0.2896913657910352,ds002721,labram_random
23,4,4,combined_personalized,0.2799465376359676,0.2601927831592708,ds002721,labram_random
23,8,0,prior,0.1116890350810767,0.273625,ds002721,bandpower
23,8,0,eeg_population,-0.0375635668078309,0.2819482439705291,ds002721,bandpower
23,8,0,eeg_personalized,0.1751476341500002,0.2511030698027039,ds002721,bandpower
23,8,0,combined_population,0.1089792305099003,0.2740764355958265,ds002721,bandpower
23,8,0,combined_personalized,0.2562001405736285,0.2728237114013089,ds002721,bandpower
23,8,0,prior,0.1116890350810767,0.273625,ds002721,labram_pretrained
23,8,0,eeg_population,0.0267745817603193,0.2782443042290596,ds002721,labram_pretrained
23,8,0,eeg_personalized,0.1771318388094204,0.2514174545535907,ds002721,labram_pretrained
23,8,0,combined_population,0.120196076374251,0.280080583869881,ds002721,labram_pretrained
23,8,0,combined_personalized,0.2470370563154724,0.2829820768689287,ds002721,labram_pretrained
23,8,0,prior,0.1116890350810767,0.273625,ds002721,labram_random
23,8,0,eeg_population,-0.0039064846837828,0.2717406740347493,ds002721,labram_random
23,8,0,eeg_personalized,0.171767669429172,0.2579615920521249,ds002721,labram_random
23,8,0,combined_population,0.1222929071077855,0.2697246059925359,ds002721,labram_random
23,8,0,combined_personalized,0.25176379626362,0.2774146504339481,ds002721,labram_random
23,8,1,prior,0.0834787960165603,0.325,ds002721,bandpower
23,8,1,eeg_population,-0.0454860707259894,0.2835768089968352,ds002721,bandpower
23,8,1,eeg_personalized,0.1729816770879428,0.2514137801278219,ds002721,bandpower
23,8,1,combined_population,0.0780980620345119,0.3292343715251808,ds002721,bandpower
23,8,1,combined_personalized,0.2416735016773261,0.2785902781733331,ds002721,bandpower
23,8,1,prior,0.0834787960165603,0.325,ds002721,labram_pretrained
23,8,1,eeg_population,0.0220090049625576,0.2798253278192626,ds002721,labram_pretrained
23,8,1,eeg_personalized,0.1764235734574077,0.2518022303759835,ds002721,labram_pretrained
23,8,1,combined_population,0.0857524171072583,0.3280182662254141,ds002721,labram_pretrained
23,8,1,combined_personalized,0.2325490905110142,0.2855739430680177,ds002721,labram_pretrained
23,8,1,prior,0.0834787960165603,0.325,ds002721,labram_random
23,8,1,eeg_population,0.0066519763761459,0.2719996192131433,ds002721,labram_random
23,8,1,eeg_personalized,0.1849536932446902,0.2568716593800756,ds002721,labram_random
23,8,1,combined_population,0.0995799528462956,0.3312788708597861,ds002721,labram_random
23,8,1,combined_personalized,0.2412621519006873,0.2846224053589411,ds002721,labram_random
23,8,2,prior,0.1528839692071957,0.28875,ds002721,bandpower
23,8,2,eeg_population,-0.0437284959837842,0.2840134094886232,ds002721,bandpower
23,8,2,eeg_personalized,0.1704925824134208,0.2514599694560486,ds002721,bandpower
23,8,2,combined_population,0.1476824130971105,0.2923949211725739,ds002721,bandpower
23,8,2,combined_personalized,0.3148136274577054,0.2479828882522429,ds002721,bandpower
23,8,2,prior,0.1528839692071957,0.28875,ds002721,labram_pretrained
23,8,2,eeg_population,0.0296484102208485,0.2783157394753882,ds002721,labram_pretrained
23,8,2,eeg_personalized,0.1766183248583184,0.2508478184585435,ds002721,labram_pretrained
23,8,2,combined_population,0.1719624442835113,0.2823850991762046,ds002721,labram_pretrained
23,8,2,combined_personalized,0.3060935088432754,0.2515267315305423,ds002721,labram_pretrained
23,8,2,prior,0.1528839692071957,0.28875,ds002721,labram_random
23,8,2,eeg_population,0.0339575528737681,0.2679050056832329,ds002721,labram_random
23,8,2,eeg_personalized,0.203685377886745,0.2526906437558326,ds002721,labram_random
23,8,2,combined_population,0.1912187825725194,0.285336450985853,ds002721,labram_random
23,8,2,combined_personalized,0.3320274941393649,0.248029771280829,ds002721,labram_random
23,8,4,prior,0.0744195163534689,0.2931249999999999,ds002721,bandpower
23,8,4,eeg_population,-0.0193331006841639,0.2790838748645315,ds002721,bandpower
23,8,4,eeg_personalized,0.1776128332112415,0.2501282923018689,ds002721,bandpower
23,8,4,combined_population,0.0776067063108181,0.2911547624431549,ds002721,bandpower
23,8,4,combined_personalized,0.2397802843287332,0.252525419462299,ds002721,bandpower
23,8,4,prior,0.0744195163534689,0.2931249999999999,ds002721,labram_pretrained
23,8,4,eeg_population,0.0134506586864182,0.279878451812812,ds002721,labram_pretrained
23,8,4,eeg_personalized,0.1665150271772609,0.2518026463817513,ds002721,labram_pretrained
23,8,4,combined_population,0.0863216404253393,0.284054569793749,ds002721,labram_pretrained
23,8,4,combined_personalized,0.2268910809247152,0.2563048417768653,ds002721,labram_pretrained
23,8,4,prior,0.0744195163534689,0.2931249999999999,ds002721,labram_random
23,8,4,eeg_population,-0.0236736149850229,0.2779697591901713,ds002721,labram_random
23,8,4,eeg_personalized,0.1484540400676305,0.2605877402545786,ds002721,labram_random
23,8,4,combined_population,0.0812122178817917,0.2896913657910352,ds002721,labram_random
23,8,4,combined_personalized,0.2337317556630946,0.2602182554901769,ds002721,labram_random
47,0,0,prior,-0.0671477049656337,0.2555,ds002721,bandpower
47,0,0,eeg_population,-0.0268459975200889,0.2358673300622685,ds002721,bandpower
47,0,0,eeg_personalized,-0.0268459975200889,0.2358673300622685,ds002721,bandpower
47,0,0,combined_population,-0.0586060861996807,0.271074895852229,ds002721,bandpower
47,0,0,combined_personalized,-0.0586060861996807,0.271074895852229,ds002721,bandpower
47,0,0,prior,-0.0671477049656337,0.2555,ds002721,labram_pretrained
47,0,0,eeg_population,0.0617159756600314,0.2267318269907619,ds002721,labram_pretrained
47,0,0,eeg_personalized,0.0617159756600314,0.2267318269907619,ds002721,labram_pretrained
47,0,0,combined_population,-0.0061390881637455,0.2551691386245031,ds002721,labram_pretrained
47,0,0,combined_personalized,-0.0061390881637455,0.2551691386245031,ds002721,labram_pretrained
47,0,0,prior,-0.0671477049656337,0.2555,ds002721,labram_random
47,0,0,eeg_population,0.0687888470977955,0.2043569143813478,ds002721,labram_random
47,0,0,eeg_personalized,0.0687888470977955,0.2043569143813478,ds002721,labram_random
47,0,0,combined_population,-0.0020922006115389,0.2465155902992888,ds002721,labram_random
47,0,0,combined_personalized,-0.0020922006115389,0.2465155902992888,ds002721,labram_random
47,0,1,prior,-0.0637870839770588,0.3125,ds002721,bandpower
47,0,1,eeg_population,-0.0277204358441663,0.2329513064063209,ds002721,bandpower
47,0,1,eeg_personalized,-0.0277204358441663,0.2329513064063209,ds002721,bandpower
47,0,1,combined_population,-0.061922591938505,0.3325601005717489,ds002721,bandpower
47,0,1,combined_personalized,-0.061922591938505,0.3325601005717489,ds002721,bandpower
47,0,1,prior,-0.0637870839770588,0.3125,ds002721,labram_pretrained
47,0,1,eeg_population,0.0576348213801998,0.2277513764502299,ds002721,labram_pretrained
47,0,1,eeg_personalized,0.0576348213801998,0.2277513764502299,ds002721,labram_pretrained
47,0,1,combined_population,-0.0287764013345997,0.3044659966525687,ds002721,labram_pretrained
47,0,1,combined_personalized,-0.0287764013345997,0.3044659966525687,ds002721,labram_pretrained
47,0,1,prior,-0.0637870839770588,0.3125,ds002721,labram_random
47,0,1,eeg_population,0.0644649094879374,0.2046696032516637,ds002721,labram_random
47,0,1,eeg_personalized,0.0644649094879374,0.2046696032516637,ds002721,labram_random
47,0,1,combined_population,-0.0363561731974741,0.303351205733961,ds002721,labram_random
47,0,1,combined_personalized,-0.0363561731974741,0.303351205733961,ds002721,labram_random
47,0,2,prior,-0.0147535608560898,0.2475,ds002721,bandpower
47,0,2,eeg_population,-0.0532463752411642,0.2387651325584468,ds002721,bandpower
47,0,2,eeg_personalized,-0.0532463752411642,0.2387651325584468,ds002721,bandpower
47,0,2,combined_population,-0.0148484384723477,0.2708498277154425,ds002721,bandpower
47,0,2,combined_personalized,-0.0148484384723477,0.2708498277154425,ds002721,bandpower
47,0,2,prior,-0.0147535608560898,0.2475,ds002721,labram_pretrained
47,0,2,eeg_population,0.0540138523832449,0.230008844033758,ds002721,labram_pretrained
47,0,2,eeg_personalized,0.0540138523832449,0.230008844033758,ds002721,labram_pretrained
47,0,2,combined_population,0.0426843909022624,0.2449131502385004,ds002721,labram_pretrained
47,0,2,combined_personalized,0.0426843909022624,0.2449131502385004,ds002721,labram_pretrained
47,0,2,prior,-0.0147535608560898,0.2475,ds002721,labram_random
47,0,2,eeg_population,0.0728466446093934,0.2031639791129749,ds002721,labram_random
47,0,2,eeg_personalized,0.0728466446093934,0.2031639791129749,ds002721,labram_random
47,0,2,combined_population,0.0547845581695536,0.2359217137274358,ds002721,labram_random
47,0,2,combined_personalized,0.0547845581695536,0.2359217137274358,ds002721,labram_random
47,0,4,prior,-0.0177125101581637,0.2281249999999999,ds002721,bandpower
47,0,4,eeg_population,-0.0646246116443699,0.2400277508882369,ds002721,bandpower
47,0,4,eeg_personalized,-0.0646246116443699,0.2400277508882369,ds002721,bandpower
47,0,4,combined_population,-0.0264343155462036,0.2528670009456657,ds002721,bandpower
47,0,4,combined_personalized,-0.0264343155462036,0.2528670009456657,ds002721,bandpower
47,0,4,prior,-0.0177125101581637,0.2281249999999999,ds002721,labram_pretrained
47,0,4,eeg_population,0.0662787711417681,0.2238383534688175,ds002721,labram_pretrained
47,0,4,eeg_personalized,0.0662787711417681,0.2238383534688175,ds002721,labram_pretrained
47,0,4,combined_population,0.0687952494691369,0.2233820247370941,ds002721,labram_pretrained
47,0,4,combined_personalized,0.0687952494691369,0.2233820247370941,ds002721,labram_pretrained
47,0,4,prior,-0.0177125101581637,0.2281249999999999,ds002721,labram_random
47,0,4,eeg_population,0.0642141431590675,0.2051489903553752,ds002721,labram_random
47,0,4,eeg_personalized,0.0642141431590675,0.2051489903553752,ds002721,labram_random
47,0,4,combined_population,0.0600334264933681,0.2241941675770982,ds002721,labram_random
47,0,4,combined_personalized,0.0600334264933681,0.2241941675770982,ds002721,labram_random
47,1,0,prior,-0.0671477049656337,0.2555,ds002721,bandpower
47,1,0,eeg_population,-0.0268459975200889,0.2358673300622685,ds002721,bandpower
47,1,0,eeg_personalized,-0.0694074431902051,0.2861856593372029,ds002721,bandpower
47,1,0,combined_population,-0.0586060861996807,0.271074895852229,ds002721,bandpower
47,1,0,combined_personalized,-0.2156525138706054,0.300558586193493,ds002721,bandpower
47,1,0,prior,-0.0671477049656337,0.2555,ds002721,labram_pretrained
47,1,0,eeg_population,0.0617159756600314,0.2267318269907619,ds002721,labram_pretrained
47,1,0,eeg_personalized,0.0292899231592223,0.3146128543599998,ds002721,labram_pretrained
47,1,0,combined_population,-0.0061390881637455,0.2551691386245031,ds002721,labram_pretrained
47,1,0,combined_personalized,-0.2018283944852812,0.3120155400130013,ds002721,labram_pretrained
47,1,0,prior,-0.0671477049656337,0.2555,ds002721,labram_random
47,1,0,eeg_population,0.0687888470977955,0.2043569143813478,ds002721,labram_random
47,1,0,eeg_personalized,-0.057816881757202,0.2820988104656776,ds002721,labram_random
47,1,0,combined_population,-0.0020922006115389,0.2465155902992888,ds002721,labram_random
47,1,0,combined_personalized,-0.2749681302525186,0.2947102264138514,ds002721,labram_random
47,1,1,prior,-0.0637870839770588,0.3125,ds002721,bandpower
47,1,1,eeg_population,-0.0277204358441663,0.2329513064063209,ds002721,bandpower
47,1,1,eeg_personalized,-0.068018501444238,0.2866685150710107,ds002721,bandpower
47,1,1,combined_population,-0.061922591938505,0.3325601005717489,ds002721,bandpower
47,1,1,combined_personalized,-0.1983581005536885,0.344376201306851,ds002721,bandpower
47,1,1,prior,-0.0637870839770588,0.3125,ds002721,labram_pretrained
47,1,1,eeg_population,0.0576348213801998,0.2277513764502299,ds002721,labram_pretrained
47,1,1,eeg_personalized,0.0329871052119064,0.3091640509837347,ds002721,labram_pretrained
47,1,1,combined_population,-0.0287764013345997,0.3044659966525687,ds002721,labram_pretrained
47,1,1,combined_personalized,-0.2068402051563822,0.3386552313620442,ds002721,labram_pretrained
47,1,1,prior,-0.0637870839770588,0.3125,ds002721,labram_random
47,1,1,eeg_population,0.0644649094879374,0.2046696032516637,ds002721,labram_random
47,1,1,eeg_personalized,-0.0627020341567967,0.2832345845640721,ds002721,labram_random
47,1,1,combined_population,-0.0363561731974741,0.303351205733961,ds002721,labram_random
47,1,1,combined_personalized,-0.2404704947973013,0.3606438281501399,ds002721,labram_random
47,1,2,prior,-0.0147535608560898,0.2475,ds002721,bandpower
47,1,2,eeg_population,-0.0532463752411642,0.2387651325584468,ds002721,bandpower
47,1,2,eeg_personalized,-0.0736386163274271,0.2864379009636723,ds002721,bandpower
47,1,2,combined_population,-0.0148484384723477,0.2708498277154425,ds002721,bandpower
47,1,2,combined_personalized,-0.1900214813866688,0.2973029605522937,ds002721,bandpower
47,1,2,prior,-0.0147535608560898,0.2475,ds002721,labram_pretrained
47,1,2,eeg_population,0.0540138523832449,0.230008844033758,ds002721,labram_pretrained
47,1,2,eeg_personalized,0.0190549190873865,0.3142407610908893,ds002721,labram_pretrained
47,1,2,combined_population,0.0426843909022624,0.2449131502385004,ds002721,labram_pretrained
47,1,2,combined_personalized,-0.2012724267388833,0.3038262207249622,ds002721,labram_pretrained
47,1,2,prior,-0.0147535608560898,0.2475,ds002721,labram_random
47,1,2,eeg_population,0.0728466446093934,0.2031639791129749,ds002721,labram_random
47,1,2,eeg_personalized,-0.0438070610558239,0.2833517055896764,ds002721,labram_random
47,1,2,combined_population,0.0547845581695536,0.2359217137274358,ds002721,labram_random
47,1,2,combined_personalized,-0.2197250912002471,0.3030729708139765,ds002721,labram_random
47,1,4,prior,-0.0177125101581637,0.2281249999999999,ds002721,bandpower
47,1,4,eeg_population,-0.0646246116443699,0.2400277508882369,ds002721,bandpower
47,1,4,eeg_personalized,-0.0951279210783287,0.2914275319490276,ds002721,bandpower
47,1,4,combined_population,-0.0264343155462036,0.2528670009456657,ds002721,bandpower
47,1,4,combined_personalized,-0.2334584204872809,0.3123512884147324,ds002721,bandpower
47,1,4,prior,-0.0177125101581637,0.2281249999999999,ds002721,labram_pretrained
47,1,4,eeg_population,0.0662787711417681,0.2238383534688175,ds002721,labram_pretrained
47,1,4,eeg_personalized,0.0239730110377989,0.3106309821815052,ds002721,labram_pretrained
47,1,4,combined_population,0.0687952494691369,0.2233820247370941,ds002721,labram_pretrained
47,1,4,combined_personalized,-0.1968144277331828,0.3147539708310759,ds002721,labram_pretrained
47,1,4,prior,-0.0177125101581637,0.2281249999999999,ds002721,labram_random
47,1,4,eeg_population,0.0642141431590675,0.2051489903553752,ds002721,labram_random
47,1,4,eeg_personalized,-0.0591672618145375,0.2836516466474911,ds002721,labram_random
47,1,4,combined_population,0.0600334264933681,0.2241941675770982,ds002721,labram_random
47,1,4,combined_personalized,-0.2697284778405154,0.30326591641326,ds002721,labram_random
47,2,0,prior,-0.0671477049656337,0.2555,ds002721,bandpower
47,2,0,eeg_population,-0.0268459975200889,0.2358673300622685,ds002721,bandpower
47,2,0,eeg_personalized,-0.0968113231471999,0.2600412627613936,ds002721,bandpower
47,2,0,combined_population,-0.0586060861996807,0.271074895852229,ds002721,bandpower
47,2,0,combined_personalized,-0.2192947688091518,0.2682800852490179,ds002721,bandpower
47,2,0,prior,-0.0671477049656337,0.2555,ds002721,labram_pretrained
47,2,0,eeg_population,0.0617159756600314,0.2267318269907619,ds002721,labram_pretrained
47,2,0,eeg_personalized,-0.0076348298146454,0.2693613950815112,ds002721,labram_pretrained
47,2,0,combined_population,-0.0061390881637455,0.2551691386245031,ds002721,labram_pretrained
47,2,0,combined_personalized,-0.2136952441916969,0.2744692246821668,ds002721,labram_pretrained
47,2,0,prior,-0.0671477049656337,0.2555,ds002721,labram_random
47,2,0,eeg_population,0.0687888470977955,0.2043569143813478,ds002721,labram_random
47,2,0,eeg_personalized,-0.0757490839347973,0.2547129417064934,ds002721,labram_random
47,2,0,combined_population,-0.0020922006115389,0.2465155902992888,ds002721,labram_random
47,2,0,combined_personalized,-0.2455199282880645,0.2685935214604214,ds002721,labram_random
47,2,1,prior,-0.0637870839770588,0.3125,ds002721,bandpower
47,2,1,eeg_population,-0.0277204358441663,0.2329513064063209,ds002721,bandpower
47,2,1,eeg_personalized,-0.0980289467286027,0.2613383930051349,ds002721,bandpower
47,2,1,combined_population,-0.061922591938505,0.3325601005717489,ds002721,bandpower
47,2,1,combined_personalized,-0.1658063154051104,0.3504112303313966,ds002721,bandpower
47,2,1,prior,-0.0637870839770588,0.3125,ds002721,labram_pretrained
47,2,1,eeg_population,0.0576348213801998,0.2277513764502299,ds002721,labram_pretrained
47,2,1,eeg_personalized,-0.0144817637029432,0.2683156524628202,ds002721,labram_pretrained
47,2,1,combined_population,-0.0287764013345997,0.3044659966525687,ds002721,labram_pretrained
47,2,1,combined_personalized,-0.1549295200581161,0.3432623923030152,ds002721,labram_pretrained
47,2,1,prior,-0.0637870839770588,0.3125,ds002721,labram_random
47,2,1,eeg_population,0.0644649094879374,0.2046696032516637,ds002721,labram_random
47,2,1,eeg_personalized,-0.0772137300147445,0.2556478213932578,ds002721,labram_random
47,2,1,combined_population,-0.0363561731974741,0.303351205733961,ds002721,labram_random
47,2,1,combined_personalized,-0.1899593198236199,0.3558413535460006,ds002721,labram_random
47,2,2,prior,-0.0147535608560898,0.2475,ds002721,bandpower
47,2,2,eeg_population,-0.0532463752411642,0.2387651325584468,ds002721,bandpower
47,2,2,eeg_personalized,-0.0989447177832595,0.2601043785275079,ds002721,bandpower
47,2,2,combined_population,-0.0148484384723477,0.2708498277154425,ds002721,bandpower
47,2,2,combined_personalized,-0.1523838544591661,0.2849837726014789,ds002721,bandpower
47,2,2,prior,-0.0147535608560898,0.2475,ds002721,labram_pretrained
47,2,2,eeg_population,0.0540138523832449,0.230008844033758,ds002721,labram_pretrained
47,2,2,eeg_personalized,-0.0148519700983507,0.2712905946942406,ds002721,labram_pretrained
47,2,2,combined_population,0.0426843909022624,0.2449131502385004,ds002721,labram_pretrained
47,2,2,combined_personalized,-0.1450828898508878,0.2813976389908779,ds002721,labram_pretrained
47,2,2,prior,-0.0147535608560898,0.2475,ds002721,labram_random
47,2,2,eeg_population,0.0728466446093934,0.2031639791129749,ds002721,labram_random
47,2,2,eeg_personalized,-0.065373806608311,0.2553773160241366,ds002721,labram_random
47,2,2,combined_population,0.0547845581695536,0.2359217137274358,ds002721,labram_random
47,2,2,combined_personalized,-0.1595128222901363,0.2874043308717803,ds002721,labram_random
47,2,4,prior,-0.0177125101581637,0.2281249999999999,ds002721,bandpower
47,2,4,eeg_population,-0.0646246116443699,0.2400277508882369,ds002721,bandpower
47,2,4,eeg_personalized,-0.1105387271113243,0.2632313053380586,ds002721,bandpower
47,2,4,combined_population,-0.0264343155462036,0.2528670009456657,ds002721,bandpower
47,2,4,combined_personalized,-0.2085236057084897,0.2592247160921473,ds002721,bandpower
47,2,4,prior,-0.0177125101581637,0.2281249999999999,ds002721,labram_pretrained
47,2,4,eeg_population,0.0662787711417681,0.2238383534688175,ds002721,labram_pretrained
47,2,4,eeg_personalized,-0.0087661635076729,0.2662330907503749,ds002721,labram_pretrained
47,2,4,combined_population,0.0687952494691369,0.2233820247370941,ds002721,labram_pretrained
47,2,4,combined_personalized,-0.1853693614057749,0.2471265955999384,ds002721,labram_pretrained
47,2,4,prior,-0.0177125101581637,0.2281249999999999,ds002721,labram_random
47,2,4,eeg_population,0.0642141431590675,0.2051489903553752,ds002721,labram_random
47,2,4,eeg_personalized,-0.0757085534637422,0.2528954370073591,ds002721,labram_random
47,2,4,combined_population,0.0600334264933681,0.2241941675770982,ds002721,labram_random
47,2,4,combined_personalized,-0.2097558288632397,0.2456904504226216,ds002721,labram_random
47,4,0,prior,-0.0671477049656337,0.2555,ds002721,bandpower
47,4,0,eeg_population,-0.0268459975200889,0.2358673300622685,ds002721,bandpower
47,4,0,eeg_personalized,0.2699593598472304,0.1946880165172249,ds002721,bandpower
47,4,0,combined_population,-0.0586060861996807,0.271074895852229,ds002721,bandpower
47,4,0,combined_personalized,0.0834262015926945,0.2455164633231874,ds002721,bandpower
47,4,0,prior,-0.0671477049656337,0.2555,ds002721,labram_pretrained
47,4,0,eeg_population,0.0617159756600314,0.2267318269907619,ds002721,labram_pretrained
47,4,0,eeg_personalized,0.299729048905238,0.2033958846362481,ds002721,labram_pretrained
47,4,0,combined_population,-0.0061390881637455,0.2551691386245031,ds002721,labram_pretrained
47,4,0,combined_personalized,0.1108596643633977,0.2448798803749208,ds002721,labram_pretrained
47,4,0,prior,-0.0671477049656337,0.2555,ds002721,labram_random
47,4,0,eeg_population,0.0687888470977955,0.2043569143813478,ds002721,labram_random
47,4,0,eeg_personalized,0.3032503882309503,0.1929800716771367,ds002721,labram_random
47,4,0,combined_population,-0.0020922006115389,0.2465155902992888,ds002721,labram_random
47,4,0,combined_personalized,0.1078246206533183,0.2474763020527026,ds002721,labram_random
47,4,1,prior,-0.0637870839770588,0.3125,ds002721,bandpower
47,4,1,eeg_population,-0.0277204358441663,0.2329513064063209,ds002721,bandpower
47,4,1,eeg_personalized,0.2692550545056556,0.1947021796977975,ds002721,bandpower
47,4,1,combined_population,-0.061922591938505,0.3325601005717489,ds002721,bandpower
47,4,1,combined_personalized,0.0300430035224522,0.3289744426330988,ds002721,bandpower
47,4,1,prior,-0.0637870839770588,0.3125,ds002721,labram_pretrained
47,4,1,eeg_population,0.0576348213801998,0.2277513764502299,ds002721,labram_pretrained
47,4,1,eeg_personalized,0.2963771520860868,0.2031744163406216,ds002721,labram_pretrained
47,4,1,combined_population,-0.0287764013345997,0.3044659966525687,ds002721,labram_pretrained
47,4,1,combined_personalized,0.0506763749882204,0.319695161411673,ds002721,labram_pretrained
47,4,1,prior,-0.0637870839770588,0.3125,ds002721,labram_random
47,4,1,eeg_population,0.0644649094879374,0.2046696032516637,ds002721,labram_random
47,4,1,eeg_personalized,0.3011877635571267,0.194232949600473,ds002721,labram_random
47,4,1,combined_population,-0.0363561731974741,0.303351205733961,ds002721,labram_random
47,4,1,combined_personalized,0.0370113159575091,0.3368441410775455,ds002721,labram_random
47,4,2,prior,-0.0147535608560898,0.2475,ds002721,bandpower
47,4,2,eeg_population,-0.0532463752411642,0.2387651325584468,ds002721,bandpower
47,4,2,eeg_personalized,0.2729501905936858,0.1942915743606459,ds002721,bandpower
47,4,2,combined_population,-0.0148484384723477,0.2708498277154425,ds002721,bandpower
47,4,2,combined_personalized,0.1036275891808442,0.2615830092655601,ds002721,bandpower
47,4,2,prior,-0.0147535608560898,0.2475,ds002721,labram_pretrained
47,4,2,eeg_population,0.0540138523832449,0.230008844033758,ds002721,labram_pretrained
47,4,2,eeg_personalized,0.30460292917666,0.2013855544290571,ds002721,labram_pretrained
47,4,2,combined_population,0.0426843909022624,0.2449131502385004,ds002721,labram_pretrained
47,4,2,combined_personalized,0.1279504089385953,0.2585876273339683,ds002721,labram_pretrained
47,4,2,prior,-0.0147535608560898,0.2475,ds002721,labram_random
47,4,2,eeg_population,0.0728466446093934,0.2031639791129749,ds002721,labram_random
47,4,2,eeg_personalized,0.3113748434599749,0.1938035745754247,ds002721,labram_random
47,4,2,combined_population,0.0547845581695536,0.2359217137274358,ds002721,labram_random
47,4,2,combined_personalized,0.129831370662501,0.2621720610775044,ds002721,labram_random
47,4,4,prior,-0.0177125101581637,0.2281249999999999,ds002721,bandpower
47,4,4,eeg_population,-0.0646246116443699,0.2400277508882369,ds002721,bandpower
47,4,4,eeg_personalized,0.2566719654869168,0.1969283029683258,ds002721,bandpower
47,4,4,combined_population,-0.0264343155462036,0.2528670009456657,ds002721,bandpower
47,4,4,combined_personalized,0.1441931152938771,0.2181975088641458,ds002721,bandpower
47,4,4,prior,-0.0177125101581637,0.2281249999999999,ds002721,labram_pretrained
47,4,4,eeg_population,0.0662787711417681,0.2238383534688175,ds002721,labram_pretrained
47,4,4,eeg_personalized,0.3129421214582809,0.2002648213197845,ds002721,labram_pretrained
47,4,4,combined_population,0.0687952494691369,0.2233820247370941,ds002721,labram_pretrained
47,4,4,combined_personalized,0.1942754909107965,0.2103889256374241,ds002721,labram_pretrained
47,4,4,prior,-0.0177125101581637,0.2281249999999999,ds002721,labram_random
47,4,4,eeg_population,0.0642141431590675,0.2051489903553752,ds002721,labram_random
47,4,4,eeg_personalized,0.3051679540962914,0.1942629576296466,ds002721,labram_random
47,4,4,combined_population,0.0600334264933681,0.2241941675770982,ds002721,labram_random
47,4,4,combined_personalized,0.1857669869487326,0.218167563841682,ds002721,labram_random
47,8,0,prior,-0.0671477049656337,0.2555,ds002721,bandpower
47,8,0,eeg_population,-0.0268459975200889,0.2358673300622685,ds002721,bandpower
47,8,0,eeg_personalized,0.0324431901268258,0.2166667958515579,ds002721,bandpower
47,8,0,combined_population,-0.0586060861996807,0.271074895852229,ds002721,bandpower
47,8,0,combined_personalized,-0.0293969782910211,0.256682250543793,ds002721,bandpower
47,8,0,prior,-0.0671477049656337,0.2555,ds002721,labram_pretrained
47,8,0,eeg_population,0.0617159756600314,0.2267318269907619,ds002721,labram_pretrained
47,8,0,eeg_personalized,0.09660235892533,0.2255478160038591,ds002721,labram_pretrained
47,8,0,combined_population,-0.0061390881637455,0.2551691386245031,ds002721,labram_pretrained
47,8,0,combined_personalized,-0.0169171265208065,0.2583287098525184,ds002721,labram_pretrained
47,8,0,prior,-0.0671477049656337,0.2555,ds002721,labram_random
47,8,0,eeg_population,0.0687888470977955,0.2043569143813478,ds002721,labram_random
47,8,0,eeg_personalized,0.0893926582349189,0.2087587690725253,ds002721,labram_random
47,8,0,combined_population,-0.0020922006115389,0.2465155902992888,ds002721,labram_random
47,8,0,combined_personalized,0.0097376146058429,0.2524264882284599,ds002721,labram_random
47,8,1,prior,-0.0637870839770588,0.3125,ds002721,bandpower
47,8,1,eeg_population,-0.0277204358441663,0.2329513064063209,ds002721,bandpower
47,8,1,eeg_personalized,0.0316934377783434,0.2169472016930213,ds002721,bandpower
47,8,1,combined_population,-0.061922591938505,0.3325601005717489,ds002721,bandpower
47,8,1,combined_personalized,-0.0368846823575043,0.3421051213166516,ds002721,bandpower
47,8,1,prior,-0.0637870839770588,0.3125,ds002721,labram_pretrained
47,8,1,eeg_population,0.0576348213801998,0.2277513764502299,ds002721,labram_pretrained
47,8,1,eeg_personalized,0.0928430568913072,0.2256968825345039,ds002721,labram_pretrained
47,8,1,combined_population,-0.0287764013345997,0.3044659966525687,ds002721,labram_pretrained
47,8,1,combined_personalized,-0.0283169119206334,0.3289909930292127,ds002721,labram_pretrained
47,8,1,prior,-0.0637870839770588,0.3125,ds002721,labram_random
47,8,1,eeg_population,0.0644649094879374,0.2046696032516637,ds002721,labram_random
47,8,1,eeg_personalized,0.088347003256297,0.2096538334184562,ds002721,labram_random
47,8,1,combined_population,-0.0363561731974741,0.303351205733961,ds002721,labram_random
47,8,1,combined_personalized,-0.0242807434439263,0.3460552701000295,ds002721,labram_random
47,8,2,prior,-0.0147535608560898,0.2475,ds002721,bandpower
47,8,2,eeg_population,-0.0532463752411642,0.2387651325584468,ds002721,bandpower
47,8,2,eeg_personalized,0.0331277468822622,0.2147989308196217,ds002721,bandpower
47,8,2,combined_population,-0.0148484384723477,0.2708498277154425,ds002721,bandpower
47,8,2,combined_personalized,0.0059832684316279,0.2679729873559057,ds002721,bandpower
47,8,2,prior,-0.0147535608560898,0.2475,ds002721,labram_pretrained
47,8,2,eeg_population,0.0540138523832449,0.230008844033758,ds002721,labram_pretrained
47,8,2,eeg_personalized,0.0954274317423747,0.2260056972665972,ds002721,labram_pretrained
47,8,2,combined_population,0.0426843909022624,0.2449131502385004,ds002721,labram_pretrained
47,8,2,combined_personalized,0.0162625987643525,0.2612315224541202,ds002721,labram_pretrained
47,8,2,prior,-0.0147535608560898,0.2475,ds002721,labram_random
47,8,2,eeg_population,0.0728466446093934,0.2031639791129749,ds002721,labram_random
47,8,2,eeg_personalized,0.1014515681151186,0.2090465845868051,ds002721,labram_random
47,8,2,combined_population,0.0547845581695536,0.2359217137274358,ds002721,labram_random
47,8,2,combined_personalized,0.0417217896075252,0.2698345009593971,ds002721,labram_random
47,8,4,prior,-0.0177125101581637,0.2281249999999999,ds002721,bandpower
47,8,4,eeg_population,-0.0646246116443699,0.2400277508882369,ds002721,bandpower
47,8,4,eeg_personalized,0.0191089435850079,0.2190887221109186,ds002721,bandpower
47,8,4,combined_population,-0.0264343155462036,0.2528670009456657,ds002721,bandpower
47,8,4,combined_personalized,0.0138929781987828,0.2368373218572763,ds002721,bandpower
47,8,4,prior,-0.0177125101581637,0.2281249999999999,ds002721,labram_pretrained
47,8,4,eeg_population,0.0662787711417681,0.2238383534688175,ds002721,labram_pretrained
47,8,4,eeg_personalized,0.1094787909409405,0.2208286530255248,ds002721,labram_pretrained
47,8,4,combined_population,0.0687952494691369,0.2233820247370941,ds002721,labram_pretrained
47,8,4,combined_personalized,0.0477095059678459,0.2256280076161461,ds002721,labram_pretrained
47,8,4,prior,-0.0177125101581637,0.2281249999999999,ds002721,labram_random
47,8,4,eeg_population,0.0642141431590675,0.2051489903553752,ds002721,labram_random
47,8,4,eeg_personalized,0.0935870321966019,0.208517563676951,ds002721,labram_random
47,8,4,combined_population,0.0600334264933681,0.2241941675770982,ds002721,labram_random
47,8,4,combined_personalized,0.075184315786486,0.2276959849883039,ds002721,labram_random
71,0,0,prior,0.074031507982688,0.2517613636363636,ds002721,bandpower
71,0,0,eeg_population,0.0818592627640106,0.2274659590113711,ds002721,bandpower
71,0,0,eeg_personalized,0.0818592627640106,0.2274659590113711,ds002721,bandpower
71,0,0,combined_population,0.10323178008168,0.2435279925163764,ds002721,bandpower
71,0,0,combined_personalized,0.10323178008168,0.2435279925163764,ds002721,bandpower
71,0,0,prior,0.074031507982688,0.2517613636363636,ds002721,labram_pretrained
71,0,0,eeg_population,0.0678149836488864,0.2285183084954193,ds002721,labram_pretrained
71,0,0,eeg_personalized,0.0678149836488864,0.2285183084954193,ds002721,labram_pretrained
71,0,0,combined_population,0.1006346914890723,0.2550077998815627,ds002721,labram_pretrained
71,0,0,combined_personalized,0.1006346914890723,0.2550077998815627,ds002721,labram_pretrained
71,0,0,prior,0.074031507982688,0.2517613636363636,ds002721,labram_random
71,0,0,eeg_population,-0.0133749041076463,0.2412167857902168,ds002721,labram_random
71,0,0,eeg_personalized,-0.0133749041076463,0.2412167857902168,ds002721,labram_random
71,0,0,combined_population,0.0791067983111552,0.2589259073230237,ds002721,labram_random
71,0,0,combined_personalized,0.0791067983111552,0.2589259073230237,ds002721,labram_random
71,0,1,prior,-0.0270377566436449,0.3210227272727273,ds002721,bandpower
71,0,1,eeg_population,0.0769426453864947,0.2338749143411619,ds002721,bandpower
71,0,1,eeg_personalized,0.0769426453864947,0.2338749143411619,ds002721,bandpower
71,0,1,combined_population,-0.0031695308112613,0.3290234389435751,ds002721,bandpower
71,0,1,combined_personalized,-0.0031695308112613,0.3290234389435751,ds002721,bandpower
71,0,1,prior,-0.0270377566436449,0.3210227272727273,ds002721,labram_pretrained
71,0,1,eeg_population,0.0860585958632096,0.2271218273077004,ds002721,labram_pretrained
71,0,1,eeg_personalized,0.0860585958632096,0.2271218273077004,ds002721,labram_pretrained
71,0,1,combined_population,-0.0005688174049003,0.3268463749189335,ds002721,labram_pretrained
71,0,1,combined_personalized,-0.0005688174049003,0.3268463749189335,ds002721,labram_pretrained
71,0,1,prior,-0.0270377566436449,0.3210227272727273,ds002721,labram_random
71,0,1,eeg_population,-0.0225536929188633,0.2423840297686931,ds002721,labram_random
71,0,1,eeg_personalized,-0.0225536929188633,0.2423840297686931,ds002721,labram_random
71,0,1,combined_population,-0.0306458587276641,0.343137733272533,ds002721,labram_random
71,0,1,combined_personalized,-0.0306458587276641,0.343137733272533,ds002721,labram_random
71,0,2,prior,-0.051525972225115,0.2954545454545454,ds002721,bandpower
71,0,2,eeg_population,0.1139419437048687,0.2300362395210486,ds002721,bandpower
71,0,2,eeg_personalized,0.1139419437048687,0.2300362395210486,ds002721,bandpower
71,0,2,combined_population,0.0011234575998579,0.2957668585596443,ds002721,bandpower
71,0,2,combined_personalized,0.0011234575998579,0.2957668585596443,ds002721,bandpower
71,0,2,prior,-0.051525972225115,0.2954545454545454,ds002721,labram_pretrained
71,0,2,eeg_population,0.0968748244459369,0.2260145686924016,ds002721,labram_pretrained
71,0,2,eeg_personalized,0.0968748244459369,0.2260145686924016,ds002721,labram_pretrained
71,0,2,combined_population,-0.0062446735941333,0.2970435341870163,ds002721,labram_pretrained
71,0,2,combined_personalized,-0.0062446735941333,0.2970435341870163,ds002721,labram_pretrained
71,0,2,prior,-0.051525972225115,0.2954545454545454,ds002721,labram_random
71,0,2,eeg_population,-0.0111615110265203,0.241696458094163,ds002721,labram_random
71,0,2,eeg_personalized,-0.0111615110265203,0.241696458094163,ds002721,labram_random
71,0,2,combined_population,-0.0542287894292665,0.3015829010204062,ds002721,labram_random
71,0,2,combined_personalized,-0.0542287894292665,0.3015829010204062,ds002721,labram_random
71,0,4,prior,0.0724500207457243,0.2542613636363636,ds002721,bandpower
71,0,4,eeg_population,0.0968182373092228,0.2318385704807564,ds002721,bandpower
71,0,4,eeg_personalized,0.0968182373092228,0.2318385704807564,ds002721,bandpower
71,0,4,combined_population,0.1203052892572601,0.2517461235620792,ds002721,bandpower
71,0,4,combined_personalized,0.1203052892572601,0.2517461235620792,ds002721,bandpower
71,0,4,prior,0.0724500207457243,0.2542613636363636,ds002721,labram_pretrained
71,0,4,eeg_population,0.1022728542220744,0.2246508156800493,ds002721,labram_pretrained
71,0,4,eeg_personalized,0.1022728542220744,0.2246508156800493,ds002721,labram_pretrained
71,0,4,combined_population,0.1091222461332799,0.2599673868667924,ds002721,labram_pretrained
71,0,4,combined_personalized,0.1091222461332799,0.2599673868667924,ds002721,labram_pretrained
71,0,4,prior,0.0724500207457243,0.2542613636363636,ds002721,labram_random
71,0,4,eeg_population,-0.0395366097932284,0.246206175776933,ds002721,labram_random
71,0,4,eeg_personalized,-0.0395366097932284,0.246206175776933,ds002721,labram_random
71,0,4,combined_population,0.0340515283652759,0.2675484680309645,ds002721,labram_random
71,0,4,combined_personalized,0.0340515283652759,0.2675484680309645,ds002721,labram_random
71,1,0,prior,0.074031507982688,0.2517613636363636,ds002721,bandpower
71,1,0,eeg_population,0.0818592627640106,0.2274659590113711,ds002721,bandpower
71,1,0,eeg_personalized,0.4908933145752082,0.2279694657874503,ds002721,bandpower
71,1,0,combined_population,0.10323178008168,0.2435279925163764,ds002721,bandpower
71,1,0,combined_personalized,0.4698742632202475,0.272893949542873,ds002721,bandpower
71,1,0,prior,0.074031507982688,0.2517613636363636,ds002721,labram_pretrained
71,1,0,eeg_population,0.0678149836488864,0.2285183084954193,ds002721,labram_pretrained
71,1,0,eeg_personalized,0.4916096915356982,0.2417302176653036,ds002721,labram_pretrained
71,1,0,combined_population,0.1006346914890723,0.2550077998815627,ds002721,labram_pretrained
71,1,0,combined_personalized,0.4929499895031931,0.2695477761799141,ds002721,labram_pretrained
71,1,0,prior,0.074031507982688,0.2517613636363636,ds002721,labram_random
71,1,0,eeg_population,-0.0133749041076463,0.2412167857902168,ds002721,labram_random
71,1,0,eeg_personalized,0.4540571586946058,0.240726313608464,ds002721,labram_random
71,1,0,combined_population,0.0791067983111552,0.2589259073230237,ds002721,labram_random
71,1,0,combined_personalized,0.3974156438145446,0.2983895619386759,ds002721,labram_random
71,1,1,prior,-0.0270377566436449,0.3210227272727273,ds002721,bandpower
71,1,1,eeg_population,0.0769426453864947,0.2338749143411619,ds002721,bandpower
71,1,1,eeg_personalized,0.4599495717330763,0.2379003041867818,ds002721,bandpower
71,1,1,combined_population,-0.0031695308112613,0.3290234389435751,ds002721,bandpower
71,1,1,combined_personalized,0.3451853022838009,0.3517898125851361,ds002721,bandpower
71,1,1,prior,-0.0270377566436449,0.3210227272727273,ds002721,labram_pretrained
71,1,1,eeg_population,0.0860585958632096,0.2271218273077004,ds002721,labram_pretrained
71,1,1,eeg_personalized,0.4992317228111395,0.2402860682673988,ds002721,labram_pretrained
71,1,1,combined_population,-0.0005688174049003,0.3268463749189335,ds002721,labram_pretrained
71,1,1,combined_personalized,0.3714746805171718,0.345846161381297,ds002721,labram_pretrained
71,1,1,prior,-0.0270377566436449,0.3210227272727273,ds002721,labram_random
71,1,1,eeg_population,-0.0225536929188633,0.2423840297686931,ds002721,labram_random
71,1,1,eeg_personalized,0.4533243390923653,0.241870666666776,ds002721,labram_random
71,1,1,combined_population,-0.0306458587276641,0.343137733272533,ds002721,labram_random
71,1,1,combined_personalized,0.3317674829301815,0.3410595277378244,ds002721,labram_random
71,1,2,prior,-0.051525972225115,0.2954545454545454,ds002721,bandpower
71,1,2,eeg_population,0.1139419437048687,0.2300362395210486,ds002721,bandpower
71,1,2,eeg_personalized,0.4642316485128823,0.2348090168975664,ds002721,bandpower
71,1,2,combined_population,0.0011234575998579,0.2957668585596443,ds002721,bandpower
71,1,2,combined_personalized,0.3694356536455205,0.3132859110891652,ds002721,bandpower
71,1,2,prior,-0.051525972225115,0.2954545454545454,ds002721,labram_pretrained
71,1,2,eeg_population,0.0968748244459369,0.2260145686924016,ds002721,labram_pretrained
71,1,2,eeg_personalized,0.4976159263833141,0.2418684877971696,ds002721,labram_pretrained
71,1,2,combined_population,-0.0062446735941333,0.2970435341870163,ds002721,labram_pretrained
71,1,2,combined_personalized,0.4190189006291727,0.3039048440331966,ds002721,labram_pretrained
71,1,2,prior,-0.051525972225115,0.2954545454545454,ds002721,labram_random
71,1,2,eeg_population,-0.0111615110265203,0.241696458094163,ds002721,labram_random
71,1,2,eeg_personalized,0.4622192746036305,0.2400162680864772,ds002721,labram_random
71,1,2,combined_population,-0.0542287894292665,0.3015829010204062,ds002721,labram_random
71,1,2,combined_personalized,0.3788514189905041,0.3000982164453007,ds002721,labram_random
71,1,4,prior,0.0724500207457243,0.2542613636363636,ds002721,bandpower
71,1,4,eeg_population,0.0968182373092228,0.2318385704807564,ds002721,bandpower
71,1,4,eeg_personalized,0.4584072385245011,0.2384383635164478,ds002721,bandpower
71,1,4,combined_population,0.1203052892572601,0.2517461235620792,ds002721,bandpower
71,1,4,combined_personalized,0.4861212492141712,0.2467727886732504,ds002721,bandpower
71,1,4,prior,0.0724500207457243,0.2542613636363636,ds002721,labram_pretrained
71,1,4,eeg_population,0.1022728542220744,0.2246508156800493,ds002721,labram_pretrained
71,1,4,eeg_personalized,0.4887209534761946,0.2482353393786283,ds002721,labram_pretrained
71,1,4,combined_population,0.1091222461332799,0.2599673868667924,ds002721,labram_pretrained
71,1,4,combined_personalized,0.5229027848499666,0.2410694388951095,ds002721,labram_pretrained
71,1,4,prior,0.0724500207457243,0.2542613636363636,ds002721,labram_random
71,1,4,eeg_population,-0.0395366097932284,0.246206175776933,ds002721,labram_random
71,1,4,eeg_personalized,0.4682742063124074,0.2379607562994307,ds002721,labram_random
71,1,4,combined_population,0.0340515283652759,0.2675484680309645,ds002721,labram_random
71,1,4,combined_personalized,0.4603921205574843,0.2418067995396168,ds002721,labram_random
71,2,0,prior,0.074031507982688,0.2517613636363636,ds002721,bandpower
71,2,0,eeg_population,0.0818592627640106,0.2274659590113711,ds002721,bandpower
71,2,0,eeg_personalized,0.5546734375543334,0.179124799072015,ds002721,bandpower
71,2,0,combined_population,0.10323178008168,0.2435279925163764,ds002721,bandpower
71,2,0,combined_personalized,0.4898397935409028,0.2598811241898181,ds002721,bandpower
71,2,0,prior,0.074031507982688,0.2517613636363636,ds002721,labram_pretrained
71,2,0,eeg_population,0.0678149836488864,0.2285183084954193,ds002721,labram_pretrained
71,2,0,eeg_personalized,0.5635827548801867,0.1865856352852051,ds002721,labram_pretrained
71,2,0,combined_population,0.1006346914890723,0.2550077998815627,ds002721,labram_pretrained
71,2,0,combined_personalized,0.5172038421908601,0.2519311458020017,ds002721,labram_pretrained
71,2,0,prior,0.074031507982688,0.2517613636363636,ds002721,labram_random
71,2,0,eeg_population,-0.0133749041076463,0.2412167857902168,ds002721,labram_random
71,2,0,eeg_personalized,0.5413423162643262,0.1862605074171165,ds002721,labram_random
71,2,0,combined_population,0.0791067983111552,0.2589259073230237,ds002721,labram_random
71,2,0,combined_personalized,0.4449811866203627,0.2805926156483994,ds002721,labram_random
71,2,1,prior,-0.0270377566436449,0.3210227272727273,ds002721,bandpower
71,2,1,eeg_population,0.0769426453864947,0.2338749143411619,ds002721,bandpower
71,2,1,eeg_personalized,0.5152997743516569,0.1845012805646569,ds002721,bandpower
71,2,1,combined_population,-0.0031695308112613,0.3290234389435751,ds002721,bandpower
71,2,1,combined_personalized,0.3656856937081603,0.329161393208066,ds002721,bandpower
71,2,1,prior,-0.0270377566436449,0.3210227272727273,ds002721,labram_pretrained
71,2,1,eeg_population,0.0860585958632096,0.2271218273077004,ds002721,labram_pretrained
71,2,1,eeg_personalized,0.5703863934257958,0.1855160380513668,ds002721,labram_pretrained
71,2,1,combined_population,-0.0005688174049003,0.3268463749189335,ds002721,labram_pretrained
71,2,1,combined_personalized,0.3871701789559672,0.3272160803582831,ds002721,labram_pretrained
71,2,1,prior,-0.0270377566436449,0.3210227272727273,ds002721,labram_random
71,2,1,eeg_population,-0.0225536929188633,0.2423840297686931,ds002721,labram_random
71,2,1,eeg_personalized,0.5338960575080708,0.1905358257313836,ds002721,labram_random
71,2,1,combined_population,-0.0306458587276641,0.343137733272533,ds002721,labram_random
71,2,1,combined_personalized,0.3631227211576869,0.3340552619710353,ds002721,labram_random
71,2,2,prior,-0.051525972225115,0.2954545454545454,ds002721,bandpower
71,2,2,eeg_population,0.1139419437048687,0.2300362395210486,ds002721,bandpower
71,2,2,eeg_personalized,0.5163404698133317,0.184483084983951,ds002721,bandpower
71,2,2,combined_population,0.0011234575998579,0.2957668585596443,ds002721,bandpower
71,2,2,combined_personalized,0.4026379648602612,0.2916755580460161,ds002721,bandpower
71,2,2,prior,-0.051525972225115,0.2954545454545454,ds002721,labram_pretrained
71,2,2,eeg_population,0.0968748244459369,0.2260145686924016,ds002721,labram_pretrained
71,2,2,eeg_personalized,0.5706763700826496,0.187303712002734,ds002721,labram_pretrained
71,2,2,combined_population,-0.0062446735941333,0.2970435341870163,ds002721,labram_pretrained
71,2,2,combined_personalized,0.4431180125130037,0.284632911750001,ds002721,labram_pretrained
71,2,2,prior,-0.051525972225115,0.2954545454545454,ds002721,labram_random
71,2,2,eeg_population,-0.0111615110265203,0.241696458094163,ds002721,labram_random
71,2,2,eeg_personalized,0.5436301337887632,0.1879503237965814,ds002721,labram_random
71,2,2,combined_population,-0.0542287894292665,0.3015829010204062,ds002721,labram_random
71,2,2,combined_personalized,0.4170149784198034,0.2904378685898223,ds002721,labram_random
71,2,4,prior,0.0724500207457243,0.2542613636363636,ds002721,bandpower
71,2,4,eeg_population,0.0968182373092228,0.2318385704807564,ds002721,bandpower
71,2,4,eeg_personalized,0.5185311055596958,0.1852362974931129,ds002721,bandpower
71,2,4,combined_population,0.1203052892572601,0.2517461235620792,ds002721,bandpower
71,2,4,combined_personalized,0.5066745045964589,0.2530013127834839,ds002721,bandpower
71,2,4,prior,0.0724500207457243,0.2542613636363636,ds002721,labram_pretrained
71,2,4,eeg_population,0.1022728542220744,0.2246508156800493,ds002721,labram_pretrained
71,2,4,eeg_personalized,0.569851447416114,0.1901248678071723,ds002721,labram_pretrained
71,2,4,combined_population,0.1091222461332799,0.2599673868667924,ds002721,labram_pretrained
71,2,4,combined_personalized,0.539050061198738,0.2473127947091415,ds002721,labram_pretrained
71,2,4,prior,0.0724500207457243,0.2542613636363636,ds002721,labram_random
71,2,4,eeg_population,-0.0395366097932284,0.246206175776933,ds002721,labram_random
71,2,4,eeg_personalized,0.5431621230811494,0.1879973184404175,ds002721,labram_random
71,2,4,combined_population,0.0340515283652759,0.2675484680309645,ds002721,labram_random
71,2,4,combined_personalized,0.4884399599656742,0.2582782970483849,ds002721,labram_random
71,4,0,prior,0.074031507982688,0.2517613636363636,ds002721,bandpower
71,4,0,eeg_population,0.0818592627640106,0.2274659590113711,ds002721,bandpower
71,4,0,eeg_personalized,0.530568447031917,0.1839171919206675,ds002721,bandpower
71,4,0,combined_population,0.10323178008168,0.2435279925163764,ds002721,bandpower
71,4,0,combined_personalized,0.3833254751523312,0.2547879688259935,ds002721,bandpower
71,4,0,prior,0.074031507982688,0.2517613636363636,ds002721,labram_pretrained
71,4,0,eeg_population,0.0678149836488864,0.2285183084954193,ds002721,labram_pretrained
71,4,0,eeg_personalized,0.539918440482982,0.1803412124887378,ds002721,labram_pretrained
71,4,0,combined_population,0.1006346914890723,0.2550077998815627,ds002721,labram_pretrained
71,4,0,combined_personalized,0.3719397723329719,0.2646392223803328,ds002721,labram_pretrained
71,4,0,prior,0.074031507982688,0.2517613636363636,ds002721,labram_random
71,4,0,eeg_population,-0.0133749041076463,0.2412167857902168,ds002721,labram_random
71,4,0,eeg_personalized,0.4976135714758424,0.1894199132354119,ds002721,labram_random
71,4,0,combined_population,0.0791067983111552,0.2589259073230237,ds002721,labram_random
71,4,0,combined_personalized,0.3535844695387415,0.2704281757528809,ds002721,labram_random
71,4,1,prior,-0.0270377566436449,0.3210227272727273,ds002721,bandpower
71,4,1,eeg_population,0.0769426453864947,0.2338749143411619,ds002721,bandpower
71,4,1,eeg_personalized,0.4859374181550039,0.1963616695652123,ds002721,bandpower
71,4,1,combined_population,-0.0031695308112613,0.3290234389435751,ds002721,bandpower
71,4,1,combined_personalized,0.2548834535338994,0.3343648972892183,ds002721,bandpower
71,4,1,prior,-0.0270377566436449,0.3210227272727273,ds002721,labram_pretrained
71,4,1,eeg_population,0.0860585958632096,0.2271218273077004,ds002721,labram_pretrained
71,4,1,eeg_personalized,0.5495700235900629,0.1782304683502303,ds002721,labram_pretrained
71,4,1,combined_population,-0.0005688174049003,0.3268463749189335,ds002721,labram_pretrained
71,4,1,combined_personalized,0.2552927946973632,0.3298048506331067,ds002721,labram_pretrained
71,4,1,prior,-0.0270377566436449,0.3210227272727273,ds002721,labram_random
71,4,1,eeg_population,-0.0225536929188633,0.2423840297686931,ds002721,labram_random
71,4,1,eeg_personalized,0.491429933772613,0.1901460863967685,ds002721,labram_random
71,4,1,combined_population,-0.0306458587276641,0.343137733272533,ds002721,labram_random
71,4,1,combined_personalized,0.231997877899077,0.3405700987462755,ds002721,labram_random
71,4,2,prior,-0.051525972225115,0.2954545454545454,ds002721,bandpower
71,4,2,eeg_population,0.1139419437048687,0.2300362395210486,ds002721,bandpower
71,4,2,eeg_personalized,0.4839801724798678,0.1949904466880867,ds002721,bandpower
71,4,2,combined_population,0.0011234575998579,0.2957668585596443,ds002721,bandpower
71,4,2,combined_personalized,0.3142454978964851,0.2932480859457111,ds002721,bandpower
71,4,2,prior,-0.051525972225115,0.2954545454545454,ds002721,labram_pretrained
71,4,2,eeg_population,0.0968748244459369,0.2260145686924016,ds002721,labram_pretrained
71,4,2,eeg_personalized,0.5527190159335549,0.1783394389896435,ds002721,labram_pretrained
71,4,2,combined_population,-0.0062446735941333,0.2970435341870163,ds002721,labram_pretrained
71,4,2,combined_personalized,0.3363621963695839,0.2796732736765448,ds002721,labram_pretrained
71,4,2,prior,-0.051525972225115,0.2954545454545454,ds002721,labram_random
71,4,2,eeg_population,-0.0111615110265203,0.241696458094163,ds002721,labram_random
71,4,2,eeg_personalized,0.5008546887119221,0.1883467201396707,ds002721,labram_random
71,4,2,combined_population,-0.0542287894292665,0.3015829010204062,ds002721,labram_random
71,4,2,combined_personalized,0.3153901158779204,0.2886701593832672,ds002721,labram_random
71,4,4,prior,0.0724500207457243,0.2542613636363636,ds002721,bandpower
71,4,4,eeg_population,0.0968182373092228,0.2318385704807564,ds002721,bandpower
71,4,4,eeg_personalized,0.492062612868531,0.1948897603231252,ds002721,bandpower
71,4,4,combined_population,0.1203052892572601,0.2517461235620792,ds002721,bandpower
71,4,4,combined_personalized,0.4071364471302926,0.2382232105805499,ds002721,bandpower
71,4,4,prior,0.0724500207457243,0.2542613636363636,ds002721,labram_pretrained
71,4,4,eeg_population,0.1022728542220744,0.2246508156800493,ds002721,labram_pretrained
71,4,4,eeg_personalized,0.5568590126790074,0.1796985662960427,ds002721,labram_pretrained
71,4,4,combined_population,0.1091222461332799,0.2599673868667924,ds002721,labram_pretrained
71,4,4,combined_personalized,0.4157964140845721,0.2278145600501146,ds002721,labram_pretrained
71,4,4,prior,0.0724500207457243,0.2542613636363636,ds002721,labram_random
71,4,4,eeg_population,-0.0395366097932284,0.246206175776933,ds002721,labram_random
71,4,4,eeg_personalized,0.5011081565567481,0.1881434645856815,ds002721,labram_random
71,4,4,combined_population,0.0340515283652759,0.2675484680309645,ds002721,labram_random
71,4,4,combined_personalized,0.3779679939790444,0.2441894526617906,ds002721,labram_random
71,8,0,prior,0.074031507982688,0.2517613636363636,ds002721,bandpower
71,8,0,eeg_population,0.0818592627640106,0.2274659590113711,ds002721,bandpower
71,8,0,eeg_personalized,0.4110426352519403,0.195001097337553,ds002721,bandpower
71,8,0,combined_population,0.10323178008168,0.2435279925163764,ds002721,bandpower
71,8,0,combined_personalized,0.4037201877721634,0.2085957430556582,ds002721,bandpower
71,8,0,prior,0.074031507982688,0.2517613636363636,ds002721,labram_pretrained
71,8,0,eeg_population,0.0678149836488864,0.2285183084954193,ds002721,labram_pretrained
71,8,0,eeg_personalized,0.4177410793661714,0.1912352214201275,ds002721,labram_pretrained
71,8,0,combined_population,0.1006346914890723,0.2550077998815627,ds002721,labram_pretrained
71,8,0,combined_personalized,0.3696968118420005,0.2263367116271978,ds002721,labram_pretrained
71,8,0,prior,0.074031507982688,0.2517613636363636,ds002721,labram_random
71,8,0,eeg_population,-0.0133749041076463,0.2412167857902168,ds002721,labram_random
71,8,0,eeg_personalized,0.3613575123683569,0.1996259214166152,ds002721,labram_random
71,8,0,combined_population,0.0791067983111552,0.2589259073230237,ds002721,labram_random
71,8,0,combined_personalized,0.360821624197471,0.2303992628345353,ds002721,labram_random
71,8,1,prior,-0.0270377566436449,0.3210227272727273,ds002721,bandpower
71,8,1,eeg_population,0.0769426453864947,0.2338749143411619,ds002721,bandpower
71,8,1,eeg_personalized,0.3595693969356722,0.2049955870553093,ds002721,bandpower
71,8,1,combined_population,-0.0031695308112613,0.3290234389435751,ds002721,bandpower
71,8,1,combined_personalized,0.2166324643201176,0.2965195520597902,ds002721,bandpower
71,8,1,prior,-0.0270377566436449,0.3210227272727273,ds002721,labram_pretrained
71,8,1,eeg_population,0.0860585958632096,0.2271218273077004,ds002721,labram_pretrained
71,8,1,eeg_personalized,0.4280519819391771,0.1904354858015069,ds002721,labram_pretrained
71,8,1,combined_population,-0.0005688174049003,0.3268463749189335,ds002721,labram_pretrained
71,8,1,combined_personalized,0.2016216024973046,0.2944879514039121,ds002721,labram_pretrained
71,8,1,prior,-0.0270377566436449,0.3210227272727273,ds002721,labram_random
71,8,1,eeg_population,-0.0225536929188633,0.2423840297686931,ds002721,labram_random
71,8,1,eeg_personalized,0.3535855826418804,0.2010519320435971,ds002721,labram_random
71,8,1,combined_population,-0.0306458587276641,0.343137733272533,ds002721,labram_random
71,8,1,combined_personalized,0.1817704235537666,0.3080575698960024,ds002721,labram_random
71,8,2,prior,-0.051525972225115,0.2954545454545454,ds002721,bandpower
71,8,2,eeg_population,0.1139419437048687,0.2300362395210486,ds002721,bandpower
71,8,2,eeg_personalized,0.3491267003801064,0.2063282546353776,ds002721,bandpower
71,8,2,combined_population,0.0011234575998579,0.2957668585596443,ds002721,bandpower
71,8,2,combined_personalized,0.2684176149498345,0.2545048396511863,ds002721,bandpower
71,8,2,prior,-0.051525972225115,0.2954545454545454,ds002721,labram_pretrained
71,8,2,eeg_population,0.0968748244459369,0.2260145686924016,ds002721,labram_pretrained
71,8,2,eeg_personalized,0.4377404035240377,0.1881754136969756,ds002721,labram_pretrained
71,8,2,combined_population,-0.0062446735941333,0.2970435341870163,ds002721,labram_pretrained
71,8,2,combined_personalized,0.2804077558477232,0.2512852583539454,ds002721,labram_pretrained
71,8,2,prior,-0.051525972225115,0.2954545454545454,ds002721,labram_random
71,8,2,eeg_population,-0.0111615110265203,0.241696458094163,ds002721,labram_random
71,8,2,eeg_personalized,0.3679626275228007,0.1992543061932549,ds002721,labram_random
71,8,2,combined_population,-0.0542287894292665,0.3015829010204062,ds002721,labram_random
71,8,2,combined_personalized,0.2560561241120858,0.2544537661181175,ds002721,labram_random
71,8,4,prior,0.0724500207457243,0.2542613636363636,ds002721,bandpower
71,8,4,eeg_population,0.0968182373092228,0.2318385704807564,ds002721,bandpower
71,8,4,eeg_personalized,0.3674630871639849,0.2037065777585022,ds002721,bandpower
71,8,4,combined_population,0.1203052892572601,0.2517461235620792,ds002721,bandpower
71,8,4,combined_personalized,0.4161370930881302,0.2061713556008443,ds002721,bandpower
71,8,4,prior,0.0724500207457243,0.2542613636363636,ds002721,labram_pretrained
71,8,4,eeg_population,0.1022728542220744,0.2246508156800493,ds002721,labram_pretrained
71,8,4,eeg_personalized,0.4473865270168233,0.1875541113047858,ds002721,labram_pretrained
71,8,4,combined_population,0.1091222461332799,0.2599673868667924,ds002721,labram_pretrained
71,8,4,combined_personalized,0.4071660663056018,0.2086488947498885,ds002721,labram_pretrained
71,8,4,prior,0.0724500207457243,0.2542613636363636,ds002721,labram_random
71,8,4,eeg_population,-0.0395366097932284,0.246206175776933,ds002721,labram_random
71,8,4,eeg_personalized,0.3597398778341709,0.2025723909337967,ds002721,labram_random
71,8,4,combined_population,0.0340515283652759,0.2675484680309645,ds002721,labram_random
71,8,4,combined_personalized,0.3560609903467552,0.2174139476601188,ds002721,labram_random
101,0,0,prior,0.1350104812690211,0.2998233695652174,ds002721,bandpower
101,0,0,eeg_population,0.0152947149184343,0.2727746344683665,ds002721,bandpower
101,0,0,eeg_personalized,0.0152947149184343,0.2727746344683665,ds002721,bandpower
101,0,0,combined_population,0.1372477604091445,0.2928002858457549,ds002721,bandpower
101,0,0,combined_personalized,0.1372477604091445,0.2928002858457549,ds002721,bandpower
101,0,0,prior,0.1350104812690211,0.2998233695652174,ds002721,labram_pretrained
101,0,0,eeg_population,0.0655358166615374,0.2699991839332077,ds002721,labram_pretrained
101,0,0,eeg_personalized,0.0655358166615374,0.2699991839332077,ds002721,labram_pretrained
101,0,0,combined_population,0.1689966773390924,0.2934383225036701,ds002721,labram_pretrained
101,0,0,combined_personalized,0.1689966773390924,0.2934383225036701,ds002721,labram_pretrained
101,0,0,prior,0.1350104812690211,0.2998233695652174,ds002721,labram_random
101,0,0,eeg_population,-0.0360551038147471,0.2734382474009917,ds002721,labram_random
101,0,0,eeg_personalized,-0.0360551038147471,0.2734382474009917,ds002721,labram_random
101,0,0,combined_population,0.1054451492428496,0.3020491786959016,ds002721,labram_random
101,0,0,combined_personalized,0.1054451492428496,0.3020491786959016,ds002721,labram_random
101,0,1,prior,0.2852323912722328,0.2744565217391304,ds002721,bandpower
101,0,1,eeg_population,0.00118090169819,0.277138615973737,ds002721,bandpower
101,0,1,eeg_personalized,0.00118090169819,0.277138615973737,ds002721,bandpower
101,0,1,combined_population,0.2793511420913071,0.2808249423969543,ds002721,bandpower
101,0,1,combined_personalized,0.2793511420913071,0.2808249423969543,ds002721,bandpower
101,0,1,prior,0.2852323912722328,0.2744565217391304,ds002721,labram_pretrained
101,0,1,eeg_population,0.0489879273902679,0.264713281365084,ds002721,labram_pretrained
101,0,1,eeg_personalized,0.0489879273902679,0.264713281365084,ds002721,labram_pretrained
101,0,1,combined_population,0.3026314960167636,0.2853364556636935,ds002721,labram_pretrained
101,0,1,combined_personalized,0.3026314960167636,0.2853364556636935,ds002721,labram_pretrained
101,0,1,prior,0.2852323912722328,0.2744565217391304,ds002721,labram_random
101,0,1,eeg_population,-0.0425512307258057,0.2737578989467113,ds002721,labram_random
101,0,1,eeg_personalized,-0.0425512307258057,0.2737578989467113,ds002721,labram_random
101,0,1,combined_population,0.2699515904116371,0.2710977059365651,ds002721,labram_random
101,0,1,combined_personalized,0.2699515904116371,0.2710977059365651,ds002721,labram_random
101,0,2,prior,0.3204625544058852,0.2567934782608695,ds002721,bandpower
101,0,2,eeg_population,0.0125453056746819,0.2754579034159414,ds002721,bandpower
101,0,2,eeg_personalized,0.0125453056746819,0.2754579034159414,ds002721,bandpower
101,0,2,combined_population,0.3402812838296601,0.2626442363539376,ds002721,bandpower
101,0,2,combined_personalized,0.3402812838296601,0.2626442363539376,ds002721,bandpower
101,0,2,prior,0.3204625544058852,0.2567934782608695,ds002721,labram_pretrained
101,0,2,eeg_population,0.0423926226018257,0.2704381089010344,ds002721,labram_pretrained
101,0,2,eeg_personalized,0.0423926226018257,0.2704381089010344,ds002721,labram_pretrained
101,0,2,combined_population,0.3236076092160111,0.265340445987392,ds002721,labram_pretrained
101,0,2,combined_personalized,0.3236076092160111,0.265340445987392,ds002721,labram_pretrained
101,0,2,prior,0.3204625544058852,0.2567934782608695,ds002721,labram_random
101,0,2,eeg_population,-0.0530812679595429,0.2757588479538013,ds002721,labram_random
101,0,2,eeg_personalized,-0.0530812679595429,0.2757588479538013,ds002721,labram_random
101,0,2,combined_population,0.2910991148889336,0.2511063627209813,ds002721,labram_random
101,0,2,combined_personalized,0.2910991148889336,0.2511063627209813,ds002721,labram_random
101,0,4,prior,0.3732504584403021,0.233695652173913,ds002721,bandpower
101,0,4,eeg_population,-0.0139838743465337,0.2786179638411132,ds002721,bandpower
101,0,4,eeg_personalized,-0.0139838743465337,0.2786179638411132,ds002721,bandpower
101,0,4,combined_population,0.3651842247718536,0.2383487629038048,ds002721,bandpower
101,0,4,combined_personalized,0.3651842247718536,0.2383487629038048,ds002721,bandpower
101,0,4,prior,0.3732504584403021,0.233695652173913,ds002721,labram_pretrained
101,0,4,eeg_population,0.0299706686072066,0.267784990178604,ds002721,labram_pretrained
101,0,4,eeg_personalized,0.0299706686072066,0.267784990178604,ds002721,labram_pretrained
101,0,4,combined_population,0.3987747195093338,0.2319729496254953,ds002721,labram_pretrained
101,0,4,combined_personalized,0.3987747195093338,0.2319729496254953,ds002721,labram_pretrained
101,0,4,prior,0.3732504584403021,0.233695652173913,ds002721,labram_random
101,0,4,eeg_population,-0.0251679683467488,0.2723883834063649,ds002721,labram_random
101,0,4,eeg_personalized,-0.0251679683467488,0.2723883834063649,ds002721,labram_random
101,0,4,combined_population,0.3550858114332396,0.2325090494842236,ds002721,labram_random
101,0,4,combined_personalized,0.3550858114332396,0.2325090494842236,ds002721,labram_random
101,1,0,prior,0.1350104812690211,0.2998233695652174,ds002721,bandpower
101,1,0,eeg_population,0.0152947149184343,0.2727746344683665,ds002721,bandpower
101,1,0,eeg_personalized,-0.0489674626942943,0.3564414958837767,ds002721,bandpower
101,1,0,combined_population,0.1372477604091445,0.2928002858457549,ds002721,bandpower
101,1,0,combined_personalized,-0.0304257282479156,0.3914261815406373,ds002721,bandpower
101,1,0,prior,0.1350104812690211,0.2998233695652174,ds002721,labram_pretrained
101,1,0,eeg_population,0.0655358166615374,0.2699991839332077,ds002721,labram_pretrained
101,1,0,eeg_personalized,-0.0348114577688555,0.3899137380907713,ds002721,labram_pretrained
101,1,0,combined_population,0.1689966773390924,0.2934383225036701,ds002721,labram_pretrained
101,1,0,combined_personalized,-0.0001306009439503,0.397282922156127,ds002721,labram_pretrained
101,1,0,prior,0.1350104812690211,0.2998233695652174,ds002721,labram_random
101,1,0,eeg_population,-0.0360551038147471,0.2734382474009917,ds002721,labram_random
101,1,0,eeg_personalized,-0.0477218002224927,0.3774610243440852,ds002721,labram_random
101,1,0,combined_population,0.1054451492428496,0.3020491786959016,ds002721,labram_random
101,1,0,combined_personalized,-0.0202975275299792,0.4002707398559201,ds002721,labram_random
101,1,1,prior,0.2852323912722328,0.2744565217391304,ds002721,bandpower
101,1,1,eeg_population,0.00118090169819,0.277138615973737,ds002721,bandpower
101,1,1,eeg_personalized,-0.0566292786431352,0.3565519729063283,ds002721,bandpower
101,1,1,combined_population,0.2793511420913071,0.2808249423969543,ds002721,bandpower
101,1,1,combined_personalized,0.1006848767888491,0.3942686454458021,ds002721,bandpower
101,1,1,prior,0.2852323912722328,0.2744565217391304,ds002721,labram_pretrained
101,1,1,eeg_population,0.0489879273902679,0.264713281365084,ds002721,labram_pretrained
101,1,1,eeg_personalized,-0.0246789740688433,0.3765843988348435,ds002721,labram_pretrained
101,1,1,combined_population,0.3026314960167636,0.2853364556636935,ds002721,labram_pretrained
101,1,1,combined_personalized,0.1214903123554667,0.3984543460810837,ds002721,labram_pretrained
101,1,1,prior,0.2852323912722328,0.2744565217391304,ds002721,labram_random
101,1,1,eeg_population,-0.0425512307258057,0.2737578989467113,ds002721,labram_random
101,1,1,eeg_personalized,-0.0494056029914327,0.3771165446834851,ds002721,labram_random
101,1,1,combined_population,0.2699515904116371,0.2710977059365651,ds002721,labram_random
101,1,1,combined_personalized,0.111882970532014,0.39267765577078,ds002721,labram_random
101,1,2,prior,0.3204625544058852,0.2567934782608695,ds002721,bandpower
101,1,2,eeg_population,0.0125453056746819,0.2754579034159414,ds002721,bandpower
101,1,2,eeg_personalized,-0.0501310334975099,0.3587708459293589,ds002721,bandpower
101,1,2,combined_population,0.3402812838296601,0.2626442363539376,ds002721,bandpower
101,1,2,combined_personalized,0.0989053412121553,0.3621804367673378,ds002721,bandpower
101,1,2,prior,0.3204625544058852,0.2567934782608695,ds002721,labram_pretrained
101,1,2,eeg_population,0.0423926226018257,0.2704381089010344,ds002721,labram_pretrained
101,1,2,eeg_personalized,-0.0400827101760576,0.3904562692118959,ds002721,labram_pretrained
101,1,2,combined_population,0.3236076092160111,0.265340445987392,ds002721,labram_pretrained
101,1,2,combined_personalized,0.1094471512586905,0.3743174066350022,ds002721,labram_pretrained
101,1,2,prior,0.3204625544058852,0.2567934782608695,ds002721,labram_random
101,1,2,eeg_population,-0.0530812679595429,0.2757588479538013,ds002721,labram_random
101,1,2,eeg_personalized,-0.0586455760460692,0.3800405398632038,ds002721,labram_random
101,1,2,combined_population,0.2910991148889336,0.2511063627209813,ds002721,labram_random
101,1,2,combined_personalized,0.0907511165389547,0.3718755597166215,ds002721,labram_random
101,1,4,prior,0.3732504584403021,0.233695652173913,ds002721,bandpower
101,1,4,eeg_population,-0.0139838743465337,0.2786179638411132,ds002721,bandpower
101,1,4,eeg_personalized,-0.05221228143392,0.364819860507718,ds002721,bandpower
101,1,4,combined_population,0.3651842247718536,0.2383487629038048,ds002721,bandpower
101,1,4,combined_personalized,0.1018937209342645,0.3559424263046263,ds002721,bandpower
101,1,4,prior,0.3732504584403021,0.233695652173913,ds002721,labram_pretrained
101,1,4,eeg_population,0.0299706686072066,0.267784990178604,ds002721,labram_pretrained
101,1,4,eeg_personalized,-0.0310342284379287,0.3744660785631054,ds002721,labram_pretrained
101,1,4,combined_population,0.3987747195093338,0.2319729496254953,ds002721,labram_pretrained
101,1,4,combined_personalized,0.1253988173128981,0.3539995189063426,ds002721,labram_pretrained
101,1,4,prior,0.3732504584403021,0.233695652173913,ds002721,labram_random
101,1,4,eeg_population,-0.0251679683467488,0.2723883834063649,ds002721,labram_random
101,1,4,eeg_personalized,-0.0383972469845219,0.3740199134071309,ds002721,labram_random
101,1,4,combined_population,0.3550858114332396,0.2325090494842236,ds002721,labram_random
101,1,4,combined_personalized,0.1201588510935159,0.3629784136454344,ds002721,labram_random
101,2,0,prior,0.1350104812690211,0.2998233695652174,ds002721,bandpower
101,2,0,eeg_population,0.0152947149184343,0.2727746344683665,ds002721,bandpower
101,2,0,eeg_personalized,-0.0530082023710375,0.3025679721271841,ds002721,bandpower
101,2,0,combined_population,0.1372477604091445,0.2928002858457549,ds002721,bandpower
101,2,0,combined_personalized,0.0625965516308556,0.3193945430425828,ds002721,bandpower
101,2,0,prior,0.1350104812690211,0.2998233695652174,ds002721,labram_pretrained
101,2,0,eeg_population,0.0655358166615374,0.2699991839332077,ds002721,labram_pretrained
101,2,0,eeg_personalized,-0.0553840642202977,0.319509619697823,ds002721,labram_pretrained
101,2,0,combined_population,0.1689966773390924,0.2934383225036701,ds002721,labram_pretrained
101,2,0,combined_personalized,0.0829888574548563,0.3219265084704897,ds002721,labram_pretrained
101,2,0,prior,0.1350104812690211,0.2998233695652174,ds002721,labram_random
101,2,0,eeg_population,-0.0360551038147471,0.2734382474009917,ds002721,labram_random
101,2,0,eeg_personalized,-0.0728805463477777,0.3104489614914012,ds002721,labram_random
101,2,0,combined_population,0.1054451492428496,0.3020491786959016,ds002721,labram_random
101,2,0,combined_personalized,0.0417768566205219,0.3320127925772842,ds002721,labram_random
101,2,1,prior,0.2852323912722328,0.2744565217391304,ds002721,bandpower
101,2,1,eeg_population,0.00118090169819,0.277138615973737,ds002721,bandpower
101,2,1,eeg_personalized,-0.059427256225802,0.3038043603624985,ds002721,bandpower
101,2,1,combined_population,0.2793511420913071,0.2808249423969543,ds002721,bandpower
101,2,1,combined_personalized,0.2228165713776607,0.3129320711153404,ds002721,bandpower
101,2,1,prior,0.2852323912722328,0.2744565217391304,ds002721,labram_pretrained
101,2,1,eeg_population,0.0489879273902679,0.264713281365084,ds002721,labram_pretrained
101,2,1,eeg_personalized,-0.0363092315057362,0.3071646999124168,ds002721,labram_pretrained
101,2,1,combined_population,0.3026314960167636,0.2853364556636935,ds002721,labram_pretrained
101,2,1,combined_personalized,0.2306263020436985,0.3149329542037578,ds002721,labram_pretrained
101,2,1,prior,0.2852323912722328,0.2744565217391304,ds002721,labram_random
101,2,1,eeg_population,-0.0425512307258057,0.2737578989467113,ds002721,labram_random
101,2,1,eeg_personalized,-0.0749341247889241,0.3102035087531082,ds002721,labram_random
101,2,1,combined_population,0.2699515904116371,0.2710977059365651,ds002721,labram_random
101,2,1,combined_personalized,0.2053207498300636,0.3158491446799376,ds002721,labram_random
101,2,2,prior,0.3204625544058852,0.2567934782608695,ds002721,bandpower
101,2,2,eeg_population,0.0125453056746819,0.2754579034159414,ds002721,bandpower
101,2,2,eeg_personalized,-0.0489404061580669,0.3025387823931175,ds002721,bandpower
101,2,2,combined_population,0.3402812838296601,0.2626442363539376,ds002721,bandpower
101,2,2,combined_personalized,0.2321831726033713,0.2791933978689564,ds002721,bandpower
101,2,2,prior,0.3204625544058852,0.2567934782608695,ds002721,labram_pretrained
101,2,2,eeg_population,0.0423926226018257,0.2704381089010344,ds002721,labram_pretrained
101,2,2,eeg_personalized,-0.0715296170566264,0.3213768084263721,ds002721,labram_pretrained
101,2,2,combined_population,0.3236076092160111,0.265340445987392,ds002721,labram_pretrained
101,2,2,combined_personalized,0.2245844797591926,0.2845689527104316,ds002721,labram_pretrained
101,2,2,prior,0.3204625544058852,0.2567934782608695,ds002721,labram_random
101,2,2,eeg_population,-0.0530812679595429,0.2757588479538013,ds002721,labram_random
101,2,2,eeg_personalized,-0.0865450249743705,0.3132285980344944,ds002721,labram_random
101,2,2,combined_population,0.2910991148889336,0.2511063627209813,ds002721,labram_random
101,2,2,combined_personalized,0.1885808590409285,0.2898518885616195,ds002721,labram_random
101,2,4,prior,0.3732504584403021,0.233695652173913,ds002721,bandpower
101,2,4,eeg_population,-0.0139838743465337,0.2786179638411132,ds002721,bandpower
101,2,4,eeg_personalized,-0.0499753889733758,0.3029907487238416,ds002721,bandpower
101,2,4,combined_population,0.3651842247718536,0.2383487629038048,ds002721,bandpower
101,2,4,combined_personalized,0.2471365956211928,0.273427885869806,ds002721,bandpower
101,2,4,prior,0.3732504584403021,0.233695652173913,ds002721,labram_pretrained
101,2,4,eeg_population,0.0299706686072066,0.267784990178604,ds002721,labram_pretrained
101,2,4,eeg_personalized,-0.0479546060946761,0.3065375066808203,ds002721,labram_pretrained
101,2,4,combined_population,0.3987747195093338,0.2319729496254953,ds002721,labram_pretrained
101,2,4,combined_personalized,0.2586535645268723,0.2686768341915134,ds002721,labram_pretrained
101,2,4,prior,0.3732504584403021,0.233695652173913,ds002721,labram_random
101,2,4,eeg_population,-0.0251679683467488,0.2723883834063649,ds002721,labram_random
101,2,4,eeg_personalized,-0.0612876546940491,0.3092985603596058,ds002721,labram_random
101,2,4,combined_population,0.3550858114332396,0.2325090494842236,ds002721,labram_random
101,2,4,combined_personalized,0.2147360185085446,0.2916340014472521,ds002721,labram_random
101,4,0,prior,0.1350104812690211,0.2998233695652174,ds002721,bandpower
101,4,0,eeg_population,0.0152947149184343,0.2727746344683665,ds002721,bandpower
101,4,0,eeg_personalized,-0.069830517745654,0.2984597949877906,ds002721,bandpower
101,4,0,combined_population,0.1372477604091445,0.2928002858457549,ds002721,bandpower
101,4,0,combined_personalized,0.0824958333257112,0.3073851049954405,ds002721,bandpower
101,4,0,prior,0.1350104812690211,0.2998233695652174,ds002721,labram_pretrained
101,4,0,eeg_population,0.0655358166615374,0.2699991839332077,ds002721,labram_pretrained
101,4,0,eeg_personalized,-0.0364245034139664,0.3011923089797026,ds002721,labram_pretrained
101,4,0,combined_population,0.1689966773390924,0.2934383225036701,ds002721,labram_pretrained
101,4,0,combined_personalized,0.1186339313213594,0.3036647129189881,ds002721,labram_pretrained
101,4,0,prior,0.1350104812690211,0.2998233695652174,ds002721,labram_random
101,4,0,eeg_population,-0.0360551038147471,0.2734382474009917,ds002721,labram_random
101,4,0,eeg_personalized,-0.0715023196092963,0.2971366821163866,ds002721,labram_random
101,4,0,combined_population,0.1054451492428496,0.3020491786959016,ds002721,labram_random
101,4,0,combined_personalized,0.078325477596172,0.3048704203302427,ds002721,labram_random
101,4,1,prior,0.2852323912722328,0.2744565217391304,ds002721,bandpower
101,4,1,eeg_population,0.00118090169819,0.277138615973737,ds002721,bandpower
101,4,1,eeg_personalized,-0.0758353537929608,0.2992538986397245,ds002721,bandpower
101,4,1,combined_population,0.2793511420913071,0.2808249423969543,ds002721,bandpower
101,4,1,combined_personalized,0.2525730064404442,0.2884620785922508,ds002721,bandpower
101,4,1,prior,0.2852323912722328,0.2744565217391304,ds002721,labram_pretrained
101,4,1,eeg_population,0.0489879273902679,0.264713281365084,ds002721,labram_pretrained
101,4,1,eeg_personalized,-0.0354468098869079,0.2942235552024336,ds002721,labram_pretrained
101,4,1,combined_population,0.3026314960167636,0.2853364556636935,ds002721,labram_pretrained
101,4,1,combined_personalized,0.2752671890399835,0.2877241477880967,ds002721,labram_pretrained
101,4,1,prior,0.2852323912722328,0.2744565217391304,ds002721,labram_random
101,4,1,eeg_population,-0.0425512307258057,0.2737578989467113,ds002721,labram_random
101,4,1,eeg_personalized,-0.0719269119514662,0.2968168787963455,ds002721,labram_random
101,4,1,combined_population,0.2699515904116371,0.2710977059365651,ds002721,labram_random
101,4,1,combined_personalized,0.2577789021339106,0.2810886249831385,ds002721,labram_random
101,4,2,prior,0.3204625544058852,0.2567934782608695,ds002721,bandpower
101,4,2,eeg_population,0.0125453056746819,0.2754579034159414,ds002721,bandpower
101,4,2,eeg_personalized,-0.0645608489048849,0.297655296040633,ds002721,bandpower
101,4,2,combined_population,0.3402812838296601,0.2626442363539376,ds002721,bandpower
101,4,2,combined_personalized,0.2751359875335649,0.2685830506649144,ds002721,bandpower
101,4,2,prior,0.3204625544058852,0.2567934782608695,ds002721,labram_pretrained
101,4,2,eeg_population,0.0423926226018257,0.2704381089010344,ds002721,labram_pretrained
101,4,2,eeg_personalized,-0.0492857170512646,0.3018275075675194,ds002721,labram_pretrained
101,4,2,combined_population,0.3236076092160111,0.265340445987392,ds002721,labram_pretrained
101,4,2,combined_personalized,0.2850025288185042,0.2690898012349445,ds002721,labram_pretrained
101,4,2,prior,0.3204625544058852,0.2567934782608695,ds002721,labram_random
101,4,2,eeg_population,-0.0530812679595429,0.2757588479538013,ds002721,labram_random
101,4,2,eeg_personalized,-0.0836202300415918,0.2992936861877916,ds002721,labram_random
101,4,2,combined_population,0.2910991148889336,0.2511063627209813,ds002721,labram_random
101,4,2,combined_personalized,0.2623396757941844,0.2661075475124402,ds002721,labram_random
101,4,4,prior,0.3732504584403021,0.233695652173913,ds002721,bandpower
101,4,4,eeg_population,-0.0139838743465337,0.2786179638411132,ds002721,bandpower
101,4,4,eeg_personalized,-0.0623759354858892,0.2991892999153679,ds002721,bandpower
101,4,4,combined_population,0.3651842247718536,0.2383487629038048,ds002721,bandpower
101,4,4,combined_personalized,0.3251539554150694,0.2496996827525173,ds002721,bandpower
101,4,4,prior,0.3732504584403021,0.233695652173913,ds002721,labram_pretrained
101,4,4,eeg_population,0.0299706686072066,0.267784990178604,ds002721,labram_pretrained
101,4,4,eeg_personalized,-0.0448139599740436,0.2930637327123836,ds002721,labram_pretrained
101,4,4,combined_population,0.3987747195093338,0.2319729496254953,ds002721,labram_pretrained
101,4,4,combined_personalized,0.3598186823771033,0.2432139640352998,ds002721,labram_pretrained
101,4,4,prior,0.3732504584403021,0.233695652173913,ds002721,labram_random
101,4,4,eeg_population,-0.0251679683467488,0.2723883834063649,ds002721,labram_random
101,4,4,eeg_personalized,-0.0619835550293249,0.2964312606489079,ds002721,labram_random
101,4,4,combined_population,0.3550858114332396,0.2325090494842236,ds002721,labram_random
101,4,4,combined_personalized,0.3255657516176464,0.2463967935888781,ds002721,labram_random
101,8,0,prior,0.1350104812690211,0.2998233695652174,ds002721,bandpower
101,8,0,eeg_population,0.0152947149184343,0.2727746344683665,ds002721,bandpower
101,8,0,eeg_personalized,-0.0019848822198537,0.2717005462975386,ds002721,bandpower
101,8,0,combined_population,0.1372477604091445,0.2928002858457549,ds002721,bandpower
101,8,0,combined_personalized,0.1424234037983191,0.2956939919881514,ds002721,bandpower
101,8,0,prior,0.1350104812690211,0.2998233695652174,ds002721,labram_pretrained
101,8,0,eeg_population,0.0655358166615374,0.2699991839332077,ds002721,labram_pretrained
101,8,0,eeg_personalized,0.0360722725714937,0.2761947953076595,ds002721,labram_pretrained
101,8,0,combined_population,0.1689966773390924,0.2934383225036701,ds002721,labram_pretrained
101,8,0,combined_personalized,0.1759195095831527,0.2913319410026517,ds002721,labram_pretrained
101,8,0,prior,0.1350104812690211,0.2998233695652174,ds002721,labram_random
101,8,0,eeg_population,-0.0360551038147471,0.2734382474009917,ds002721,labram_random
101,8,0,eeg_personalized,0.0009841536391968,0.2736373696413195,ds002721,labram_random
101,8,0,combined_population,0.1054451492428496,0.3020491786959016,ds002721,labram_random
101,8,0,combined_personalized,0.1401040561292568,0.2943287218208701,ds002721,labram_random
101,8,1,prior,0.2852323912722328,0.2744565217391304,ds002721,bandpower
101,8,1,eeg_population,0.00118090169819,0.277138615973737,ds002721,bandpower
101,8,1,eeg_personalized,-0.009764851293591,0.2722265511255847,ds002721,bandpower
101,8,1,combined_population,0.2793511420913071,0.2808249423969543,ds002721,bandpower
101,8,1,combined_personalized,0.3069699166611431,0.2692127930555191,ds002721,bandpower
101,8,1,prior,0.2852323912722328,0.2744565217391304,ds002721,labram_pretrained
101,8,1,eeg_population,0.0489879273902679,0.264713281365084,ds002721,labram_pretrained
101,8,1,eeg_personalized,0.0366124370188391,0.2672989943315824,ds002721,labram_pretrained
101,8,1,combined_population,0.3026314960167636,0.2853364556636935,ds002721,labram_pretrained
101,8,1,combined_personalized,0.3273368987427413,0.2710799251789083,ds002721,labram_pretrained
101,8,1,prior,0.2852323912722328,0.2744565217391304,ds002721,labram_random
101,8,1,eeg_population,-0.0425512307258057,0.2737578989467113,ds002721,labram_random
101,8,1,eeg_personalized,0.0003344405288425,0.273565424147879,ds002721,labram_random
101,8,1,combined_population,0.2699515904116371,0.2710977059365651,ds002721,labram_random
101,8,1,combined_personalized,0.3203515010271272,0.2565765519348854,ds002721,labram_random
101,8,2,prior,0.3204625544058852,0.2567934782608695,ds002721,bandpower
101,8,2,eeg_population,0.0125453056746819,0.2754579034159414,ds002721,bandpower
101,8,2,eeg_personalized,0.002159913130396,0.2713686358495827,ds002721,bandpower
101,8,2,combined_population,0.3402812838296601,0.2626442363539376,ds002721,bandpower
101,8,2,combined_personalized,0.3374710988601612,0.2466027626040965,ds002721,bandpower
101,8,2,prior,0.3204625544058852,0.2567934782608695,ds002721,labram_pretrained
101,8,2,eeg_population,0.0423926226018257,0.2704381089010344,ds002721,labram_pretrained
101,8,2,eeg_personalized,0.0187129835176497,0.2754610957422675,ds002721,labram_pretrained
101,8,2,combined_population,0.3236076092160111,0.265340445987392,ds002721,labram_pretrained
101,8,2,combined_personalized,0.3399660271908619,0.252288387863009,ds002721,labram_pretrained
101,8,2,prior,0.3204625544058852,0.2567934782608695,ds002721,labram_random
101,8,2,eeg_population,-0.0530812679595429,0.2757588479538013,ds002721,labram_random
101,8,2,eeg_personalized,-0.0124099945653058,0.2771138932005613,ds002721,labram_random
101,8,2,combined_population,0.2910991148889336,0.2511063627209813,ds002721,labram_random
101,8,2,combined_personalized,0.3319825868379986,0.2416680286502568,ds002721,labram_random
101,8,4,prior,0.3732504584403021,0.233695652173913,ds002721,bandpower
101,8,4,eeg_population,-0.0139838743465337,0.2786179638411132,ds002721,bandpower
101,8,4,eeg_personalized,0.0036366306649718,0.2725631951327046,ds002721,bandpower
101,8,4,combined_population,0.3651842247718536,0.2383487629038048,ds002721,bandpower
101,8,4,combined_personalized,0.3929293522782464,0.2261980400437522,ds002721,bandpower
101,8,4,prior,0.3732504584403021,0.233695652173913,ds002721,labram_pretrained
101,8,4,eeg_population,0.0299706686072066,0.267784990178604,ds002721,labram_pretrained
101,8,4,eeg_personalized,0.0230564178590832,0.2675503666552568,ds002721,labram_pretrained
101,8,4,combined_population,0.3987747195093338,0.2319729496254953,ds002721,labram_pretrained
101,8,4,combined_personalized,0.4171927102956209,0.2184829228180021,ds002721,labram_pretrained
101,8,4,prior,0.3732504584403021,0.233695652173913,ds002721,labram_random
101,8,4,eeg_population,-0.0251679683467488,0.2723883834063649,ds002721,labram_random
101,8,4,eeg_personalized,0.010638486217863,0.2737008664797101,ds002721,labram_random
101,8,4,combined_population,0.3550858114332396,0.2325090494842236,ds002721,labram_random
101,8,4,combined_personalized,0.398173560421191,0.2252394633989215,ds002721,labram_random
23,0,0,prior,0.0,0.2332708333333333,ds003751,bandpower
23,0,0,eeg_population,0.0730345522013486,0.2270993409872094,ds003751,bandpower
23,0,0,eeg_personalized,0.0730345522013486,0.2270993409872094,ds003751,bandpower
23,0,0,combined_population,0.0316742156944705,0.2383438231905629,ds003751,bandpower
23,0,0,combined_personalized,0.0316742156944705,0.2383438231905629,ds003751,bandpower
23,0,1,prior,0.199775284670545,0.3367708333333333,ds003751,bandpower
23,0,1,eeg_population,0.0788644081280202,0.226533124772558,ds003751,bandpower
23,0,1,eeg_personalized,0.0788644081280202,0.226533124772558,ds003751,bandpower
23,0,1,combined_population,0.1790927079072618,0.3555396404639197,ds003751,bandpower
23,0,1,combined_personalized,0.1790927079072618,0.3555396404639197,ds003751,bandpower
23,0,2,prior,0.8062533219668093,0.1209375,ds003751,bandpower
23,0,2,eeg_population,0.047223050682775,0.2321490270492375,ds003751,bandpower
23,0,2,eeg_personalized,0.047223050682775,0.2321490270492375,ds003751,bandpower
23,0,2,combined_population,0.709447778890888,0.1616346975952775,ds003751,bandpower
23,0,2,combined_personalized,0.709447778890888,0.1616346975952775,ds003751,bandpower
23,1,0,prior,0.0,0.2332708333333333,ds003751,bandpower
23,1,0,eeg_population,0.0730345522013486,0.2270993409872094,ds003751,bandpower
23,1,0,eeg_personalized,-0.0463548469230126,0.2404718860590005,ds003751,bandpower
23,1,0,combined_population,0.0316742156944705,0.2383438231905629,ds003751,bandpower
23,1,0,combined_personalized,0.128491378343562,0.2540611682682296,ds003751,bandpower
23,1,1,prior,0.199775284670545,0.3367708333333333,ds003751,bandpower
23,1,1,eeg_population,0.0788644081280202,0.226533124772558,ds003751,bandpower
23,1,1,eeg_personalized,-0.0510380128301735,0.2436878873370305,ds003751,bandpower
23,1,1,combined_population,0.1790927079072618,0.3555396404639197,ds003751,bandpower
23,1,1,combined_personalized,0.147369136173826,0.4047740267944669,ds003751,bandpower
23,1,2,prior,0.8062533219668093,0.1209375,ds003751,bandpower
23,1,2,eeg_population,0.047223050682775,0.2321490270492375,ds003751,bandpower
23,1,2,eeg_personalized,-0.0833300977558657,0.2507589525123371,ds003751,bandpower
23,1,2,combined_population,0.709447778890888,0.1616346975952775,ds003751,bandpower
23,1,2,combined_personalized,0.7263714645073656,0.1381701366260306,ds003751,bandpower
23,2,0,prior,0.0,0.2332708333333333,ds003751,bandpower
23,2,0,eeg_population,0.0730345522013486,0.2270993409872094,ds003751,bandpower
23,2,0,eeg_personalized,-0.0143313978577171,0.2271765512557745,ds003751,bandpower
23,2,0,combined_population,0.0316742156944705,0.2383438231905629,ds003751,bandpower
23,2,0,combined_personalized,0.0427197201950611,0.2450254515483984,ds003751,bandpower
23,2,1,prior,0.199775284670545,0.3367708333333333,ds003751,bandpower
23,2,1,eeg_population,0.0788644081280202,0.226533124772558,ds003751,bandpower
23,2,1,eeg_personalized,-0.0368860046475494,0.231361711160303,ds003751,bandpower
23,2,1,combined_population,0.1790927079072618,0.3555396404639197,ds003751,bandpower
23,2,1,combined_personalized,0.1627816630901027,0.3569229517473143,ds003751,bandpower
23,2,2,prior,0.8062533219668093,0.1209375,ds003751,bandpower
23,2,2,eeg_population,0.047223050682775,0.2321490270492375,ds003751,bandpower
23,2,2,eeg_personalized,-0.0704872717013986,0.2359995991948313,ds003751,bandpower
23,2,2,combined_population,0.709447778890888,0.1616346975952775,ds003751,bandpower
23,2,2,combined_personalized,0.7810101430858658,0.119098955871266,ds003751,bandpower
47,0,0,prior,6.607871660629995e-33,0.3526958333333333,ds003751,bandpower
47,0,0,eeg_population,0.2438512826079326,0.3185115790128461,ds003751,bandpower
47,0,0,eeg_personalized,0.2438512826079326,0.3185115790128461,ds003751,bandpower
47,0,0,combined_population,0.3386675721486972,0.2990184841841595,ds003751,bandpower
47,0,0,combined_personalized,0.3386675721486972,0.2990184841841595,ds003751,bandpower
47,0,1,prior,0.67306808291819,0.1969374999999999,ds003751,bandpower
47,0,1,eeg_population,0.2997248005005292,0.2904681080783945,ds003751,bandpower
47,0,1,eeg_personalized,0.2997248005005292,0.2904681080783945,ds003751,bandpower
47,0,1,combined_population,0.6835877757430877,0.2203744124786669,ds003751,bandpower
47,0,1,combined_personalized,0.6835877757430877,0.2203744124786669,ds003751,bandpower
47,0,2,prior,0.5469452691141784,0.203,ds003751,bandpower
47,0,2,eeg_population,0.2352849143828586,0.3093130989230279,ds003751,bandpower
47,0,2,eeg_personalized,0.2352849143828586,0.3093130989230279,ds003751,bandpower
47,0,2,combined_population,0.5709581246703946,0.2054628103941715,ds003751,bandpower
47,0,2,combined_personalized,0.5709581246703946,0.2054628103941715,ds003751,bandpower
47,1,0,prior,6.607871660629995e-33,0.3526958333333333,ds003751,bandpower
47,1,0,eeg_population,0.2438512826079326,0.3185115790128461,ds003751,bandpower
47,1,0,eeg_personalized,0.4950634402508777,0.2459420421415365,ds003751,bandpower
47,1,0,combined_population,0.3386675721486972,0.2990184841841595,ds003751,bandpower
47,1,0,combined_personalized,0.4627921020607121,0.2647859564166697,ds003751,bandpower
47,1,1,prior,0.67306808291819,0.1969374999999999,ds003751,bandpower
47,1,1,eeg_population,0.2997248005005292,0.2904681080783945,ds003751,bandpower
47,1,1,eeg_personalized,0.6296476082678636,0.2088927819264683,ds003751,bandpower
47,1,1,combined_population,0.6835877757430877,0.2203744124786669,ds003751,bandpower
47,1,1,combined_personalized,0.8363439942851751,0.180698289854801,ds003751,bandpower
47,1,2,prior,0.5469452691141784,0.203,ds003751,bandpower
47,1,2,eeg_population,0.2352849143828586,0.3093130989230279,ds003751,bandpower
47,1,2,eeg_personalized,0.5978637068529561,0.2125767211478031,ds003751,bandpower
47,1,2,combined_population,0.5709581246703946,0.2054628103941715,ds003751,bandpower
47,1,2,combined_personalized,0.8597953509435501,0.1550031965144046,ds003751,bandpower
47,2,0,prior,6.607871660629995e-33,0.3526958333333333,ds003751,bandpower
47,2,0,eeg_population,0.2438512826079327,0.3185115790128461,ds003751,bandpower
47,2,0,eeg_personalized,0.5511793799424186,0.2095611929045652,ds003751,bandpower
47,2,0,combined_population,0.3386675721486972,0.2990184841841594,ds003751,bandpower
47,2,0,combined_personalized,0.4230526590880917,0.2618676273238147,ds003751,bandpower
47,2,1,prior,0.67306808291819,0.1969374999999999,ds003751,bandpower
47,2,1,eeg_population,0.2997248005005291,0.2904681080783945,ds003751,bandpower
47,2,1,eeg_personalized,0.577987746745515,0.2159692928452912,ds003751,bandpower
47,2,1,combined_population,0.6835877757430877,0.2203744124786669,ds003751,bandpower
47,2,1,combined_personalized,0.8240023464116875,0.2015622621857175,ds003751,bandpower
47,2,2,prior,0.5469452691141784,0.203,ds003751,bandpower
47,2,2,eeg_population,0.2352849143828585,0.309313098923028,ds003751,bandpower
47,2,2,eeg_personalized,0.6359337441915969,0.2104743692248486,ds003751,bandpower
47,2,2,combined_population,0.5709581246703946,0.2054628103941715,ds003751,bandpower
47,2,2,combined_personalized,0.8156849738041956,0.1887745274709352,ds003751,bandpower
71,0,0,prior,0.0,0.3401803571428571,ds003751,bandpower
71,0,0,eeg_population,0.067701858558315,0.3033070789831041,ds003751,bandpower
71,0,0,eeg_personalized,0.067701858558315,0.3033070789831041,ds003751,bandpower
71,0,0,combined_population,0.0807937519287465,0.3066206342996344,ds003751,bandpower
71,0,0,combined_personalized,0.0807937519287465,0.3066206342996344,ds003751,bandpower
71,0,1,prior,-0.0150858257933896,0.2101249999999999,ds003751,bandpower
71,0,1,eeg_population,0.0683001342961172,0.3048654583893069,ds003751,bandpower
71,0,1,eeg_personalized,0.0683001342961172,0.3048654583893069,ds003751,bandpower
71,0,1,combined_population,0.1220206722820341,0.206454540267967,ds003751,bandpower
71,0,1,combined_personalized,0.1220206722820341,0.206454540267967,ds003751,bandpower
71,0,2,prior,0.775734178750374,0.1246874999999999,ds003751,bandpower
71,0,2,eeg_population,0.0450701197237623,0.3116148835969268,ds003751,bandpower
71,0,2,eeg_personalized,0.0450701197237623,0.3116148835969268,ds003751,bandpower
71,0,2,combined_population,0.8545679802073168,0.1178357504979169,ds003751,bandpower
71,0,2,combined_personalized,0.8545679802073168,0.1178357504979169,ds003751,bandpower
71,1,0,prior,0.0,0.3401803571428571,ds003751,bandpower
71,1,0,eeg_population,0.067701858558315,0.3033070789831041,ds003751,bandpower
71,1,0,eeg_personalized,0.4804774689351575,0.2409053468126406,ds003751,bandpower
71,1,0,combined_population,0.0807937519287465,0.3066206342996344,ds003751,bandpower
71,1,0,combined_personalized,0.3040906941395254,0.2829353801620865,ds003751,bandpower
71,1,1,prior,-0.0150858257933896,0.2101249999999999,ds003751,bandpower
71,1,1,eeg_population,0.0683001342961172,0.3048654583893069,ds003751,bandpower
71,1,1,eeg_personalized,0.4785408487901684,0.2405959619228109,ds003751,bandpower
71,1,1,combined_population,0.1220206722820341,0.206454540267967,ds003751,bandpower
71,1,1,combined_personalized,0.400283213829029,0.2446204114063483,ds003751,bandpower
71,1,2,prior,0.775734178750374,0.1246874999999999,ds003751,bandpower
71,1,2,eeg_population,0.0450701197237623,0.3116148835969268,ds003751,bandpower
71,1,2,eeg_personalized,0.46844501609135,0.2438179184409649,ds003751,bandpower
71,1,2,combined_population,0.8545679802073168,0.1178357504979169,ds003751,bandpower
71,1,2,combined_personalized,0.5772528151745462,0.233468331392402,ds003751,bandpower
71,2,0,prior,0.0,0.3401803571428571,ds003751,bandpower
71,2,0,eeg_population,0.067701858558315,0.3033070789831041,ds003751,bandpower
71,2,0,eeg_personalized,0.3537873751558966,0.2567886885041126,ds003751,bandpower
71,2,0,combined_population,0.0807937519287465,0.3066206342996344,ds003751,bandpower
71,2,0,combined_personalized,0.2563348234594283,0.298699288467598,ds003751,bandpower
71,2,1,prior,-0.0150858257933896,0.2101249999999999,ds003751,bandpower
71,2,1,eeg_population,0.0683001342961172,0.3048654583893069,ds003751,bandpower
71,2,1,eeg_personalized,0.3501801515105163,0.2579436184954461,ds003751,bandpower
71,2,1,combined_population,0.1220206722820341,0.206454540267967,ds003751,bandpower
71,2,1,combined_personalized,0.5121049016535862,0.162784627744962,ds003751,bandpower
71,2,2,prior,0.775734178750374,0.1246874999999999,ds003751,bandpower
71,2,2,eeg_population,0.0450701197237623,0.3116148835969268,ds003751,bandpower
71,2,2,eeg_personalized,0.3340226378638738,0.2600481919403513,ds003751,bandpower
71,2,2,combined_population,0.8545679802073168,0.1178357504979169,ds003751,bandpower
71,2,2,combined_personalized,0.8248028600504234,0.096984566192398,ds003751,bandpower
101,0,0,prior,3.1595441676850047e-32,0.2659947183098591,ds003751,bandpower
101,0,0,eeg_population,0.144236254226872,0.2331363285558705,ds003751,bandpower
101,0,0,eeg_personalized,0.144236254226872,0.2331363285558705,ds003751,bandpower
101,0,0,combined_population,0.0022777384585458,0.253141223010229,ds003751,bandpower
101,0,0,combined_personalized,0.0022777384585458,0.253141223010229,ds003751,bandpower
101,0,1,prior,0.498789421527402,0.2589583333333333,ds003751,bandpower
101,0,1,eeg_population,0.1731247310719574,0.2277107945724532,ds003751,bandpower
101,0,1,eeg_personalized,0.1731247310719574,0.2277107945724532,ds003751,bandpower
101,0,1,combined_population,0.4915907905855611,0.2666701387979692,ds003751,bandpower
101,0,1,combined_personalized,0.4915907905855611,0.2666701387979692,ds003751,bandpower
101,0,2,prior,0.513832398324524,0.2411979166666666,ds003751,bandpower
101,0,2,eeg_population,0.1511293474826093,0.2296372388890299,ds003751,bandpower
101,0,2,eeg_personalized,0.1511293474826093,0.2296372388890299,ds003751,bandpower
101,0,2,combined_population,0.5103910785664079,0.2475064623044613,ds003751,bandpower
101,0,2,combined_personalized,0.5103910785664079,0.2475064623044613,ds003751,bandpower
101,1,0,prior,3.1595441676850047e-32,0.2659947183098591,ds003751,bandpower
101,1,0,eeg_population,0.144236254226872,0.2331363285558705,ds003751,bandpower
101,1,0,eeg_personalized,0.1494589549768175,0.3060160509776691,ds003751,bandpower
101,1,0,combined_population,0.0022777384585458,0.253141223010229,ds003751,bandpower
101,1,0,combined_personalized,0.3275253461591697,0.2464455436264431,ds003751,bandpower
101,1,1,prior,0.498789421527402,0.2589583333333333,ds003751,bandpower
101,1,1,eeg_population,0.1731247310719574,0.2277107945724532,ds003751,bandpower
101,1,1,eeg_personalized,0.1498692519419217,0.3079959813243086,ds003751,bandpower
101,1,1,combined_population,0.4915907905855611,0.2666701387979692,ds003751,bandpower
101,1,1,combined_personalized,0.4388770945796245,0.3076004331600656,ds003751,bandpower
101,1,2,prior,0.513832398324524,0.2411979166666666,ds003751,bandpower
101,1,2,eeg_population,0.1511293474826093,0.2296372388890299,ds003751,bandpower
101,1,2,eeg_personalized,0.1355669394661472,0.3103607685649241,ds003751,bandpower
101,1,2,combined_population,0.5103910785664079,0.2475064623044613,ds003751,bandpower
101,1,2,combined_personalized,0.4530541211182051,0.2744394903599946,ds003751,bandpower
101,2,0,prior,3.1595441676850047e-32,0.2659947183098591,ds003751,bandpower
101,2,0,eeg_population,0.144236254226872,0.2331363285558705,ds003751,bandpower
101,2,0,eeg_personalized,0.3088175603444221,0.2469732583778576,ds003751,bandpower
101,2,0,combined_population,0.0022777384585458,0.253141223010229,ds003751,bandpower
101,2,0,combined_personalized,0.1915696420295964,0.2617613514668348,ds003751,bandpower
101,2,1,prior,0.498789421527402,0.2589583333333333,ds003751,bandpower
101,2,1,eeg_population,0.1731247310719574,0.2277107945724532,ds003751,bandpower
101,2,1,eeg_personalized,0.3101248309651013,0.245897440068654,ds003751,bandpower
101,2,1,combined_population,0.4915907905855611,0.2666701387979692,ds003751,bandpower
101,2,1,combined_personalized,0.4619311481008394,0.2828997105150743,ds003751,bandpower
101,2,2,prior,0.513832398324524,0.2411979166666666,ds003751,bandpower
101,2,2,eeg_population,0.1511293474826093,0.2296372388890299,ds003751,bandpower
101,2,2,eeg_personalized,0.2901595526673716,0.2478354018953246,ds003751,bandpower
101,2,2,combined_population,0.5103910785664079,0.2475064623044613,ds003751,bandpower
101,2,2,combined_personalized,0.4748117960062668,0.2554128775988106,ds003751,bandpower
11,0,0,prior,0.0,0.2037688850640657,ds005540,de
11,0,0,eeg_population,0.0291700098549412,0.2006464738313073,ds005540,de
11,0,0,eeg_personalized,0.0291700098549412,0.2006464738313073,ds005540,de
11,0,0,combined_population,0.0364911502709867,0.2118291787248894,ds005540,de
11,0,0,combined_personalized,0.0364911502709867,0.2118291787248894,ds005540,de
11,0,0,prior,0.0,0.2037688850640657,ds005540,labram_pretrained
11,0,0,eeg_population,-0.0229693238404514,0.2098742431845238,ds005540,labram_pretrained
11,0,0,eeg_personalized,-0.0229693238404514,0.2098742431845238,ds005540,labram_pretrained
11,0,0,combined_population,-0.0122964295299117,0.2107955039423712,ds005540,labram_pretrained
11,0,0,combined_personalized,-0.0122964295299117,0.2107955039423712,ds005540,labram_pretrained
11,0,0,prior,0.0,0.2037688850640657,ds005540,labram_random
11,0,0,eeg_population,0.0330270659716606,0.2087730735910463,ds005540,labram_random
11,0,0,eeg_personalized,0.0330270659716606,0.2087730735910463,ds005540,labram_random
11,0,0,combined_population,0.0126191473926601,0.2129848287632544,ds005540,labram_random
11,0,0,combined_personalized,0.0126191473926601,0.2129848287632544,ds005540,labram_random
11,0,0,prior,0.0,0.2037688850640657,ds005540,cbramod_pretrained
11,0,0,eeg_population,0.0023490320750303,0.2082808775100613,ds005540,cbramod_pretrained
11,0,0,eeg_personalized,0.0023490320750303,0.2082808775100613,ds005540,cbramod_pretrained
11,0,0,combined_population,0.0072558925284727,0.2076220834260843,ds005540,cbramod_pretrained
11,0,0,combined_personalized,0.0072558925284727,0.2076220834260843,ds005540,cbramod_pretrained
11,0,0,prior,0.0,0.2037688850640657,ds005540,cbramod_random
11,0,0,eeg_population,-0.0264827341887785,0.210618771997265,ds005540,cbramod_random
11,0,0,eeg_personalized,-0.0264827341887785,0.210618771997265,ds005540,cbramod_random
11,0,0,combined_population,-0.006731701430632,0.2077944445370181,ds005540,cbramod_random
11,0,0,combined_personalized,-0.006731701430632,0.2077944445370181,ds005540,cbramod_random
11,0,1,prior,0.2584151949491017,0.2199999999999999,ds005540,de
11,0,1,eeg_population,0.0277937224778165,0.2008769767850436,ds005540,de
11,0,1,eeg_personalized,0.0277937224778165,0.2008769767850436,ds005540,de
11,0,1,combined_population,0.2651115716182271,0.2263765461444351,ds005540,de
11,0,1,combined_personalized,0.2651115716182271,0.2263765461444351,ds005540,de
11,0,1,prior,0.2584151949491017,0.2199999999999999,ds005540,labram_pretrained
11,0,1,eeg_population,-0.0148947277319725,0.2081054860669196,ds005540,labram_pretrained
11,0,1,eeg_personalized,-0.0148947277319725,0.2081054860669196,ds005540,labram_pretrained
11,0,1,combined_population,0.2432363422963091,0.2275734003620197,ds005540,labram_pretrained
11,0,1,combined_personalized,0.2432363422963091,0.2275734003620197,ds005540,labram_pretrained
11,0,1,prior,0.2584151949491017,0.2199999999999999,ds005540,labram_random
11,0,1,eeg_population,0.0192540313052949,0.2095992327205351,ds005540,labram_random
11,0,1,eeg_personalized,0.0192540313052949,0.2095992327205351,ds005540,labram_random
11,0,1,combined_population,0.2450036739364173,0.2249435948233278,ds005540,labram_random
11,0,1,combined_personalized,0.2450036739364173,0.2249435948233278,ds005540,labram_random
11,0,1,prior,0.2584151949491017,0.2199999999999999,ds005540,cbramod_pretrained
11,0,1,eeg_population,0.0026466992704916,0.2089846151660996,ds005540,cbramod_pretrained
11,0,1,eeg_personalized,0.0026466992704916,0.2089846151660996,ds005540,cbramod_pretrained
11,0,1,combined_population,0.2573989409935505,0.2255947925755886,ds005540,cbramod_pretrained
11,0,1,combined_personalized,0.2573989409935505,0.2255947925755886,ds005540,cbramod_pretrained
11,0,1,prior,0.2584151949491017,0.2199999999999999,ds005540,cbramod_random
11,0,1,eeg_population,-0.0289511676851544,0.2116525142200096,ds005540,cbramod_random
11,0,1,eeg_personalized,-0.0289511676851544,0.2116525142200096,ds005540,cbramod_random
11,0,1,combined_population,0.2336067139885431,0.2241848930291912,ds005540,cbramod_random
11,0,1,combined_personalized,0.2336067139885431,0.2241848930291912,ds005540,cbramod_random
11,0,2,prior,0.2737914479022563,0.1986458333333333,ds005540,de
11,0,2,eeg_population,0.0322990002251104,0.2004524796757074,ds005540,de
11,0,2,eeg_personalized,0.0322990002251104,0.2004524796757074,ds005540,de
11,0,2,combined_population,0.2884870151046516,0.2122388676258124,ds005540,de
11,0,2,combined_personalized,0.2884870151046516,0.2122388676258124,ds005540,de
11,0,2,prior,0.2737914479022563,0.1986458333333333,ds005540,labram_pretrained
11,0,2,eeg_population,-0.0153524924339884,0.2091586967498773,ds005540,labram_pretrained
11,0,2,eeg_personalized,-0.0153524924339884,0.2091586967498773,ds005540,labram_pretrained
11,0,2,combined_population,0.2552605210701746,0.2108922423438252,ds005540,labram_pretrained
11,0,2,combined_personalized,0.2552605210701746,0.2108922423438252,ds005540,labram_pretrained
11,0,2,prior,0.2737914479022563,0.1986458333333333,ds005540,labram_random
11,0,2,eeg_population,0.0169920873751142,0.2093548931144894,ds005540,labram_random
11,0,2,eeg_personalized,0.0169920873751142,0.2093548931144894,ds005540,labram_random
11,0,2,combined_population,0.2579878901042982,0.2070993302208928,ds005540,labram_random
11,0,2,combined_personalized,0.2579878901042982,0.2070993302208928,ds005540,labram_random
11,0,2,prior,0.2737914479022563,0.1986458333333333,ds005540,cbramod_pretrained
11,0,2,eeg_population,0.0061988819586076,0.2077165787657697,ds005540,cbramod_pretrained
11,0,2,eeg_personalized,0.0061988819586076,0.2077165787657697,ds005540,cbramod_pretrained
11,0,2,combined_population,0.2706064851419942,0.2037990385784946,ds005540,cbramod_pretrained
11,0,2,combined_personalized,0.2706064851419942,0.2037990385784946,ds005540,cbramod_pretrained
11,0,2,prior,0.2737914479022563,0.1986458333333333,ds005540,cbramod_random
11,0,2,eeg_population,-0.0281855520691727,0.2115965885234263,ds005540,cbramod_random
11,0,2,eeg_personalized,-0.0281855520691727,0.2115965885234263,ds005540,cbramod_random
11,0,2,combined_population,0.243179582222171,0.2053481633770604,ds005540,cbramod_random
11,0,2,combined_personalized,0.243179582222171,0.2053481633770604,ds005540,cbramod_random
11,0,4,prior,0.4177681759866486,0.17359375,ds005540,de
11,0,4,eeg_population,0.0255725250772596,0.2023801226635587,ds005540,de
11,0,4,eeg_personalized,0.0255725250772596,0.2023801226635587,ds005540,de
11,0,4,combined_population,0.4319947816104299,0.1846379997425139,ds005540,de
11,0,4,combined_personalized,0.4319947816104299,0.1846379997425139,ds005540,de
11,0,4,prior,0.4177681759866486,0.17359375,ds005540,labram_pretrained
11,0,4,eeg_population,-0.0101264540101721,0.2081021157457496,ds005540,labram_pretrained
11,0,4,eeg_personalized,-0.0101264540101721,0.2081021157457496,ds005540,labram_pretrained
11,0,4,combined_population,0.4078884938635859,0.1800788734183139,ds005540,labram_pretrained
11,0,4,combined_personalized,0.4078884938635859,0.1800788734183139,ds005540,labram_pretrained
11,0,4,prior,0.4177681759866486,0.17359375,ds005540,labram_random
11,0,4,eeg_population,0.0135798609581934,0.2105360217008808,ds005540,labram_random
11,0,4,eeg_personalized,0.0135798609581934,0.2105360217008808,ds005540,labram_random
11,0,4,combined_population,0.4084703319348071,0.1769540151104413,ds005540,labram_random
11,0,4,combined_personalized,0.4084703319348071,0.1769540151104413,ds005540,labram_random
11,0,4,prior,0.4177681759866486,0.17359375,ds005540,cbramod_pretrained
11,0,4,eeg_population,-0.0063756488989593,0.208908310032281,ds005540,cbramod_pretrained
11,0,4,eeg_personalized,-0.0063756488989593,0.208908310032281,ds005540,cbramod_pretrained
11,0,4,combined_population,0.4045842473071568,0.1805676517229681,ds005540,cbramod_pretrained
11,0,4,combined_personalized,0.4045842473071568,0.1805676517229681,ds005540,cbramod_pretrained
11,0,4,prior,0.4177681759866486,0.17359375,ds005540,cbramod_random
11,0,4,eeg_population,-0.0169505527372151,0.2095780380217988,ds005540,cbramod_random
11,0,4,eeg_personalized,-0.0169505527372151,0.2095780380217988,ds005540,cbramod_random
11,0,4,combined_population,0.3879339817399847,0.1792032198666463,ds005540,cbramod_random
11,0,4,combined_personalized,0.3879339817399847,0.1792032198666463,ds005540,cbramod_random
11,0,8,prior,0.428350316482084,0.1698958333333333,ds005540,de
11,0,8,eeg_population,0.051334413441575,0.211702306666868,ds005540,de
11,0,8,eeg_personalized,0.051334413441575,0.211702306666868,ds005540,de
11,0,8,combined_population,0.2936722000611192,0.211327830077763,ds005540,de
11,0,8,combined_personalized,0.2936722000611192,0.211327830077763,ds005540,de
11,0,8,prior,0.428350316482084,0.1698958333333333,ds005540,labram_pretrained
11,0,8,eeg_population,-0.0171012402378223,0.2090493688394359,ds005540,labram_pretrained
11,0,8,eeg_personalized,-0.0171012402378223,0.2090493688394359,ds005540,labram_pretrained
11,0,8,combined_population,0.402246149168695,0.1792411340131639,ds005540,labram_pretrained
11,0,8,combined_personalized,0.402246149168695,0.1792411340131639,ds005540,labram_pretrained
11,0,8,prior,0.428350316482084,0.1698958333333333,ds005540,labram_random
11,0,8,eeg_population,0.0092848698987138,0.2143115730616014,ds005540,labram_random
11,0,8,eeg_personalized,0.0092848698987138,0.2143115730616014,ds005540,labram_random
11,0,8,combined_population,0.4125096116871939,0.1783922174108519,ds005540,labram_random
11,0,8,combined_personalized,0.4125096116871939,0.1783922174108519,ds005540,labram_random
11,0,8,prior,0.428350316482084,0.1698958333333333,ds005540,cbramod_pretrained
11,0,8,eeg_population,-0.0135103212900705,0.2122690991708602,ds005540,cbramod_pretrained
11,0,8,eeg_personalized,-0.0135103212900705,0.2122690991708602,ds005540,cbramod_pretrained
11,0,8,combined_population,0.4158289955352072,0.1866513794829711,ds005540,cbramod_pretrained
11,0,8,combined_personalized,0.4158289955352072,0.1866513794829711,ds005540,cbramod_pretrained
11,0,8,prior,0.428350316482084,0.1698958333333333,ds005540,cbramod_random
11,0,8,eeg_population,-0.026687555435768,0.2118346302030165,ds005540,cbramod_random
11,0,8,eeg_personalized,-0.026687555435768,0.2118346302030165,ds005540,cbramod_random
11,0,8,combined_population,0.3900642805277886,0.1773897070741645,ds005540,cbramod_random
11,0,8,combined_personalized,0.3900642805277886,0.1773897070741645,ds005540,cbramod_random
11,1,0,prior,0.0,0.2037688850640657,ds005540,de
11,1,0,eeg_population,0.0291700098549412,0.2006464738313073,ds005540,de
11,1,0,eeg_personalized,0.0994352998813597,0.2590827184836256,ds005540,de
11,1,0,combined_population,0.0364911502709867,0.2118291787248894,ds005540,de
11,1,0,combined_personalized,0.1374483224782369,0.2375486385651422,ds005540,de
11,1,0,prior,0.0,0.2037688850640657,ds005540,labram_pretrained
11,1,0,eeg_population,-0.0229693238404514,0.2098742431845238,ds005540,labram_pretrained
11,1,0,eeg_personalized,0.0784843713958198,0.2779725723437355,ds005540,labram_pretrained
11,1,0,combined_population,-0.0122964295299117,0.2107955039423712,ds005540,labram_pretrained
11,1,0,combined_personalized,0.0933099261103663,0.2642458825909662,ds005540,labram_pretrained
11,1,0,prior,0.0,0.2037688850640657,ds005540,labram_random
11,1,0,eeg_population,0.0330270659716606,0.2087730735910463,ds005540,labram_random
11,1,0,eeg_personalized,0.0986632166135871,0.2630730723762062,ds005540,labram_random
11,1,0,combined_population,0.0126191473926601,0.2129848287632544,ds005540,labram_random
11,1,0,combined_personalized,0.1104733766785008,0.2565299099125266,ds005540,labram_random
11,1,0,prior,0.0,0.2037688850640657,ds005540,cbramod_pretrained
11,1,0,eeg_population,0.0023490320750303,0.2082808775100613,ds005540,cbramod_pretrained
11,1,0,eeg_personalized,0.0833402490953963,0.2660262762317511,ds005540,cbramod_pretrained
11,1,0,combined_population,0.0072558925284727,0.2076220834260843,ds005540,cbramod_pretrained
11,1,0,combined_personalized,0.0946294485745688,0.2570516477265182,ds005540,cbramod_pretrained
11,1,0,prior,0.0,0.2037688850640657,ds005540,cbramod_random
11,1,0,eeg_population,-0.0264827341887785,0.210618771997265,ds005540,cbramod_random
11,1,0,eeg_personalized,0.0859407027184027,0.2748883388778129,ds005540,cbramod_random
11,1,0,combined_population,-0.006731701430632,0.2077944445370181,ds005540,cbramod_random
11,1,0,combined_personalized,0.0982935029081683,0.2664167419040721,ds005540,cbramod_random
11,1,1,prior,0.2584151949491017,0.2199999999999999,ds005540,de
11,1,1,eeg_population,0.0277937224778165,0.2008769767850436,ds005540,de
11,1,1,eeg_personalized,0.0996351678667502,0.2587889344349033,ds005540,de
11,1,1,combined_population,0.2651115716182271,0.2263765461444351,ds005540,de
11,1,1,combined_personalized,0.2903161292628995,0.2371265452454048,ds005540,de
11,1,1,prior,0.2584151949491017,0.2199999999999999,ds005540,labram_pretrained
11,1,1,eeg_population,-0.0148947277319725,0.2081054860669196,ds005540,labram_pretrained
11,1,1,eeg_personalized,0.0765650795942806,0.2774501963557975,ds005540,labram_pretrained
11,1,1,combined_population,0.2432363422963091,0.2275734003620197,ds005540,labram_pretrained
11,1,1,combined_personalized,0.2948380854164796,0.2534979394862032,ds005540,labram_pretrained
11,1,1,prior,0.2584151949491017,0.2199999999999999,ds005540,labram_random
11,1,1,eeg_population,0.0192540313052949,0.2095992327205351,ds005540,labram_random
11,1,1,eeg_personalized,0.0914900422164338,0.2617534357825478,ds005540,labram_random
11,1,1,combined_population,0.2450036739364173,0.2249435948233278,ds005540,labram_random
11,1,1,combined_personalized,0.3012013575930269,0.2495610827195573,ds005540,labram_random
11,1,1,prior,0.2584151949491017,0.2199999999999999,ds005540,cbramod_pretrained
11,1,1,eeg_population,0.0026466992704916,0.2089846151660996,ds005540,cbramod_pretrained
11,1,1,eeg_personalized,0.0822433867985751,0.2660021813592899,ds005540,cbramod_pretrained
11,1,1,combined_population,0.2573989409935505,0.2255947925755886,ds005540,cbramod_pretrained
11,1,1,combined_personalized,0.3020793609542702,0.2431995031750607,ds005540,cbramod_pretrained
11,1,1,prior,0.2584151949491017,0.2199999999999999,ds005540,cbramod_random
11,1,1,eeg_population,-0.0289511676851544,0.2116525142200096,ds005540,cbramod_random
11,1,1,eeg_personalized,0.0794724569937301,0.2763095728006166,ds005540,cbramod_random
11,1,1,combined_population,0.2336067139885431,0.2241848930291912,ds005540,cbramod_random
11,1,1,combined_personalized,0.2960850002265737,0.2516309015878321,ds005540,cbramod_random
11,1,2,prior,0.2737914479022563,0.1986458333333333,ds005540,de
11,1,2,eeg_population,0.0322990002251104,0.2004524796757074,ds005540,de
11,1,2,eeg_personalized,0.1026979716893486,0.2582319628977203,ds005540,de
11,1,2,combined_population,0.2884870151046516,0.2122388676258124,ds005540,de
11,1,2,combined_personalized,0.3108856971913748,0.2282549194587926,ds005540,de
11,1,2,prior,0.2737914479022563,0.1986458333333333,ds005540,labram_pretrained
11,1,2,eeg_population,-0.0153524924339884,0.2091586967498773,ds005540,labram_pretrained
11,1,2,eeg_personalized,0.0769887922276965,0.27795907420852,ds005540,labram_pretrained
11,1,2,combined_population,0.2552605210701746,0.2108922423438252,ds005540,labram_pretrained
11,1,2,combined_personalized,0.3116111063181837,0.2411061130998542,ds005540,labram_pretrained
11,1,2,prior,0.2737914479022563,0.1986458333333333,ds005540,labram_random
11,1,2,eeg_population,0.0169920873751142,0.2093548931144894,ds005540,labram_random
11,1,2,eeg_personalized,0.0861411222126079,0.2612037366995935,ds005540,labram_random
11,1,2,combined_population,0.2579878901042982,0.2070993302208928,ds005540,labram_random
11,1,2,combined_personalized,0.3154208577821635,0.2404919403828136,ds005540,labram_random
11,1,2,prior,0.2737914479022563,0.1986458333333333,ds005540,cbramod_pretrained
11,1,2,eeg_population,0.0061988819586076,0.2077165787657697,ds005540,cbramod_pretrained
11,1,2,eeg_personalized,0.083506593354849,0.2658885513297384,ds005540,cbramod_pretrained
11,1,2,combined_population,0.2706064851419942,0.2037990385784946,ds005540,cbramod_pretrained
11,1,2,combined_personalized,0.3160507536004472,0.2315119848793189,ds005540,cbramod_pretrained
11,1,2,prior,0.2737914479022563,0.1986458333333333,ds005540,cbramod_random
11,1,2,eeg_population,-0.0281855520691727,0.2115965885234263,ds005540,cbramod_random
11,1,2,eeg_personalized,0.0775922525581059,0.2750820199704465,ds005540,cbramod_random
11,1,2,combined_population,0.243179582222171,0.2053481633770604,ds005540,cbramod_random
11,1,2,combined_personalized,0.3100482569073281,0.2435718716606337,ds005540,cbramod_random
11,1,4,prior,0.4177681759866486,0.17359375,ds005540,de
11,1,4,eeg_population,0.0255725250772596,0.2023801226635587,ds005540,de
11,1,4,eeg_personalized,0.1050902673135205,0.2595587254758884,ds005540,de
11,1,4,combined_population,0.4319947816104299,0.1846379997425139,ds005540,de
11,1,4,combined_personalized,0.4107973615989881,0.2124742315460975,ds005540,de
11,1,4,prior,0.4177681759866486,0.17359375,ds005540,labram_pretrained
11,1,4,eeg_population,-0.0101264540101721,0.2081021157457496,ds005540,labram_pretrained
11,1,4,eeg_personalized,0.0715578541094956,0.2774748095726556,ds005540,labram_pretrained
11,1,4,combined_population,0.4078884938635859,0.1800788734183139,ds005540,labram_pretrained
11,1,4,combined_personalized,0.4030903394404837,0.2209420498420506,ds005540,labram_pretrained
11,1,4,prior,0.4177681759866486,0.17359375,ds005540,labram_random
11,1,4,eeg_population,0.0135798609581934,0.2105360217008808,ds005540,labram_random
11,1,4,eeg_personalized,0.0854697156676699,0.2611977640672127,ds005540,labram_random
11,1,4,combined_population,0.4084703319348071,0.1769540151104413,ds005540,labram_random
11,1,4,combined_personalized,0.4072193926393972,0.2277966438441122,ds005540,labram_random
11,1,4,prior,0.4177681759866486,0.17359375,ds005540,cbramod_pretrained
11,1,4,eeg_population,-0.0063756488989593,0.208908310032281,ds005540,cbramod_pretrained
11,1,4,eeg_personalized,0.0863117915101556,0.2667744771581365,ds005540,cbramod_pretrained
11,1,4,combined_population,0.4045842473071568,0.1805676517229681,ds005540,cbramod_pretrained
11,1,4,combined_personalized,0.4181331076061765,0.2090445237244765,ds005540,cbramod_pretrained
11,1,4,prior,0.4177681759866486,0.17359375,ds005540,cbramod_random
11,1,4,eeg_population,-0.0169505527372151,0.2095780380217988,ds005540,cbramod_random
11,1,4,eeg_personalized,0.086356965288612,0.2737692952682659,ds005540,cbramod_random
11,1,4,combined_population,0.3879339817399847,0.1792032198666463,ds005540,cbramod_random
11,1,4,combined_personalized,0.406445349728973,0.2219592435110788,ds005540,cbramod_random
11,1,8,prior,0.428350316482084,0.1698958333333333,ds005540,de
11,1,8,eeg_population,0.051334413441575,0.211702306666868,ds005540,de
11,1,8,eeg_personalized,0.138871548874693,0.2566790730960425,ds005540,de
11,1,8,combined_population,0.2936722000611192,0.211327830077763,ds005540,de
11,1,8,combined_personalized,0.3624195919703408,0.2083591149205219,ds005540,de
11,1,8,prior,0.428350316482084,0.1698958333333333,ds005540,labram_pretrained
11,1,8,eeg_population,-0.0171012402378223,0.2090493688394359,ds005540,labram_pretrained
11,1,8,eeg_personalized,0.06594177483671,0.2778549178075259,ds005540,labram_pretrained
11,1,8,combined_population,0.402246149168695,0.1792411340131639,ds005540,labram_pretrained
11,1,8,combined_personalized,0.3610609862132563,0.2236764340238599,ds005540,labram_pretrained
11,1,8,prior,0.428350316482084,0.1698958333333333,ds005540,labram_random
11,1,8,eeg_population,0.0092848698987138,0.2143115730616014,ds005540,labram_random
11,1,8,eeg_personalized,0.1011543180620908,0.2620136754960509,ds005540,labram_random
11,1,8,combined_population,0.4125096116871939,0.1783922174108519,ds005540,labram_random
11,1,8,combined_personalized,0.3838373714404631,0.2285041543814412,ds005540,labram_random
11,1,8,prior,0.428350316482084,0.1698958333333333,ds005540,cbramod_pretrained
11,1,8,eeg_population,-0.0135103212900705,0.2122690991708602,ds005540,cbramod_pretrained
11,1,8,eeg_personalized,0.0932618991675168,0.2686566945667088,ds005540,cbramod_pretrained
11,1,8,combined_population,0.4158289955352072,0.1866513794829711,ds005540,cbramod_pretrained
11,1,8,combined_personalized,0.4165985231301232,0.2119555138109251,ds005540,cbramod_pretrained
11,1,8,prior,0.428350316482084,0.1698958333333333,ds005540,cbramod_random
11,1,8,eeg_population,-0.026687555435768,0.2118346302030165,ds005540,cbramod_random
11,1,8,eeg_personalized,0.0896608795288037,0.2736203619871608,ds005540,cbramod_random
11,1,8,combined_population,0.3900642805277886,0.1773897070741645,ds005540,cbramod_random
11,1,8,combined_personalized,0.3789948404901427,0.2269907176523274,ds005540,cbramod_random
11,2,0,prior,0.0,0.2037688850640657,ds005540,de
11,2,0,eeg_population,0.0291700098549412,0.2006464738313073,ds005540,de
11,2,0,eeg_personalized,0.0924887990250534,0.2575539489141127,ds005540,de
11,2,0,combined_population,0.0364911502709867,0.2118291787248894,ds005540,de
11,2,0,combined_personalized,0.1698107021189708,0.2108131668629921,ds005540,de
11,2,0,prior,0.0,0.2037688850640657,ds005540,labram_pretrained
11,2,0,eeg_population,-0.0229693238404514,0.2098742431845238,ds005540,labram_pretrained
11,2,0,eeg_personalized,0.0818419525614363,0.2851266439122812,ds005540,labram_pretrained
11,2,0,combined_population,-0.0122964295299117,0.2107955039423712,ds005540,labram_pretrained
11,2,0,combined_personalized,0.1387867596728407,0.2432899895759808,ds005540,labram_pretrained
11,2,0,prior,0.0,0.2037688850640657,ds005540,labram_random
11,2,0,eeg_population,0.0330270659716606,0.2087730735910463,ds005540,labram_random
11,2,0,eeg_personalized,0.1049959243494049,0.2707827396483855,ds005540,labram_random
11,2,0,combined_population,0.0126191473926601,0.2129848287632544,ds005540,labram_random
11,2,0,combined_personalized,0.154578174619725,0.2374369888081542,ds005540,labram_random
11,2,0,prior,0.0,0.2037688850640657,ds005540,cbramod_pretrained
11,2,0,eeg_population,0.0023490320750303,0.2082808775100613,ds005540,cbramod_pretrained
11,2,0,eeg_personalized,0.0829063921056732,0.2661808388719782,ds005540,cbramod_pretrained
11,2,0,combined_population,0.0072558925284727,0.2076220834260843,ds005540,cbramod_pretrained
11,2,0,combined_personalized,0.1432122037910394,0.2311329966163146,ds005540,cbramod_pretrained
11,2,0,prior,0.0,0.2037688850640657,ds005540,cbramod_random
11,2,0,eeg_population,-0.0264827341887785,0.210618771997265,ds005540,cbramod_random
11,2,0,eeg_personalized,0.0613551828799932,0.2839308865862203,ds005540,cbramod_random
11,2,0,combined_population,-0.006731701430632,0.2077944445370181,ds005540,cbramod_random
11,2,0,combined_personalized,0.1291958799518761,0.2448153243652918,ds005540,cbramod_random
11,2,1,prior,0.2584151949491017,0.2199999999999999,ds005540,de
11,2,1,eeg_population,0.0277937224778165,0.2008769767850436,ds005540,de
11,2,1,eeg_personalized,0.0925477802215559,0.2578359481720725,ds005540,de
11,2,1,combined_population,0.2651115716182271,0.2263765461444351,ds005540,de
11,2,1,combined_personalized,0.3248478896695825,0.2312837200376039,ds005540,de
11,2,1,prior,0.2584151949491017,0.2199999999999999,ds005540,labram_pretrained
11,2,1,eeg_population,-0.0148947277319725,0.2081054860669196,ds005540,labram_pretrained
11,2,1,eeg_personalized,0.080720078986771,0.2845790692618671,ds005540,labram_pretrained
11,2,1,combined_population,0.2432363422963091,0.2275734003620197,ds005540,labram_pretrained
11,2,1,combined_personalized,0.3316579688197487,0.2371393835541431,ds005540,labram_pretrained
11,2,1,prior,0.2584151949491017,0.2199999999999999,ds005540,labram_random
11,2,1,eeg_population,0.0192540313052949,0.2095992327205351,ds005540,labram_random
11,2,1,eeg_personalized,0.0970026669181269,0.2716032266890545,ds005540,labram_random
11,2,1,combined_population,0.2450036739364173,0.2249435948233278,ds005540,labram_random
11,2,1,combined_personalized,0.3332799402577172,0.2319776063300318,ds005540,labram_random
11,2,1,prior,0.2584151949491017,0.2199999999999999,ds005540,cbramod_pretrained
11,2,1,eeg_population,0.0026466992704916,0.2089846151660996,ds005540,cbramod_pretrained
11,2,1,eeg_personalized,0.0813667238578208,0.2675178068785807,ds005540,cbramod_pretrained
11,2,1,combined_population,0.2573989409935505,0.2255947925755886,ds005540,cbramod_pretrained
11,2,1,combined_personalized,0.3375078274148887,0.2316360901594491,ds005540,cbramod_pretrained
11,2,1,prior,0.2584151949491017,0.2199999999999999,ds005540,cbramod_random
11,2,1,eeg_population,-0.0289511676851544,0.2116525142200096,ds005540,cbramod_random
11,2,1,eeg_personalized,0.0561892395387407,0.2864204718115655,ds005540,cbramod_random
11,2,1,combined_population,0.2336067139885431,0.2241848930291912,ds005540,cbramod_random
11,2,1,combined_personalized,0.3144006961853497,0.2357321479796327,ds005540,cbramod_random
11,2,2,prior,0.2737914479022563,0.1986458333333333,ds005540,de
11,2,2,eeg_population,0.0322990002251104,0.2004524796757074,ds005540,de
11,2,2,eeg_personalized,0.0950171182994643,0.2571242521239332,ds005540,de
11,2,2,combined_population,0.2884870151046516,0.2122388676258124,ds005540,de
11,2,2,combined_personalized,0.3517255402076204,0.2122834707796421,ds005540,de
11,2,2,prior,0.2737914479022563,0.1986458333333333,ds005540,labram_pretrained
11,2,2,eeg_population,-0.0153524924339884,0.2091586967498773,ds005540,labram_pretrained
11,2,2,eeg_personalized,0.0798370099823955,0.2856456396254243,ds005540,labram_pretrained
11,2,2,combined_population,0.2552605210701746,0.2108922423438252,ds005540,labram_pretrained
11,2,2,combined_personalized,0.354423954810838,0.2236571896721658,ds005540,labram_pretrained
11,2,2,prior,0.2737914479022563,0.1986458333333333,ds005540,labram_random
11,2,2,eeg_population,0.0169920873751142,0.2093548931144894,ds005540,labram_random
11,2,2,eeg_personalized,0.0950020958115075,0.2710106821877315,ds005540,labram_random
11,2,2,combined_population,0.2579878901042982,0.2070993302208928,ds005540,labram_random
11,2,2,combined_personalized,0.3573991395390982,0.2165127225218516,ds005540,labram_random
11,2,2,prior,0.2737914479022563,0.1986458333333333,ds005540,cbramod_pretrained
11,2,2,eeg_population,0.0061988819586076,0.2077165787657697,ds005540,cbramod_pretrained
11,2,2,eeg_personalized,0.0831121434283598,0.2676997439613717,ds005540,cbramod_pretrained
11,2,2,combined_population,0.2706064851419942,0.2037990385784946,ds005540,cbramod_pretrained
11,2,2,combined_personalized,0.3606394059354146,0.2172263539335467,ds005540,cbramod_pretrained
11,2,2,prior,0.2737914479022563,0.1986458333333333,ds005540,cbramod_random
11,2,2,eeg_population,-0.0281855520691727,0.2115965885234263,ds005540,cbramod_random
11,2,2,eeg_personalized,0.0548895333813641,0.2867254727855486,ds005540,cbramod_random
11,2,2,combined_population,0.243179582222171,0.2053481633770604,ds005540,cbramod_random
11,2,2,combined_personalized,0.3357417527100542,0.2205421160147815,ds005540,cbramod_random
11,2,4,prior,0.4177681759866486,0.17359375,ds005540,de
11,2,4,eeg_population,0.0255725250772596,0.2023801226635587,ds005540,de
11,2,4,eeg_personalized,0.0954540833536802,0.2573950356621438,ds005540,de
11,2,4,combined_population,0.4319947816104299,0.1846379997425139,ds005540,de
11,2,4,combined_personalized,0.4728820189059046,0.1826575841893134,ds005540,de
11,2,4,prior,0.4177681759866486,0.17359375,ds005540,labram_pretrained
11,2,4,eeg_population,-0.0101264540101721,0.2081021157457496,ds005540,labram_pretrained
11,2,4,eeg_personalized,0.0787258097025334,0.2843023466484606,ds005540,labram_pretrained
11,2,4,combined_population,0.4078884938635859,0.1800788734183139,ds005540,labram_pretrained
11,2,4,combined_personalized,0.4794949224698439,0.1853258699503022,ds005540,labram_pretrained
11,2,4,prior,0.4177681759866486,0.17359375,ds005540,labram_random
11,2,4,eeg_population,0.0135798609581934,0.2105360217008808,ds005540,labram_random
11,2,4,eeg_personalized,0.0976806983824296,0.2697675617592097,ds005540,labram_random
11,2,4,combined_population,0.4084703319348071,0.1769540151104413,ds005540,labram_random
11,2,4,combined_personalized,0.4871155008203464,0.1827396404144264,ds005540,labram_random
11,2,4,prior,0.4177681759866486,0.17359375,ds005540,cbramod_pretrained
11,2,4,eeg_population,-0.0063756488989593,0.208908310032281,ds005540,cbramod_pretrained
11,2,4,eeg_personalized,0.0846675161608435,0.2675677776679987,ds005540,cbramod_pretrained
11,2,4,combined_population,0.4045842473071568,0.1805676517229681,ds005540,cbramod_pretrained
11,2,4,combined_personalized,0.4948340506132126,0.1809359524135971,ds005540,cbramod_pretrained
11,2,4,prior,0.4177681759866486,0.17359375,ds005540,cbramod_random
11,2,4,eeg_population,-0.0169505527372151,0.2095780380217988,ds005540,cbramod_random
11,2,4,eeg_personalized,0.062957225209407,0.2854464191893331,ds005540,cbramod_random
11,2,4,combined_population,0.3879339817399847,0.1792032198666463,ds005540,cbramod_random
11,2,4,combined_personalized,0.4626868753737848,0.1840886578329953,ds005540,cbramod_random
11,2,8,prior,0.428350316482084,0.1698958333333333,ds005540,de
11,2,8,eeg_population,0.051334413441575,0.211702306666868,ds005540,de
11,2,8,eeg_personalized,0.1290132038455336,0.2419005102895714,ds005540,de
11,2,8,combined_population,0.2936722000611192,0.211327830077763,ds005540,de
11,2,8,combined_personalized,0.4045932201419713,0.197347087850698,ds005540,de
11,2,8,prior,0.428350316482084,0.1698958333333333,ds005540,labram_pretrained
11,2,8,eeg_population,-0.0171012402378223,0.2090493688394359,ds005540,labram_pretrained
11,2,8,eeg_personalized,0.0741270099301091,0.2824601635715051,ds005540,labram_pretrained
11,2,8,combined_population,0.402246149168695,0.1792411340131639,ds005540,labram_pretrained
11,2,8,combined_personalized,0.4439433222702519,0.1939922864037696,ds005540,labram_pretrained
11,2,8,prior,0.428350316482084,0.1698958333333333,ds005540,labram_random
11,2,8,eeg_population,0.0092848698987138,0.2143115730616014,ds005540,labram_random
11,2,8,eeg_personalized,0.1022555245992287,0.2650928136215722,ds005540,labram_random
11,2,8,combined_population,0.4125096116871939,0.1783922174108519,ds005540,labram_random
11,2,8,combined_personalized,0.4596944390658461,0.1852872726880849,ds005540,labram_random
11,2,8,prior,0.428350316482084,0.1698958333333333,ds005540,cbramod_pretrained
11,2,8,eeg_population,-0.0135103212900705,0.2122690991708602,ds005540,cbramod_pretrained
11,2,8,eeg_personalized,0.0873170006145551,0.2688766478224452,ds005540,cbramod_pretrained
11,2,8,combined_population,0.4158289955352072,0.1866513794829711,ds005540,cbramod_pretrained
11,2,8,combined_personalized,0.5064178395884591,0.1836040608263968,ds005540,cbramod_pretrained
11,2,8,prior,0.428350316482084,0.1698958333333333,ds005540,cbramod_random
11,2,8,eeg_population,-0.026687555435768,0.2118346302030165,ds005540,cbramod_random
11,2,8,eeg_personalized,0.0651484155932981,0.2832349776083413,ds005540,cbramod_random
11,2,8,combined_population,0.3900642805277886,0.1773897070741645,ds005540,cbramod_random
11,2,8,combined_personalized,0.4405119750043242,0.1871204122816714,ds005540,cbramod_random
11,4,0,prior,0.0,0.2037688850640657,ds005540,de
11,4,0,eeg_population,0.0291700098549412,0.2006464738313073,ds005540,de
11,4,0,eeg_personalized,0.2844218613341741,0.2100450303401621,ds005540,de
11,4,0,combined_population,0.0364911502709867,0.2118291787248894,ds005540,de
11,4,0,combined_personalized,0.3208145064546683,0.2048799222987753,ds005540,de
11,4,0,prior,0.0,0.2037688850640657,ds005540,labram_pretrained
11,4,0,eeg_population,-0.0229693238404514,0.2098742431845238,ds005540,labram_pretrained
11,4,0,eeg_personalized,0.2556049165042895,0.216652635821739,ds005540,labram_pretrained
11,4,0,combined_population,-0.0122964295299117,0.2107955039423712,ds005540,labram_pretrained
11,4,0,combined_personalized,0.2965336080652296,0.2117151949434906,ds005540,labram_pretrained
11,4,0,prior,0.0,0.2037688850640657,ds005540,labram_random
11,4,0,eeg_population,0.0330270659716606,0.2087730735910463,ds005540,labram_random
11,4,0,eeg_personalized,0.2755696833273183,0.2126861559454372,ds005540,labram_random
11,4,0,combined_population,0.0126191473926601,0.2129848287632544,ds005540,labram_random
11,4,0,combined_personalized,0.2993807078671583,0.2163236922651981,ds005540,labram_random
11,4,0,prior,0.0,0.2037688850640657,ds005540,cbramod_pretrained
11,4,0,eeg_population,0.0023490320750303,0.2082808775100613,ds005540,cbramod_pretrained
11,4,0,eeg_personalized,0.2625647438076079,0.2163598008960725,ds005540,cbramod_pretrained
11,4,0,combined_population,0.0072558925284727,0.2076220834260843,ds005540,cbramod_pretrained
11,4,0,combined_personalized,0.2958244558361993,0.2098927279638953,ds005540,cbramod_pretrained
11,4,0,prior,0.0,0.2037688850640657,ds005540,cbramod_random
11,4,0,eeg_population,-0.0264827341887785,0.210618771997265,ds005540,cbramod_random
11,4,0,eeg_personalized,0.2496698508708164,0.2184400557797116,ds005540,cbramod_random
11,4,0,combined_population,-0.006731701430632,0.2077944445370181,ds005540,cbramod_random
11,4,0,combined_personalized,0.2909949552193521,0.216570070053125,ds005540,cbramod_random
11,4,1,prior,0.2584151949491017,0.2199999999999999,ds005540,de
11,4,1,eeg_population,0.0277937224778165,0.2008769767850436,ds005540,de
11,4,1,eeg_personalized,0.2850711398787592,0.2101457866227736,ds005540,de
11,4,1,combined_population,0.2651115716182271,0.2263765461444351,ds005540,de
11,4,1,combined_personalized,0.4166072013757641,0.2326832985666166,ds005540,de
11,4,1,prior,0.2584151949491017,0.2199999999999999,ds005540,labram_pretrained
11,4,1,eeg_population,-0.0148947277319725,0.2081054860669196,ds005540,labram_pretrained
11,4,1,eeg_personalized,0.2563142792510957,0.2167117217725503,ds005540,labram_pretrained
11,4,1,combined_population,0.2432363422963091,0.2275734003620197,ds005540,labram_pretrained
11,4,1,combined_personalized,0.4216096030258837,0.2289921124095298,ds005540,labram_pretrained
11,4,1,prior,0.2584151949491017,0.2199999999999999,ds005540,labram_random
11,4,1,eeg_population,0.0192540313052949,0.2095992327205351,ds005540,labram_random
11,4,1,eeg_personalized,0.2634838050030527,0.2139910598548348,ds005540,labram_random
11,4,1,combined_population,0.2450036739364173,0.2249435948233278,ds005540,labram_random
11,4,1,combined_personalized,0.4146524598680915,0.2298587803738799,ds005540,labram_random
11,4,1,prior,0.2584151949491017,0.2199999999999999,ds005540,cbramod_pretrained
11,4,1,eeg_population,0.0026466992704916,0.2089846151660996,ds005540,cbramod_pretrained
11,4,1,eeg_personalized,0.2602535222970116,0.2171972658401558,ds005540,cbramod_pretrained
11,4,1,combined_population,0.2573989409935505,0.2255947925755886,ds005540,cbramod_pretrained
11,4,1,combined_personalized,0.4214083366607196,0.2275667043916772,ds005540,cbramod_pretrained
11,4,1,prior,0.2584151949491017,0.2199999999999999,ds005540,cbramod_random
11,4,1,eeg_population,-0.0289511676851544,0.2116525142200096,ds005540,cbramod_random
11,4,1,eeg_personalized,0.2464605090158926,0.2185221133320229,ds005540,cbramod_random
11,4,1,combined_population,0.2336067139885431,0.2241848930291912,ds005540,cbramod_random
11,4,1,combined_personalized,0.4132943231315694,0.2284252304393533,ds005540,cbramod_random
11,4,2,prior,0.2737914479022563,0.1986458333333333,ds005540,de
11,4,2,eeg_population,0.0322990002251104,0.2004524796757074,ds005540,de
11,4,2,eeg_personalized,0.2886579842494274,0.2095034757447773,ds005540,de
11,4,2,combined_population,0.2884870151046516,0.2122388676258124,ds005540,de
11,4,2,combined_personalized,0.4608327151669009,0.209294321791089,ds005540,de
11,4,2,prior,0.2737914479022563,0.1986458333333333,ds005540,labram_pretrained
11,4,2,eeg_population,-0.0153524924339884,0.2091586967498773,ds005540,labram_pretrained
11,4,2,eeg_personalized,0.2553499768901005,0.2164975900685912,ds005540,labram_pretrained
11,4,2,combined_population,0.2552605210701746,0.2108922423438252,ds005540,labram_pretrained
11,4,2,combined_personalized,0.4647965782376014,0.2096992073295153,ds005540,labram_pretrained
11,4,2,prior,0.2737914479022563,0.1986458333333333,ds005540,labram_random
11,4,2,eeg_population,0.0169920873751142,0.2093548931144894,ds005540,labram_random
11,4,2,eeg_personalized,0.2617543633005907,0.2127228764625039,ds005540,labram_random
11,4,2,combined_population,0.2579878901042982,0.2070993302208928,ds005540,labram_random
11,4,2,combined_personalized,0.4587404460707145,0.2066586243727288,ds005540,labram_random
11,4,2,prior,0.2737914479022563,0.1986458333333333,ds005540,cbramod_pretrained
11,4,2,eeg_population,0.0061988819586076,0.2077165787657697,ds005540,cbramod_pretrained
11,4,2,eeg_personalized,0.2630508277463069,0.2167193412518996,ds005540,cbramod_pretrained
11,4,2,combined_population,0.2706064851419942,0.2037990385784946,ds005540,cbramod_pretrained
11,4,2,combined_personalized,0.4660925821903113,0.2037393189395658,ds005540,cbramod_pretrained
11,4,2,prior,0.2737914479022563,0.1986458333333333,ds005540,cbramod_random
11,4,2,eeg_population,-0.0281855520691727,0.2115965885234263,ds005540,cbramod_random
11,4,2,eeg_personalized,0.2450298662016906,0.2174959149576906,ds005540,cbramod_random
11,4,2,combined_population,0.243179582222171,0.2053481633770604,ds005540,cbramod_random
11,4,2,combined_personalized,0.456902299215602,0.2034350928116155,ds005540,cbramod_random
11,4,4,prior,0.4177681759866486,0.17359375,ds005540,de
11,4,4,eeg_population,0.0255725250772596,0.2023801226635587,ds005540,de
11,4,4,eeg_personalized,0.2915927250301668,0.2097708851376054,ds005540,de
11,4,4,combined_population,0.4319947816104299,0.1846379997425139,ds005540,de
11,4,4,combined_personalized,0.5712941480580869,0.1790662215486475,ds005540,de
11,4,4,prior,0.4177681759866486,0.17359375,ds005540,labram_pretrained
11,4,4,eeg_population,-0.0101264540101721,0.2081021157457496,ds005540,labram_pretrained
11,4,4,eeg_personalized,0.2538739279580138,0.2185970084070123,ds005540,labram_pretrained
11,4,4,combined_population,0.4078884938635859,0.1800788734183139,ds005540,labram_pretrained
11,4,4,combined_personalized,0.5889181633786889,0.1743513298086895,ds005540,labram_pretrained
11,4,4,prior,0.4177681759866486,0.17359375,ds005540,labram_random
11,4,4,eeg_population,0.0135798609581934,0.2105360217008808,ds005540,labram_random
11,4,4,eeg_personalized,0.2615564495340277,0.2137298232814532,ds005540,labram_random
11,4,4,combined_population,0.4084703319348071,0.1769540151104413,ds005540,labram_random
11,4,4,combined_personalized,0.585578381921101,0.1729431164474038,ds005540,labram_random
11,4,4,prior,0.4177681759866486,0.17359375,ds005540,cbramod_pretrained
11,4,4,eeg_population,-0.0063756488989593,0.208908310032281,ds005540,cbramod_pretrained
11,4,4,eeg_personalized,0.2638695520293562,0.2174421403261055,ds005540,cbramod_pretrained
11,4,4,combined_population,0.4045842473071568,0.1805676517229681,ds005540,cbramod_pretrained
11,4,4,combined_personalized,0.5899739879689412,0.1721492521829725,ds005540,cbramod_pretrained
11,4,4,prior,0.4177681759866486,0.17359375,ds005540,cbramod_random
11,4,4,eeg_population,-0.0169505527372151,0.2095780380217988,ds005540,cbramod_random
11,4,4,eeg_personalized,0.2560625361559883,0.215879668517507,ds005540,cbramod_random
11,4,4,combined_population,0.3879339817399847,0.1792032198666463,ds005540,cbramod_random
11,4,4,combined_personalized,0.5795977568296182,0.1735533070721569,ds005540,cbramod_random
11,4,8,prior,0.428350316482084,0.1698958333333333,ds005540,de
11,4,8,eeg_population,0.051334413441575,0.211702306666868,ds005540,de
11,4,8,eeg_personalized,0.3214132289895123,0.2075615308242668,ds005540,de
11,4,8,combined_population,0.2936722000611192,0.211327830077763,ds005540,de
11,4,8,combined_personalized,0.5495894403646,0.1825339131468939,ds005540,de
11,4,8,prior,0.428350316482084,0.1698958333333333,ds005540,labram_pretrained
11,4,8,eeg_population,-0.0171012402378223,0.2090493688394359,ds005540,labram_pretrained
11,4,8,eeg_personalized,0.2508526433674433,0.2202123246144163,ds005540,labram_pretrained
11,4,8,combined_population,0.402246149168695,0.1792411340131639,ds005540,labram_pretrained
11,4,8,combined_personalized,0.584448037375676,0.1704879055240423,ds005540,labram_pretrained
11,4,8,prior,0.428350316482084,0.1698958333333333,ds005540,labram_random
11,4,8,eeg_population,0.0092848698987138,0.2143115730616014,ds005540,labram_random
11,4,8,eeg_personalized,0.2639997689408784,0.21300749004216,ds005540,labram_random
11,4,8,combined_population,0.4125096116871939,0.1783922174108519,ds005540,labram_random
11,4,8,combined_personalized,0.5813918377673022,0.1683289605398915,ds005540,labram_random
11,4,8,prior,0.428350316482084,0.1698958333333333,ds005540,cbramod_pretrained
11,4,8,eeg_population,-0.0135103212900705,0.2122690991708602,ds005540,cbramod_pretrained
11,4,8,eeg_personalized,0.2653169715548846,0.2176861048580387,ds005540,cbramod_pretrained
11,4,8,combined_population,0.4158289955352072,0.1866513794829711,ds005540,cbramod_pretrained
11,4,8,combined_personalized,0.6020082453758253,0.1677327881552827,ds005540,cbramod_pretrained
11,4,8,prior,0.428350316482084,0.1698958333333333,ds005540,cbramod_random
11,4,8,eeg_population,-0.026687555435768,0.2118346302030165,ds005540,cbramod_random
11,4,8,eeg_personalized,0.2571838222074376,0.2153753700356698,ds005540,cbramod_random
11,4,8,combined_population,0.3900642805277886,0.1773897070741645,ds005540,cbramod_random
11,4,8,combined_personalized,0.5785733682706449,0.1678021241341809,ds005540,cbramod_random
11,8,0,prior,0.0,0.2037688850640657,ds005540,de
11,8,0,eeg_population,0.0291700098549412,0.2006464738313073,ds005540,de
11,8,0,eeg_personalized,0.2321804320111808,0.2073852940498509,ds005540,de
11,8,0,combined_population,0.0364911502709867,0.2118291787248894,ds005540,de
11,8,0,combined_personalized,0.2945678890420418,0.1992688970333473,ds005540,de
11,8,0,prior,0.0,0.2037688850640657,ds005540,labram_pretrained
11,8,0,eeg_population,-0.0229693238404514,0.2098742431845238,ds005540,labram_pretrained
11,8,0,eeg_personalized,0.2213914486607486,0.2126785436168241,ds005540,labram_pretrained
11,8,0,combined_population,-0.0122964295299117,0.2107955039423712,ds005540,labram_pretrained
11,8,0,combined_personalized,0.2806778821414559,0.2059509840448924,ds005540,labram_pretrained
11,8,0,prior,0.0,0.2037688850640657,ds005540,labram_random
11,8,0,eeg_population,0.0330270659716606,0.2087730735910463,ds005540,labram_random
11,8,0,eeg_personalized,0.2276767680772931,0.217265307306779,ds005540,labram_random
11,8,0,combined_population,0.0126191473926601,0.2129848287632544,ds005540,labram_random
11,8,0,combined_personalized,0.275538050898779,0.2139154032814276,ds005540,labram_random
11,8,0,prior,0.0,0.2037688850640657,ds005540,cbramod_pretrained
11,8,0,eeg_population,0.0023490320750303,0.2082808775100613,ds005540,cbramod_pretrained
11,8,0,eeg_personalized,0.2009676730130432,0.2166459004012925,ds005540,cbramod_pretrained
11,8,0,combined_population,0.0072558925284727,0.2076220834260843,ds005540,cbramod_pretrained
11,8,0,combined_personalized,0.2677737479207657,0.2080297827313743,ds005540,cbramod_pretrained
11,8,0,prior,0.0,0.2037688850640657,ds005540,cbramod_random
11,8,0,eeg_population,-0.0264827341887785,0.210618771997265,ds005540,cbramod_random
11,8,0,eeg_personalized,0.1910617748483112,0.2177111735804639,ds005540,cbramod_random
11,8,0,combined_population,-0.006731701430632,0.2077944445370181,ds005540,cbramod_random
11,8,0,combined_personalized,0.2582770751421262,0.2137556551753365,ds005540,cbramod_random
11,8,1,prior,0.2584151949491017,0.2199999999999999,ds005540,de
11,8,1,eeg_population,0.0277937224778165,0.2008769767850436,ds005540,de
11,8,1,eeg_personalized,0.2333101582966828,0.2075793663696985,ds005540,de
11,8,1,combined_population,0.2651115716182271,0.2263765461444351,ds005540,de
11,8,1,combined_personalized,0.420984274363273,0.2209375695137316,ds005540,de
11,8,1,prior,0.2584151949491017,0.2199999999999999,ds005540,labram_pretrained
11,8,1,eeg_population,-0.0148947277319725,0.2081054860669196,ds005540,labram_pretrained
11,8,1,eeg_personalized,0.2214821767451785,0.2129267904055461,ds005540,labram_pretrained
11,8,1,combined_population,0.2432363422963091,0.2275734003620197,ds005540,labram_pretrained
11,8,1,combined_personalized,0.425341175101971,0.2215585475212708,ds005540,labram_pretrained
11,8,1,prior,0.2584151949491017,0.2199999999999999,ds005540,labram_random
11,8,1,eeg_population,0.0192540313052949,0.2095992327205351,ds005540,labram_random
11,8,1,eeg_personalized,0.2135457733046933,0.2187261941673126,ds005540,labram_random
11,8,1,combined_population,0.2450036739364173,0.2249435948233278,ds005540,labram_random
11,8,1,combined_personalized,0.4106541519042916,0.2203863129298309,ds005540,labram_random
11,8,1,prior,0.2584151949491017,0.2199999999999999,ds005540,cbramod_pretrained
11,8,1,eeg_population,0.0026466992704916,0.2089846151660996,ds005540,cbramod_pretrained
11,8,1,eeg_personalized,0.1987825732230392,0.217553315940517,ds005540,cbramod_pretrained
11,8,1,combined_population,0.2573989409935505,0.2255947925755886,ds005540,cbramod_pretrained
11,8,1,combined_personalized,0.418030647032232,0.2182740466395886,ds005540,cbramod_pretrained
11,8,1,prior,0.2584151949491017,0.2199999999999999,ds005540,cbramod_random
11,8,1,eeg_population,-0.0289511676851544,0.2116525142200096,ds005540,cbramod_random
11,8,1,eeg_personalized,0.18704518757794,0.2179664008282924,ds005540,cbramod_random
11,8,1,combined_population,0.2336067139885431,0.2241848930291912,ds005540,cbramod_random
11,8,1,combined_personalized,0.4031585759824524,0.2186022831537637,ds005540,cbramod_random
11,8,2,prior,0.2737914479022563,0.1986458333333333,ds005540,de
11,8,2,eeg_population,0.0322990002251104,0.2004524796757074,ds005540,de
11,8,2,eeg_personalized,0.2371427291279127,0.2067267549461431,ds005540,de
11,8,2,combined_population,0.2884870151046516,0.2122388676258124,ds005540,de
11,8,2,combined_personalized,0.4655099682729877,0.2016415227028789,ds005540,de
11,8,2,prior,0.2737914479022563,0.1986458333333333,ds005540,labram_pretrained
11,8,2,eeg_population,-0.0153524924339884,0.2091586967498773,ds005540,labram_pretrained
11,8,2,eeg_personalized,0.2207317449181878,0.2122958843000735,ds005540,labram_pretrained
11,8,2,combined_population,0.2552605210701746,0.2108922423438252,ds005540,labram_pretrained
11,8,2,combined_personalized,0.4697053852463906,0.2013500507550614,ds005540,labram_pretrained
11,8,2,prior,0.2737914479022563,0.1986458333333333,ds005540,labram_random
11,8,2,eeg_population,0.0169920873751142,0.2093548931144894,ds005540,labram_random
11,8,2,eeg_personalized,0.2119589306969768,0.2179184872819425,ds005540,labram_random
11,8,2,combined_population,0.2579878901042982,0.2070993302208928,ds005540,labram_random
11,8,2,combined_personalized,0.4555702166725095,0.1991165121658635,ds005540,labram_random
11,8,2,prior,0.2737914479022563,0.1986458333333333,ds005540,cbramod_pretrained
11,8,2,eeg_population,0.0061988819586076,0.2077165787657697,ds005540,cbramod_pretrained
11,8,2,eeg_personalized,0.2015311237641836,0.2170548626383898,ds005540,cbramod_pretrained
11,8,2,combined_population,0.2706064851419942,0.2037990385784946,ds005540,cbramod_pretrained
11,8,2,combined_personalized,0.4623545969887399,0.198405395509218,ds005540,cbramod_pretrained
11,8,2,prior,0.2737914479022563,0.1986458333333333,ds005540,cbramod_random
11,8,2,eeg_population,-0.0281855520691727,0.2115965885234263,ds005540,cbramod_random
11,8,2,eeg_personalized,0.1854072315160157,0.2170423005007204,ds005540,cbramod_random
11,8,2,combined_population,0.243179582222171,0.2053481633770604,ds005540,cbramod_random
11,8,2,combined_personalized,0.4467231193426145,0.197652090491208,ds005540,cbramod_random
11,8,4,prior,0.4177681759866486,0.17359375,ds005540,de
11,8,4,eeg_population,0.0255725250772596,0.2023801226635587,ds005540,de
11,8,4,eeg_personalized,0.2403763868808645,0.2071218016383395,ds005540,de
11,8,4,combined_population,0.4319947816104299,0.1846379997425139,ds005540,de
11,8,4,combined_personalized,0.5830167304275982,0.1732924117228871,ds005540,de
11,8,4,prior,0.4177681759866486,0.17359375,ds005540,labram_pretrained
11,8,4,eeg_population,-0.0101264540101721,0.2081021157457496,ds005540,labram_pretrained
11,8,4,eeg_personalized,0.2187137281525214,0.2144618115599856,ds005540,labram_pretrained
11,8,4,combined_population,0.4078884938635859,0.1800788734183139,ds005540,labram_pretrained
11,8,4,combined_personalized,0.6016683090615708,0.1660720579407767,ds005540,labram_pretrained
11,8,4,prior,0.4177681759866486,0.17359375,ds005540,labram_random
11,8,4,eeg_population,0.0135798609581934,0.2105360217008808,ds005540,labram_random
11,8,4,eeg_personalized,0.2079274727785844,0.2197004496165233,ds005540,labram_random
11,8,4,combined_population,0.4084703319348071,0.1769540151104413,ds005540,labram_random
11,8,4,combined_personalized,0.5919442153724327,0.1634420117973227,ds005540,labram_random
11,8,4,prior,0.4177681759866486,0.17359375,ds005540,cbramod_pretrained
11,8,4,eeg_population,-0.0063756488989593,0.208908310032281,ds005540,cbramod_pretrained
11,8,4,eeg_personalized,0.1997017824554168,0.2175833021281316,ds005540,cbramod_pretrained
11,8,4,combined_population,0.4045842473071568,0.1805676517229681,ds005540,cbramod_pretrained
11,8,4,combined_personalized,0.592549179685904,0.1639554563800393,ds005540,cbramod_pretrained
11,8,4,prior,0.4177681759866486,0.17359375,ds005540,cbramod_random
11,8,4,eeg_population,-0.0169505527372151,0.2095780380217988,ds005540,cbramod_random
11,8,4,eeg_personalized,0.1965904879659731,0.2157657340151484,ds005540,cbramod_random
11,8,4,combined_population,0.3879339817399847,0.1792032198666463,ds005540,cbramod_random
11,8,4,combined_personalized,0.5788668811759978,0.1664001380352097,ds005540,cbramod_random
11,8,8,prior,0.428350316482084,0.1698958333333333,ds005540,de
11,8,8,eeg_population,0.051334413441575,0.211702306666868,ds005540,de
11,8,8,eeg_personalized,0.2742779184709409,0.2014302269306176,ds005540,de
11,8,8,combined_population,0.2936722000611192,0.211327830077763,ds005540,de
11,8,8,combined_personalized,0.5580384665547962,0.1764920499521684,ds005540,de
11,8,8,prior,0.428350316482084,0.1698958333333333,ds005540,labram_pretrained
11,8,8,eeg_population,-0.0171012402378223,0.2090493688394359,ds005540,labram_pretrained
11,8,8,eeg_personalized,0.2134456774982803,0.2149000324109339,ds005540,labram_pretrained
11,8,8,combined_population,0.402246149168695,0.1792411340131639,ds005540,labram_pretrained
11,8,8,combined_personalized,0.603995409670242,0.1632217376421718,ds005540,labram_pretrained
11,8,8,prior,0.428350316482084,0.1698958333333333,ds005540,labram_random
11,8,8,eeg_population,0.0092848698987138,0.2143115730616014,ds005540,labram_random
11,8,8,eeg_personalized,0.2105154781832717,0.2196647469290661,ds005540,labram_random
11,8,8,combined_population,0.4125096116871939,0.1783922174108519,ds005540,labram_random
11,8,8,combined_personalized,0.5943425797345236,0.1628491642942469,ds005540,labram_random
11,8,8,prior,0.428350316482084,0.1698958333333333,ds005540,cbramod_pretrained
11,8,8,eeg_population,-0.0135103212900705,0.2122690991708602,ds005540,cbramod_pretrained
11,8,8,eeg_personalized,0.202759699228777,0.2163753266326608,ds005540,cbramod_pretrained
11,8,8,combined_population,0.4158289955352072,0.1866513794829711,ds005540,cbramod_pretrained
11,8,8,combined_personalized,0.604773048105604,0.1629588899203445,ds005540,cbramod_pretrained
11,8,8,prior,0.428350316482084,0.1698958333333333,ds005540,cbramod_random
11,8,8,eeg_population,-0.026687555435768,0.2118346302030165,ds005540,cbramod_random
11,8,8,eeg_personalized,0.1949077403891626,0.2164482457457865,ds005540,cbramod_random
11,8,8,combined_population,0.3900642805277886,0.1773897070741645,ds005540,cbramod_random
11,8,8,combined_personalized,0.5816388645818894,0.1637164375008725,ds005540,cbramod_random
23,0,0,prior,0.0,0.1997749999999999,ds005540,de
23,0,0,eeg_population,-0.0246678547495838,0.2163067611885684,ds005540,de
23,0,0,eeg_personalized,-0.0246678547495838,0.2163067611885684,ds005540,de
23,0,0,combined_population,-0.0110584297743782,0.2139745129359389,ds005540,de
23,0,0,combined_personalized,-0.0110584297743782,0.2139745129359389,ds005540,de
23,0,0,prior,0.0,0.1997749999999999,ds005540,labram_pretrained
23,0,0,eeg_population,-0.0185639527495776,0.2026956662823695,ds005540,labram_pretrained
23,0,0,eeg_personalized,-0.0185639527495776,0.2026956662823695,ds005540,labram_pretrained
23,0,0,combined_population,0.0041674523132619,0.2017522183674596,ds005540,labram_pretrained
23,0,0,combined_personalized,0.0041674523132619,0.2017522183674596,ds005540,labram_pretrained
23,0,0,prior,0.0,0.1997749999999999,ds005540,labram_random
23,0,0,eeg_population,-0.0689292776082373,0.2148799363933429,ds005540,labram_random
23,0,0,eeg_personalized,-0.0689292776082373,0.2148799363933429,ds005540,labram_random
23,0,0,combined_population,-0.0618972411349794,0.2104775225050243,ds005540,labram_random
23,0,0,combined_personalized,-0.0618972411349794,0.2104775225050243,ds005540,labram_random
23,0,0,prior,0.0,0.1997749999999999,ds005540,cbramod_pretrained
23,0,0,eeg_population,-7.908365686241925e-05,0.2043938161286198,ds005540,cbramod_pretrained
23,0,0,eeg_personalized,-7.908365686241925e-05,0.2043938161286198,ds005540,cbramod_pretrained
23,0,0,combined_population,0.0476576898496802,0.1982555777095248,ds005540,cbramod_pretrained
23,0,0,combined_personalized,0.0476576898496802,0.1982555777095248,ds005540,cbramod_pretrained
23,0,0,prior,0.0,0.1997749999999999,ds005540,cbramod_random
23,0,0,eeg_population,0.0045550661900788,0.2022810210614741,ds005540,cbramod_random
23,0,0,eeg_personalized,0.0045550661900788,0.2022810210614741,ds005540,cbramod_random
23,0,0,combined_population,0.0148965739150542,0.2000326241755107,ds005540,cbramod_random
23,0,0,combined_personalized,0.0148965739150542,0.2000326241755107,ds005540,cbramod_random
23,0,1,prior,0.2131243823001309,0.2405,ds005540,de
23,0,1,eeg_population,-0.0254133974623932,0.2165916007287468,ds005540,de
23,0,1,eeg_personalized,-0.0254133974623932,0.2165916007287468,ds005540,de
23,0,1,combined_population,0.224314376295784,0.2537888147638716,ds005540,de
23,0,1,combined_personalized,0.224314376295784,0.2537888147638716,ds005540,de
23,0,1,prior,0.2131243823001309,0.2405,ds005540,labram_pretrained
23,0,1,eeg_population,-0.0127678122767032,0.201576882793723,ds005540,labram_pretrained
23,0,1,eeg_personalized,-0.0127678122767032,0.201576882793723,ds005540,labram_pretrained
23,0,1,combined_population,0.228035956853849,0.2444478524132756,ds005540,labram_pretrained
23,0,1,combined_personalized,0.228035956853849,0.2444478524132756,ds005540,labram_pretrained
23,0,1,prior,0.2131243823001309,0.2405,ds005540,labram_random
23,0,1,eeg_population,-0.0595694817783391,0.2140119956008641,ds005540,labram_random
23,0,1,eeg_personalized,-0.0595694817783391,0.2140119956008641,ds005540,labram_random
23,0,1,combined_population,0.1904229649454248,0.2497800144449603,ds005540,labram_random
23,0,1,combined_personalized,0.1904229649454248,0.2497800144449603,ds005540,labram_random
23,0,1,prior,0.2131243823001309,0.2405,ds005540,cbramod_pretrained
23,0,1,eeg_population,0.0040672840800348,0.2037125652560143,ds005540,cbramod_pretrained
23,0,1,eeg_personalized,0.0040672840800348,0.2037125652560143,ds005540,cbramod_pretrained
23,0,1,combined_population,0.2449768536483538,0.2423177857360025,ds005540,cbramod_pretrained
23,0,1,combined_personalized,0.2449768536483538,0.2423177857360025,ds005540,cbramod_pretrained
23,0,1,prior,0.2131243823001309,0.2405,ds005540,cbramod_random
23,0,1,eeg_population,0.0033117851945345,0.2026069864042524,ds005540,cbramod_random
23,0,1,eeg_personalized,0.0033117851945345,0.2026069864042524,ds005540,cbramod_random
23,0,1,combined_population,0.2228209557673779,0.2419980949605162,ds005540,cbramod_random
23,0,1,combined_personalized,0.2228209557673779,0.2419980949605162,ds005540,cbramod_random
23,0,2,prior,0.2631280709445753,0.2188125,ds005540,de
23,0,2,eeg_population,-0.0247666641294259,0.2161159210148666,ds005540,de
23,0,2,eeg_personalized,-0.0247666641294259,0.2161159210148666,ds005540,de
23,0,2,combined_population,0.2676076103421049,0.2346970469979774,ds005540,de
23,0,2,combined_personalized,0.2676076103421049,0.2346970469979774,ds005540,de
23,0,2,prior,0.2631280709445753,0.2188125,ds005540,labram_pretrained
23,0,2,eeg_population,-0.0019128786447282,0.200374818418859,ds005540,labram_pretrained
23,0,2,eeg_personalized,-0.0019128786447282,0.200374818418859,ds005540,labram_pretrained
23,0,2,combined_population,0.2710399712955051,0.2262150239865195,ds005540,labram_pretrained
23,0,2,combined_personalized,0.2710399712955051,0.2262150239865195,ds005540,labram_pretrained
23,0,2,prior,0.2631280709445753,0.2188125,ds005540,labram_random
23,0,2,eeg_population,-0.0565535136602763,0.2134329693382962,ds005540,labram_random
23,0,2,eeg_personalized,-0.0565535136602763,0.2134329693382962,ds005540,labram_random
23,0,2,combined_population,0.2405788448716458,0.2286029863284167,ds005540,labram_random
23,0,2,combined_personalized,0.2405788448716458,0.2286029863284167,ds005540,labram_random
23,0,2,prior,0.2631280709445753,0.2188125,ds005540,cbramod_pretrained
23,0,2,eeg_population,0.0019640860399558,0.2041017764687203,ds005540,cbramod_pretrained
23,0,2,eeg_personalized,0.0019640860399558,0.2041017764687203,ds005540,cbramod_pretrained
23,0,2,combined_population,0.2894873945480783,0.2202864947480689,ds005540,cbramod_pretrained
23,0,2,combined_personalized,0.2894873945480783,0.2202864947480689,ds005540,cbramod_pretrained
23,0,2,prior,0.2631280709445753,0.2188125,ds005540,cbramod_random
23,0,2,eeg_population,-0.0002109597005588,0.2024858911775816,ds005540,cbramod_random
23,0,2,eeg_personalized,-0.0002109597005588,0.2024858911775816,ds005540,cbramod_random
23,0,2,combined_population,0.2714587205507443,0.2200890909826038,ds005540,cbramod_random
23,0,2,combined_personalized,0.2714587205507443,0.2200890909826038,ds005540,cbramod_random
23,0,4,prior,0.4137444875812099,0.177375,ds005540,de
23,0,4,eeg_population,-0.0267586699623374,0.2152571441988024,ds005540,de
23,0,4,eeg_personalized,-0.0267586699623374,0.2152571441988024,ds005540,de
23,0,4,combined_population,0.3899471186944751,0.1879932297871798,ds005540,de
23,0,4,combined_personalized,0.3899471186944751,0.1879932297871798,ds005540,de
23,0,4,prior,0.4137444875812099,0.177375,ds005540,labram_pretrained
23,0,4,eeg_population,0.0033058305233628,0.1997468082356018,ds005540,labram_pretrained
23,0,4,eeg_personalized,0.0033058305233628,0.1997468082356018,ds005540,labram_pretrained
23,0,4,combined_population,0.4185206970827489,0.1837555627370445,ds005540,labram_pretrained
23,0,4,combined_personalized,0.4185206970827489,0.1837555627370445,ds005540,labram_pretrained
23,0,4,prior,0.4137444875812099,0.177375,ds005540,labram_random
23,0,4,eeg_population,-0.0567831482084511,0.2133533214810685,ds005540,labram_random
23,0,4,eeg_personalized,-0.0567831482084511,0.2133533214810685,ds005540,labram_random
23,0,4,combined_population,0.3824566389578139,0.1820735602670586,ds005540,labram_random
23,0,4,combined_personalized,0.3824566389578139,0.1820735602670586,ds005540,labram_random
23,0,4,prior,0.4137444875812099,0.177375,ds005540,cbramod_pretrained
23,0,4,eeg_population,0.0029839181325995,0.2042759571014198,ds005540,cbramod_pretrained
23,0,4,eeg_personalized,0.0029839181325995,0.2042759571014198,ds005540,cbramod_pretrained
23,0,4,combined_population,0.444053260593113,0.177201980887197,ds005540,cbramod_pretrained
23,0,4,combined_personalized,0.444053260593113,0.177201980887197,ds005540,cbramod_pretrained
23,0,4,prior,0.4137444875812099,0.177375,ds005540,cbramod_random
23,0,4,eeg_population,-0.0032853708153609,0.2032087840186774,ds005540,cbramod_random
23,0,4,eeg_personalized,-0.0032853708153609,0.2032087840186774,ds005540,cbramod_random
23,0,4,combined_population,0.414682157016502,0.1791497056115057,ds005540,cbramod_random
23,0,4,combined_personalized,0.414682157016502,0.1791497056115057,ds005540,cbramod_random
23,0,8,prior,0.5196252677988611,0.150734375,ds005540,de
23,0,8,eeg_population,-0.0202870338708316,0.2155555349833656,ds005540,de
23,0,8,eeg_personalized,-0.0202870338708316,0.2155555349833656,ds005540,de
23,0,8,combined_population,0.4819695969206698,0.1663106018549056,ds005540,de
23,0,8,combined_personalized,0.4819695969206698,0.1663106018549056,ds005540,de
23,0,8,prior,0.5196252677988611,0.150734375,ds005540,labram_pretrained
23,0,8,eeg_population,0.0062931370278472,0.1987953492652824,ds005540,labram_pretrained
23,0,8,eeg_personalized,0.0062931370278472,0.1987953492652824,ds005540,labram_pretrained
23,0,8,combined_population,0.5342461011152639,0.1525009988082216,ds005540,labram_pretrained
23,0,8,combined_personalized,0.5342461011152639,0.1525009988082216,ds005540,labram_pretrained
23,0,8,prior,0.5196252677988611,0.150734375,ds005540,labram_random
23,0,8,eeg_population,-0.0585768862315488,0.2129805079228275,ds005540,labram_random
23,0,8,eeg_personalized,-0.0585768862315488,0.2129805079228275,ds005540,labram_random
23,0,8,combined_population,0.4783625575112937,0.155081000748223,ds005540,labram_random
23,0,8,combined_personalized,0.4783625575112937,0.155081000748223,ds005540,labram_random
23,0,8,prior,0.5196252677988611,0.150734375,ds005540,cbramod_pretrained
23,0,8,eeg_population,0.0003881423863721,0.2039601481082274,ds005540,cbramod_pretrained
23,0,8,eeg_personalized,0.0003881423863721,0.2039601481082274,ds005540,cbramod_pretrained
23,0,8,combined_population,0.5534135923956056,0.1489817833191697,ds005540,cbramod_pretrained
23,0,8,combined_personalized,0.5534135923956056,0.1489817833191697,ds005540,cbramod_pretrained
23,0,8,prior,0.5196252677988611,0.150734375,ds005540,cbramod_random
23,0,8,eeg_population,0.0126887894125857,0.202423405941118,ds005540,cbramod_random
23,0,8,eeg_personalized,0.0126887894125857,0.202423405941118,ds005540,cbramod_random
23,0,8,combined_population,0.5514808487289297,0.1483535181959075,ds005540,cbramod_random
23,0,8,combined_personalized,0.5514808487289297,0.1483535181959075,ds005540,cbramod_random
23,1,0,prior,0.0,0.1997749999999999,ds005540,de
23,1,0,eeg_population,-0.0246678547495838,0.2163067611885684,ds005540,de
23,1,0,eeg_personalized,0.1051365414569628,0.2417237254909916,ds005540,de
23,1,0,combined_population,-0.0110584297743782,0.2139745129359389,ds005540,de
23,1,0,combined_personalized,0.0671168940219901,0.2444532425132226,ds005540,de
23,1,0,prior,0.0,0.1997749999999999,ds005540,labram_pretrained
23,1,0,eeg_population,-0.0185639527495776,0.2026956662823695,ds005540,labram_pretrained
23,1,0,eeg_personalized,0.129019121529758,0.2333455284532751,ds005540,labram_pretrained
23,1,0,combined_population,0.0041674523132619,0.2017522183674596,ds005540,labram_pretrained
23,1,0,combined_personalized,0.0865135907845486,0.235012539882721,ds005540,labram_pretrained
23,1,0,prior,0.0,0.1997749999999999,ds005540,labram_random
23,1,0,eeg_population,-0.0689292776082373,0.2148799363933429,ds005540,labram_random
23,1,0,eeg_personalized,0.0909622540866414,0.2390485060072925,ds005540,labram_random
23,1,0,combined_population,-0.0618972411349794,0.2104775225050243,ds005540,labram_random
23,1,0,combined_personalized,0.0513388428641048,0.238646117215211,ds005540,labram_random
23,1,0,prior,0.0,0.1997749999999999,ds005540,cbramod_pretrained
23,1,0,eeg_population,-7.908365686241925e-05,0.2043938161286198,ds005540,cbramod_pretrained
23,1,0,eeg_personalized,0.1678736297732902,0.231943826523055,ds005540,cbramod_pretrained
23,1,0,combined_population,0.0476576898496802,0.1982555777095248,ds005540,cbramod_pretrained
23,1,0,combined_personalized,0.1352865648325383,0.2357957599828031,ds005540,cbramod_pretrained
23,1,0,prior,0.0,0.1997749999999999,ds005540,cbramod_random
23,1,0,eeg_population,0.0045550661900788,0.2022810210614741,ds005540,cbramod_random
23,1,0,eeg_personalized,0.1711909003450976,0.2489828116703522,ds005540,cbramod_random
23,1,0,combined_population,0.0148965739150542,0.2000326241755107,ds005540,cbramod_random
23,1,0,combined_personalized,0.1304072558371453,0.2435491896981636,ds005540,cbramod_random
23,1,1,prior,0.2131243823001309,0.2405,ds005540,de
23,1,1,eeg_population,-0.0254133974623932,0.2165916007287468,ds005540,de
23,1,1,eeg_personalized,0.1074771492505039,0.2416742660859786,ds005540,de
23,1,1,combined_population,0.224314376295784,0.2537888147638716,ds005540,de
23,1,1,combined_personalized,0.1680999994289045,0.2822119464043785,ds005540,de
23,1,1,prior,0.2131243823001309,0.2405,ds005540,labram_pretrained
23,1,1,eeg_population,-0.0127678122767032,0.201576882793723,ds005540,labram_pretrained
23,1,1,eeg_personalized,0.1315157697202862,0.2335230636858579,ds005540,labram_pretrained
23,1,1,combined_population,0.228035956853849,0.2444478524132756,ds005540,labram_pretrained
23,1,1,combined_personalized,0.1865178605731192,0.2765289463148737,ds005540,labram_pretrained
23,1,1,prior,0.2131243823001309,0.2405,ds005540,labram_random
23,1,1,eeg_population,-0.0595694817783391,0.2140119956008641,ds005540,labram_random
23,1,1,eeg_personalized,0.0899275958820542,0.240387560231545,ds005540,labram_random
23,1,1,combined_population,0.1904229649454248,0.2497800144449603,ds005540,labram_random
23,1,1,combined_personalized,0.1508471242611242,0.2807437990761776,ds005540,labram_random
23,1,1,prior,0.2131243823001309,0.2405,ds005540,cbramod_pretrained
23,1,1,eeg_population,0.0040672840800348,0.2037125652560143,ds005540,cbramod_pretrained
23,1,1,eeg_personalized,0.1727628516330607,0.2312812480973504,ds005540,cbramod_pretrained
23,1,1,combined_population,0.2449768536483538,0.2423177857360025,ds005540,cbramod_pretrained
23,1,1,combined_personalized,0.2184418051872927,0.2724388819570538,ds005540,cbramod_pretrained
23,1,1,prior,0.2131243823001309,0.2405,ds005540,cbramod_random
23,1,1,eeg_population,0.0033117851945345,0.2026069864042524,ds005540,cbramod_random
23,1,1,eeg_personalized,0.1707009902820074,0.2486950994395613,ds005540,cbramod_random
23,1,1,combined_population,0.2228209557673779,0.2419980949605162,ds005540,cbramod_random
23,1,1,combined_personalized,0.2080089330551144,0.2801400034077078,ds005540,cbramod_random
23,1,2,prior,0.2631280709445753,0.2188125,ds005540,de
23,1,2,eeg_population,-0.0247666641294259,0.2161159210148666,ds005540,de
23,1,2,eeg_personalized,0.1093547653025295,0.2410640296062303,ds005540,de
23,1,2,combined_population,0.2676076103421049,0.2346970469979774,ds005540,de
23,1,2,combined_personalized,0.2348532465407374,0.245244715736911,ds005540,de
23,1,2,prior,0.2631280709445753,0.2188125,ds005540,labram_pretrained
23,1,2,eeg_population,-0.0019128786447282,0.200374818418859,ds005540,labram_pretrained
23,1,2,eeg_personalized,0.1357285960227619,0.2336569417098899,ds005540,labram_pretrained
23,1,2,combined_population,0.2710399712955051,0.2262150239865195,ds005540,labram_pretrained
23,1,2,combined_personalized,0.2524229970796968,0.2449386702213125,ds005540,labram_pretrained
23,1,2,prior,0.2631280709445753,0.2188125,ds005540,labram_random
23,1,2,eeg_population,-0.0565535136602763,0.2134329693382962,ds005540,labram_random
23,1,2,eeg_personalized,0.0905967183291616,0.2424902426211274,ds005540,labram_random
23,1,2,combined_population,0.2405788448716458,0.2286029863284167,ds005540,labram_random
23,1,2,combined_personalized,0.2251177919090596,0.2418116907916255,ds005540,labram_random
23,1,2,prior,0.2631280709445753,0.2188125,ds005540,cbramod_pretrained
23,1,2,eeg_population,0.0019640860399558,0.2041017764687203,ds005540,cbramod_pretrained
23,1,2,eeg_personalized,0.1752000611398806,0.2311845538465299,ds005540,cbramod_pretrained
23,1,2,combined_population,0.2894873945480783,0.2202864947480689,ds005540,cbramod_pretrained
23,1,2,combined_personalized,0.2861140556818732,0.2386998158067653,ds005540,cbramod_pretrained
23,1,2,prior,0.2631280709445753,0.2188125,ds005540,cbramod_random
23,1,2,eeg_population,-0.0002109597005588,0.2024858911775816,ds005540,cbramod_random
23,1,2,eeg_personalized,0.1669485897819381,0.2487304131815909,ds005540,cbramod_random
23,1,2,combined_population,0.2714587205507443,0.2200890909826038,ds005540,cbramod_random
23,1,2,combined_personalized,0.2747266501343837,0.2405832359561756,ds005540,cbramod_random
23,1,4,prior,0.4137444875812099,0.177375,ds005540,de
23,1,4,eeg_population,-0.0267586699623374,0.2152571441988024,ds005540,de
23,1,4,eeg_personalized,0.1114670655978452,0.2400403765754149,ds005540,de
23,1,4,combined_population,0.3899471186944751,0.1879932297871798,ds005540,de
23,1,4,combined_personalized,0.333165944498912,0.2227407357370998,ds005540,de
23,1,4,prior,0.4137444875812099,0.177375,ds005540,labram_pretrained
23,1,4,eeg_population,0.0033058305233628,0.1997468082356018,ds005540,labram_pretrained
23,1,4,eeg_personalized,0.1342387940716908,0.2345551418089257,ds005540,labram_pretrained
23,1,4,combined_population,0.4185206970827489,0.1837555627370445,ds005540,labram_pretrained
23,1,4,combined_personalized,0.3573884581875461,0.2157191996489159,ds005540,labram_pretrained
23,1,4,prior,0.4137444875812099,0.177375,ds005540,labram_random
23,1,4,eeg_population,-0.0567831482084511,0.2133533214810685,ds005540,labram_random
23,1,4,eeg_personalized,0.0927300033853134,0.2416743697009293,ds005540,labram_random
23,1,4,combined_population,0.3824566389578139,0.1820735602670586,ds005540,labram_random
23,1,4,combined_personalized,0.3363376608228121,0.2131136135255501,ds005540,labram_random
23,1,4,prior,0.4137444875812099,0.177375,ds005540,cbramod_pretrained
23,1,4,eeg_population,0.0029839181325995,0.2042759571014198,ds005540,cbramod_pretrained
23,1,4,eeg_personalized,0.1734551288052415,0.2304990271753844,ds005540,cbramod_pretrained
23,1,4,combined_population,0.444053260593113,0.177201980887197,ds005540,cbramod_pretrained
23,1,4,combined_personalized,0.3857352066097276,0.2177796816129679,ds005540,cbramod_pretrained
23,1,4,prior,0.4137444875812099,0.177375,ds005540,cbramod_random
23,1,4,eeg_population,-0.0032853708153609,0.2032087840186774,ds005540,cbramod_random
23,1,4,eeg_personalized,0.1599888227296751,0.2487978727602941,ds005540,cbramod_random
23,1,4,combined_population,0.414682157016502,0.1791497056115057,ds005540,cbramod_random
23,1,4,combined_personalized,0.3666057175919353,0.2211759244146533,ds005540,cbramod_random
23,1,8,prior,0.5196252677988611,0.150734375,ds005540,de
23,1,8,eeg_population,-0.0202870338708316,0.2155555349833656,ds005540,de
23,1,8,eeg_personalized,0.1230692622127014,0.2399448944465535,ds005540,de
23,1,8,combined_population,0.4819695969206698,0.1663106018549056,ds005540,de
23,1,8,combined_personalized,0.4078413776711838,0.2065521892200147,ds005540,de
23,1,8,prior,0.5196252677988611,0.150734375,ds005540,labram_pretrained
23,1,8,eeg_population,0.0062931370278472,0.1987953492652824,ds005540,labram_pretrained
23,1,8,eeg_personalized,0.1442020131840028,0.2349226610533189,ds005540,labram_pretrained
23,1,8,combined_population,0.5342461011152639,0.1525009988082216,ds005540,labram_pretrained
23,1,8,combined_personalized,0.4357555730682014,0.1995312458360798,ds005540,labram_pretrained
23,1,8,prior,0.5196252677988611,0.150734375,ds005540,labram_random
23,1,8,eeg_population,-0.0585768862315488,0.2129805079228275,ds005540,labram_random
23,1,8,eeg_personalized,0.0877517923699588,0.2420884797515707,ds005540,labram_random
23,1,8,combined_population,0.4783625575112937,0.155081000748223,ds005540,labram_random
23,1,8,combined_personalized,0.4091080319280661,0.1963487994526852,ds005540,labram_random
23,1,8,prior,0.5196252677988611,0.150734375,ds005540,cbramod_pretrained
23,1,8,eeg_population,0.0003881423863721,0.2039601481082274,ds005540,cbramod_pretrained
23,1,8,eeg_personalized,0.1805883183943858,0.2294599881382832,ds005540,cbramod_pretrained
23,1,8,combined_population,0.5534135923956056,0.1489817833191697,ds005540,cbramod_pretrained
23,1,8,combined_personalized,0.457686726176689,0.2007649013420732,ds005540,cbramod_pretrained
23,1,8,prior,0.5196252677988611,0.150734375,ds005540,cbramod_random
23,1,8,eeg_population,0.0126887894125857,0.202423405941118,ds005540,cbramod_random
23,1,8,eeg_personalized,0.1721819001796616,0.2460241909936544,ds005540,cbramod_random
23,1,8,combined_population,0.5514808487289297,0.1483535181959075,ds005540,cbramod_random
23,1,8,combined_personalized,0.45773171803677,0.2003268077148821,ds005540,cbramod_random
23,2,0,prior,0.0,0.1997749999999999,ds005540,de
23,2,0,eeg_population,-0.0246678547495838,0.2163067611885684,ds005540,de
23,2,0,eeg_personalized,0.1213077716729802,0.2107402112465416,ds005540,de
23,2,0,combined_population,-0.0110584297743782,0.2139745129359389,ds005540,de
23,2,0,combined_personalized,0.1071764282624662,0.2216481647745735,ds005540,de
23,2,0,prior,0.0,0.1997749999999999,ds005540,labram_pretrained
23,2,0,eeg_population,-0.0185639527495776,0.2026956662823695,ds005540,labram_pretrained
23,2,0,eeg_personalized,0.1508644476584118,0.2091520027487901,ds005540,labram_pretrained
23,2,0,combined_population,0.0041674523132619,0.2017522183674596,ds005540,labram_pretrained
23,2,0,combined_personalized,0.1521971104586962,0.2201505955419858,ds005540,labram_pretrained
23,2,0,prior,0.0,0.1997749999999999,ds005540,labram_random
23,2,0,eeg_population,-0.0689292776082373,0.2148799363933429,ds005540,labram_random
23,2,0,eeg_personalized,0.135635969420088,0.2121555752113542,ds005540,labram_random
23,2,0,combined_population,-0.0618972411349794,0.2104775225050243,ds005540,labram_random
23,2,0,combined_personalized,0.1247365503073834,0.2240835045814485,ds005540,labram_random
23,2,0,prior,0.0,0.1997749999999999,ds005540,cbramod_pretrained
23,2,0,eeg_population,-7.908365686241925e-05,0.2043938161286198,ds005540,cbramod_pretrained
23,2,0,eeg_personalized,0.1753138020102271,0.2029666039413192,ds005540,cbramod_pretrained
23,2,0,combined_population,0.0476576898496802,0.1982555777095248,ds005540,cbramod_pretrained
23,2,0,combined_personalized,0.1969186226440226,0.2135492000969573,ds005540,cbramod_pretrained
23,2,0,prior,0.0,0.1997749999999999,ds005540,cbramod_random
23,2,0,eeg_population,0.0045550661900788,0.2022810210614741,ds005540,cbramod_random
23,2,0,eeg_personalized,0.2154937997548113,0.2083862816034771,ds005540,cbramod_random
23,2,0,combined_population,0.0148965739150542,0.2000326241755107,ds005540,cbramod_random
23,2,0,combined_personalized,0.1950212648329594,0.2212400675790954,ds005540,cbramod_random
23,2,1,prior,0.2131243823001309,0.2405,ds005540,de
23,2,1,eeg_population,-0.0254133974623932,0.2165916007287468,ds005540,de
23,2,1,eeg_personalized,0.1240081766252244,0.2107239970090849,ds005540,de
23,2,1,combined_population,0.224314376295784,0.2537888147638716,ds005540,de
23,2,1,combined_personalized,0.1964323008906238,0.2738177188198034,ds005540,de
23,2,1,prior,0.2131243823001309,0.2405,ds005540,labram_pretrained
23,2,1,eeg_population,-0.0127678122767032,0.201576882793723,ds005540,labram_pretrained
23,2,1,eeg_personalized,0.1535523903182431,0.2086653884832457,ds005540,labram_pretrained
23,2,1,combined_population,0.228035956853849,0.2444478524132756,ds005540,labram_pretrained
23,2,1,combined_personalized,0.2291574377606768,0.2695251979620615,ds005540,labram_pretrained
23,2,1,prior,0.2131243823001309,0.2405,ds005540,labram_random
23,2,1,eeg_population,-0.0595694817783391,0.2140119956008641,ds005540,labram_random
23,2,1,eeg_personalized,0.1400841312568674,0.2118819057778873,ds005540,labram_random
23,2,1,combined_population,0.1904229649454248,0.2497800144449603,ds005540,labram_random
23,2,1,combined_personalized,0.2057590202181601,0.2787986953177885,ds005540,labram_random
23,2,1,prior,0.2131243823001309,0.2405,ds005540,cbramod_pretrained
23,2,1,eeg_population,0.0040672840800348,0.2037125652560143,ds005540,cbramod_pretrained
23,2,1,eeg_personalized,0.1811777519277075,0.2027002472064691,ds005540,cbramod_pretrained
23,2,1,combined_population,0.2449768536483538,0.2423177857360025,ds005540,cbramod_pretrained
23,2,1,combined_personalized,0.2548398724360202,0.2651580198199865,ds005540,cbramod_pretrained
23,2,1,prior,0.2131243823001309,0.2405,ds005540,cbramod_random
23,2,1,eeg_population,0.0033117851945345,0.2026069864042524,ds005540,cbramod_random
23,2,1,eeg_personalized,0.2148297410543248,0.2082921494021866,ds005540,cbramod_random
23,2,1,combined_population,0.2228209557673779,0.2419980949605162,ds005540,cbramod_random
23,2,1,combined_personalized,0.2446022201693992,0.2709867227633303,ds005540,cbramod_random
23,2,2,prior,0.2631280709445753,0.2188125,ds005540,de
23,2,2,eeg_population,-0.0247666641294259,0.2161159210148666,ds005540,de
23,2,2,eeg_personalized,0.1260157326308252,0.2106193449396899,ds005540,de
23,2,2,combined_population,0.2676076103421049,0.2346970469979774,ds005540,de
23,2,2,combined_personalized,0.2533966190182624,0.2383729065304943,ds005540,de
23,2,2,prior,0.2631280709445753,0.2188125,ds005540,labram_pretrained
23,2,2,eeg_population,-0.0019128786447282,0.200374818418859,ds005540,labram_pretrained
23,2,2,eeg_personalized,0.1628960043419687,0.2075245368714758,ds005540,labram_pretrained
23,2,2,combined_population,0.2710399712955051,0.2262150239865195,ds005540,labram_pretrained
23,2,2,combined_personalized,0.2847766471342479,0.2393024260399899,ds005540,labram_pretrained
23,2,2,prior,0.2631280709445753,0.2188125,ds005540,labram_random
23,2,2,eeg_population,-0.0565535136602763,0.2134329693382962,ds005540,labram_random
23,2,2,eeg_personalized,0.1459658300246344,0.2104700720617716,ds005540,labram_random
23,2,2,combined_population,0.2405788448716458,0.2286029863284167,ds005540,labram_random
23,2,2,combined_personalized,0.2709184975115773,0.2396199417550072,ds005540,labram_random
23,2,2,prior,0.2631280709445753,0.2188125,ds005540,cbramod_pretrained
23,2,2,eeg_population,0.0019640860399558,0.2041017764687203,ds005540,cbramod_pretrained
23,2,2,eeg_personalized,0.1829851469887808,0.2024220829373155,ds005540,cbramod_pretrained
23,2,2,combined_population,0.2894873945480783,0.2202864947480689,ds005540,cbramod_pretrained
23,2,2,combined_personalized,0.315173295218025,0.234348439909643,ds005540,cbramod_pretrained
23,2,2,prior,0.2631280709445753,0.2188125,ds005540,cbramod_random
23,2,2,eeg_population,-0.0002109597005588,0.2024858911775816,ds005540,cbramod_random
23,2,2,eeg_personalized,0.2129802210552834,0.2085692775111375,ds005540,cbramod_random
23,2,2,combined_population,0.2714587205507443,0.2200890909826038,ds005540,cbramod_random
23,2,2,combined_personalized,0.3049954511338489,0.2337333040304881,ds005540,cbramod_random
23,2,4,prior,0.4137444875812099,0.177375,ds005540,de
23,2,4,eeg_population,-0.0267586699623374,0.2152571441988024,ds005540,de
23,2,4,eeg_personalized,0.1281638738611338,0.2102965318631937,ds005540,de
23,2,4,combined_population,0.3899471186944751,0.1879932297871798,ds005540,de
23,2,4,combined_personalized,0.3816433831444907,0.1934708429144732,ds005540,de
23,2,4,prior,0.4137444875812099,0.177375,ds005540,labram_pretrained
23,2,4,eeg_population,0.0033058305233628,0.1997468082356018,ds005540,labram_pretrained
23,2,4,eeg_personalized,0.1648113955781277,0.2056966589745217,ds005540,labram_pretrained
23,2,4,combined_population,0.4185206970827489,0.1837555627370445,ds005540,labram_pretrained
23,2,4,combined_personalized,0.419775621245763,0.1914865188816238,ds005540,labram_pretrained
23,2,4,prior,0.4137444875812099,0.177375,ds005540,labram_random
23,2,4,eeg_population,-0.0567831482084511,0.2133533214810685,ds005540,labram_random
23,2,4,eeg_personalized,0.1403296690988114,0.2101524930293112,ds005540,labram_random
23,2,4,combined_population,0.3824566389578139,0.1820735602670586,ds005540,labram_random
23,2,4,combined_personalized,0.4049741059593922,0.1889771455519868,ds005540,labram_random
23,2,4,prior,0.4137444875812099,0.177375,ds005540,cbramod_pretrained
23,2,4,eeg_population,0.0029839181325995,0.2042759571014198,ds005540,cbramod_pretrained
23,2,4,eeg_personalized,0.1799151636647005,0.2032789419888833,ds005540,cbramod_pretrained
23,2,4,combined_population,0.444053260593113,0.177201980887197,ds005540,cbramod_pretrained
23,2,4,combined_personalized,0.4449345634924315,0.1865318371657598,ds005540,cbramod_pretrained
23,2,4,prior,0.4137444875812099,0.177375,ds005540,cbramod_random
23,2,4,eeg_population,-0.0032853708153609,0.2032087840186774,ds005540,cbramod_random
23,2,4,eeg_personalized,0.2053909897848294,0.2085169563004488,ds005540,cbramod_random
23,2,4,combined_population,0.414682157016502,0.1791497056115057,ds005540,cbramod_random
23,2,4,combined_personalized,0.4247679639988424,0.1888913751796523,ds005540,cbramod_random
23,2,8,prior,0.5196252677988611,0.150734375,ds005540,de
23,2,8,eeg_population,-0.0202870338708316,0.2155555349833656,ds005540,de
23,2,8,eeg_personalized,0.1429313308708798,0.2085974816062169,ds005540,de
23,2,8,combined_population,0.4819695969206698,0.1663106018549056,ds005540,de
23,2,8,combined_personalized,0.4885981295335494,0.1766892591618205,ds005540,de
23,2,8,prior,0.5196252677988611,0.150734375,ds005540,labram_pretrained
23,2,8,eeg_population,0.0062931370278472,0.1987953492652824,ds005540,labram_pretrained
23,2,8,eeg_personalized,0.1729387419283155,0.2046029556193857,ds005540,labram_pretrained
23,2,8,combined_population,0.5342461011152639,0.1525009988082216,ds005540,labram_pretrained
23,2,8,combined_personalized,0.5282559576077605,0.1721668645714195,ds005540,labram_pretrained
23,2,8,prior,0.5196252677988611,0.150734375,ds005540,labram_random
23,2,8,eeg_population,-0.0585768862315488,0.2129805079228275,ds005540,labram_random
23,2,8,eeg_personalized,0.1374444953424816,0.2116410477549733,ds005540,labram_random
23,2,8,combined_population,0.4783625575112937,0.155081000748223,ds005540,labram_random
23,2,8,combined_personalized,0.4962367337087404,0.1739105251476576,ds005540,labram_random
23,2,8,prior,0.5196252677988611,0.150734375,ds005540,cbramod_pretrained
23,2,8,eeg_population,0.0003881423863721,0.2039601481082274,ds005540,cbramod_pretrained
23,2,8,eeg_personalized,0.1884541400700251,0.2043369013845636,ds005540,cbramod_pretrained
23,2,8,combined_population,0.5534135923956056,0.1489817833191697,ds005540,cbramod_pretrained
23,2,8,combined_personalized,0.5419021118723432,0.1695347043963265,ds005540,cbramod_pretrained
23,2,8,prior,0.5196252677988611,0.150734375,ds005540,cbramod_random
23,2,8,eeg_population,0.0126887894125857,0.202423405941118,ds005540,cbramod_random
23,2,8,eeg_personalized,0.219185458195758,0.2071458023899237,ds005540,cbramod_random
23,2,8,combined_population,0.5514808487289297,0.1483535181959075,ds005540,cbramod_random
23,2,8,combined_personalized,0.5494528640083527,0.1685796718561553,ds005540,cbramod_random
23,4,0,prior,0.0,0.1997749999999999,ds005540,de
23,4,0,eeg_population,-0.0246678547495838,0.2163067611885684,ds005540,de
23,4,0,eeg_personalized,0.0489091507741072,0.2001929243457576,ds005540,de
23,4,0,combined_population,-0.0110584297743782,0.2139745129359389,ds005540,de
23,4,0,combined_personalized,0.0627523282004036,0.207957670496839,ds005540,de
23,4,0,prior,0.0,0.1997749999999999,ds005540,labram_pretrained
23,4,0,eeg_population,-0.0185639527495776,0.2026956662823695,ds005540,labram_pretrained
23,4,0,eeg_personalized,0.0825911123651685,0.1983225534468227,ds005540,labram_pretrained
23,4,0,combined_population,0.0041674523132619,0.2017522183674596,ds005540,labram_pretrained
23,4,0,combined_personalized,0.0950224035856765,0.2034253413510459,ds005540,labram_pretrained
23,4,0,prior,0.0,0.1997749999999999,ds005540,labram_random
23,4,0,eeg_population,-0.0689292776082373,0.2148799363933429,ds005540,labram_random
23,4,0,eeg_personalized,0.0510517638131117,0.2029538367259826,ds005540,labram_random
23,4,0,combined_population,-0.0618972411349794,0.2104775225050243,ds005540,labram_random
23,4,0,combined_personalized,0.0641154040681494,0.2029036473729381,ds005540,labram_random
23,4,0,prior,0.0,0.1997749999999999,ds005540,cbramod_pretrained
23,4,0,eeg_population,-7.908365686241925e-05,0.2043938161286198,ds005540,cbramod_pretrained
23,4,0,eeg_personalized,0.1049212415964928,0.1956114547353456,ds005540,cbramod_pretrained
23,4,0,combined_population,0.0476576898496802,0.1982555777095248,ds005540,cbramod_pretrained
23,4,0,combined_personalized,0.1439195537198543,0.1964124360919067,ds005540,cbramod_pretrained
23,4,0,prior,0.0,0.1997749999999999,ds005540,cbramod_random
23,4,0,eeg_population,0.0045550661900788,0.2022810210614741,ds005540,cbramod_random
23,4,0,eeg_personalized,0.1336151083959897,0.1965939927317577,ds005540,cbramod_random
23,4,0,combined_population,0.0148965739150542,0.2000326241755107,ds005540,cbramod_random
23,4,0,combined_personalized,0.1315355881510277,0.199405467722209,ds005540,cbramod_random
23,4,1,prior,0.2131243823001309,0.2405,ds005540,de
23,4,1,eeg_population,-0.0254133974623932,0.2165916007287468,ds005540,de
23,4,1,eeg_personalized,0.0504432504036522,0.1996757606935789,ds005540,de
23,4,1,combined_population,0.224314376295784,0.2537888147638716,ds005540,de
23,4,1,combined_personalized,0.219894548840881,0.2633483839331344,ds005540,de
23,4,1,prior,0.2131243823001309,0.2405,ds005540,labram_pretrained
23,4,1,eeg_population,-0.0127678122767032,0.201576882793723,ds005540,labram_pretrained
23,4,1,eeg_personalized,0.0857010661649093,0.1978853290220261,ds005540,labram_pretrained
23,4,1,combined_population,0.228035956853849,0.2444478524132756,ds005540,labram_pretrained
23,4,1,combined_personalized,0.2398447748483554,0.256090712128994,ds005540,labram_pretrained
23,4,1,prior,0.2131243823001309,0.2405,ds005540,labram_random
23,4,1,eeg_population,-0.0595694817783391,0.2140119956008641,ds005540,labram_random
23,4,1,eeg_personalized,0.0577868379014301,0.2026809435164797,ds005540,labram_random
23,4,1,combined_population,0.1904229649454248,0.2497800144449603,ds005540,labram_random
23,4,1,combined_personalized,0.2206442505788455,0.2606027723699637,ds005540,labram_random
23,4,1,prior,0.2131243823001309,0.2405,ds005540,cbramod_pretrained
23,4,1,eeg_population,0.0040672840800348,0.2037125652560143,ds005540,cbramod_pretrained
23,4,1,eeg_personalized,0.1097873581375787,0.1948165417039437,ds005540,cbramod_pretrained
23,4,1,combined_population,0.2449768536483538,0.2423177857360025,ds005540,cbramod_pretrained
23,4,1,combined_personalized,0.2645614630068407,0.2524352130998915,ds005540,cbramod_pretrained
23,4,1,prior,0.2131243823001309,0.2405,ds005540,cbramod_random
23,4,1,eeg_population,0.0033117851945345,0.2026069864042524,ds005540,cbramod_random
23,4,1,eeg_personalized,0.1297661951010953,0.1964685170282648,ds005540,cbramod_random
23,4,1,combined_population,0.2228209557673779,0.2419980949605162,ds005540,cbramod_random
23,4,1,combined_personalized,0.2554682685294295,0.2544815598419441,ds005540,cbramod_random
23,4,2,prior,0.2631280709445753,0.2188125,ds005540,de
23,4,2,eeg_population,-0.0247666641294259,0.2161159210148666,ds005540,de
23,4,2,eeg_personalized,0.051998660694126,0.1996361229692584,ds005540,de
23,4,2,combined_population,0.2676076103421049,0.2346970469979774,ds005540,de
23,4,2,combined_personalized,0.2837417148568044,0.227251334699684,ds005540,de
23,4,2,prior,0.2631280709445753,0.2188125,ds005540,labram_pretrained
23,4,2,eeg_population,-0.0019128786447282,0.200374818418859,ds005540,labram_pretrained
23,4,2,eeg_personalized,0.0944813695188744,0.1969613113481113,ds005540,labram_pretrained
23,4,2,combined_population,0.2710399712955051,0.2262150239865195,ds005540,labram_pretrained
23,4,2,combined_personalized,0.3018250571773028,0.2278247198814894,ds005540,labram_pretrained
23,4,2,prior,0.2631280709445753,0.2188125,ds005540,labram_random
23,4,2,eeg_population,-0.0565535136602763,0.2134329693382962,ds005540,labram_random
23,4,2,eeg_personalized,0.0636469801996174,0.2022953463831733,ds005540,labram_random
23,4,2,combined_population,0.2405788448716458,0.2286029863284167,ds005540,labram_random
23,4,2,combined_personalized,0.2934677360592073,0.2248509572447825,ds005540,labram_random
23,4,2,prior,0.2631280709445753,0.2188125,ds005540,cbramod_pretrained
23,4,2,eeg_population,0.0019640860399558,0.2041017764687203,ds005540,cbramod_pretrained
23,4,2,eeg_personalized,0.1095264172950367,0.1951450252597594,ds005540,cbramod_pretrained
23,4,2,combined_population,0.2894873945480783,0.2202864947480689,ds005540,cbramod_pretrained
23,4,2,combined_personalized,0.3312808532239554,0.2207229695927968,ds005540,cbramod_pretrained
23,4,2,prior,0.2631280709445753,0.2188125,ds005540,cbramod_random
23,4,2,eeg_population,-0.0002109597005588,0.2024858911775816,ds005540,cbramod_random
23,4,2,eeg_personalized,0.1292292733707972,0.1967819624154415,ds005540,cbramod_random
23,4,2,combined_population,0.2714587205507443,0.2200890909826038,ds005540,cbramod_random
23,4,2,combined_personalized,0.3240711753682455,0.2212685727420164,ds005540,cbramod_random
23,4,4,prior,0.4137444875812099,0.177375,ds005540,de
23,4,4,eeg_population,-0.0267586699623374,0.2152571441988024,ds005540,de
23,4,4,eeg_personalized,0.0541259342652157,0.1997936089774291,ds005540,de
23,4,4,combined_population,0.3899471186944751,0.1879932297871798,ds005540,de
23,4,4,combined_personalized,0.4136306603244069,0.1876305553454813,ds005540,de
23,4,4,prior,0.4137444875812099,0.177375,ds005540,labram_pretrained
23,4,4,eeg_population,0.0033058305233628,0.1997468082356018,ds005540,labram_pretrained
23,4,4,eeg_personalized,0.0963167520756627,0.1966806222958953,ds005540,labram_pretrained
23,4,4,combined_population,0.4185206970827489,0.1837555627370445,ds005540,labram_pretrained
23,4,4,combined_personalized,0.4368879826992985,0.1862089788319658,ds005540,labram_pretrained
23,4,4,prior,0.4137444875812099,0.177375,ds005540,labram_random
23,4,4,eeg_population,-0.0567831482084511,0.2133533214810685,ds005540,labram_random
23,4,4,eeg_personalized,0.0611974384953627,0.2020850194810728,ds005540,labram_random
23,4,4,combined_population,0.3824566389578139,0.1820735602670586,ds005540,labram_random
23,4,4,combined_personalized,0.4343539861210244,0.1813073265588627,ds005540,labram_random
23,4,4,prior,0.4137444875812099,0.177375,ds005540,cbramod_pretrained
23,4,4,eeg_population,0.0029839181325995,0.2042759571014198,ds005540,cbramod_pretrained
23,4,4,eeg_personalized,0.106369556127767,0.1957458730847577,ds005540,cbramod_pretrained
23,4,4,combined_population,0.444053260593113,0.177201980887197,ds005540,cbramod_pretrained
23,4,4,combined_personalized,0.4762895321087161,0.1775377005396693,ds005540,cbramod_pretrained
23,4,4,prior,0.4137444875812099,0.177375,ds005540,cbramod_random
23,4,4,eeg_population,-0.0032853708153609,0.2032087840186774,ds005540,cbramod_random
23,4,4,eeg_personalized,0.1213492176316443,0.1979766673480922,ds005540,cbramod_random
23,4,4,combined_population,0.414682157016502,0.1791497056115057,ds005540,cbramod_random
23,4,4,combined_personalized,0.4523692730359171,0.1816687176373782,ds005540,cbramod_random
23,4,8,prior,0.5196252677988611,0.150734375,ds005540,de
23,4,8,eeg_population,-0.0202870338708316,0.2155555349833656,ds005540,de
23,4,8,eeg_personalized,0.0707577814027592,0.1981801596446079,ds005540,de
23,4,8,combined_population,0.4819695969206698,0.1663106018549056,ds005540,de
23,4,8,combined_personalized,0.5237504832934409,0.1619897970787008,ds005540,de
23,4,8,prior,0.5196252677988611,0.150734375,ds005540,labram_pretrained
23,4,8,eeg_population,0.0062931370278472,0.1987953492652824,ds005540,labram_pretrained
23,4,8,eeg_personalized,0.1035201941058898,0.1949289264742681,ds005540,labram_pretrained
23,4,8,combined_population,0.5342461011152639,0.1525009988082216,ds005540,labram_pretrained
23,4,8,combined_personalized,0.548501608779489,0.1606712658127093,ds005540,labram_pretrained
23,4,8,prior,0.5196252677988611,0.150734375,ds005540,labram_random
23,4,8,eeg_population,-0.0585768862315488,0.2129805079228275,ds005540,labram_random
23,4,8,eeg_personalized,0.052153985066688,0.2015993049691329,ds005540,labram_random
23,4,8,combined_population,0.4783625575112937,0.155081000748223,ds005540,labram_random
23,4,8,combined_personalized,0.5280629882843345,0.1546805638886214,ds005540,labram_random
23,4,8,prior,0.5196252677988611,0.150734375,ds005540,cbramod_pretrained
23,4,8,eeg_population,0.0003881423863721,0.2039601481082274,ds005540,cbramod_pretrained
23,4,8,eeg_personalized,0.1194771916749439,0.1940705838855625,ds005540,cbramod_pretrained
23,4,8,combined_population,0.5534135923956056,0.1489817833191697,ds005540,cbramod_pretrained
23,4,8,combined_personalized,0.5861538562037117,0.1501996141955013,ds005540,cbramod_pretrained
23,4,8,prior,0.5196252677988611,0.150734375,ds005540,cbramod_random
23,4,8,eeg_population,0.0126887894125857,0.202423405941118,ds005540,cbramod_random
23,4,8,eeg_personalized,0.1388279486622409,0.1950610737419165,ds005540,cbramod_random
23,4,8,combined_population,0.5514808487289297,0.1483535181959075,ds005540,cbramod_random
23,4,8,combined_personalized,0.5828799167880484,0.1525230847792004,ds005540,cbramod_random
23,8,0,prior,0.0,0.1997749999999999,ds005540,de
23,8,0,eeg_population,-0.0246678547495838,0.2163067611885684,ds005540,de
23,8,0,eeg_personalized,0.0518800848526838,0.1936172499185731,ds005540,de
23,8,0,combined_population,-0.0110584297743782,0.2139745129359389,ds005540,de
23,8,0,combined_personalized,0.0610484146575457,0.2007225603090295,ds005540,de
23,8,0,prior,0.0,0.1997749999999999,ds005540,labram_pretrained
23,8,0,eeg_population,-0.0185639527495776,0.2026956662823695,ds005540,labram_pretrained
23,8,0,eeg_personalized,0.0648517764598532,0.194443895528363,ds005540,labram_pretrained
23,8,0,combined_population,0.0041674523132619,0.2017522183674596,ds005540,labram_pretrained
23,8,0,combined_personalized,0.0806648059578388,0.1975275936505258,ds005540,labram_pretrained
23,8,0,prior,0.0,0.1997749999999999,ds005540,labram_random
23,8,0,eeg_population,-0.0689292776082373,0.2148799363933429,ds005540,labram_random
23,8,0,eeg_personalized,0.0372388042226239,0.2016492413745667,ds005540,labram_random
23,8,0,combined_population,-0.0618972411349794,0.2104775225050243,ds005540,labram_random
23,8,0,combined_personalized,0.0535105532236127,0.1984295959499729,ds005540,labram_random
23,8,0,prior,0.0,0.1997749999999999,ds005540,cbramod_pretrained
23,8,0,eeg_population,-7.908365686241925e-05,0.2043938161286198,ds005540,cbramod_pretrained
23,8,0,eeg_personalized,0.0893520369771625,0.192688980009424,ds005540,cbramod_pretrained
23,8,0,combined_population,0.0476576898496802,0.1982555777095248,ds005540,cbramod_pretrained
23,8,0,combined_personalized,0.1278921477748966,0.1901034965905505,ds005540,cbramod_pretrained
23,8,0,prior,0.0,0.1997749999999999,ds005540,cbramod_random
23,8,0,eeg_population,0.0045550661900788,0.2022810210614741,ds005540,cbramod_random
23,8,0,eeg_personalized,0.1084648142783957,0.1928111618744584,ds005540,cbramod_random
23,8,0,combined_population,0.0148965739150542,0.2000326241755107,ds005540,cbramod_random
23,8,0,combined_personalized,0.1136598761785331,0.1917856663729573,ds005540,cbramod_random
23,8,1,prior,0.2131243823001309,0.2405,ds005540,de
23,8,1,eeg_population,-0.0254133974623932,0.2165916007287468,ds005540,de
23,8,1,eeg_personalized,0.0536941027952351,0.1936679503958954,ds005540,de
23,8,1,combined_population,0.224314376295784,0.2537888147638716,ds005540,de
23,8,1,combined_personalized,0.2568770627360385,0.246110124738493,ds005540,de
23,8,1,prior,0.2131243823001309,0.2405,ds005540,labram_pretrained
23,8,1,eeg_population,-0.0127678122767032,0.201576882793723,ds005540,labram_pretrained
23,8,1,eeg_personalized,0.069403490460688,0.1939131368700216,ds005540,labram_pretrained
23,8,1,combined_population,0.228035956853849,0.2444478524132756,ds005540,labram_pretrained
23,8,1,combined_personalized,0.2713320780685291,0.2426527925614126,ds005540,labram_pretrained
23,8,1,prior,0.2131243823001309,0.2405,ds005540,labram_random
23,8,1,eeg_population,-0.0595694817783391,0.2140119956008641,ds005540,labram_random
23,8,1,eeg_personalized,0.0468599662698934,0.2010000406971672,ds005540,labram_random
23,8,1,combined_population,0.1904229649454248,0.2497800144449603,ds005540,labram_random
23,8,1,combined_personalized,0.2560179993558165,0.2468762195645574,ds005540,labram_random
23,8,1,prior,0.2131243823001309,0.2405,ds005540,cbramod_pretrained
23,8,1,eeg_population,0.0040672840800348,0.2037125652560143,ds005540,cbramod_pretrained
23,8,1,eeg_personalized,0.0957306420931557,0.1917726835546301,ds005540,cbramod_pretrained
23,8,1,combined_population,0.2449768536483538,0.2423177857360025,ds005540,cbramod_pretrained
23,8,1,combined_personalized,0.2917587806801079,0.2391400980753341,ds005540,cbramod_pretrained
23,8,1,prior,0.2131243823001309,0.2405,ds005540,cbramod_random
23,8,1,eeg_population,0.0033117851945345,0.2026069864042524,ds005540,cbramod_random
23,8,1,eeg_personalized,0.1063384817085688,0.192731391619756,ds005540,cbramod_random
23,8,1,combined_population,0.2228209557673779,0.2419980949605162,ds005540,cbramod_random
23,8,1,combined_personalized,0.2805915457159427,0.2398458175528981,ds005540,cbramod_random
23,8,2,prior,0.2631280709445753,0.2188125,ds005540,de
23,8,2,eeg_population,-0.0247666641294259,0.2161159210148666,ds005540,de
23,8,2,eeg_personalized,0.0553781350849844,0.1932001104172786,ds005540,de
23,8,2,combined_population,0.2676076103421049,0.2346970469979774,ds005540,de
23,8,2,combined_personalized,0.3038082390048288,0.2220088082667116,ds005540,de
23,8,2,prior,0.2631280709445753,0.2188125,ds005540,labram_pretrained
23,8,2,eeg_population,-0.0019128786447282,0.200374818418859,ds005540,labram_pretrained
23,8,2,eeg_personalized,0.0793334981890343,0.1933989348947372,ds005540,labram_pretrained
23,8,2,combined_population,0.2710399712955051,0.2262150239865195,ds005540,labram_pretrained
23,8,2,combined_personalized,0.3152111977120906,0.2224421216102802,ds005540,labram_pretrained
23,8,2,prior,0.2631280709445753,0.2188125,ds005540,labram_random
23,8,2,eeg_population,-0.0565535136602763,0.2134329693382962,ds005540,labram_random
23,8,2,eeg_personalized,0.0500890066856172,0.200508251824281,ds005540,labram_random
23,8,2,combined_population,0.2405788448716458,0.2286029863284167,ds005540,labram_random
23,8,2,combined_personalized,0.3102428894144448,0.2221548894130479,ds005540,labram_random
23,8,2,prior,0.2631280709445753,0.2188125,ds005540,cbramod_pretrained
23,8,2,eeg_population,0.0019640860399558,0.2041017764687203,ds005540,cbramod_pretrained
23,8,2,eeg_personalized,0.0954572615725646,0.1919148492499109,ds005540,cbramod_pretrained
23,8,2,combined_population,0.2894873945480783,0.2202864947480689,ds005540,cbramod_pretrained
23,8,2,combined_personalized,0.3389910134682322,0.2162179810199227,ds005540,cbramod_pretrained
23,8,2,prior,0.2631280709445753,0.2188125,ds005540,cbramod_random
23,8,2,eeg_population,-0.0002109597005588,0.2024858911775816,ds005540,cbramod_random
23,8,2,eeg_personalized,0.1042404225826998,0.1927341238698174,ds005540,cbramod_random
23,8,2,combined_population,0.2714587205507443,0.2200890909826038,ds005540,cbramod_random
23,8,2,combined_personalized,0.3322632554789669,0.2164080898857492,ds005540,cbramod_random
23,8,4,prior,0.4137444875812099,0.177375,ds005540,de
23,8,4,eeg_population,-0.0267586699623374,0.2152571441988024,ds005540,de
23,8,4,eeg_personalized,0.0557470365216449,0.1928621777443259,ds005540,de
23,8,4,combined_population,0.3899471186944751,0.1879932297871798,ds005540,de
23,8,4,combined_personalized,0.4452149641664174,0.1793149393650304,ds005540,de
23,8,4,prior,0.4137444875812099,0.177375,ds005540,labram_pretrained
23,8,4,eeg_population,0.0033058305233628,0.1997468082356018,ds005540,labram_pretrained
23,8,4,eeg_personalized,0.0811554985903831,0.1928549255911184,ds005540,labram_pretrained
23,8,4,combined_population,0.4185206970827489,0.1837555627370445,ds005540,labram_pretrained
23,8,4,combined_personalized,0.4609947417265742,0.181294796831661,ds005540,labram_pretrained
23,8,4,prior,0.4137444875812099,0.177375,ds005540,labram_random
23,8,4,eeg_population,-0.0567831482084511,0.2133533214810685,ds005540,labram_random
23,8,4,eeg_personalized,0.0491676838607115,0.2004721312862664,ds005540,labram_random
23,8,4,combined_population,0.3824566389578139,0.1820735602670586,ds005540,labram_random
23,8,4,combined_personalized,0.4623040288501898,0.1741697242148549,ds005540,labram_random
23,8,4,prior,0.4137444875812099,0.177375,ds005540,cbramod_pretrained
23,8,4,eeg_population,0.0029839181325995,0.2042759571014198,ds005540,cbramod_pretrained
23,8,4,eeg_personalized,0.0949106731373325,0.1924085678266958,ds005540,cbramod_pretrained
23,8,4,combined_population,0.444053260593113,0.177201980887197,ds005540,cbramod_pretrained
23,8,4,combined_personalized,0.4948201855142965,0.1707883860055366,ds005540,cbramod_pretrained
23,8,4,prior,0.4137444875812099,0.177375,ds005540,cbramod_random
23,8,4,eeg_population,-0.0032853708153609,0.2032087840186774,ds005540,cbramod_random
23,8,4,eeg_personalized,0.1008446524961905,0.1934405032686772,ds005540,cbramod_random
23,8,4,combined_population,0.414682157016502,0.1791497056115057,ds005540,cbramod_random
23,8,4,combined_personalized,0.4750503417551146,0.1741011013264666,ds005540,cbramod_random
23,8,8,prior,0.5196252677988611,0.150734375,ds005540,de
23,8,8,eeg_population,-0.0202870338708316,0.2155555349833656,ds005540,de
23,8,8,eeg_personalized,0.0711849422146657,0.1922711733249107,ds005540,de
23,8,8,combined_population,0.4819695969206698,0.1663106018549056,ds005540,de
23,8,8,combined_personalized,0.5546248535450042,0.1506350475236436,ds005540,de
23,8,8,prior,0.5196252677988611,0.150734375,ds005540,labram_pretrained
23,8,8,eeg_population,0.0062931370278472,0.1987953492652824,ds005540,labram_pretrained
23,8,8,eeg_personalized,0.0879673826885341,0.1923988383502687,ds005540,labram_pretrained
23,8,8,combined_population,0.5342461011152639,0.1525009988082216,ds005540,labram_pretrained
23,8,8,combined_personalized,0.5740599272096717,0.1479160315131551,ds005540,labram_pretrained
23,8,8,prior,0.5196252677988611,0.150734375,ds005540,labram_random
23,8,8,eeg_population,-0.0585768862315488,0.2129805079228275,ds005540,labram_random
23,8,8,eeg_personalized,0.0468974721819975,0.200659310203336,ds005540,labram_random
23,8,8,combined_population,0.4783625575112937,0.155081000748223,ds005540,labram_random
23,8,8,combined_personalized,0.5548915412069316,0.1424692928909814,ds005540,labram_random
23,8,8,prior,0.5196252677988611,0.150734375,ds005540,cbramod_pretrained
23,8,8,eeg_population,0.0003881423863721,0.2039601481082274,ds005540,cbramod_pretrained
23,8,8,eeg_personalized,0.1027832842711748,0.190915015880187,ds005540,cbramod_pretrained
23,8,8,combined_population,0.5534135923956056,0.1489817833191697,ds005540,cbramod_pretrained
23,8,8,combined_personalized,0.6079014639415841,0.1399868686172124,ds005540,cbramod_pretrained
23,8,8,prior,0.5196252677988611,0.150734375,ds005540,cbramod_random
23,8,8,eeg_population,0.0126887894125857,0.202423405941118,ds005540,cbramod_random
23,8,8,eeg_personalized,0.1144691175776957,0.1921418036002947,ds005540,cbramod_random
23,8,8,combined_population,0.5514808487289297,0.1483535181959075,ds005540,cbramod_random
23,8,8,combined_personalized,0.6057893387851492,0.1399344650440492,ds005540,cbramod_random
47,0,0,prior,0.0,0.1945346209912536,ds005540,de
47,0,0,eeg_population,0.0640040861051069,0.1865409428050759,ds005540,de
47,0,0,eeg_personalized,0.0640040861051069,0.1865409428050759,ds005540,de
47,0,0,combined_population,0.0176817002599093,0.1927797256174651,ds005540,de
47,0,0,combined_personalized,0.0176817002599093,0.1927797256174651,ds005540,de
47,0,0,prior,0.0,0.1945346209912536,ds005540,labram_pretrained
47,0,0,eeg_population,-0.005298643346056,0.2010590272359102,ds005540,labram_pretrained
47,0,0,eeg_personalized,-0.005298643346056,0.2010590272359102,ds005540,labram_pretrained
47,0,0,combined_population,0.0109410136812398,0.1956990165386832,ds005540,labram_pretrained
47,0,0,combined_personalized,0.0109410136812398,0.1956990165386832,ds005540,labram_pretrained
47,0,0,prior,0.0,0.1945346209912536,ds005540,labram_random
47,0,0,eeg_population,0.0273253007494021,0.1965240437519784,ds005540,labram_random
47,0,0,eeg_personalized,0.0273253007494021,0.1965240437519784,ds005540,labram_random
47,0,0,combined_population,0.0449633359965082,0.1920679579718911,ds005540,labram_random
47,0,0,combined_personalized,0.0449633359965082,0.1920679579718911,ds005540,labram_random
47,0,0,prior,0.0,0.1945346209912536,ds005540,cbramod_pretrained
47,0,0,eeg_population,0.0026684358742582,0.1997702310656001,ds005540,cbramod_pretrained
47,0,0,eeg_personalized,0.0026684358742582,0.1997702310656001,ds005540,cbramod_pretrained
47,0,0,combined_population,-0.0158765782727255,0.1997887735855204,ds005540,cbramod_pretrained
47,0,0,combined_personalized,-0.0158765782727255,0.1997887735855204,ds005540,cbramod_pretrained
47,0,0,prior,0.0,0.1945346209912536,ds005540,cbramod_random
47,0,0,eeg_population,0.007051468608427,0.1930543138399784,ds005540,cbramod_random
47,0,0,eeg_personalized,0.007051468608427,0.1930543138399784,ds005540,cbramod_random
47,0,0,combined_population,0.0050860595504874,0.1928489886262409,ds005540,cbramod_random
47,0,0,combined_personalized,0.0050860595504874,0.1928489886262409,ds005540,cbramod_random
47,0,1,prior,0.1827973532357458,0.2108035714285714,ds005540,de
47,0,1,eeg_population,0.0777828184355483,0.1839833276610371,ds005540,de
47,0,1,eeg_personalized,0.0777828184355483,0.1839833276610371,ds005540,de
47,0,1,combined_population,0.1815480515778565,0.2223442733815561,ds005540,de
47,0,1,combined_personalized,0.1815480515778565,0.2223442733815561,ds005540,de
47,0,1,prior,0.1827973532357458,0.2108035714285714,ds005540,labram_pretrained
47,0,1,eeg_population,-0.0032024670831284,0.2000259262500635,ds005540,labram_pretrained
47,0,1,eeg_personalized,-0.0032024670831284,0.2000259262500635,ds005540,labram_pretrained
47,0,1,combined_population,0.1914772144443937,0.2139056448030661,ds005540,labram_pretrained
47,0,1,combined_personalized,0.1914772144443937,0.2139056448030661,ds005540,labram_pretrained
47,0,1,prior,0.1827973532357458,0.2108035714285714,ds005540,labram_random
47,0,1,eeg_population,0.0297395394303187,0.1959766204033061,ds005540,labram_random
47,0,1,eeg_personalized,0.0297395394303187,0.1959766204033061,ds005540,labram_random
47,0,1,combined_population,0.2085936764330481,0.2085904338203581,ds005540,labram_random
47,0,1,combined_personalized,0.2085936764330481,0.2085904338203581,ds005540,labram_random
47,0,1,prior,0.1827973532357458,0.2108035714285714,ds005540,cbramod_pretrained
47,0,1,eeg_population,0.0130625163333581,0.1987793759018048,ds005540,cbramod_pretrained
47,0,1,eeg_personalized,0.0130625163333581,0.1987793759018048,ds005540,cbramod_pretrained
47,0,1,combined_population,0.16663422332553,0.2238246770470047,ds005540,cbramod_pretrained
47,0,1,combined_personalized,0.16663422332553,0.2238246770470047,ds005540,cbramod_pretrained
47,0,1,prior,0.1827973532357458,0.2108035714285714,ds005540,cbramod_random
47,0,1,eeg_population,0.0140367166954948,0.1924872473238544,ds005540,cbramod_random
47,0,1,eeg_personalized,0.0140367166954948,0.1924872473238544,ds005540,cbramod_random
47,0,1,combined_population,0.1828704948963966,0.2139208178080835,ds005540,cbramod_random
47,0,1,combined_personalized,0.1828704948963966,0.2139208178080835,ds005540,cbramod_random
47,0,2,prior,0.3327331852177257,0.1953125,ds005540,de
47,0,2,eeg_population,0.0586941890004407,0.1848212126547139,ds005540,de
47,0,2,eeg_personalized,0.0586941890004407,0.1848212126547139,ds005540,de
47,0,2,combined_population,0.3193506878998783,0.2051545088693397,ds005540,de
47,0,2,combined_personalized,0.3193506878998783,0.2051545088693397,ds005540,de
47,0,2,prior,0.3327331852177257,0.1953125,ds005540,labram_pretrained
47,0,2,eeg_population,-0.0010907203364247,0.1990266737411217,ds005540,labram_pretrained
47,0,2,eeg_personalized,-0.0010907203364247,0.1990266737411217,ds005540,labram_pretrained
47,0,2,combined_population,0.3335450085373199,0.1953132498578666,ds005540,labram_pretrained
47,0,2,combined_personalized,0.3335450085373199,0.1953132498578666,ds005540,labram_pretrained
47,0,2,prior,0.3327331852177257,0.1953125,ds005540,labram_random
47,0,2,eeg_population,0.0292831808356293,0.195645923242285,ds005540,labram_random
47,0,2,eeg_personalized,0.0292831808356293,0.195645923242285,ds005540,labram_random
47,0,2,combined_population,0.3633364597281721,0.1883890435262601,ds005540,labram_random
47,0,2,combined_personalized,0.3633364597281721,0.1883890435262601,ds005540,labram_random
47,0,2,prior,0.3327331852177257,0.1953125,ds005540,cbramod_pretrained
47,0,2,eeg_population,0.0089124970296237,0.1984094887704142,ds005540,cbramod_pretrained
47,0,2,eeg_personalized,0.0089124970296237,0.1984094887704142,ds005540,cbramod_pretrained
47,0,2,combined_population,0.3107355814776748,0.2014670630571415,ds005540,cbramod_pretrained
47,0,2,combined_personalized,0.3107355814776748,0.2014670630571415,ds005540,cbramod_pretrained
47,0,2,prior,0.3327331852177257,0.1953125,ds005540,cbramod_random
47,0,2,eeg_population,0.0093617565607917,0.1927955484570659,ds005540,cbramod_random
47,0,2,eeg_personalized,0.0093617565607917,0.1927955484570659,ds005540,cbramod_random
47,0,2,combined_population,0.3254566152765923,0.1970946363853633,ds005540,cbramod_random
47,0,2,combined_personalized,0.3254566152765923,0.1970946363853633,ds005540,cbramod_random
47,0,4,prior,0.4770227558810778,0.1790401785714285,ds005540,de
47,0,4,eeg_population,0.0777891001984422,0.1852849704733196,ds005540,de
47,0,4,eeg_personalized,0.0777891001984422,0.1852849704733196,ds005540,de
47,0,4,combined_population,0.4740178970418545,0.187776450465627,ds005540,de
47,0,4,combined_personalized,0.4740178970418545,0.187776450465627,ds005540,de
47,0,4,prior,0.4770227558810778,0.1790401785714285,ds005540,labram_pretrained
47,0,4,eeg_population,-0.0131494851296868,0.1997431810903192,ds005540,labram_pretrained
47,0,4,eeg_personalized,-0.0131494851296868,0.1997431810903192,ds005540,labram_pretrained
47,0,4,combined_population,0.4706997878972249,0.177265576566845,ds005540,labram_pretrained
47,0,4,combined_personalized,0.4706997878972249,0.177265576566845,ds005540,labram_pretrained
47,0,4,prior,0.4770227558810778,0.1790401785714285,ds005540,labram_random
47,0,4,eeg_population,0.0281136738386115,0.1947261508727467,ds005540,labram_random
47,0,4,eeg_personalized,0.0281136738386115,0.1947261508727467,ds005540,labram_random
47,0,4,combined_population,0.5081638523461248,0.1739907590544352,ds005540,labram_random
47,0,4,combined_personalized,0.5081638523461248,0.1739907590544352,ds005540,labram_random
47,0,4,prior,0.4770227558810778,0.1790401785714285,ds005540,cbramod_pretrained
47,0,4,eeg_population,-0.0011725860812751,0.2005746836354699,ds005540,cbramod_pretrained
47,0,4,eeg_personalized,-0.0011725860812751,0.2005746836354699,ds005540,cbramod_pretrained
47,0,4,combined_population,0.447875796225659,0.186743562471192,ds005540,cbramod_pretrained
47,0,4,combined_personalized,0.447875796225659,0.186743562471192,ds005540,cbramod_pretrained
47,0,4,prior,0.4770227558810778,0.1790401785714285,ds005540,cbramod_random
47,0,4,eeg_population,0.0156111427420586,0.192003816846186,ds005540,cbramod_random
47,0,4,eeg_personalized,0.0156111427420586,0.192003816846186,ds005540,cbramod_random
47,0,4,combined_population,0.4755575415501658,0.1784132143747945,ds005540,cbramod_random
47,0,4,combined_personalized,0.4755575415501658,0.1784132143747945,ds005540,cbramod_random
47,0,8,prior,0.5384228744637481,0.1574665178571428,ds005540,de
47,0,8,eeg_population,0.0295589125340228,0.1892045767787287,ds005540,de
47,0,8,eeg_personalized,0.0295589125340228,0.1892045767787287,ds005540,de
47,0,8,combined_population,0.5096591236098075,0.1716271599803228,ds005540,de
47,0,8,combined_personalized,0.5096591236098075,0.1716271599803228,ds005540,de
47,0,8,prior,0.5384228744637481,0.1574665178571428,ds005540,labram_pretrained
47,0,8,eeg_population,-0.0121757791001211,0.1986458690716831,ds005540,labram_pretrained
47,0,8,eeg_personalized,-0.0121757791001211,0.1986458690716831,ds005540,labram_pretrained
47,0,8,combined_population,0.5352325831110314,0.1595485270522344,ds005540,labram_pretrained
47,0,8,combined_personalized,0.5352325831110314,0.1595485270522344,ds005540,labram_pretrained
47,0,8,prior,0.5384228744637481,0.1574665178571428,ds005540,labram_random
47,0,8,eeg_population,0.0196643049988655,0.1934819420995999,ds005540,labram_random
47,0,8,eeg_personalized,0.0196643049988655,0.1934819420995999,ds005540,labram_random
47,0,8,combined_population,0.5524460766248935,0.1580671364122979,ds005540,labram_random
47,0,8,combined_personalized,0.5524460766248935,0.1580671364122979,ds005540,labram_random
47,0,8,prior,0.5384228744637481,0.1574665178571428,ds005540,cbramod_pretrained
47,0,8,eeg_population,-0.0230943051198859,0.2153666349706892,ds005540,cbramod_pretrained
47,0,8,eeg_personalized,-0.0230943051198859,0.2153666349706892,ds005540,cbramod_pretrained
47,0,8,combined_population,0.4465085317728346,0.1799412590193168,ds005540,cbramod_pretrained
47,0,8,combined_personalized,0.4465085317728346,0.1799412590193168,ds005540,cbramod_pretrained
47,0,8,prior,0.5384228744637481,0.1574665178571428,ds005540,cbramod_random
47,0,8,eeg_population,0.0180516045037439,0.1923563345088174,ds005540,cbramod_random
47,0,8,eeg_personalized,0.0180516045037439,0.1923563345088174,ds005540,cbramod_random
47,0,8,combined_population,0.5313821845828425,0.1577892220570291,ds005540,cbramod_random
47,0,8,combined_personalized,0.5313821845828425,0.1577892220570291,ds005540,cbramod_random
47,1,0,prior,0.0,0.1945346209912536,ds005540,de
47,1,0,eeg_population,0.0640040861051069,0.1865409428050759,ds005540,de
47,1,0,eeg_personalized,0.0552489352244669,0.2672118144170576,ds005540,de
47,1,0,combined_population,0.0176817002599093,0.1927797256174651,ds005540,de
47,1,0,combined_personalized,0.1125689617250585,0.2072594869830859,ds005540,de
47,1,0,prior,0.0,0.1945346209912536,ds005540,labram_pretrained
47,1,0,eeg_population,-0.005298643346056,0.2010590272359102,ds005540,labram_pretrained
47,1,0,eeg_personalized,0.0908311260272158,0.2610713224962861,ds005540,labram_pretrained
47,1,0,combined_population,0.0109410136812398,0.1956990165386832,ds005540,labram_pretrained
47,1,0,combined_personalized,0.1793290113013357,0.1960490870345081,ds005540,labram_pretrained
47,1,0,prior,0.0,0.1945346209912536,ds005540,labram_random
47,1,0,eeg_population,0.0273253007494021,0.1965240437519784,ds005540,labram_random
47,1,0,eeg_personalized,0.127408342795418,0.2451613498424577,ds005540,labram_random
47,1,0,combined_population,0.0449633359965082,0.1920679579718911,ds005540,labram_random
47,1,0,combined_personalized,0.209387103943627,0.1851362905476421,ds005540,labram_random
47,1,0,prior,0.0,0.1945346209912536,ds005540,cbramod_pretrained
47,1,0,eeg_population,0.0026684358742582,0.1997702310656001,ds005540,cbramod_pretrained
47,1,0,eeg_personalized,0.0530565041284586,0.2649921707335589,ds005540,cbramod_pretrained
47,1,0,combined_population,-0.0158765782727255,0.1997887735855204,ds005540,cbramod_pretrained
47,1,0,combined_personalized,0.1105533213456322,0.1976583254773093,ds005540,cbramod_pretrained
47,1,0,prior,0.0,0.1945346209912536,ds005540,cbramod_random
47,1,0,eeg_population,0.007051468608427,0.1930543138399784,ds005540,cbramod_random
47,1,0,eeg_personalized,0.1163393955215879,0.2461849379706732,ds005540,cbramod_random
47,1,0,combined_population,0.0050860595504874,0.1928489886262409,ds005540,cbramod_random
47,1,0,combined_personalized,0.192557454491193,0.1919150791053231,ds005540,cbramod_random
47,1,1,prior,0.1827973532357458,0.2108035714285714,ds005540,de
47,1,1,eeg_population,0.0777828184355483,0.1839833276610371,ds005540,de
47,1,1,eeg_personalized,0.0539037151756565,0.2696134521153979,ds005540,de
47,1,1,combined_population,0.1815480515778565,0.2223442733815561,ds005540,de
47,1,1,combined_personalized,0.2076461005419105,0.243899098412764,ds005540,de
47,1,1,prior,0.1827973532357458,0.2108035714285714,ds005540,labram_pretrained
47,1,1,eeg_population,-0.0032024670831284,0.2000259262500635,ds005540,labram_pretrained
47,1,1,eeg_personalized,0.0894274399466969,0.2626763055144368,ds005540,labram_pretrained
47,1,1,combined_population,0.1914772144443937,0.2139056448030661,ds005540,labram_pretrained
47,1,1,combined_personalized,0.2486816535145234,0.2393857174498217,ds005540,labram_pretrained
47,1,1,prior,0.1827973532357458,0.2108035714285714,ds005540,labram_random
47,1,1,eeg_population,0.0297395394303187,0.1959766204033061,ds005540,labram_random
47,1,1,eeg_personalized,0.1280477868343066,0.2458029005683263,ds005540,labram_random
47,1,1,combined_population,0.2085936764330481,0.2085904338203581,ds005540,labram_random
47,1,1,combined_personalized,0.2680794379224813,0.2289467909747681,ds005540,labram_random
47,1,1,prior,0.1827973532357458,0.2108035714285714,ds005540,cbramod_pretrained
47,1,1,eeg_population,0.0130625163333581,0.1987793759018048,ds005540,cbramod_pretrained
47,1,1,eeg_personalized,0.0517495234615541,0.266414156331902,ds005540,cbramod_pretrained
47,1,1,combined_population,0.16663422332553,0.2238246770470047,ds005540,cbramod_pretrained
47,1,1,combined_personalized,0.2117060236493884,0.2402508563149039,ds005540,cbramod_pretrained
47,1,1,prior,0.1827973532357458,0.2108035714285714,ds005540,cbramod_random
47,1,1,eeg_population,0.0140367166954948,0.1924872473238544,ds005540,cbramod_random
47,1,1,eeg_personalized,0.1193964137200768,0.2455681822371767,ds005540,cbramod_random
47,1,1,combined_population,0.1828704948963966,0.2139208178080835,ds005540,cbramod_random
47,1,1,combined_personalized,0.2544196354602078,0.2421172060650358,ds005540,cbramod_random
47,1,2,prior,0.3327331852177257,0.1953125,ds005540,de
47,1,2,eeg_population,0.0586941890004407,0.1848212126547139,ds005540,de
47,1,2,eeg_personalized,0.0618095194412001,0.264299080851916,ds005540,de
47,1,2,combined_population,0.3193506878998783,0.2051545088693397,ds005540,de
47,1,2,combined_personalized,0.2916168746728381,0.2295620450088914,ds005540,de
47,1,2,prior,0.3327331852177257,0.1953125,ds005540,labram_pretrained
47,1,2,eeg_population,-0.0010907203364247,0.1990266737411217,ds005540,labram_pretrained
47,1,2,eeg_personalized,0.0896394793554581,0.261685153384918,ds005540,labram_pretrained
47,1,2,combined_population,0.3335450085373199,0.1953132498578666,ds005540,labram_pretrained
47,1,2,combined_personalized,0.3454715421730597,0.2172461857755166,ds005540,labram_pretrained
47,1,2,prior,0.3327331852177257,0.1953125,ds005540,labram_random
47,1,2,eeg_population,0.0292831808356293,0.195645923242285,ds005540,labram_random
47,1,2,eeg_personalized,0.1307823697891406,0.2470964657315162,ds005540,labram_random
47,1,2,combined_population,0.3633364597281721,0.1883890435262601,ds005540,labram_random
47,1,2,combined_personalized,0.386546108042034,0.2033846036335531,ds005540,labram_random
47,1,2,prior,0.3327331852177257,0.1953125,ds005540,cbramod_pretrained
47,1,2,eeg_population,0.0089124970296237,0.1984094887704142,ds005540,cbramod_pretrained
47,1,2,eeg_personalized,0.0584742851599675,0.2628243215438149,ds005540,cbramod_pretrained
47,1,2,combined_population,0.3107355814776748,0.2014670630571415,ds005540,cbramod_pretrained
47,1,2,combined_personalized,0.3235298787549789,0.2139800293598704,ds005540,cbramod_pretrained
47,1,2,prior,0.3327331852177257,0.1953125,ds005540,cbramod_random
47,1,2,eeg_population,0.0093617565607917,0.1927955484570659,ds005540,cbramod_random
47,1,2,eeg_personalized,0.108469887094701,0.2465982173278501,ds005540,cbramod_random
47,1,2,combined_population,0.3254566152765923,0.1970946363853633,ds005540,cbramod_random
47,1,2,combined_personalized,0.3430225129817927,0.2220483574043035,ds005540,cbramod_random
47,1,4,prior,0.4770227558810778,0.1790401785714285,ds005540,de
47,1,4,eeg_population,0.0777891001984422,0.1852849704733196,ds005540,de
47,1,4,eeg_personalized,0.0524544402797826,0.2662524873018241,ds005540,de
47,1,4,combined_population,0.4740178970418545,0.187776450465627,ds005540,de
47,1,4,combined_personalized,0.386766074599095,0.2112386493609317,ds005540,de
47,1,4,prior,0.4770227558810778,0.1790401785714285,ds005540,labram_pretrained
47,1,4,eeg_population,-0.0131494851296868,0.1997431810903192,ds005540,labram_pretrained
47,1,4,eeg_personalized,0.0865810041901869,0.2601358086192723,ds005540,labram_pretrained
47,1,4,combined_population,0.4706997878972249,0.177265576566845,ds005540,labram_pretrained
47,1,4,combined_personalized,0.456521986413374,0.2019040166781509,ds005540,labram_pretrained
47,1,4,prior,0.4770227558810778,0.1790401785714285,ds005540,labram_random
47,1,4,eeg_population,0.0281136738386115,0.1947261508727467,ds005540,labram_random
47,1,4,eeg_personalized,0.1268920097643297,0.2451293000163273,ds005540,labram_random
47,1,4,combined_population,0.5081638523461248,0.1739907590544352,ds005540,labram_random
47,1,4,combined_personalized,0.5069232956920148,0.1890659717658972,ds005540,labram_random
47,1,4,prior,0.4770227558810778,0.1790401785714285,ds005540,cbramod_pretrained
47,1,4,eeg_population,-0.0011725860812751,0.2005746836354699,ds005540,cbramod_pretrained
47,1,4,eeg_personalized,0.0416153049876582,0.2637363118847611,ds005540,cbramod_pretrained
47,1,4,combined_population,0.447875796225659,0.186743562471192,ds005540,cbramod_pretrained
47,1,4,combined_personalized,0.4220521820446462,0.2039852397347689,ds005540,cbramod_pretrained
47,1,4,prior,0.4770227558810778,0.1790401785714285,ds005540,cbramod_random
47,1,4,eeg_population,0.0156111427420586,0.192003816846186,ds005540,cbramod_random
47,1,4,eeg_personalized,0.1123083894872291,0.2464460764001543,ds005540,cbramod_random
47,1,4,combined_population,0.4755575415501658,0.1784132143747945,ds005540,cbramod_random
47,1,4,combined_personalized,0.461202462988613,0.201598917043273,ds005540,cbramod_random
47,1,8,prior,0.5384228744637481,0.1574665178571428,ds005540,de
47,1,8,eeg_population,0.0295589125340228,0.1892045767787287,ds005540,de
47,1,8,eeg_personalized,0.057216288030113,0.2653371457736355,ds005540,de
47,1,8,combined_population,0.5096591236098075,0.1716271599803228,ds005540,de
47,1,8,combined_personalized,0.4342427277050509,0.2038262566685434,ds005540,de
47,1,8,prior,0.5384228744637481,0.1574665178571428,ds005540,labram_pretrained
47,1,8,eeg_population,-0.0121757791001211,0.1986458690716831,ds005540,labram_pretrained
47,1,8,eeg_personalized,0.0791762481751361,0.261557831004485,ds005540,labram_pretrained
47,1,8,combined_population,0.5352325831110314,0.1595485270522344,ds005540,labram_pretrained
47,1,8,combined_personalized,0.4823813322551839,0.195635825984015,ds005540,labram_pretrained
47,1,8,prior,0.5384228744637481,0.1574665178571428,ds005540,labram_random
47,1,8,eeg_population,0.0196643049988655,0.1934819420995999,ds005540,labram_random
47,1,8,eeg_personalized,0.1233501768395805,0.2468775682001347,ds005540,labram_random
47,1,8,combined_population,0.5524460766248935,0.1580671364122979,ds005540,labram_random
47,1,8,combined_personalized,0.5245916344748488,0.187150669692877,ds005540,labram_random
47,1,8,prior,0.5384228744637481,0.1574665178571428,ds005540,cbramod_pretrained
47,1,8,eeg_population,-0.0230943051198859,0.2153666349706892,ds005540,cbramod_pretrained
47,1,8,eeg_personalized,0.0095740389327115,0.2805092377163936,ds005540,cbramod_pretrained
47,1,8,combined_population,0.4465085317728346,0.1799412590193168,ds005540,cbramod_pretrained
47,1,8,combined_personalized,0.3788818854338216,0.2125494150403995,ds005540,cbramod_pretrained
47,1,8,prior,0.5384228744637481,0.1574665178571428,ds005540,cbramod_random
47,1,8,eeg_population,0.0180516045037439,0.1923563345088174,ds005540,cbramod_random
47,1,8,eeg_personalized,0.1032802590314248,0.2468215187962358,ds005540,cbramod_random
47,1,8,combined_population,0.5313821845828425,0.1577892220570291,ds005540,cbramod_random
47,1,8,combined_personalized,0.4828646449480205,0.1982575583395608,ds005540,cbramod_random
47,2,0,prior,0.0,0.1945346209912536,ds005540,de
47,2,0,eeg_population,0.0640040861051069,0.1865409428050759,ds005540,de
47,2,0,eeg_personalized,0.1604703807846697,0.2165677552454797,ds005540,de
47,2,0,combined_population,0.0176817002599093,0.1927797256174651,ds005540,de
47,2,0,combined_personalized,0.165846841612523,0.1942411563766719,ds005540,de
47,2,0,prior,0.0,0.1945346209912536,ds005540,labram_pretrained
47,2,0,eeg_population,-0.005298643346056,0.2010590272359102,ds005540,labram_pretrained
47,2,0,eeg_personalized,0.1950639142490279,0.213276049909715,ds005540,labram_pretrained
47,2,0,combined_population,0.0109410136812398,0.1956990165386832,ds005540,labram_pretrained
47,2,0,combined_personalized,0.1984480557582041,0.1891595698579081,ds005540,labram_pretrained
47,2,0,prior,0.0,0.1945346209912536,ds005540,labram_random
47,2,0,eeg_population,0.0273253007494021,0.1965240437519784,ds005540,labram_random
47,2,0,eeg_personalized,0.2165540972638454,0.210954033253697,ds005540,labram_random
47,2,0,combined_population,0.0449633359965082,0.1920679579718911,ds005540,labram_random
47,2,0,combined_personalized,0.2277336188778217,0.1826561061117952,ds005540,labram_random
47,2,0,prior,0.0,0.1945346209912536,ds005540,cbramod_pretrained
47,2,0,eeg_population,0.0026684358742582,0.1997702310656001,ds005540,cbramod_pretrained
47,2,0,eeg_personalized,0.160107384546831,0.2131788333383154,ds005540,cbramod_pretrained
47,2,0,combined_population,-0.0158765782727255,0.1997887735855204,ds005540,cbramod_pretrained
47,2,0,combined_personalized,0.1534185874486158,0.1913928722252045,ds005540,cbramod_pretrained
47,2,0,prior,0.0,0.1945346209912536,ds005540,cbramod_random
47,2,0,eeg_population,0.007051468608427,0.1930543138399784,ds005540,cbramod_random
47,2,0,eeg_personalized,0.1919702812843496,0.2052076390060772,ds005540,cbramod_random
47,2,0,combined_population,0.0050860595504874,0.1928489886262409,ds005540,cbramod_random
47,2,0,combined_personalized,0.2037909346555506,0.1913997692878198,ds005540,cbramod_random
47,2,1,prior,0.1827973532357458,0.2108035714285714,ds005540,de
47,2,1,eeg_population,0.0777828184355483,0.1839833276610371,ds005540,de
47,2,1,eeg_personalized,0.1606947013258578,0.219243644958813,ds005540,de
47,2,1,combined_population,0.1815480515778565,0.2223442733815561,ds005540,de
47,2,1,combined_personalized,0.245967754317652,0.234530682194063,ds005540,de
47,2,1,prior,0.1827973532357458,0.2108035714285714,ds005540,labram_pretrained
47,2,1,eeg_population,-0.0032024670831284,0.2000259262500635,ds005540,labram_pretrained
47,2,1,eeg_personalized,0.1940308888870135,0.2142992932877697,ds005540,labram_pretrained
47,2,1,combined_population,0.1914772144443937,0.2139056448030661,ds005540,labram_pretrained
47,2,1,combined_personalized,0.2703505097089081,0.2271048931347878,ds005540,labram_pretrained
47,2,1,prior,0.1827973532357458,0.2108035714285714,ds005540,labram_random
47,2,1,eeg_population,0.0297395394303187,0.1959766204033061,ds005540,labram_random
47,2,1,eeg_personalized,0.2179915808425835,0.2114870176423584,ds005540,labram_random
47,2,1,combined_population,0.2085936764330481,0.2085904338203581,ds005540,labram_random
47,2,1,combined_personalized,0.2907775123028974,0.2235072692987206,ds005540,labram_random
47,2,1,prior,0.1827973532357458,0.2108035714285714,ds005540,cbramod_pretrained
47,2,1,eeg_population,0.0130625163333581,0.1987793759018048,ds005540,cbramod_pretrained
47,2,1,eeg_personalized,0.1604468377717425,0.2144836700590336,ds005540,cbramod_pretrained
47,2,1,combined_population,0.16663422332553,0.2238246770470047,ds005540,cbramod_pretrained
47,2,1,combined_personalized,0.2443798646771727,0.2317178225151868,ds005540,cbramod_pretrained
47,2,1,prior,0.1827973532357458,0.2108035714285714,ds005540,cbramod_random
47,2,1,eeg_population,0.0140367166954948,0.1924872473238544,ds005540,cbramod_random
47,2,1,eeg_personalized,0.1985570043521144,0.2044879817405303,ds005540,cbramod_random
47,2,1,combined_population,0.1828704948963966,0.2139208178080835,ds005540,cbramod_random
47,2,1,combined_personalized,0.270875731761966,0.2314888813790774,ds005540,cbramod_random
47,2,2,prior,0.3327331852177257,0.1953125,ds005540,de
47,2,2,eeg_population,0.0586941890004407,0.1848212126547139,ds005540,de
47,2,2,eeg_personalized,0.1614726358506983,0.2170158553577623,ds005540,de
47,2,2,combined_population,0.3193506878998783,0.2051545088693397,ds005540,de
47,2,2,combined_personalized,0.3642928618102539,0.2148886266241092,ds005540,de
47,2,2,prior,0.3327331852177257,0.1953125,ds005540,labram_pretrained
47,2,2,eeg_population,-0.0010907203364247,0.1990266737411217,ds005540,labram_pretrained
47,2,2,eeg_personalized,0.1897487028818906,0.2142083194119262,ds005540,labram_pretrained
47,2,2,combined_population,0.3335450085373199,0.1953132498578666,ds005540,labram_pretrained
47,2,2,combined_personalized,0.4059618204631436,0.2006749161075934,ds005540,labram_pretrained
47,2,2,prior,0.3327331852177257,0.1953125,ds005540,labram_random
47,2,2,eeg_population,0.0292831808356293,0.195645923242285,ds005540,labram_random
47,2,2,eeg_personalized,0.2153470151472179,0.2124478890050405,ds005540,labram_random
47,2,2,combined_population,0.3633364597281721,0.1883890435262601,ds005540,labram_random
47,2,2,combined_personalized,0.4409671962358213,0.1913981616561703,ds005540,labram_random
47,2,2,prior,0.3327331852177257,0.1953125,ds005540,cbramod_pretrained
47,2,2,eeg_population,0.0089124970296237,0.1984094887704142,ds005540,cbramod_pretrained
47,2,2,eeg_personalized,0.1591395859593115,0.2135185378255559,ds005540,cbramod_pretrained
47,2,2,combined_population,0.3107355814776748,0.2014670630571415,ds005540,cbramod_pretrained
47,2,2,combined_personalized,0.3804946323053627,0.207359460742193,ds005540,cbramod_pretrained
47,2,2,prior,0.3327331852177257,0.1953125,ds005540,cbramod_random
47,2,2,eeg_population,0.0093617565607917,0.1927955484570659,ds005540,cbramod_random
47,2,2,eeg_personalized,0.1884909422876062,0.2055478410544293,ds005540,cbramod_random
47,2,2,combined_population,0.3254566152765923,0.1970946363853633,ds005540,cbramod_random
47,2,2,combined_personalized,0.3872497212837927,0.2055687394090964,ds005540,cbramod_random
47,2,4,prior,0.4770227558810778,0.1790401785714285,ds005540,de
47,2,4,eeg_population,0.0777891001984422,0.1852849704733196,ds005540,de
47,2,4,eeg_personalized,0.1632586364292101,0.2174152745264392,ds005540,de
47,2,4,combined_population,0.4740178970418545,0.187776450465627,ds005540,de
47,2,4,combined_personalized,0.4925508449872969,0.1908703063098515,ds005540,de
47,2,4,prior,0.4770227558810778,0.1790401785714285,ds005540,labram_pretrained
47,2,4,eeg_population,-0.0131494851296868,0.1997431810903192,ds005540,labram_pretrained
47,2,4,eeg_personalized,0.1951310765003061,0.2130469112225357,ds005540,labram_pretrained
47,2,4,combined_population,0.4706997878972249,0.177265576566845,ds005540,labram_pretrained
47,2,4,combined_personalized,0.5410381185696224,0.1744127785824148,ds005540,labram_pretrained
47,2,4,prior,0.4770227558810778,0.1790401785714285,ds005540,labram_random
47,2,4,eeg_population,0.0281136738386115,0.1947261508727467,ds005540,labram_random
47,2,4,eeg_personalized,0.2175009678985788,0.2112147683452166,ds005540,labram_random
47,2,4,combined_population,0.5081638523461248,0.1739907590544352,ds005540,labram_random
47,2,4,combined_personalized,0.5761173373352976,0.1657840123449093,ds005540,labram_random
47,2,4,prior,0.4770227558810778,0.1790401785714285,ds005540,cbramod_pretrained
47,2,4,eeg_population,-0.0011725860812751,0.2005746836354699,ds005540,cbramod_pretrained
47,2,4,eeg_personalized,0.1490002457070191,0.2138578079598557,ds005540,cbramod_pretrained
47,2,4,combined_population,0.447875796225659,0.186743562471192,ds005540,cbramod_pretrained
47,2,4,combined_personalized,0.5022082765445308,0.1863796378617088,ds005540,cbramod_pretrained
47,2,4,prior,0.4770227558810778,0.1790401785714285,ds005540,cbramod_random
47,2,4,eeg_population,0.0156111427420586,0.192003816846186,ds005540,cbramod_random
47,2,4,eeg_personalized,0.196190912187941,0.2061944902858164,ds005540,cbramod_random
47,2,4,combined_population,0.4755575415501658,0.1784132143747945,ds005540,cbramod_random
47,2,4,combined_personalized,0.5281754718947002,0.1797247524678539,ds005540,cbramod_random
47,2,8,prior,0.5384228744637481,0.1574665178571428,ds005540,de
47,2,8,eeg_population,0.0295589125340228,0.1892045767787287,ds005540,de
47,2,8,eeg_personalized,0.1554488306563995,0.2152616832670297,ds005540,de
47,2,8,combined_population,0.5096591236098075,0.1716271599803228,ds005540,de
47,2,8,combined_personalized,0.5433932527230956,0.1770733082313939,ds005540,de
47,2,8,prior,0.5384228744637481,0.1574665178571428,ds005540,labram_pretrained
47,2,8,eeg_population,-0.0121757791001211,0.1986458690716831,ds005540,labram_pretrained
47,2,8,eeg_personalized,0.194672127930762,0.2121698792651038,ds005540,labram_pretrained
47,2,8,combined_population,0.5352325831110314,0.1595485270522344,ds005540,labram_pretrained
47,2,8,combined_personalized,0.5882974084143862,0.163058189585197,ds005540,labram_pretrained
47,2,8,prior,0.5384228744637481,0.1574665178571428,ds005540,labram_random
47,2,8,eeg_population,0.0196643049988655,0.1934819420995999,ds005540,labram_random
47,2,8,eeg_personalized,0.2207673776554933,0.2076946591404666,ds005540,labram_random
47,2,8,combined_population,0.5524460766248935,0.1580671364122979,ds005540,labram_random
47,2,8,combined_personalized,0.612034232461524,0.1589143768656485,ds005540,labram_random
47,2,8,prior,0.5384228744637481,0.1574665178571428,ds005540,cbramod_pretrained
47,2,8,eeg_population,-0.0230943051198859,0.2153666349706892,ds005540,cbramod_pretrained
47,2,8,eeg_personalized,0.1044919558491078,0.2255422904895611,ds005540,cbramod_pretrained
47,2,8,combined_population,0.4465085317728346,0.1799412590193168,ds005540,cbramod_pretrained
47,2,8,combined_personalized,0.4764788694889867,0.1874541161819441,ds005540,cbramod_pretrained
47,2,8,prior,0.5384228744637481,0.1574665178571428,ds005540,cbramod_random
47,2,8,eeg_population,0.0180516045037439,0.1923563345088174,ds005540,cbramod_random
47,2,8,eeg_personalized,0.1945962513235862,0.2047162286993157,ds005540,cbramod_random
47,2,8,combined_population,0.5313821845828425,0.1577892220570291,ds005540,cbramod_random
47,2,8,combined_personalized,0.5694130571083591,0.1697739373942006,ds005540,cbramod_random
47,4,0,prior,0.0,0.1945346209912536,ds005540,de
47,4,0,eeg_population,0.0640040861051069,0.1865409428050759,ds005540,de
47,4,0,eeg_personalized,0.2506940397281748,0.1950678390606743,ds005540,de
47,4,0,combined_population,0.0176817002599093,0.1927797256174651,ds005540,de
47,4,0,combined_personalized,0.182543253229826,0.1880459965240775,ds005540,de
47,4,0,prior,0.0,0.1945346209912536,ds005540,labram_pretrained
47,4,0,eeg_population,-0.005298643346056,0.2010590272359102,ds005540,labram_pretrained
47,4,0,eeg_personalized,0.2781514942547449,0.1909221803897104,ds005540,labram_pretrained
47,4,0,combined_population,0.0109410136812398,0.1956990165386832,ds005540,labram_pretrained
47,4,0,combined_personalized,0.2222716862265636,0.1811392076650794,ds005540,labram_pretrained
47,4,0,prior,0.0,0.1945346209912536,ds005540,labram_random
47,4,0,eeg_population,0.0273253007494021,0.1965240437519784,ds005540,labram_random
47,4,0,eeg_personalized,0.3000958169830592,0.1917244578165378,ds005540,labram_random
47,4,0,combined_population,0.0449633359965082,0.1920679579718911,ds005540,labram_random
47,4,0,combined_personalized,0.2616203679066188,0.1772651908707933,ds005540,labram_random
47,4,0,prior,0.0,0.1945346209912536,ds005540,cbramod_pretrained
47,4,0,eeg_population,0.0026684358742582,0.1997702310656001,ds005540,cbramod_pretrained
47,4,0,eeg_personalized,0.2665514147668669,0.1920807337006433,ds005540,cbramod_pretrained
47,4,0,combined_population,-0.0158765782727255,0.1997887735855204,ds005540,cbramod_pretrained
47,4,0,combined_personalized,0.1979556308839004,0.1841888404604298,ds005540,cbramod_pretrained
47,4,0,prior,0.0,0.1945346209912536,ds005540,cbramod_random
47,4,0,eeg_population,0.007051468608427,0.1930543138399784,ds005540,cbramod_random
47,4,0,eeg_personalized,0.290473462162698,0.1831116088985396,ds005540,cbramod_random
47,4,0,combined_population,0.0050860595504874,0.1928489886262409,ds005540,cbramod_random
47,4,0,combined_personalized,0.2263301485299114,0.1796793290379576,ds005540,cbramod_random
47,4,1,prior,0.1827973532357458,0.2108035714285714,ds005540,de
47,4,1,eeg_population,0.0777828184355483,0.1839833276610371,ds005540,de
47,4,1,eeg_personalized,0.2521462577177682,0.1958037365338008,ds005540,de
47,4,1,combined_population,0.1815480515778565,0.2223442733815561,ds005540,de
47,4,1,combined_personalized,0.2841785404724866,0.2172433528730176,ds005540,de
47,4,1,prior,0.1827973532357458,0.2108035714285714,ds005540,labram_pretrained
47,4,1,eeg_population,-0.0032024670831284,0.2000259262500635,ds005540,labram_pretrained
47,4,1,eeg_personalized,0.2784622466811754,0.1907203970414283,ds005540,labram_pretrained
47,4,1,combined_population,0.1914772144443937,0.2139056448030661,ds005540,labram_pretrained
47,4,1,combined_personalized,0.3074241871390091,0.2143679341639468,ds005540,labram_pretrained
47,4,1,prior,0.1827973532357458,0.2108035714285714,ds005540,labram_random
47,4,1,eeg_population,0.0297395394303187,0.1959766204033061,ds005540,labram_random
47,4,1,eeg_personalized,0.3014820269833006,0.1913451303088784,ds005540,labram_random
47,4,1,combined_population,0.2085936764330481,0.2085904338203581,ds005540,labram_random
47,4,1,combined_personalized,0.3278386329700331,0.2161473053618609,ds005540,labram_random
47,4,1,prior,0.1827973532357458,0.2108035714285714,ds005540,cbramod_pretrained
47,4,1,eeg_population,0.0130625163333581,0.1987793759018048,ds005540,cbramod_pretrained
47,4,1,eeg_personalized,0.2678086431741647,0.1927752779754986,ds005540,cbramod_pretrained
47,4,1,combined_population,0.16663422332553,0.2238246770470047,ds005540,cbramod_pretrained
47,4,1,combined_personalized,0.2921508345521125,0.2174608439863273,ds005540,cbramod_pretrained
47,4,1,prior,0.1827973532357458,0.2108035714285714,ds005540,cbramod_random
47,4,1,eeg_population,0.0140367166954948,0.1924872473238544,ds005540,cbramod_random
47,4,1,eeg_personalized,0.2963530887041509,0.1823893481515938,ds005540,cbramod_random
47,4,1,combined_population,0.1828704948963966,0.2139208178080835,ds005540,cbramod_random
47,4,1,combined_personalized,0.3034029851219463,0.2189913005975429,ds005540,cbramod_random
47,4,2,prior,0.3327331852177257,0.1953125,ds005540,de
47,4,2,eeg_population,0.0586941890004407,0.1848212126547139,ds005540,de
47,4,2,eeg_personalized,0.2492820762256694,0.1953896757181727,ds005540,de
47,4,2,combined_population,0.3193506878998783,0.2051545088693397,ds005540,de
47,4,2,combined_personalized,0.4098649039851521,0.2012080416810929,ds005540,de
47,4,2,prior,0.3327331852177257,0.1953125,ds005540,labram_pretrained
47,4,2,eeg_population,-0.0010907203364247,0.1990266737411217,ds005540,labram_pretrained
47,4,2,eeg_personalized,0.2788347762981307,0.1898854829505942,ds005540,labram_pretrained
47,4,2,combined_population,0.3335450085373199,0.1953132498578666,ds005540,labram_pretrained
47,4,2,combined_personalized,0.4562806135857242,0.1933953815872568,ds005540,labram_pretrained
47,4,2,prior,0.3327331852177257,0.1953125,ds005540,labram_random
47,4,2,eeg_population,0.0292831808356293,0.195645923242285,ds005540,labram_random
47,4,2,eeg_personalized,0.3002315539675622,0.1916042044634801,ds005540,labram_random
47,4,2,combined_population,0.3633364597281721,0.1883890435262601,ds005540,labram_random
47,4,2,combined_personalized,0.4852516396212484,0.1891169507225979,ds005540,labram_random
47,4,2,prior,0.3327331852177257,0.1953125,ds005540,cbramod_pretrained
47,4,2,eeg_population,0.0089124970296237,0.1984094887704142,ds005540,cbramod_pretrained
47,4,2,eeg_personalized,0.2685030029258537,0.1918922916852468,ds005540,cbramod_pretrained
47,4,2,combined_population,0.3107355814776748,0.2014670630571415,ds005540,cbramod_pretrained
47,4,2,combined_personalized,0.4364290628405823,0.1969982886500927,ds005540,cbramod_pretrained
47,4,2,prior,0.3327331852177257,0.1953125,ds005540,cbramod_random
47,4,2,eeg_population,0.0093617565607917,0.1927955484570659,ds005540,cbramod_random
47,4,2,eeg_personalized,0.2896625865628864,0.1833824006740806,ds005540,cbramod_random
47,4,2,combined_population,0.3254566152765923,0.1970946363853633,ds005540,cbramod_random
47,4,2,combined_personalized,0.4347247685643162,0.1997594286285509,ds005540,cbramod_random
47,4,4,prior,0.4770227558810778,0.1790401785714285,ds005540,de
47,4,4,eeg_population,0.0777891001984422,0.1852849704733196,ds005540,de
47,4,4,eeg_personalized,0.2506121529601943,0.1956246105785318,ds005540,de
47,4,4,combined_population,0.4740178970418545,0.187776450465627,ds005540,de
47,4,4,combined_personalized,0.5347859469544967,0.1783768440945226,ds005540,de
47,4,4,prior,0.4770227558810778,0.1790401785714285,ds005540,labram_pretrained
47,4,4,eeg_population,-0.0131494851296868,0.1997431810903192,ds005540,labram_pretrained
47,4,4,eeg_personalized,0.278840484691349,0.1884007876769657,ds005540,labram_pretrained
47,4,4,combined_population,0.4706997878972249,0.177265576566845,ds005540,labram_pretrained
47,4,4,combined_personalized,0.5815214546630397,0.1678973578575033,ds005540,labram_pretrained
47,4,4,prior,0.4770227558810778,0.1790401785714285,ds005540,labram_random
47,4,4,eeg_population,0.0281136738386115,0.1947261508727467,ds005540,labram_random
47,4,4,eeg_personalized,0.2962902831055863,0.1915228414033477,ds005540,labram_random
47,4,4,combined_population,0.5081638523461248,0.1739907590544352,ds005540,labram_random
47,4,4,combined_personalized,0.6097087559612897,0.1608197781466759,ds005540,labram_random
47,4,4,prior,0.4770227558810778,0.1790401785714285,ds005540,cbramod_pretrained
47,4,4,eeg_population,-0.0011725860812751,0.2005746836354699,ds005540,cbramod_pretrained
47,4,4,eeg_personalized,0.2598392564486543,0.1928938148154722,ds005540,cbramod_pretrained
47,4,4,combined_population,0.447875796225659,0.186743562471192,ds005540,cbramod_pretrained
47,4,4,combined_personalized,0.553547761912074,0.1773023293022639,ds005540,cbramod_pretrained
47,4,4,prior,0.4770227558810778,0.1790401785714285,ds005540,cbramod_random
47,4,4,eeg_population,0.0156111427420586,0.192003816846186,ds005540,cbramod_random
47,4,4,eeg_personalized,0.2904233898297964,0.1823367885336594,ds005540,cbramod_random
47,4,4,combined_population,0.4755575415501658,0.1784132143747945,ds005540,cbramod_random
47,4,4,combined_personalized,0.570859196469261,0.1711063262467399,ds005540,cbramod_random
47,4,8,prior,0.5384228744637481,0.1574665178571428,ds005540,de
47,4,8,eeg_population,0.0295589125340228,0.1892045767787287,ds005540,de
47,4,8,eeg_personalized,0.2413441512987628,0.1958370031457645,ds005540,de
47,4,8,combined_population,0.5096591236098075,0.1716271599803228,ds005540,de
47,4,8,combined_personalized,0.5863241859455868,0.1629156215586174,ds005540,de
47,4,8,prior,0.5384228744637481,0.1574665178571428,ds005540,labram_pretrained
47,4,8,eeg_population,-0.0121757791001211,0.1986458690716831,ds005540,labram_pretrained
47,4,8,eeg_personalized,0.283584346188816,0.1870103565785418,ds005540,labram_pretrained
47,4,8,combined_population,0.5352325831110314,0.1595485270522344,ds005540,labram_pretrained
47,4,8,combined_personalized,0.634317227044572,0.1526644910946715,ds005540,labram_pretrained
47,4,8,prior,0.5384228744637481,0.1574665178571428,ds005540,labram_random
47,4,8,eeg_population,0.0196643049988655,0.1934819420995999,ds005540,labram_random
47,4,8,eeg_personalized,0.2972086215815347,0.1893769089727592,ds005540,labram_random
47,4,8,combined_population,0.5524460766248935,0.1580671364122979,ds005540,labram_random
47,4,8,combined_personalized,0.6473651596769112,0.1521264220582116,ds005540,labram_random
47,4,8,prior,0.5384228744637481,0.1574665178571428,ds005540,cbramod_pretrained
47,4,8,eeg_population,-0.0230943051198859,0.2153666349706892,ds005540,cbramod_pretrained
47,4,8,eeg_personalized,0.2322731058885642,0.2054657437844665,ds005540,cbramod_pretrained
47,4,8,combined_population,0.4465085317728346,0.1799412590193168,ds005540,cbramod_pretrained
47,4,8,combined_personalized,0.5623904923937503,0.1672286196812791,ds005540,cbramod_pretrained
47,4,8,prior,0.5384228744637481,0.1574665178571428,ds005540,cbramod_random
47,4,8,eeg_population,0.0180516045037439,0.1923563345088174,ds005540,cbramod_random
47,4,8,eeg_personalized,0.2955982009477849,0.1817365209456426,ds005540,cbramod_random
47,4,8,combined_population,0.5313821845828425,0.1577892220570291,ds005540,cbramod_random
47,4,8,combined_personalized,0.6225777333938799,0.1585046854907345,ds005540,cbramod_random
47,8,0,prior,0.0,0.1945346209912536,ds005540,de
47,8,0,eeg_population,0.0640040861051069,0.1865409428050759,ds005540,de
47,8,0,eeg_personalized,0.2441375269295009,0.1828094629372941,ds005540,de
47,8,0,combined_population,0.0176817002599093,0.1927797256174651,ds005540,de
47,8,0,combined_personalized,0.1803460149700953,0.1845685137989209,ds005540,de
47,8,0,prior,0.0,0.1945346209912536,ds005540,labram_pretrained
47,8,0,eeg_population,-0.005298643346056,0.2010590272359102,ds005540,labram_pretrained
47,8,0,eeg_personalized,0.2581461895582647,0.1817386332038369,ds005540,labram_pretrained
47,8,0,combined_population,0.0109410136812398,0.1956990165386832,ds005540,labram_pretrained
47,8,0,combined_personalized,0.2039926790719726,0.1824306786025164,ds005540,labram_pretrained
47,8,0,prior,0.0,0.1945346209912536,ds005540,labram_random
47,8,0,eeg_population,0.0273253007494021,0.1965240437519784,ds005540,labram_random
47,8,0,eeg_personalized,0.266025455953561,0.1893249218278594,ds005540,labram_random
47,8,0,combined_population,0.0449633359965082,0.1920679579718911,ds005540,labram_random
47,8,0,combined_personalized,0.2384493512056736,0.1822438540680361,ds005540,labram_random
47,8,0,prior,0.0,0.1945346209912536,ds005540,cbramod_pretrained
47,8,0,eeg_population,0.0026684358742582,0.1997702310656001,ds005540,cbramod_pretrained
47,8,0,eeg_personalized,0.2553135428114348,0.1863550093810478,ds005540,cbramod_pretrained
47,8,0,combined_population,-0.0158765782727255,0.1997887735855204,ds005540,cbramod_pretrained
47,8,0,combined_personalized,0.1971070171540169,0.1860174956797957,ds005540,cbramod_pretrained
47,8,0,prior,0.0,0.1945346209912536,ds005540,cbramod_random
47,8,0,eeg_population,0.007051468608427,0.1930543138399784,ds005540,cbramod_random
47,8,0,eeg_personalized,0.2633749467691962,0.1805128131193402,ds005540,cbramod_random
47,8,0,combined_population,0.0050860595504874,0.1928489886262409,ds005540,cbramod_random
47,8,0,combined_personalized,0.2117945822731669,0.1815319972933574,ds005540,cbramod_random
47,8,1,prior,0.1827973532357458,0.2108035714285714,ds005540,de
47,8,1,eeg_population,0.0777828184355483,0.1839833276610371,ds005540,de
47,8,1,eeg_personalized,0.2470289309631253,0.1824288525106201,ds005540,de
47,8,1,combined_population,0.1815480515778565,0.2223442733815561,ds005540,de
47,8,1,combined_personalized,0.2936854136859586,0.2073334856734381,ds005540,de
47,8,1,prior,0.1827973532357458,0.2108035714285714,ds005540,labram_pretrained
47,8,1,eeg_population,-0.0032024670831284,0.2000259262500635,ds005540,labram_pretrained
47,8,1,eeg_personalized,0.2583577253176538,0.181665873931041,ds005540,labram_pretrained
47,8,1,combined_population,0.1914772144443937,0.2139056448030661,ds005540,labram_pretrained
47,8,1,combined_personalized,0.2970146137392339,0.2121868366414619,ds005540,labram_pretrained
47,8,1,prior,0.1827973532357458,0.2108035714285714,ds005540,labram_random
47,8,1,eeg_population,0.0297395394303187,0.1959766204033061,ds005540,labram_random
47,8,1,eeg_personalized,0.2681870519495747,0.1887666005532841,ds005540,labram_random
47,8,1,combined_population,0.2085936764330481,0.2085904338203581,ds005540,labram_random
47,8,1,combined_personalized,0.3213411022045619,0.2151216043626157,ds005540,labram_random
47,8,1,prior,0.1827973532357458,0.2108035714285714,ds005540,cbramod_pretrained
47,8,1,eeg_population,0.0130625163333581,0.1987793759018048,ds005540,cbramod_pretrained
47,8,1,eeg_personalized,0.2570288642906625,0.186547335115587,ds005540,cbramod_pretrained
47,8,1,combined_population,0.16663422332553,0.2238246770470047,ds005540,cbramod_pretrained
47,8,1,combined_personalized,0.2917769835293092,0.2153385577931711,ds005540,cbramod_pretrained
47,8,1,prior,0.1827973532357458,0.2108035714285714,ds005540,cbramod_random
47,8,1,eeg_population,0.0140367166954948,0.1924872473238544,ds005540,cbramod_random
47,8,1,eeg_personalized,0.2694223806011274,0.1801941655859097,ds005540,cbramod_random
47,8,1,combined_population,0.1828704948963966,0.2139208178080835,ds005540,cbramod_random
47,8,1,combined_personalized,0.3014119712114801,0.2120004005282149,ds005540,cbramod_random
47,8,2,prior,0.3327331852177257,0.1953125,ds005540,de
47,8,2,eeg_population,0.0586941890004407,0.1848212126547139,ds005540,de
47,8,2,eeg_personalized,0.2421711022430004,0.1826446849945855,ds005540,de
47,8,2,combined_population,0.3193506878998783,0.2051545088693397,ds005540,de
47,8,2,combined_personalized,0.4217498487950081,0.1957452410448315,ds005540,de
47,8,2,prior,0.3327331852177257,0.1953125,ds005540,labram_pretrained
47,8,2,eeg_population,-0.0010907203364247,0.1990266737411217,ds005540,labram_pretrained
47,8,2,eeg_personalized,0.2581422386047896,0.1809600582459873,ds005540,labram_pretrained
47,8,2,combined_population,0.3335450085373199,0.1953132498578666,ds005540,labram_pretrained
47,8,2,combined_personalized,0.4445663673338378,0.1891690532208016,ds005540,labram_pretrained
47,8,2,prior,0.3327331852177257,0.1953125,ds005540,labram_random
47,8,2,eeg_population,0.0292831808356293,0.195645923242285,ds005540,labram_random
47,8,2,eeg_personalized,0.2692601341785525,0.1881503644813802,ds005540,labram_random
47,8,2,combined_population,0.3633364597281721,0.1883890435262601,ds005540,labram_random
47,8,2,combined_personalized,0.4794479765705397,0.1827255901194311,ds005540,labram_random
47,8,2,prior,0.3327331852177257,0.1953125,ds005540,cbramod_pretrained
47,8,2,eeg_population,0.0089124970296237,0.1984094887704142,ds005540,cbramod_pretrained
47,8,2,eeg_personalized,0.2566387950920956,0.1859946249896569,ds005540,cbramod_pretrained
47,8,2,combined_population,0.3107355814776748,0.2014670630571415,ds005540,cbramod_pretrained
47,8,2,combined_personalized,0.4357242703721142,0.1941133161488386,ds005540,cbramod_pretrained
47,8,2,prior,0.3327331852177257,0.1953125,ds005540,cbramod_random
47,8,2,eeg_population,0.0093617565607917,0.1927955484570659,ds005540,cbramod_random
47,8,2,eeg_personalized,0.2650190022228501,0.1809755580210242,ds005540,cbramod_random
47,8,2,combined_population,0.3254566152765923,0.1970946363853633,ds005540,cbramod_random
47,8,2,combined_personalized,0.4389699338839553,0.193538320754087,ds005540,cbramod_random
47,8,4,prior,0.4770227558810778,0.1790401785714285,ds005540,de
47,8,4,eeg_population,0.0777891001984422,0.1852849704733196,ds005540,de
47,8,4,eeg_personalized,0.2480091560959611,0.1829563510675197,ds005540,de
47,8,4,combined_population,0.4740178970418545,0.187776450465627,ds005540,de
47,8,4,combined_personalized,0.554353507966421,0.1692026356797817,ds005540,de
47,8,4,prior,0.4770227558810778,0.1790401785714285,ds005540,labram_pretrained
47,8,4,eeg_population,-0.0131494851296868,0.1997431810903192,ds005540,labram_pretrained
47,8,4,eeg_personalized,0.2588051087804328,0.1798182621510322,ds005540,labram_pretrained
47,8,4,combined_population,0.4706997878972249,0.177265576566845,ds005540,labram_pretrained
47,8,4,combined_personalized,0.5797916113501573,0.1653396859798096,ds005540,labram_pretrained
47,8,4,prior,0.4770227558810778,0.1790401785714285,ds005540,labram_random
47,8,4,eeg_population,0.0281136738386115,0.1947261508727467,ds005540,labram_random
47,8,4,eeg_personalized,0.266829602032704,0.1883879806305825,ds005540,labram_random
47,8,4,combined_population,0.5081638523461248,0.1739907590544352,ds005540,labram_random
47,8,4,combined_personalized,0.6032986042973711,0.160554764731666,ds005540,labram_random
47,8,4,prior,0.4770227558810778,0.1790401785714285,ds005540,cbramod_pretrained
47,8,4,eeg_population,-0.0011725860812751,0.2005746836354699,ds005540,cbramod_pretrained
47,8,4,eeg_personalized,0.2504528525968666,0.186515312707267,ds005540,cbramod_pretrained
47,8,4,combined_population,0.447875796225659,0.186743562471192,ds005540,cbramod_pretrained
47,8,4,combined_personalized,0.561596169895234,0.1731345002872215,ds005540,cbramod_pretrained
47,8,4,prior,0.4770227558810778,0.1790401785714285,ds005540,cbramod_random
47,8,4,eeg_population,0.0156111427420586,0.192003816846186,ds005540,cbramod_random
47,8,4,eeg_personalized,0.270300787040267,0.178576943898608,ds005540,cbramod_random
47,8,4,combined_population,0.4755575415501658,0.1784132143747945,ds005540,cbramod_random
47,8,4,combined_personalized,0.583395769850281,0.1634651388905716,ds005540,cbramod_random
47,8,8,prior,0.5384228744637481,0.1574665178571428,ds005540,de
47,8,8,eeg_population,0.0295589125340228,0.1892045767787287,ds005540,de
47,8,8,eeg_personalized,0.2332932202775489,0.1844616458141094,ds005540,de
47,8,8,combined_population,0.5096591236098075,0.1716271599803228,ds005540,de
47,8,8,combined_personalized,0.6176083556029495,0.1493015058929914,ds005540,de
47,8,8,prior,0.5384228744637481,0.1574665178571428,ds005540,labram_pretrained
47,8,8,eeg_population,-0.0121757791001211,0.1986458690716831,ds005540,labram_pretrained
47,8,8,eeg_personalized,0.2622706549088728,0.1794801562708851,ds005540,labram_pretrained
47,8,8,combined_population,0.5352325831110314,0.1595485270522344,ds005540,labram_pretrained
47,8,8,combined_personalized,0.643005790345461,0.1450815635944453,ds005540,labram_pretrained
47,8,8,prior,0.5384228744637481,0.1574665178571428,ds005540,labram_random
47,8,8,eeg_population,0.0196643049988655,0.1934819420995999,ds005540,labram_random
47,8,8,eeg_personalized,0.2623996986264252,0.1857645952564406,ds005540,labram_random
47,8,8,combined_population,0.5524460766248935,0.1580671364122979,ds005540,labram_random
47,8,8,combined_personalized,0.648919477693988,0.1462991871139481,ds005540,labram_random
47,8,8,prior,0.5384228744637481,0.1574665178571428,ds005540,cbramod_pretrained
47,8,8,eeg_population,-0.0230943051198859,0.2153666349706892,ds005540,cbramod_pretrained
47,8,8,eeg_personalized,0.2072012750716967,0.2055729538061554,ds005540,cbramod_pretrained
47,8,8,combined_population,0.4465085317728346,0.1799412590193168,ds005540,cbramod_pretrained
47,8,8,combined_personalized,0.5716690071604191,0.1608417583838717,ds005540,cbramod_pretrained
47,8,8,prior,0.5384228744637481,0.1574665178571428,ds005540,cbramod_random
47,8,8,eeg_population,0.0180516045037439,0.1923563345088174,ds005540,cbramod_random
47,8,8,eeg_personalized,0.274278962505925,0.1777572139330621,ds005540,cbramod_random
47,8,8,combined_population,0.5313821845828425,0.1577892220570291,ds005540,cbramod_random
47,8,8,combined_personalized,0.6435353503615417,0.1440863152153452,ds005540,cbramod_random
71,0,0,prior,0.0,0.2168001889322282,ds005540,de
71,0,0,eeg_population,-0.017644307128285,0.2226289066235587,ds005540,de
71,0,0,eeg_personalized,-0.017644307128285,0.2226289066235587,ds005540,de
71,0,0,combined_population,-0.0651092248583867,0.2367725739042441,ds005540,de
71,0,0,combined_personalized,-0.0651092248583867,0.2367725739042441,ds005540,de
71,0,0,prior,0.0,0.2168001889322282,ds005540,labram_pretrained
71,0,0,eeg_population,-0.0244413912928853,0.2269276524390317,ds005540,labram_pretrained
71,0,0,eeg_personalized,-0.0244413912928853,0.2269276524390317,ds005540,labram_pretrained
71,0,0,combined_population,-0.0128350639564358,0.2237216730248564,ds005540,labram_pretrained
71,0,0,combined_personalized,-0.0128350639564358,0.2237216730248564,ds005540,labram_pretrained
71,0,0,prior,0.0,0.2168001889322282,ds005540,labram_random
71,0,0,eeg_population,-0.0358670997784035,0.2243117662329415,ds005540,labram_random
71,0,0,eeg_personalized,-0.0358670997784035,0.2243117662329415,ds005540,labram_random
71,0,0,combined_population,-0.0021438757984299,0.2211121035192001,ds005540,labram_random
71,0,0,combined_personalized,-0.0021438757984299,0.2211121035192001,ds005540,labram_random
71,0,0,prior,0.0,0.2168001889322282,ds005540,cbramod_pretrained
71,0,0,eeg_population,-0.0806571553182352,0.2300064847458666,ds005540,cbramod_pretrained
71,0,0,eeg_personalized,-0.0806571553182352,0.2300064847458666,ds005540,cbramod_pretrained
71,0,0,combined_population,-0.0585144847006857,0.2282870627242201,ds005540,cbramod_pretrained
71,0,0,combined_personalized,-0.0585144847006857,0.2282870627242201,ds005540,cbramod_pretrained
71,0,0,prior,0.0,0.2168001889322282,ds005540,cbramod_random
71,0,0,eeg_population,-0.1050265665921384,0.2414421713597067,ds005540,cbramod_random
71,0,0,eeg_personalized,-0.1050265665921384,0.2414421713597067,ds005540,cbramod_random
71,0,0,combined_population,-0.0159046693917021,0.2231975885663473,ds005540,cbramod_random
71,0,0,combined_personalized,-0.0159046693917021,0.2231975885663473,ds005540,cbramod_random
71,0,1,prior,0.4832788101746836,0.19984375,ds005540,de
71,0,1,eeg_population,-0.0748824640963707,0.2364049219358565,ds005540,de
71,0,1,eeg_personalized,-0.0748824640963707,0.2364049219358565,ds005540,de
71,0,1,combined_population,0.3121683454319408,0.2603847602212926,ds005540,de
71,0,1,combined_personalized,0.3121683454319408,0.2603847602212926,ds005540,de
71,0,1,prior,0.4832788101746836,0.19984375,ds005540,labram_pretrained
71,0,1,eeg_population,-0.032961485311817,0.2278144656023265,ds005540,labram_pretrained
71,0,1,eeg_personalized,-0.032961485311817,0.2278144656023265,ds005540,labram_pretrained
71,0,1,combined_population,0.4592216804631666,0.2102222729843706,ds005540,labram_pretrained
71,0,1,combined_personalized,0.4592216804631666,0.2102222729843706,ds005540,labram_pretrained
71,0,1,prior,0.4832788101746836,0.19984375,ds005540,labram_random
71,0,1,eeg_population,-0.038345291701164,0.2254369850230054,ds005540,labram_random
71,0,1,eeg_personalized,-0.038345291701164,0.2254369850230054,ds005540,labram_random
71,0,1,combined_population,0.4847313045936806,0.1998525740602979,ds005540,labram_random
71,0,1,combined_personalized,0.4847313045936806,0.1998525740602979,ds005540,labram_random
71,0,1,prior,0.4832788101746836,0.19984375,ds005540,cbramod_pretrained
71,0,1,eeg_population,-0.0801712894250498,0.2302153333449687,ds005540,cbramod_pretrained
71,0,1,eeg_personalized,-0.0801712894250498,0.2302153333449687,ds005540,cbramod_pretrained
71,0,1,combined_population,0.384221632435617,0.2250817378900966,ds005540,cbramod_pretrained
71,0,1,combined_personalized,0.384221632435617,0.2250817378900966,ds005540,cbramod_pretrained
71,0,1,prior,0.4832788101746836,0.19984375,ds005540,cbramod_random
71,0,1,eeg_population,-0.1131282664927518,0.2436994306345201,ds005540,cbramod_random
71,0,1,eeg_personalized,-0.1131282664927518,0.2436994306345201,ds005540,cbramod_random
71,0,1,combined_population,0.4770104298388988,0.20576808148524,ds005540,cbramod_random
71,0,1,combined_personalized,0.4770104298388988,0.20576808148524,ds005540,cbramod_random
71,0,2,prior,0.4827967718114015,0.2075,ds005540,de
71,0,2,eeg_population,-0.021715144176167,0.2239283781220381,ds005540,de
71,0,2,eeg_personalized,-0.021715144176167,0.2239283781220381,ds005540,de
71,0,2,combined_population,0.4715865415896618,0.2096006663800174,ds005540,de
71,0,2,combined_personalized,0.4715865415896618,0.2096006663800174,ds005540,de
71,0,2,prior,0.4827967718114015,0.2075,ds005540,labram_pretrained
71,0,2,eeg_population,-0.0269433556303789,0.227048145002246,ds005540,labram_pretrained
71,0,2,eeg_personalized,-0.0269433556303789,0.227048145002246,ds005540,labram_pretrained
71,0,2,combined_population,0.4560903141973439,0.2164089231581765,ds005540,labram_pretrained
71,0,2,combined_personalized,0.4560903141973439,0.2164089231581765,ds005540,labram_pretrained
71,0,2,prior,0.4827967718114015,0.2075,ds005540,labram_random
71,0,2,eeg_population,-0.0441594169722107,0.2271406540642239,ds005540,labram_random
71,0,2,eeg_personalized,-0.0441594169722107,0.2271406540642239,ds005540,labram_random
71,0,2,combined_population,0.4759388097071771,0.2108798810134665,ds005540,labram_random
71,0,2,combined_personalized,0.4759388097071771,0.2108798810134665,ds005540,labram_random
71,0,2,prior,0.4827967718114015,0.2075,ds005540,cbramod_pretrained
71,0,2,eeg_population,-0.0804002662408387,0.2304413530134246,ds005540,cbramod_pretrained
71,0,2,eeg_personalized,-0.0804002662408387,0.2304413530134246,ds005540,cbramod_pretrained
71,0,2,combined_population,0.3748184263122468,0.2351896623779326,ds005540,cbramod_pretrained
71,0,2,combined_personalized,0.3748184263122468,0.2351896623779326,ds005540,cbramod_pretrained
71,0,2,prior,0.4827967718114015,0.2075,ds005540,cbramod_random
71,0,2,eeg_population,-0.1325879579003693,0.255523606452646,ds005540,cbramod_random
71,0,2,eeg_personalized,-0.1325879579003693,0.255523606452646,ds005540,cbramod_random
71,0,2,combined_population,0.4664537538051904,0.2124861430210836,ds005540,cbramod_random
71,0,2,combined_personalized,0.4664537538051904,0.2124861430210836,ds005540,cbramod_random
71,0,4,prior,0.4647257730558983,0.19578125,ds005540,de
71,0,4,eeg_population,-0.0245500681850684,0.223587633543994,ds005540,de
71,0,4,eeg_personalized,-0.0245500681850684,0.223587633543994,ds005540,de
71,0,4,combined_population,0.4450337392932861,0.1986173000760803,ds005540,de
71,0,4,combined_personalized,0.4450337392932861,0.1986173000760803,ds005540,de
71,0,4,prior,0.4647257730558983,0.19578125,ds005540,labram_pretrained
71,0,4,eeg_population,-0.0228750132106666,0.225597841641765,ds005540,labram_pretrained
71,0,4,eeg_personalized,-0.0228750132106666,0.225597841641765,ds005540,labram_pretrained
71,0,4,combined_population,0.4466515458819261,0.1987101283418088,ds005540,labram_pretrained
71,0,4,combined_personalized,0.4466515458819261,0.1987101283418088,ds005540,labram_pretrained
71,0,4,prior,0.4647257730558983,0.19578125,ds005540,labram_random
71,0,4,eeg_population,-0.0335747779497276,0.2255269958048361,ds005540,labram_random
71,0,4,eeg_personalized,-0.0335747779497276,0.2255269958048361,ds005540,labram_random
71,0,4,combined_population,0.4548446562500784,0.1963246429732194,ds005540,labram_random
71,0,4,combined_personalized,0.4548446562500784,0.1963246429732194,ds005540,labram_random
71,0,4,prior,0.4647257730558983,0.19578125,ds005540,cbramod_pretrained
71,0,4,eeg_population,-0.0735007358426047,0.2292034763543514,ds005540,cbramod_pretrained
71,0,4,eeg_personalized,-0.0735007358426047,0.2292034763543514,ds005540,cbramod_pretrained
71,0,4,combined_population,0.417733544095114,0.2033441337835115,ds005540,cbramod_pretrained
71,0,4,combined_personalized,0.417733544095114,0.2033441337835115,ds005540,cbramod_pretrained
71,0,4,prior,0.4647257730558983,0.19578125,ds005540,cbramod_random
71,0,4,eeg_population,-0.1341497937582933,0.2532003890477252,ds005540,cbramod_random
71,0,4,eeg_personalized,-0.1341497937582933,0.2532003890477252,ds005540,cbramod_random
71,0,4,combined_population,0.4508567587689133,0.1982600925768263,ds005540,cbramod_random
71,0,4,combined_personalized,0.4508567587689133,0.1982600925768263,ds005540,cbramod_random
71,0,8,prior,0.5499031548140438,0.1776953125,ds005540,de
71,0,8,eeg_population,-0.0155613630851636,0.2242307549655904,ds005540,de
71,0,8,eeg_personalized,-0.0155613630851636,0.2242307549655904,ds005540,de
71,0,8,combined_population,0.5432981720791683,0.1785144391372851,ds005540,de
71,0,8,combined_personalized,0.5432981720791683,0.1785144391372851,ds005540,de
71,0,8,prior,0.5499031548140438,0.1776953125,ds005540,labram_pretrained
71,0,8,eeg_population,-0.0178263000921604,0.2263519665395623,ds005540,labram_pretrained
71,0,8,eeg_personalized,-0.0178263000921604,0.2263519665395623,ds005540,labram_pretrained
71,0,8,combined_population,0.5427674186297881,0.1773145590340444,ds005540,labram_pretrained
71,0,8,combined_personalized,0.5427674186297881,0.1773145590340444,ds005540,labram_pretrained
71,0,8,prior,0.5499031548140438,0.1776953125,ds005540,labram_random
71,0,8,eeg_population,-0.0315989931666425,0.2247787628636985,ds005540,labram_random
71,0,8,eeg_personalized,-0.0315989931666425,0.2247787628636985,ds005540,labram_random
71,0,8,combined_population,0.5281445864979883,0.1839573403794216,ds005540,labram_random
71,0,8,combined_personalized,0.5281445864979883,0.1839573403794216,ds005540,labram_random
71,0,8,prior,0.5499031548140438,0.1776953125,ds005540,cbramod_pretrained
71,0,8,eeg_population,-0.0619319415886889,0.2284758444319908,ds005540,cbramod_pretrained
71,0,8,eeg_personalized,-0.0619319415886889,0.2284758444319908,ds005540,cbramod_pretrained
71,0,8,combined_population,0.5117234086678463,0.1839552635311389,ds005540,cbramod_pretrained
71,0,8,combined_personalized,0.5117234086678463,0.1839552635311389,ds005540,cbramod_pretrained
71,0,8,prior,0.5499031548140438,0.1776953125,ds005540,cbramod_random
71,0,8,eeg_population,-0.0557623621695493,0.2307097977349518,ds005540,cbramod_random
71,0,8,eeg_personalized,-0.0557623621695493,0.2307097977349518,ds005540,cbramod_random
71,0,8,combined_population,0.5326728740755587,0.1830100831710362,ds005540,cbramod_random
71,0,8,combined_personalized,0.5326728740755587,0.1830100831710362,ds005540,cbramod_random
71,1,0,prior,0.0,0.2168001889322282,ds005540,de
71,1,0,eeg_population,-0.017644307128285,0.2226289066235587,ds005540,de
71,1,0,eeg_personalized,0.1698300281824468,0.2269030104219112,ds005540,de
71,1,0,combined_population,-0.0651092248583867,0.2367725739042441,ds005540,de
71,1,0,combined_personalized,0.1959205879019375,0.2299030760343825,ds005540,de
71,1,0,prior,0.0,0.2168001889322282,ds005540,labram_pretrained
71,1,0,eeg_population,-0.0244413912928853,0.2269276524390317,ds005540,labram_pretrained
71,1,0,eeg_personalized,0.1394549701207522,0.2363653194191813,ds005540,labram_pretrained
71,1,0,combined_population,-0.0128350639564358,0.2237216730248564,ds005540,labram_pretrained
71,1,0,combined_personalized,0.1803280082767446,0.2194099412122777,ds005540,labram_pretrained
71,1,0,prior,0.0,0.2168001889322282,ds005540,labram_random
71,1,0,eeg_population,-0.0358670997784035,0.2243117662329415,ds005540,labram_random
71,1,0,eeg_personalized,0.1303249741264403,0.2274501459656324,ds005540,labram_random
71,1,0,combined_population,-0.0021438757984299,0.2211121035192001,ds005540,labram_random
71,1,0,combined_personalized,0.1921092575491266,0.2171817300672607,ds005540,labram_random
71,1,0,prior,0.0,0.2168001889322282,ds005540,cbramod_pretrained
71,1,0,eeg_population,-0.0806571553182352,0.2300064847458666,ds005540,cbramod_pretrained
71,1,0,eeg_personalized,0.1388251185983504,0.23282745277403,ds005540,cbramod_pretrained
71,1,0,combined_population,-0.0585144847006857,0.2282870627242201,ds005540,cbramod_pretrained
71,1,0,combined_personalized,0.1680370667779777,0.2261908485546459,ds005540,cbramod_pretrained
71,1,0,prior,0.0,0.2168001889322282,ds005540,cbramod_random
71,1,0,eeg_population,-0.1050265665921384,0.2414421713597067,ds005540,cbramod_random
71,1,0,eeg_personalized,0.0590257562952979,0.2505434534943683,ds005540,cbramod_random
71,1,0,combined_population,-0.0159046693917021,0.2231975885663473,ds005540,cbramod_random
71,1,0,combined_personalized,0.1714675022024191,0.213686133606385,ds005540,cbramod_random
71,1,1,prior,0.4832788101746836,0.19984375,ds005540,de
71,1,1,eeg_population,-0.0748824640963707,0.2364049219358565,ds005540,de
71,1,1,eeg_personalized,0.1490265840556143,0.2386109676783255,ds005540,de
71,1,1,combined_population,0.3121683454319408,0.2603847602212926,ds005540,de
71,1,1,combined_personalized,0.5406836044306732,0.2183961556707181,ds005540,de
71,1,1,prior,0.4832788101746836,0.19984375,ds005540,labram_pretrained
71,1,1,eeg_population,-0.032961485311817,0.2278144656023265,ds005540,labram_pretrained
71,1,1,eeg_personalized,0.1373143727544955,0.2365890520574739,ds005540,labram_pretrained
71,1,1,combined_population,0.4592216804631666,0.2102222729843706,ds005540,labram_pretrained
71,1,1,combined_personalized,0.5683012814773328,0.1988572048411565,ds005540,labram_pretrained
71,1,1,prior,0.4832788101746836,0.19984375,ds005540,labram_random
71,1,1,eeg_population,-0.038345291701164,0.2254369850230054,ds005540,labram_random
71,1,1,eeg_personalized,0.1304586234977106,0.2294817296443677,ds005540,labram_random
71,1,1,combined_population,0.4847313045936806,0.1998525740602979,ds005540,labram_random
71,1,1,combined_personalized,0.5896970063430511,0.1913210961424968,ds005540,labram_random
71,1,1,prior,0.4832788101746836,0.19984375,ds005540,cbramod_pretrained
71,1,1,eeg_population,-0.0801712894250498,0.2302153333449687,ds005540,cbramod_pretrained
71,1,1,eeg_personalized,0.1402615427751122,0.2330009319188072,ds005540,cbramod_pretrained
71,1,1,combined_population,0.384221632435617,0.2250817378900966,ds005540,cbramod_pretrained
71,1,1,combined_personalized,0.5408691038326248,0.206208526445094,ds005540,cbramod_pretrained
71,1,1,prior,0.4832788101746836,0.19984375,ds005540,cbramod_random
71,1,1,eeg_population,-0.1131282664927518,0.2436994306345201,ds005540,cbramod_random
71,1,1,eeg_personalized,0.0538679076236672,0.2561103946926401,ds005540,cbramod_random
71,1,1,combined_population,0.4770104298388988,0.20576808148524,ds005540,cbramod_random
71,1,1,combined_personalized,0.5819453172789427,0.196897914777657,ds005540,cbramod_random
71,1,2,prior,0.4827967718114015,0.2075,ds005540,de
71,1,2,eeg_population,-0.021715144176167,0.2239283781220381,ds005540,de
71,1,2,eeg_personalized,0.1716333900014005,0.2275119273568775,ds005540,de
71,1,2,combined_population,0.4715865415896618,0.2096006663800174,ds005540,de
71,1,2,combined_personalized,0.5700335599089019,0.1890801217331649,ds005540,de
71,1,2,prior,0.4827967718114015,0.2075,ds005540,labram_pretrained
71,1,2,eeg_population,-0.0269433556303789,0.227048145002246,ds005540,labram_pretrained
71,1,2,eeg_personalized,0.1425310587898234,0.2378521884132855,ds005540,labram_pretrained
71,1,2,combined_population,0.4560903141973439,0.2164089231581765,ds005540,labram_pretrained
71,1,2,combined_personalized,0.5584228719219155,0.1951577933141415,ds005540,labram_pretrained
71,1,2,prior,0.4827967718114015,0.2075,ds005540,labram_random
71,1,2,eeg_population,-0.0441594169722107,0.2271406540642239,ds005540,labram_random
71,1,2,eeg_personalized,0.1288787966805344,0.2326169746996557,ds005540,labram_random
71,1,2,combined_population,0.4759388097071771,0.2108798810134665,ds005540,labram_random
71,1,2,combined_personalized,0.5721150179514701,0.1898218172393784,ds005540,labram_random
71,1,2,prior,0.4827967718114015,0.2075,ds005540,cbramod_pretrained
71,1,2,eeg_population,-0.0804002662408387,0.2304413530134246,ds005540,cbramod_pretrained
71,1,2,eeg_personalized,0.1398872710288135,0.2346635975485228,ds005540,cbramod_pretrained
71,1,2,combined_population,0.3748184263122468,0.2351896623779326,ds005540,cbramod_pretrained
71,1,2,combined_personalized,0.5156639332939503,0.2166689205301129,ds005540,cbramod_pretrained
71,1,2,prior,0.4827967718114015,0.2075,ds005540,cbramod_random
71,1,2,eeg_population,-0.1325879579003693,0.255523606452646,ds005540,cbramod_random
71,1,2,eeg_personalized,0.0293950023925165,0.2701582017038122,ds005540,cbramod_random
71,1,2,combined_population,0.4664537538051904,0.2124861430210836,ds005540,cbramod_random
71,1,2,combined_personalized,0.5620895661951544,0.1882395273768524,ds005540,cbramod_random
71,1,4,prior,0.4647257730558983,0.19578125,ds005540,de
71,1,4,eeg_population,-0.0245500681850684,0.223587633543994,ds005540,de
71,1,4,eeg_personalized,0.168749668804914,0.2288595874145275,ds005540,de
71,1,4,combined_population,0.4450337392932861,0.1986173000760803,ds005540,de
71,1,4,combined_personalized,0.5428699241066157,0.1889186148210664,ds005540,de
71,1,4,prior,0.4647257730558983,0.19578125,ds005540,labram_pretrained
71,1,4,eeg_population,-0.0228750132106666,0.225597841641765,ds005540,labram_pretrained
71,1,4,eeg_personalized,0.1468281746395035,0.2377775030240641,ds005540,labram_pretrained
71,1,4,combined_population,0.4466515458819261,0.1987101283418088,ds005540,labram_pretrained
71,1,4,combined_personalized,0.5437579316788095,0.1896200663197948,ds005540,labram_pretrained
71,1,4,prior,0.4647257730558983,0.19578125,ds005540,labram_random
71,1,4,eeg_population,-0.0335747779497276,0.2255269958048361,ds005540,labram_random
71,1,4,eeg_personalized,0.1298628316771889,0.2284177886832896,ds005540,labram_random
71,1,4,combined_population,0.4548446562500784,0.1963246429732194,ds005540,labram_random
71,1,4,combined_personalized,0.5466333041114613,0.1856289323421009,ds005540,labram_random
71,1,4,prior,0.4647257730558983,0.19578125,ds005540,cbramod_pretrained
71,1,4,eeg_population,-0.0735007358426047,0.2292034763543514,ds005540,cbramod_pretrained
71,1,4,eeg_personalized,0.1414129916141228,0.2330498755550439,ds005540,cbramod_pretrained
71,1,4,combined_population,0.417733544095114,0.2033441337835115,ds005540,cbramod_pretrained
71,1,4,combined_personalized,0.5406109981886837,0.190981085404995,ds005540,cbramod_pretrained
71,1,4,prior,0.4647257730558983,0.19578125,ds005540,cbramod_random
71,1,4,eeg_population,-0.1341497937582933,0.2532003890477252,ds005540,cbramod_random
71,1,4,eeg_personalized,0.0388524009771771,0.272338699428672,ds005540,cbramod_random
71,1,4,combined_population,0.4508567587689133,0.1982600925768263,ds005540,cbramod_random
71,1,4,combined_personalized,0.5440065569996773,0.1898799480737865,ds005540,cbramod_random
71,1,8,prior,0.5499031548140438,0.1776953125,ds005540,de
71,1,8,eeg_population,-0.0155613630851636,0.2242307549655904,ds005540,de
71,1,8,eeg_personalized,0.1760200421576609,0.2280992974831909,ds005540,de
71,1,8,combined_population,0.5432981720791683,0.1785144391372851,ds005540,de
71,1,8,combined_personalized,0.6023816156065696,0.175121448360821,ds005540,de
71,1,8,prior,0.5499031548140438,0.1776953125,ds005540,labram_pretrained
71,1,8,eeg_population,-0.0178263000921604,0.2263519665395623,ds005540,labram_pretrained
71,1,8,eeg_personalized,0.1565331819591306,0.2388734271968998,ds005540,labram_pretrained
71,1,8,combined_population,0.5427674186297881,0.1773145590340444,ds005540,labram_pretrained
71,1,8,combined_personalized,0.615117578061645,0.1652690322815792,ds005540,labram_pretrained
71,1,8,prior,0.5499031548140438,0.1776953125,ds005540,labram_random
71,1,8,eeg_population,-0.0315989931666425,0.2247787628636985,ds005540,labram_random
71,1,8,eeg_personalized,0.1308705003899224,0.2294667088779556,ds005540,labram_random
71,1,8,combined_population,0.5281445864979883,0.1839573403794216,ds005540,labram_random
71,1,8,combined_personalized,0.5843675497821588,0.1756467681798443,ds005540,labram_random
71,1,8,prior,0.5499031548140438,0.1776953125,ds005540,cbramod_pretrained
71,1,8,eeg_population,-0.0619319415886889,0.2284758444319908,ds005540,cbramod_pretrained
71,1,8,eeg_personalized,0.1463800278771361,0.2327289958034031,ds005540,cbramod_pretrained
71,1,8,combined_population,0.5117234086678463,0.1839552635311389,ds005540,cbramod_pretrained
71,1,8,combined_personalized,0.6026041970825591,0.171254649229226,ds005540,cbramod_pretrained
71,1,8,prior,0.5499031548140438,0.1776953125,ds005540,cbramod_random
71,1,8,eeg_population,-0.0557623621695493,0.2307097977349518,ds005540,cbramod_random
71,1,8,eeg_personalized,0.1182206307128382,0.2352436523857319,ds005540,cbramod_random
71,1,8,combined_population,0.5326728740755587,0.1830100831710362,ds005540,cbramod_random
71,1,8,combined_personalized,0.600698262600001,0.178628191772966,ds005540,cbramod_random
71,2,0,prior,0.0,0.2168001889322282,ds005540,de
71,2,0,eeg_population,-0.017644307128285,0.2226289066235587,ds005540,de
71,2,0,eeg_personalized,0.1783611614617161,0.2203567718977248,ds005540,de
71,2,0,combined_population,-0.0651092248583867,0.2367725739042441,ds005540,de
71,2,0,combined_personalized,0.2070865218329772,0.2144417722662622,ds005540,de
71,2,0,prior,0.0,0.2168001889322282,ds005540,labram_pretrained
71,2,0,eeg_population,-0.0244413912928853,0.2269276524390317,ds005540,labram_pretrained
71,2,0,eeg_personalized,0.160433611081123,0.2306392437058333,ds005540,labram_pretrained
71,2,0,combined_population,-0.0128350639564358,0.2237216730248564,ds005540,labram_pretrained
71,2,0,combined_personalized,0.2001996187995543,0.2149087111120814,ds005540,labram_pretrained
71,2,0,prior,0.0,0.2168001889322282,ds005540,labram_random
71,2,0,eeg_population,-0.0358670997784035,0.2243117662329415,ds005540,labram_random
71,2,0,eeg_personalized,0.1418550353289936,0.221454181791282,ds005540,labram_random
71,2,0,combined_population,-0.0021438757984299,0.2211121035192001,ds005540,labram_random
71,2,0,combined_personalized,0.1954628299016815,0.2141154628025605,ds005540,labram_random
71,2,0,prior,0.0,0.2168001889322282,ds005540,cbramod_pretrained
71,2,0,eeg_population,-0.0806571553182352,0.2300064847458666,ds005540,cbramod_pretrained
71,2,0,eeg_personalized,0.1493444968077379,0.2322514040224165,ds005540,cbramod_pretrained
71,2,0,combined_population,-0.0585144847006857,0.2282870627242201,ds005540,cbramod_pretrained
71,2,0,combined_personalized,0.1890852347720634,0.2198694145870662,ds005540,cbramod_pretrained
71,2,0,prior,0.0,0.2168001889322282,ds005540,cbramod_random
71,2,0,eeg_population,-0.1050265665921384,0.2414421713597067,ds005540,cbramod_random
71,2,0,eeg_personalized,0.1062683038164247,0.229846067234236,ds005540,cbramod_random
71,2,0,combined_population,-0.0159046693917021,0.2231975885663473,ds005540,cbramod_random
71,2,0,combined_personalized,0.1930783294521074,0.2089091758764756,ds005540,cbramod_random
71,2,1,prior,0.4832788101746836,0.19984375,ds005540,de
71,2,1,eeg_population,-0.0748824640963707,0.2364049219358565,ds005540,de
71,2,1,eeg_personalized,0.1564714623914057,0.2256058085191953,ds005540,de
71,2,1,combined_population,0.3121683454319408,0.2603847602212926,ds005540,de
71,2,1,combined_personalized,0.557266738697155,0.2017082842690756,ds005540,de
71,2,1,prior,0.4832788101746836,0.19984375,ds005540,labram_pretrained
71,2,1,eeg_population,-0.032961485311817,0.2278144656023265,ds005540,labram_pretrained
71,2,1,eeg_personalized,0.1575446583792753,0.2294532855582798,ds005540,labram_pretrained
71,2,1,combined_population,0.4592216804631666,0.2102222729843706,ds005540,labram_pretrained
71,2,1,combined_personalized,0.5782001397442122,0.1984118777581491,ds005540,labram_pretrained
71,2,1,prior,0.4832788101746836,0.19984375,ds005540,labram_random
71,2,1,eeg_population,-0.038345291701164,0.2254369850230054,ds005540,labram_random
71,2,1,eeg_personalized,0.1396669501653548,0.2235373925770427,ds005540,labram_random
71,2,1,combined_population,0.4847313045936806,0.1998525740602979,ds005540,labram_random
71,2,1,combined_personalized,0.588855416385773,0.1946988771734978,ds005540,labram_random
71,2,1,prior,0.4832788101746836,0.19984375,ds005540,cbramod_pretrained
71,2,1,eeg_population,-0.0801712894250498,0.2302153333449687,ds005540,cbramod_pretrained
71,2,1,eeg_personalized,0.1509602810901777,0.2320547824210683,ds005540,cbramod_pretrained
71,2,1,combined_population,0.384221632435617,0.2250817378900966,ds005540,cbramod_pretrained
71,2,1,combined_personalized,0.5610499486095822,0.2071787151599732,ds005540,cbramod_pretrained
71,2,1,prior,0.4832788101746836,0.19984375,ds005540,cbramod_random
71,2,1,eeg_population,-0.1131282664927518,0.2436994306345201,ds005540,cbramod_random
71,2,1,eeg_personalized,0.1002944489843978,0.2337893397633094,ds005540,cbramod_random
71,2,1,combined_population,0.4770104298388988,0.20576808148524,ds005540,cbramod_random
71,2,1,combined_personalized,0.5961759532010582,0.1923424706436566,ds005540,cbramod_random
71,2,2,prior,0.4827967718114015,0.2075,ds005540,de
71,2,2,eeg_population,-0.021715144176167,0.2239283781220381,ds005540,de
71,2,2,eeg_personalized,0.1796827749897447,0.2204893116289639,ds005540,de
71,2,2,combined_population,0.4715865415896618,0.2096006663800174,ds005540,de
71,2,2,combined_personalized,0.5792514703471062,0.1904377436603739,ds005540,de
71,2,2,prior,0.4827967718114015,0.2075,ds005540,labram_pretrained
71,2,2,eeg_population,-0.0269433556303789,0.227048145002246,ds005540,labram_pretrained
71,2,2,eeg_personalized,0.1613598481824262,0.2295206870006469,ds005540,labram_pretrained
71,2,2,combined_population,0.4560903141973439,0.2164089231581765,ds005540,labram_pretrained
71,2,2,combined_personalized,0.5625796119946467,0.1969818146040484,ds005540,labram_pretrained
71,2,2,prior,0.4827967718114015,0.2075,ds005540,labram_random
71,2,2,eeg_population,-0.0441594169722107,0.2271406540642239,ds005540,labram_random
71,2,2,eeg_personalized,0.1354967115033858,0.2248661230585401,ds005540,labram_random
71,2,2,combined_population,0.4759388097071771,0.2108798810134665,ds005540,labram_random
71,2,2,combined_personalized,0.5664036898753526,0.1958016807288332,ds005540,labram_random
71,2,2,prior,0.4827967718114015,0.2075,ds005540,cbramod_pretrained
71,2,2,eeg_population,-0.0804002662408387,0.2304413530134246,ds005540,cbramod_pretrained
71,2,2,eeg_personalized,0.1497316819339672,0.2330666942728083,ds005540,cbramod_pretrained
71,2,2,combined_population,0.3748184263122468,0.2351896623779326,ds005540,cbramod_pretrained
71,2,2,combined_personalized,0.5303544517579739,0.2174541481260719,ds005540,cbramod_pretrained
71,2,2,prior,0.4827967718114015,0.2075,ds005540,cbramod_random
71,2,2,eeg_population,-0.1325879579003693,0.255523606452646,ds005540,cbramod_random
71,2,2,eeg_personalized,0.10902224372929,0.2456884430828098,ds005540,cbramod_random
71,2,2,combined_population,0.4664537538051904,0.2124861430210836,ds005540,cbramod_random
71,2,2,combined_personalized,0.574722507868446,0.1897004219736614,ds005540,cbramod_random
71,2,4,prior,0.4647257730558983,0.19578125,ds005540,de
71,2,4,eeg_population,-0.0245500681850684,0.223587633543994,ds005540,de
71,2,4,eeg_personalized,0.1754099212978867,0.2206113275584642,ds005540,de
71,2,4,combined_population,0.4450337392932861,0.1986173000760803,ds005540,de
71,2,4,combined_personalized,0.5528916005957945,0.1857621785199432,ds005540,de
71,2,4,prior,0.4647257730558983,0.19578125,ds005540,labram_pretrained
71,2,4,eeg_population,-0.0228750132106666,0.225597841641765,ds005540,labram_pretrained
71,2,4,eeg_personalized,0.1632494665503246,0.229516136440653,ds005540,labram_pretrained
71,2,4,combined_population,0.4466515458819261,0.1987101283418088,ds005540,labram_pretrained
71,2,4,combined_personalized,0.5451463197398898,0.1920624799974137,ds005540,labram_pretrained
71,2,4,prior,0.4647257730558983,0.19578125,ds005540,labram_random
71,2,4,eeg_population,-0.0335747779497276,0.2255269958048361,ds005540,labram_random
71,2,4,eeg_personalized,0.1385668485823275,0.2223986761913572,ds005540,labram_random
71,2,4,combined_population,0.4548446562500784,0.1963246429732194,ds005540,labram_random
71,2,4,combined_personalized,0.5445669837542452,0.1876695128378377,ds005540,labram_random
71,2,4,prior,0.4647257730558983,0.19578125,ds005540,cbramod_pretrained
71,2,4,eeg_population,-0.0735007358426047,0.2292034763543514,ds005540,cbramod_pretrained
71,2,4,eeg_personalized,0.1525496605250037,0.232249944242001,ds005540,cbramod_pretrained
71,2,4,combined_population,0.417733544095114,0.2033441337835115,ds005540,cbramod_pretrained
71,2,4,combined_personalized,0.5551371926969084,0.1894449199534661,ds005540,cbramod_pretrained
71,2,4,prior,0.4647257730558983,0.19578125,ds005540,cbramod_random
71,2,4,eeg_population,-0.1341497937582933,0.2532003890477252,ds005540,cbramod_random
71,2,4,eeg_personalized,0.1074080116142193,0.2474923241994713,ds005540,cbramod_random
71,2,4,combined_population,0.4508567587689133,0.1982600925768263,ds005540,cbramod_random
71,2,4,combined_personalized,0.5506940465992265,0.1894928018103458,ds005540,cbramod_random
71,2,8,prior,0.5499031548140438,0.1776953125,ds005540,de
71,2,8,eeg_population,-0.0155613630851636,0.2242307549655904,ds005540,de
71,2,8,eeg_personalized,0.1814964098216457,0.2191583048047532,ds005540,de
71,2,8,combined_population,0.5432981720791683,0.1785144391372851,ds005540,de
71,2,8,combined_personalized,0.6184832899933115,0.1725547525335598,ds005540,de
71,2,8,prior,0.5499031548140438,0.1776953125,ds005540,labram_pretrained
71,2,8,eeg_population,-0.0178263000921604,0.2263519665395623,ds005540,labram_pretrained
71,2,8,eeg_personalized,0.1729019259175304,0.2305264223079765,ds005540,labram_pretrained
71,2,8,combined_population,0.5427674186297881,0.1773145590340444,ds005540,labram_pretrained
71,2,8,combined_personalized,0.6131633425818764,0.173811439918646,ds005540,labram_pretrained
71,2,8,prior,0.5499031548140438,0.1776953125,ds005540,labram_random
71,2,8,eeg_population,-0.0315989931666425,0.2247787628636985,ds005540,labram_random
71,2,8,eeg_personalized,0.1394641385573565,0.2231340290714503,ds005540,labram_random
71,2,8,combined_population,0.5281445864979883,0.1839573403794216,ds005540,labram_random
71,2,8,combined_personalized,0.5931349807752714,0.1817996448145525,ds005540,labram_random
71,2,8,prior,0.5499031548140438,0.1776953125,ds005540,cbramod_pretrained
71,2,8,eeg_population,-0.0619319415886889,0.2284758444319908,ds005540,cbramod_pretrained
71,2,8,eeg_personalized,0.1584260384195314,0.2328029235243219,ds005540,cbramod_pretrained
71,2,8,combined_population,0.5117234086678463,0.1839552635311389,ds005540,cbramod_pretrained
71,2,8,combined_personalized,0.6199052381499437,0.1691298547014862,ds005540,cbramod_pretrained
71,2,8,prior,0.5499031548140438,0.1776953125,ds005540,cbramod_random
71,2,8,eeg_population,-0.0557623621695493,0.2307097977349518,ds005540,cbramod_random
71,2,8,eeg_personalized,0.1386486438692554,0.2255360536300059,ds005540,cbramod_random
71,2,8,combined_population,0.5326728740755587,0.1830100831710362,ds005540,cbramod_random
71,2,8,combined_personalized,0.611258097525033,0.1779439523602732,ds005540,cbramod_random
71,4,0,prior,0.0,0.2168001889322282,ds005540,de
71,4,0,eeg_population,-0.017644307128285,0.2226289066235587,ds005540,de
71,4,0,eeg_personalized,0.1057576771735548,0.2158133710836641,ds005540,de
71,4,0,combined_population,-0.0651092248583867,0.2367725739042441,ds005540,de
71,4,0,combined_personalized,0.1232914016339425,0.2179284100262855,ds005540,de
71,4,0,prior,0.0,0.2168001889322282,ds005540,labram_pretrained
71,4,0,eeg_population,-0.0244413912928853,0.2269276524390317,ds005540,labram_pretrained
71,4,0,eeg_personalized,0.0814359877638174,0.2207196533320667,ds005540,labram_pretrained
71,4,0,combined_population,-0.0128350639564358,0.2237216730248564,ds005540,labram_pretrained
71,4,0,combined_personalized,0.1170655829689412,0.2130979643693601,ds005540,labram_pretrained
71,4,0,prior,0.0,0.2168001889322282,ds005540,labram_random
71,4,0,eeg_population,-0.0358670997784035,0.2243117662329415,ds005540,labram_random
71,4,0,eeg_personalized,0.0721874169180213,0.2168571517566399,ds005540,labram_random
71,4,0,combined_population,-0.0021438757984299,0.2211121035192001,ds005540,labram_random
71,4,0,combined_personalized,0.1223237776040539,0.2121459515949505,ds005540,labram_random
71,4,0,prior,0.0,0.2168001889322282,ds005540,cbramod_pretrained
71,4,0,eeg_population,-0.0806571553182352,0.2300064847458666,ds005540,cbramod_pretrained
71,4,0,eeg_personalized,0.0669903309545856,0.2215087616748083,ds005540,cbramod_pretrained
71,4,0,combined_population,-0.0585144847006857,0.2282870627242201,ds005540,cbramod_pretrained
71,4,0,combined_personalized,0.1099203321146679,0.2105473505721413,ds005540,cbramod_pretrained
71,4,0,prior,0.0,0.2168001889322282,ds005540,cbramod_random
71,4,0,eeg_population,-0.1050265665921384,0.2414421713597067,ds005540,cbramod_random
71,4,0,eeg_personalized,0.0247012103628836,0.2250191031139647,ds005540,cbramod_random
71,4,0,combined_population,-0.0159046693917021,0.2231975885663473,ds005540,cbramod_random
71,4,0,combined_personalized,0.1230906646119365,0.2068518847587652,ds005540,cbramod_random
71,4,1,prior,0.4832788101746836,0.19984375,ds005540,de
71,4,1,eeg_population,-0.0748824640963707,0.2364049219358565,ds005540,de
71,4,1,eeg_personalized,0.0759968466968734,0.2275054412660942,ds005540,de
71,4,1,combined_population,0.3121683454319408,0.2603847602212926,ds005540,de
71,4,1,combined_personalized,0.5026418986388318,0.2053936424063192,ds005540,de
71,4,1,prior,0.4832788101746836,0.19984375,ds005540,labram_pretrained
71,4,1,eeg_population,-0.032961485311817,0.2278144656023265,ds005540,labram_pretrained
71,4,1,eeg_personalized,0.0768657695545742,0.2209826724082856,ds005540,labram_pretrained
71,4,1,combined_population,0.4592216804631666,0.2102222729843706,ds005540,labram_pretrained
71,4,1,combined_personalized,0.5548974028328153,0.1914481648803682,ds005540,labram_pretrained
71,4,1,prior,0.4832788101746836,0.19984375,ds005540,labram_random
71,4,1,eeg_population,-0.038345291701164,0.2254369850230054,ds005540,labram_random
71,4,1,eeg_personalized,0.0707628490678988,0.2169223940530751,ds005540,labram_random
71,4,1,combined_population,0.4847313045936806,0.1998525740602979,ds005540,labram_random
71,4,1,combined_personalized,0.5727500099714897,0.1866400036851428,ds005540,labram_random
71,4,1,prior,0.4832788101746836,0.19984375,ds005540,cbramod_pretrained
71,4,1,eeg_population,-0.0801712894250498,0.2302153333449687,ds005540,cbramod_pretrained
71,4,1,eeg_personalized,0.0705002580554067,0.2216712840907338,ds005540,cbramod_pretrained
71,4,1,combined_population,0.384221632435617,0.2250817378900966,ds005540,cbramod_pretrained
71,4,1,combined_personalized,0.5387974293752739,0.1969924367767354,ds005540,cbramod_pretrained
71,4,1,prior,0.4832788101746836,0.19984375,ds005540,cbramod_random
71,4,1,eeg_population,-0.1131282664927518,0.2436994306345201,ds005540,cbramod_random
71,4,1,eeg_personalized,0.0154382547061536,0.2285416058802214,ds005540,cbramod_random
71,4,1,combined_population,0.4770104298388988,0.20576808148524,ds005540,cbramod_random
71,4,1,combined_personalized,0.574720651388776,0.1862380426867356,ds005540,cbramod_random
71,4,2,prior,0.4827967718114015,0.2075,ds005540,de
71,4,2,eeg_population,-0.021715144176167,0.2239283781220381,ds005540,de
71,4,2,eeg_personalized,0.1055419764124981,0.2154196346759212,ds005540,de
71,4,2,combined_population,0.4715865415896618,0.2096006663800174,ds005540,de
71,4,2,combined_personalized,0.5498097866900122,0.1936217158440275,ds005540,de
71,4,2,prior,0.4827967718114015,0.2075,ds005540,labram_pretrained
71,4,2,eeg_population,-0.0269433556303789,0.227048145002246,ds005540,labram_pretrained
71,4,2,eeg_personalized,0.0822291506424308,0.219984690646798,ds005540,labram_pretrained
71,4,2,combined_population,0.4560903141973439,0.2164089231581765,ds005540,labram_pretrained
71,4,2,combined_personalized,0.5250021832073016,0.2004739374197982,ds005540,labram_pretrained
71,4,2,prior,0.4827967718114015,0.2075,ds005540,labram_random
71,4,2,eeg_population,-0.0441594169722107,0.2271406540642239,ds005540,labram_random
71,4,2,eeg_personalized,0.0660237261535031,0.2174114742525192,ds005540,labram_random
71,4,2,combined_population,0.4759388097071771,0.2108798810134665,ds005540,labram_random
71,4,2,combined_personalized,0.5350839707624856,0.1981135415239172,ds005540,labram_random
71,4,2,prior,0.4827967718114015,0.2075,ds005540,cbramod_pretrained
71,4,2,eeg_population,-0.0804002662408387,0.2304413530134246,ds005540,cbramod_pretrained
71,4,2,eeg_personalized,0.0688718196865733,0.2221319402323592,ds005540,cbramod_pretrained
71,4,2,combined_population,0.3748184263122468,0.2351896623779326,ds005540,cbramod_pretrained
71,4,2,combined_personalized,0.4984552306992106,0.2140008372579603,ds005540,cbramod_pretrained
71,4,2,prior,0.4827967718114015,0.2075,ds005540,cbramod_random
71,4,2,eeg_population,-0.1325879579003693,0.255523606452646,ds005540,cbramod_random
71,4,2,eeg_personalized,0.0228105770806909,0.2397491972126759,ds005540,cbramod_random
71,4,2,combined_population,0.4664537538051904,0.2124861430210836,ds005540,cbramod_random
71,4,2,combined_personalized,0.5406601943239981,0.1953900827958546,ds005540,cbramod_random
71,4,4,prior,0.4647257730558983,0.19578125,ds005540,de
71,4,4,eeg_population,-0.0245500681850684,0.223587633543994,ds005540,de
71,4,4,eeg_personalized,0.1002961265263975,0.2160148958453238,ds005540,de
71,4,4,combined_population,0.4450337392932861,0.1986173000760803,ds005540,de
71,4,4,combined_personalized,0.5250069598796471,0.1926700364153221,ds005540,de
71,4,4,prior,0.4647257730558983,0.19578125,ds005540,labram_pretrained
71,4,4,eeg_population,-0.0228750132106666,0.225597841641765,ds005540,labram_pretrained
71,4,4,eeg_personalized,0.0838852037145994,0.2194188320586557,ds005540,labram_pretrained
71,4,4,combined_population,0.4466515458819261,0.1987101283418088,ds005540,labram_pretrained
71,4,4,combined_personalized,0.5093354122400812,0.1977922065011364,ds005540,labram_pretrained
71,4,4,prior,0.4647257730558983,0.19578125,ds005540,labram_random
71,4,4,eeg_population,-0.0335747779497276,0.2255269958048361,ds005540,labram_random
71,4,4,eeg_personalized,0.0699904518414046,0.2154603542609052,ds005540,labram_random
71,4,4,combined_population,0.4548446562500784,0.1963246429732194,ds005540,labram_random
71,4,4,combined_personalized,0.512441905521653,0.1932999150667635,ds005540,labram_random
71,4,4,prior,0.4647257730558983,0.19578125,ds005540,cbramod_pretrained
71,4,4,eeg_population,-0.0735007358426047,0.2292034763543514,ds005540,cbramod_pretrained
71,4,4,eeg_personalized,0.0713804718118586,0.2223112605798142,ds005540,cbramod_pretrained
71,4,4,combined_population,0.417733544095114,0.2033441337835115,ds005540,cbramod_pretrained
71,4,4,combined_personalized,0.5198990092111179,0.1949128446728153,ds005540,cbramod_pretrained
71,4,4,prior,0.4647257730558983,0.19578125,ds005540,cbramod_random
71,4,4,eeg_population,-0.1341497937582933,0.2532003890477252,ds005540,cbramod_random
71,4,4,eeg_personalized,0.0177021715201242,0.2374401379273958,ds005540,cbramod_random
71,4,4,combined_population,0.4508567587689133,0.1982600925768263,ds005540,cbramod_random
71,4,4,combined_personalized,0.5176943707314345,0.19552640479144,ds005540,cbramod_random
71,4,8,prior,0.5499031548140438,0.1776953125,ds005540,de
71,4,8,eeg_population,-0.0155613630851636,0.2242307549655904,ds005540,de
71,4,8,eeg_personalized,0.1074554942325032,0.2148827628492776,ds005540,de
71,4,8,combined_population,0.5432981720791683,0.1785144391372851,ds005540,de
71,4,8,combined_personalized,0.6057842785314711,0.1753430975984896,ds005540,de
71,4,8,prior,0.5499031548140438,0.1776953125,ds005540,labram_pretrained
71,4,8,eeg_population,-0.0178263000921604,0.2263519665395623,ds005540,labram_pretrained
71,4,8,eeg_personalized,0.0942289460807876,0.2182288737467366,ds005540,labram_pretrained
71,4,8,combined_population,0.5427674186297881,0.1773145590340444,ds005540,labram_pretrained
71,4,8,combined_personalized,0.5899677201778697,0.1808218309885793,ds005540,labram_pretrained
71,4,8,prior,0.5499031548140438,0.1776953125,ds005540,labram_random
71,4,8,eeg_population,-0.0315989931666425,0.2247787628636985,ds005540,labram_random
71,4,8,eeg_personalized,0.0704617675712893,0.2174915682568789,ds005540,labram_random
71,4,8,combined_population,0.5281445864979883,0.1839573403794216,ds005540,labram_random
71,4,8,combined_personalized,0.571899020590962,0.1805553063902877,ds005540,labram_random
71,4,8,prior,0.5499031548140438,0.1776953125,ds005540,cbramod_pretrained
71,4,8,eeg_population,-0.0619319415886889,0.2284758444319908,ds005540,cbramod_pretrained
71,4,8,eeg_personalized,0.0803044340575129,0.2213193802066612,ds005540,cbramod_pretrained
71,4,8,combined_population,0.5117234086678463,0.1839552635311389,ds005540,cbramod_pretrained
71,4,8,combined_personalized,0.5970699089906728,0.1754180101542057,ds005540,cbramod_pretrained
71,4,8,prior,0.5499031548140438,0.1776953125,ds005540,cbramod_random
71,4,8,eeg_population,-0.0557623621695493,0.2307097977349518,ds005540,cbramod_random
71,4,8,eeg_personalized,0.0590105471589323,0.2216834750338581,ds005540,cbramod_random
71,4,8,combined_population,0.5326728740755587,0.1830100831710362,ds005540,cbramod_random
71,4,8,combined_personalized,0.5877988052565375,0.1811525133137486,ds005540,cbramod_random
71,8,0,prior,0.0,0.2168001889322282,ds005540,de
71,8,0,eeg_population,-0.017644307128285,0.2226289066235587,ds005540,de
71,8,0,eeg_personalized,0.1425524942470658,0.2197488792473422,ds005540,de
71,8,0,combined_population,-0.0651092248583867,0.2367725739042441,ds005540,de
71,8,0,combined_personalized,0.1558877077612519,0.218852835973154,ds005540,de
71,8,0,prior,0.0,0.2168001889322282,ds005540,labram_pretrained
71,8,0,eeg_population,-0.0244413912928853,0.2269276524390317,ds005540,labram_pretrained
71,8,0,eeg_personalized,0.1198498712645525,0.2195428568352838,ds005540,labram_pretrained
71,8,0,combined_population,-0.0128350639564358,0.2237216730248564,ds005540,labram_pretrained
71,8,0,combined_personalized,0.1393964637284397,0.2118749685072259,ds005540,labram_pretrained
71,8,0,prior,0.0,0.2168001889322282,ds005540,labram_random
71,8,0,eeg_population,-0.0358670997784035,0.2243117662329415,ds005540,labram_random
71,8,0,eeg_personalized,0.1087966052487605,0.2210290118412054,ds005540,labram_random
71,8,0,combined_population,-0.0021438757984299,0.2211121035192001,ds005540,labram_random
71,8,0,combined_personalized,0.1451464624478906,0.2107528184850913,ds005540,labram_random
71,8,0,prior,0.0,0.2168001889322282,ds005540,cbramod_pretrained
71,8,0,eeg_population,-0.0806571553182352,0.2300064847458666,ds005540,cbramod_pretrained
71,8,0,eeg_personalized,0.1004507039759268,0.2214638067397503,ds005540,cbramod_pretrained
71,8,0,combined_population,-0.0585144847006857,0.2282870627242201,ds005540,cbramod_pretrained
71,8,0,combined_personalized,0.1303790323867051,0.2113339358194312,ds005540,cbramod_pretrained
71,8,0,prior,0.0,0.2168001889322282,ds005540,cbramod_random
71,8,0,eeg_population,-0.1050265665921384,0.2414421713597067,ds005540,cbramod_random
71,8,0,eeg_personalized,0.0773473462132691,0.22565634477965,ds005540,cbramod_random
71,8,0,combined_population,-0.0159046693917021,0.2231975885663473,ds005540,cbramod_random
71,8,0,combined_personalized,0.1507315435736158,0.208010758144522,ds005540,cbramod_random
71,8,1,prior,0.4832788101746836,0.19984375,ds005540,de
71,8,1,eeg_population,-0.0748824640963707,0.2364049219358565,ds005540,de
71,8,1,eeg_personalized,0.1110975449706311,0.2359463764023764,ds005540,de
71,8,1,combined_population,0.3121683454319408,0.2603847602212926,ds005540,de
71,8,1,combined_personalized,0.5362849626368289,0.1949712718885526,ds005540,de
71,8,1,prior,0.4832788101746836,0.19984375,ds005540,labram_pretrained
71,8,1,eeg_population,-0.032961485311817,0.2278144656023265,ds005540,labram_pretrained
71,8,1,eeg_personalized,0.1156739438621238,0.218911479195597,ds005540,labram_pretrained
71,8,1,combined_population,0.4592216804631666,0.2102222729843706,ds005540,labram_pretrained
71,8,1,combined_personalized,0.54397375050436,0.1957132732972304,ds005540,labram_pretrained
71,8,1,prior,0.4832788101746836,0.19984375,ds005540,labram_random
71,8,1,eeg_population,-0.038345291701164,0.2254369850230054,ds005540,labram_random
71,8,1,eeg_personalized,0.1065200471686498,0.2213911109278539,ds005540,labram_random
71,8,1,combined_population,0.4847313045936806,0.1998525740602979,ds005540,labram_random
71,8,1,combined_personalized,0.5635964178878831,0.189870772759786,ds005540,labram_random
71,8,1,prior,0.4832788101746836,0.19984375,ds005540,cbramod_pretrained
71,8,1,eeg_population,-0.0801712894250498,0.2302153333449687,ds005540,cbramod_pretrained
71,8,1,eeg_personalized,0.1025575966723037,0.2206604011725977,ds005540,cbramod_pretrained
71,8,1,combined_population,0.384221632435617,0.2250817378900966,ds005540,cbramod_pretrained
71,8,1,combined_personalized,0.5197058527347371,0.199268514554648,ds005540,cbramod_pretrained
71,8,1,prior,0.4832788101746836,0.19984375,ds005540,cbramod_random
71,8,1,eeg_population,-0.1131282664927518,0.2436994306345201,ds005540,cbramod_random
71,8,1,eeg_personalized,0.0686972923331421,0.2271478737614161,ds005540,cbramod_random
71,8,1,combined_population,0.4770104298388988,0.20576808148524,ds005540,cbramod_random
71,8,1,combined_personalized,0.5670829572775568,0.1906547229653101,ds005540,cbramod_random
71,8,2,prior,0.4827967718114015,0.2075,ds005540,de
71,8,2,eeg_population,-0.021715144176167,0.2239283781220381,ds005540,de
71,8,2,eeg_personalized,0.1430641934016012,0.2198096316011198,ds005540,de
71,8,2,combined_population,0.4715865415896618,0.2096006663800174,ds005540,de
71,8,2,combined_personalized,0.5540240866900095,0.1926966707637359,ds005540,de
71,8,2,prior,0.4827967718114015,0.2075,ds005540,labram_pretrained
71,8,2,eeg_population,-0.0269433556303789,0.227048145002246,ds005540,labram_pretrained
71,8,2,eeg_personalized,0.1201008627783119,0.2182708132749071,ds005540,labram_pretrained
71,8,2,combined_population,0.4560903141973439,0.2164089231581765,ds005540,labram_pretrained
71,8,2,combined_personalized,0.5286852219796236,0.2001922026711499,ds005540,labram_pretrained
71,8,2,prior,0.4827967718114015,0.2075,ds005540,labram_random
71,8,2,eeg_population,-0.0441594169722107,0.2271406540642239,ds005540,labram_random
71,8,2,eeg_personalized,0.1020218868250406,0.2221870683450609,ds005540,labram_random
71,8,2,combined_population,0.4759388097071771,0.2108798810134665,ds005540,labram_random
71,8,2,combined_personalized,0.5418018067182988,0.1953331734374751,ds005540,labram_random
71,8,2,prior,0.4827967718114015,0.2075,ds005540,cbramod_pretrained
71,8,2,eeg_population,-0.0804002662408387,0.2304413530134246,ds005540,cbramod_pretrained
71,8,2,eeg_personalized,0.1019798798910107,0.2202555195974572,ds005540,cbramod_pretrained
71,8,2,combined_population,0.3748184263122468,0.2351896623779326,ds005540,cbramod_pretrained
71,8,2,combined_personalized,0.4971424843602808,0.211613302187156,ds005540,cbramod_pretrained
71,8,2,prior,0.4827967718114015,0.2075,ds005540,cbramod_random
71,8,2,eeg_population,-0.1325879579003693,0.255523606452646,ds005540,cbramod_random
71,8,2,eeg_personalized,0.0727924137588358,0.2357364489902277,ds005540,cbramod_random
71,8,2,combined_population,0.4664537538051904,0.2124861430210836,ds005540,cbramod_random
71,8,2,combined_personalized,0.5467175108681334,0.1934513964186594,ds005540,cbramod_random
71,8,4,prior,0.4647257730558983,0.19578125,ds005540,de
71,8,4,eeg_population,-0.0245500681850684,0.223587633543994,ds005540,de
71,8,4,eeg_personalized,0.1391338950780025,0.2195816052225963,ds005540,de
71,8,4,combined_population,0.4450337392932861,0.1986173000760803,ds005540,de
71,8,4,combined_personalized,0.5259298006609676,0.1930267611327613,ds005540,de
71,8,4,prior,0.4647257730558983,0.19578125,ds005540,labram_pretrained
71,8,4,eeg_population,-0.0228750132106666,0.225597841641765,ds005540,labram_pretrained
71,8,4,eeg_personalized,0.1193040574490406,0.2189861399660387,ds005540,labram_pretrained
71,8,4,combined_population,0.4466515458819261,0.1987101283418088,ds005540,labram_pretrained
71,8,4,combined_personalized,0.5078099355329337,0.1994102775487227,ds005540,labram_pretrained
71,8,4,prior,0.4647257730558983,0.19578125,ds005540,labram_random
71,8,4,eeg_population,-0.0335747779497276,0.2255269958048361,ds005540,labram_random
71,8,4,eeg_personalized,0.1089842427435972,0.2193943527323292,ds005540,labram_random
71,8,4,combined_population,0.4548446562500784,0.1963246429732194,ds005540,labram_random
71,8,4,combined_personalized,0.5189489562849708,0.191031304852884,ds005540,labram_random
71,8,4,prior,0.4647257730558983,0.19578125,ds005540,cbramod_pretrained
71,8,4,eeg_population,-0.0735007358426047,0.2292034763543514,ds005540,cbramod_pretrained
71,8,4,eeg_personalized,0.1035332887706544,0.2203323859112482,ds005540,cbramod_pretrained
71,8,4,combined_population,0.417733544095114,0.2033441337835115,ds005540,cbramod_pretrained
71,8,4,combined_personalized,0.515454204385051,0.1960256243711705,ds005540,cbramod_pretrained
71,8,4,prior,0.4647257730558983,0.19578125,ds005540,cbramod_random
71,8,4,eeg_population,-0.1341497937582933,0.2532003890477252,ds005540,cbramod_random
71,8,4,eeg_personalized,0.0668122284036889,0.2318634093550208,ds005540,cbramod_random
71,8,4,combined_population,0.4508567587689133,0.1982600925768263,ds005540,cbramod_random
71,8,4,combined_personalized,0.5201474131755877,0.1959962711916921,ds005540,cbramod_random
71,8,8,prior,0.5499031548140438,0.1776953125,ds005540,de
71,8,8,eeg_population,-0.0155613630851636,0.2242307549655904,ds005540,de
71,8,8,eeg_personalized,0.1460817698768279,0.2181883570332231,ds005540,de
71,8,8,combined_population,0.5432981720791683,0.1785144391372851,ds005540,de
71,8,8,combined_personalized,0.59562564878934,0.1817641522085826,ds005540,de
71,8,8,prior,0.5499031548140438,0.1776953125,ds005540,labram_pretrained
71,8,8,eeg_population,-0.0178263000921604,0.2263519665395623,ds005540,labram_pretrained
71,8,8,eeg_personalized,0.12971734432032,0.2178017958355345,ds005540,labram_pretrained
71,8,8,combined_population,0.5427674186297881,0.1773145590340444,ds005540,labram_pretrained
71,8,8,combined_personalized,0.5777130153647283,0.1858519098405263,ds005540,labram_pretrained
71,8,8,prior,0.5499031548140438,0.1776953125,ds005540,labram_random
71,8,8,eeg_population,-0.0315989931666425,0.2247787628636985,ds005540,labram_random
71,8,8,eeg_personalized,0.1069234950059425,0.2216052303990314,ds005540,labram_random
71,8,8,combined_population,0.5281445864979883,0.1839573403794216,ds005540,labram_random
71,8,8,combined_personalized,0.5821483205976271,0.181647450738375,ds005540,labram_random
71,8,8,prior,0.5499031548140438,0.1776953125,ds005540,cbramod_pretrained
71,8,8,eeg_population,-0.0619319415886889,0.2284758444319908,ds005540,cbramod_pretrained
71,8,8,eeg_personalized,0.109806235422677,0.2194903597742494,ds005540,cbramod_pretrained
71,8,8,combined_population,0.5117234086678463,0.1839552635311389,ds005540,cbramod_pretrained
71,8,8,combined_personalized,0.5826627871435034,0.1795736810743873,ds005540,cbramod_pretrained
71,8,8,prior,0.5499031548140438,0.1776953125,ds005540,cbramod_random
71,8,8,eeg_population,-0.0557623621695493,0.2307097977349518,ds005540,cbramod_random
71,8,8,eeg_personalized,0.1041525234688618,0.2219577907713796,ds005540,cbramod_random
71,8,8,combined_population,0.5326728740755587,0.1830100831710362,ds005540,cbramod_random
71,8,8,combined_personalized,0.5818894926051398,0.183649444706383,ds005540,cbramod_random
101,0,0,prior,0.0,0.2351503839590443,ds005540,de
101,0,0,eeg_population,0.0119502749516872,0.2341371974693425,ds005540,de
101,0,0,eeg_personalized,0.0119502749516872,0.2341371974693425,ds005540,de
101,0,0,combined_population,0.0610410398332053,0.2283162882292881,ds005540,de
101,0,0,combined_personalized,0.0610410398332053,0.2283162882292881,ds005540,de
101,0,0,prior,0.0,0.2351503839590443,ds005540,labram_pretrained
101,0,0,eeg_population,-0.004442197545485,0.2360540926391055,ds005540,labram_pretrained
101,0,0,eeg_personalized,-0.004442197545485,0.2360540926391055,ds005540,labram_pretrained
101,0,0,combined_population,-0.0159235437944923,0.2295229589841708,ds005540,labram_pretrained
101,0,0,combined_personalized,-0.0159235437944923,0.2295229589841708,ds005540,labram_pretrained
101,0,0,prior,0.0,0.2351503839590443,ds005540,labram_random
101,0,0,eeg_population,-0.0125809077566706,0.2418932600613966,ds005540,labram_random
101,0,0,eeg_personalized,-0.0125809077566706,0.2418932600613966,ds005540,labram_random
101,0,0,combined_population,-0.0163806293701779,0.2408548021069933,ds005540,labram_random
101,0,0,combined_personalized,-0.0163806293701779,0.2408548021069933,ds005540,labram_random
101,0,0,prior,0.0,0.2351503839590443,ds005540,cbramod_pretrained
101,0,0,eeg_population,0.0171259882702167,0.2315557938444574,ds005540,cbramod_pretrained
101,0,0,eeg_personalized,0.0171259882702167,0.2315557938444574,ds005540,cbramod_pretrained
101,0,0,combined_population,0.0020652728888028,0.2319513667519399,ds005540,cbramod_pretrained
101,0,0,combined_personalized,0.0020652728888028,0.2319513667519399,ds005540,cbramod_pretrained
101,0,0,prior,0.0,0.2351503839590443,ds005540,cbramod_random
101,0,0,eeg_population,0.0154175554202522,0.2321284134732429,ds005540,cbramod_random
101,0,0,eeg_personalized,0.0154175554202522,0.2321284134732429,ds005540,cbramod_random
101,0,0,combined_population,0.0371821882860875,0.2336642123985407,ds005540,cbramod_random
101,0,0,combined_personalized,0.0371821882860875,0.2336642123985407,ds005540,cbramod_random
101,0,1,prior,0.4576182879540744,0.2057812499999999,ds005540,de
101,0,1,eeg_population,0.0074745502515556,0.23421562696763,ds005540,de
101,0,1,eeg_personalized,0.0074745502515556,0.23421562696763,ds005540,de
101,0,1,combined_population,0.4469557596299887,0.2139054275197873,ds005540,de
101,0,1,combined_personalized,0.4469557596299887,0.2139054275197873,ds005540,de
101,0,1,prior,0.4576182879540744,0.2057812499999999,ds005540,labram_pretrained
101,0,1,eeg_population,-0.0065325875485778,0.2352503006728407,ds005540,labram_pretrained
101,0,1,eeg_personalized,-0.0065325875485778,0.2352503006728407,ds005540,labram_pretrained
101,0,1,combined_population,0.4424397532673056,0.2219510707061512,ds005540,labram_pretrained
101,0,1,combined_personalized,0.4424397532673056,0.2219510707061512,ds005540,labram_pretrained
101,0,1,prior,0.4576182879540744,0.2057812499999999,ds005540,labram_random
101,0,1,eeg_population,-0.0066014990794117,0.2406765953364427,ds005540,labram_random
101,0,1,eeg_personalized,-0.0066014990794117,0.2406765953364427,ds005540,labram_random
101,0,1,combined_population,0.4351854743292083,0.2144164706648617,ds005540,labram_random
101,0,1,combined_personalized,0.4351854743292083,0.2144164706648617,ds005540,labram_random
101,0,1,prior,0.4576182879540744,0.2057812499999999,ds005540,cbramod_pretrained
101,0,1,eeg_population,0.0025542904885363,0.2333932496169545,ds005540,cbramod_pretrained
101,0,1,eeg_personalized,0.0025542904885363,0.2333932496169545,ds005540,cbramod_pretrained
101,0,1,combined_population,0.4471336146388775,0.2125131276014617,ds005540,cbramod_pretrained
101,0,1,combined_personalized,0.4471336146388775,0.2125131276014617,ds005540,cbramod_pretrained
101,0,1,prior,0.4576182879540744,0.2057812499999999,ds005540,cbramod_random
101,0,1,eeg_population,0.0220768699095807,0.232327942375979,ds005540,cbramod_random
101,0,1,eeg_personalized,0.0220768699095807,0.232327942375979,ds005540,cbramod_random
101,0,1,combined_population,0.4765565242814416,0.2093678627210979,ds005540,cbramod_random
101,0,1,combined_personalized,0.4765565242814416,0.2093678627210979,ds005540,cbramod_random
101,0,2,prior,0.3894725595206348,0.21328125,ds005540,de
101,0,2,eeg_population,0.0751316796840563,0.2202553122029946,ds005540,de
101,0,2,eeg_personalized,0.0751316796840563,0.2202553122029946,ds005540,de
101,0,2,combined_population,0.4079770457844356,0.2135295256620462,ds005540,de
101,0,2,combined_personalized,0.4079770457844356,0.2135295256620462,ds005540,de
101,0,2,prior,0.3894725595206348,0.21328125,ds005540,labram_pretrained
101,0,2,eeg_population,-0.005352371987362,0.2358029384190308,ds005540,labram_pretrained
101,0,2,eeg_personalized,-0.005352371987362,0.2358029384190308,ds005540,labram_pretrained
101,0,2,combined_population,0.3647972215911785,0.2228654088672715,ds005540,labram_pretrained
101,0,2,combined_personalized,0.3647972215911785,0.2228654088672715,ds005540,labram_pretrained
101,0,2,prior,0.3894725595206348,0.21328125,ds005540,labram_random
101,0,2,eeg_population,-0.0054435598200139,0.2387583519711953,ds005540,labram_random
101,0,2,eeg_personalized,-0.0054435598200139,0.2387583519711953,ds005540,labram_random
101,0,2,combined_population,0.371690228853102,0.216219016777799,ds005540,labram_random
101,0,2,combined_personalized,0.371690228853102,0.216219016777799,ds005540,labram_random
101,0,2,prior,0.3894725595206348,0.21328125,ds005540,cbramod_pretrained
101,0,2,eeg_population,-0.0014240785914954,0.2336167283812122,ds005540,cbramod_pretrained
101,0,2,eeg_personalized,-0.0014240785914954,0.2336167283812122,ds005540,cbramod_pretrained
101,0,2,combined_population,0.3741110170792517,0.2178207567911519,ds005540,cbramod_pretrained
101,0,2,combined_personalized,0.3741110170792517,0.2178207567911519,ds005540,cbramod_pretrained
101,0,2,prior,0.3894725595206348,0.21328125,ds005540,cbramod_random
101,0,2,eeg_population,0.0225261127308841,0.2313346791085811,ds005540,cbramod_random
101,0,2,eeg_personalized,0.0225261127308841,0.2313346791085811,ds005540,cbramod_random
101,0,2,combined_population,0.4255463590377925,0.2066427126209806,ds005540,cbramod_random
101,0,2,combined_personalized,0.4255463590377925,0.2066427126209806,ds005540,cbramod_random
101,0,4,prior,0.4236915584908527,0.199375,ds005540,de
101,0,4,eeg_population,0.089039543356108,0.2209809326344996,ds005540,de
101,0,4,eeg_personalized,0.089039543356108,0.2209809326344996,ds005540,de
101,0,4,combined_population,0.4368378355345674,0.1987894074553357,ds005540,de
101,0,4,combined_personalized,0.4368378355345674,0.1987894074553357,ds005540,de
101,0,4,prior,0.4236915584908527,0.199375,ds005540,labram_pretrained
101,0,4,eeg_population,0.0047212819894323,0.2345203295149198,ds005540,labram_pretrained
101,0,4,eeg_personalized,0.0047212819894323,0.2345203295149198,ds005540,labram_pretrained
101,0,4,combined_population,0.4038449294753694,0.2028634132397669,ds005540,labram_pretrained
101,0,4,combined_personalized,0.4038449294753694,0.2028634132397669,ds005540,labram_pretrained
101,0,4,prior,0.4236915584908527,0.199375,ds005540,labram_random
101,0,4,eeg_population,0.0108062407008298,0.237690369154213,ds005540,labram_random
101,0,4,eeg_personalized,0.0108062407008298,0.237690369154213,ds005540,labram_random
101,0,4,combined_population,0.4105496128065642,0.2072301348607883,ds005540,labram_random
101,0,4,combined_personalized,0.4105496128065642,0.2072301348607883,ds005540,labram_random
101,0,4,prior,0.4236915584908527,0.199375,ds005540,cbramod_pretrained
101,0,4,eeg_population,0.0097512524070883,0.2330906306577786,ds005540,cbramod_pretrained
101,0,4,eeg_personalized,0.0097512524070883,0.2330906306577786,ds005540,cbramod_pretrained
101,0,4,combined_population,0.4133362672826458,0.2005781059532789,ds005540,cbramod_pretrained
101,0,4,combined_personalized,0.4133362672826458,0.2005781059532789,ds005540,cbramod_pretrained
101,0,4,prior,0.4236915584908527,0.199375,ds005540,cbramod_random
101,0,4,eeg_population,0.0179063803189557,0.2319236444530563,ds005540,cbramod_random
101,0,4,eeg_personalized,0.0179063803189557,0.2319236444530563,ds005540,cbramod_random
101,0,4,combined_population,0.4687470506082093,0.1941958499849514,ds005540,cbramod_random
101,0,4,combined_personalized,0.4687470506082093,0.1941958499849514,ds005540,cbramod_random
101,0,8,prior,0.3683020152916597,0.1982421875,ds005540,de
101,0,8,eeg_population,0.0669807908225998,0.2225389588431262,ds005540,de
101,0,8,eeg_personalized,0.0669807908225998,0.2225389588431262,ds005540,de
101,0,8,combined_population,0.3792949334084433,0.1993450754972961,ds005540,de
101,0,8,combined_personalized,0.3792949334084433,0.1993450754972961,ds005540,de
101,0,8,prior,0.3683020152916597,0.1982421875,ds005540,labram_pretrained
101,0,8,eeg_population,0.0193388334024812,0.2370495017231959,ds005540,labram_pretrained
101,0,8,eeg_personalized,0.0193388334024812,0.2370495017231959,ds005540,labram_pretrained
101,0,8,combined_population,0.3236901676631516,0.2084306364601265,ds005540,labram_pretrained
101,0,8,combined_personalized,0.3236901676631516,0.2084306364601265,ds005540,labram_pretrained
101,0,8,prior,0.3683020152916597,0.1982421875,ds005540,labram_random
101,0,8,eeg_population,-0.0079378520548443,0.2412243262501368,ds005540,labram_random
101,0,8,eeg_personalized,-0.0079378520548443,0.2412243262501368,ds005540,labram_random
101,0,8,combined_population,0.3429666632859888,0.2060356435708699,ds005540,labram_random
101,0,8,combined_personalized,0.3429666632859888,0.2060356435708699,ds005540,labram_random
101,0,8,prior,0.3683020152916597,0.1982421875,ds005540,cbramod_pretrained
101,0,8,eeg_population,0.0094048763591094,0.2355934042483663,ds005540,cbramod_pretrained
101,0,8,eeg_personalized,0.0094048763591094,0.2355934042483663,ds005540,cbramod_pretrained
101,0,8,combined_population,0.3673190355262477,0.1959681868406174,ds005540,cbramod_pretrained
101,0,8,combined_personalized,0.3673190355262477,0.1959681868406174,ds005540,cbramod_pretrained
101,0,8,prior,0.3683020152916597,0.1982421875,ds005540,cbramod_random
101,0,8,eeg_population,0.0123005395926521,0.232858155106196,ds005540,cbramod_random
101,0,8,eeg_personalized,0.0123005395926521,0.232858155106196,ds005540,cbramod_random
101,0,8,combined_population,0.4028768252055679,0.1962401328924672,ds005540,cbramod_random
101,0,8,combined_personalized,0.4028768252055679,0.1962401328924672,ds005540,cbramod_random
101,1,0,prior,0.0,0.2351503839590443,ds005540,de
101,1,0,eeg_population,0.0119502749516872,0.2341371974693425,ds005540,de
101,1,0,eeg_personalized,0.2007549546880766,0.2487216212211393,ds005540,de
101,1,0,combined_population,0.0610410398332053,0.2283162882292881,ds005540,de
101,1,0,combined_personalized,0.1930627308061638,0.2504254190890703,ds005540,de
101,1,0,prior,0.0,0.2351503839590443,ds005540,labram_pretrained
101,1,0,eeg_population,-0.004442197545485,0.2360540926391055,ds005540,labram_pretrained
101,1,0,eeg_personalized,0.1598323475838889,0.2644464186591455,ds005540,labram_pretrained
101,1,0,combined_population,-0.0159235437944923,0.2295229589841708,ds005540,labram_pretrained
101,1,0,combined_personalized,0.1690605399495576,0.2434420534076636,ds005540,labram_pretrained
101,1,0,prior,0.0,0.2351503839590443,ds005540,labram_random
101,1,0,eeg_population,-0.0125809077566706,0.2418932600613966,ds005540,labram_random
101,1,0,eeg_personalized,0.1311080980104014,0.2543747068504081,ds005540,labram_random
101,1,0,combined_population,-0.0163806293701779,0.2408548021069933,ds005540,labram_random
101,1,0,combined_personalized,0.1419398167358907,0.2481551441142473,ds005540,labram_random
101,1,0,prior,0.0,0.2351503839590443,ds005540,cbramod_pretrained
101,1,0,eeg_population,0.0171259882702167,0.2315557938444574,ds005540,cbramod_pretrained
101,1,0,eeg_personalized,0.1382617240972983,0.2587041461093071,ds005540,cbramod_pretrained
101,1,0,combined_population,0.0020652728888028,0.2319513667519399,ds005540,cbramod_pretrained
101,1,0,combined_personalized,0.1132729190591155,0.2524228778205691,ds005540,cbramod_pretrained
101,1,0,prior,0.0,0.2351503839590443,ds005540,cbramod_random
101,1,0,eeg_population,0.0154175554202522,0.2321284134732429,ds005540,cbramod_random
101,1,0,eeg_personalized,0.1008458958204277,0.2465540045456989,ds005540,cbramod_random
101,1,0,combined_population,0.0371821882860875,0.2336642123985407,ds005540,cbramod_random
101,1,0,combined_personalized,0.12089091006934,0.2523124826904911,ds005540,cbramod_random
101,1,1,prior,0.4576182879540744,0.2057812499999999,ds005540,de
101,1,1,eeg_population,0.0074745502515556,0.23421562696763,ds005540,de
101,1,1,eeg_personalized,0.1970647370771685,0.2488428838084473,ds005540,de
101,1,1,combined_population,0.4469557596299887,0.2139054275197873,ds005540,de
101,1,1,combined_personalized,0.4764575547315892,0.2431187894209416,ds005540,de
101,1,1,prior,0.4576182879540744,0.2057812499999999,ds005540,labram_pretrained
101,1,1,eeg_population,-0.0065325875485778,0.2352503006728407,ds005540,labram_pretrained
101,1,1,eeg_personalized,0.1597421310765045,0.2622734982600904,ds005540,labram_pretrained
101,1,1,combined_population,0.4424397532673056,0.2219510707061512,ds005540,labram_pretrained
101,1,1,combined_personalized,0.4697278345888978,0.2432114670751969,ds005540,labram_pretrained
101,1,1,prior,0.4576182879540744,0.2057812499999999,ds005540,labram_random
101,1,1,eeg_population,-0.0066014990794117,0.2406765953364427,ds005540,labram_random
101,1,1,eeg_personalized,0.1348911425893357,0.2531067790283824,ds005540,labram_random
101,1,1,combined_population,0.4351854743292083,0.2144164706648617,ds005540,labram_random
101,1,1,combined_personalized,0.4728717804048752,0.2277134249175968,ds005540,labram_random
101,1,1,prior,0.4576182879540744,0.2057812499999999,ds005540,cbramod_pretrained
101,1,1,eeg_population,0.0025542904885363,0.2333932496169545,ds005540,cbramod_pretrained
101,1,1,eeg_personalized,0.1301467111313877,0.2542760292535485,ds005540,cbramod_pretrained
101,1,1,combined_population,0.4471336146388775,0.2125131276014617,ds005540,cbramod_pretrained
101,1,1,combined_personalized,0.4390720351597497,0.2416690308621736,ds005540,cbramod_pretrained
101,1,1,prior,0.4576182879540744,0.2057812499999999,ds005540,cbramod_random
101,1,1,eeg_population,0.0220768699095807,0.232327942375979,ds005540,cbramod_random
101,1,1,eeg_personalized,0.1047915213791714,0.2479201896521832,ds005540,cbramod_random
101,1,1,combined_population,0.4765565242814416,0.2093678627210979,ds005540,cbramod_random
101,1,1,combined_personalized,0.4428388598015127,0.2412573431719737,ds005540,cbramod_random
101,1,2,prior,0.3894725595206348,0.21328125,ds005540,de
101,1,2,eeg_population,0.0751316796840563,0.2202553122029946,ds005540,de
101,1,2,eeg_personalized,0.2072983018128266,0.2566383928539811,ds005540,de
101,1,2,combined_population,0.4079770457844356,0.2135295256620462,ds005540,de
101,1,2,combined_personalized,0.4214471883621872,0.2354775026577733,ds005540,de
101,1,2,prior,0.3894725595206348,0.21328125,ds005540,labram_pretrained
101,1,2,eeg_population,-0.005352371987362,0.2358029384190308,ds005540,labram_pretrained
101,1,2,eeg_personalized,0.1665009790355577,0.2617489610545754,ds005540,labram_pretrained
101,1,2,combined_population,0.3647972215911785,0.2228654088672715,ds005540,labram_pretrained
101,1,2,combined_personalized,0.4196883432630708,0.2397216811387039,ds005540,labram_pretrained
101,1,2,prior,0.3894725595206348,0.21328125,ds005540,labram_random
101,1,2,eeg_population,-0.0054435598200139,0.2387583519711953,ds005540,labram_random
101,1,2,eeg_personalized,0.1438177057850502,0.2518775620617027,ds005540,labram_random
101,1,2,combined_population,0.371690228853102,0.216219016777799,ds005540,labram_random
101,1,2,combined_personalized,0.4069711177796619,0.2402671215288054,ds005540,labram_random
101,1,2,prior,0.3894725595206348,0.21328125,ds005540,cbramod_pretrained
101,1,2,eeg_population,-0.0014240785914954,0.2336167283812122,ds005540,cbramod_pretrained
101,1,2,eeg_personalized,0.1366445970693158,0.2533687173099904,ds005540,cbramod_pretrained
101,1,2,combined_population,0.3741110170792517,0.2178207567911519,ds005540,cbramod_pretrained
101,1,2,combined_personalized,0.3861147533773531,0.2426357231490549,ds005540,cbramod_pretrained
101,1,2,prior,0.3894725595206348,0.21328125,ds005540,cbramod_random
101,1,2,eeg_population,0.0225261127308841,0.2313346791085811,ds005540,cbramod_random
101,1,2,eeg_personalized,0.1073830864070693,0.2503366633741946,ds005540,cbramod_random
101,1,2,combined_population,0.4255463590377925,0.2066427126209806,ds005540,cbramod_random
101,1,2,combined_personalized,0.3785667326230517,0.2452730318333177,ds005540,cbramod_random
101,1,4,prior,0.4236915584908527,0.199375,ds005540,de
101,1,4,eeg_population,0.089039543356108,0.2209809326344996,ds005540,de
101,1,4,eeg_personalized,0.2095999080738385,0.2555576397827932,ds005540,de
101,1,4,combined_population,0.4368378355345674,0.1987894074553357,ds005540,de
101,1,4,combined_personalized,0.4406380590630058,0.2148149888585581,ds005540,de
101,1,4,prior,0.4236915584908527,0.199375,ds005540,labram_pretrained
101,1,4,eeg_population,0.0047212819894323,0.2345203295149198,ds005540,labram_pretrained
101,1,4,eeg_personalized,0.1678456873842252,0.2616531826085862,ds005540,labram_pretrained
101,1,4,combined_population,0.4038449294753694,0.2028634132397669,ds005540,labram_pretrained
101,1,4,combined_personalized,0.4202172325078854,0.2305342819852733,ds005540,labram_pretrained
101,1,4,prior,0.4236915584908527,0.199375,ds005540,labram_random
101,1,4,eeg_population,0.0108062407008298,0.237690369154213,ds005540,labram_random
101,1,4,eeg_personalized,0.1592956338211882,0.2516902879171624,ds005540,labram_random
101,1,4,combined_population,0.4105496128065642,0.2072301348607883,ds005540,labram_random
101,1,4,combined_personalized,0.448013672256519,0.216127706608471,ds005540,labram_random
101,1,4,prior,0.4236915584908527,0.199375,ds005540,cbramod_pretrained
101,1,4,eeg_population,0.0097512524070883,0.2330906306577786,ds005540,cbramod_pretrained
101,1,4,eeg_personalized,0.138718734712511,0.2513831130861676,ds005540,cbramod_pretrained
101,1,4,combined_population,0.4133362672826458,0.2005781059532789,ds005540,cbramod_pretrained
101,1,4,combined_personalized,0.4015659325465023,0.2219665122925903,ds005540,cbramod_pretrained
101,1,4,prior,0.4236915584908527,0.199375,ds005540,cbramod_random
101,1,4,eeg_population,0.0179063803189557,0.2319236444530563,ds005540,cbramod_random
101,1,4,eeg_personalized,0.1029383364588753,0.2482298502576029,ds005540,cbramod_random
101,1,4,combined_population,0.4687470506082093,0.1941958499849514,ds005540,cbramod_random
101,1,4,combined_personalized,0.3988314152572858,0.220449949554245,ds005540,cbramod_random
101,1,8,prior,0.3683020152916597,0.1982421875,ds005540,de
101,1,8,eeg_population,0.0669807908225998,0.2225389588431262,ds005540,de
101,1,8,eeg_personalized,0.1875279204973483,0.2550843768198186,ds005540,de
101,1,8,combined_population,0.3792949334084433,0.1993450754972961,ds005540,de
101,1,8,combined_personalized,0.4017033904454357,0.2248901200132371,ds005540,de
101,1,8,prior,0.3683020152916597,0.1982421875,ds005540,labram_pretrained
101,1,8,eeg_population,0.0193388334024812,0.2370495017231959,ds005540,labram_pretrained
101,1,8,eeg_personalized,0.1581581618326446,0.2910765951153287,ds005540,labram_pretrained
101,1,8,combined_population,0.3236901676631516,0.2084306364601265,ds005540,labram_pretrained
101,1,8,combined_personalized,0.3712712500828215,0.2474770504882481,ds005540,labram_pretrained
101,1,8,prior,0.3683020152916597,0.1982421875,ds005540,labram_random
101,1,8,eeg_population,-0.0079378520548443,0.2412243262501368,ds005540,labram_random
101,1,8,eeg_personalized,0.1511683369508657,0.25590454348893,ds005540,labram_random
101,1,8,combined_population,0.3429666632859888,0.2060356435708699,ds005540,labram_random
101,1,8,combined_personalized,0.3947463152690714,0.2228574545325035,ds005540,labram_random
101,1,8,prior,0.3683020152916597,0.1982421875,ds005540,cbramod_pretrained
101,1,8,eeg_population,0.0094048763591094,0.2355934042483663,ds005540,cbramod_pretrained
101,1,8,eeg_personalized,0.1161061960883546,0.2529175379381946,ds005540,cbramod_pretrained
101,1,8,combined_population,0.3673190355262477,0.1959681868406174,ds005540,cbramod_pretrained
101,1,8,combined_personalized,0.3553745554801792,0.2279535567320448,ds005540,cbramod_pretrained
101,1,8,prior,0.3683020152916597,0.1982421875,ds005540,cbramod_random
101,1,8,eeg_population,0.0123005395926521,0.232858155106196,ds005540,cbramod_random
101,1,8,eeg_personalized,0.1088665394427588,0.2495894885298562,ds005540,cbramod_random
101,1,8,combined_population,0.4028768252055679,0.1962401328924672,ds005540,cbramod_random
101,1,8,combined_personalized,0.3671632105257207,0.2261102847337811,ds005540,cbramod_random
101,2,0,prior,0.0,0.2351503839590443,ds005540,de
101,2,0,eeg_population,0.0119502749516872,0.2341371974693425,ds005540,de
101,2,0,eeg_personalized,0.08791096962038,0.2352885739362876,ds005540,de
101,2,0,combined_population,0.0610410398332053,0.2283162882292881,ds005540,de
101,2,0,combined_personalized,0.0806875959043051,0.2387576360898364,ds005540,de
101,2,0,prior,0.0,0.2351503839590443,ds005540,labram_pretrained
101,2,0,eeg_population,-0.004442197545485,0.2360540926391055,ds005540,labram_pretrained
101,2,0,eeg_personalized,0.0762608126692062,0.2505337911471597,ds005540,labram_pretrained
101,2,0,combined_population,-0.0159235437944923,0.2295229589841708,ds005540,labram_pretrained
101,2,0,combined_personalized,0.0536945256068975,0.2416068398835952,ds005540,labram_pretrained
101,2,0,prior,0.0,0.2351503839590443,ds005540,labram_random
101,2,0,eeg_population,-0.0125809077566706,0.2418932600613966,ds005540,labram_random
101,2,0,eeg_personalized,0.0557393256465729,0.2409878952248755,ds005540,labram_random
101,2,0,combined_population,-0.0163806293701779,0.2408548021069933,ds005540,labram_random
101,2,0,combined_personalized,0.0481921312549243,0.2408101364082925,ds005540,labram_random
101,2,0,prior,0.0,0.2351503839590443,ds005540,cbramod_pretrained
101,2,0,eeg_population,0.0171259882702167,0.2315557938444574,ds005540,cbramod_pretrained
101,2,0,eeg_personalized,0.0528058214944984,0.2386356674583425,ds005540,cbramod_pretrained
101,2,0,combined_population,0.0020652728888028,0.2319513667519399,ds005540,cbramod_pretrained
101,2,0,combined_personalized,0.0094888653763353,0.2417205396045008,ds005540,cbramod_pretrained
101,2,0,prior,0.0,0.2351503839590443,ds005540,cbramod_random
101,2,0,eeg_population,0.0154175554202522,0.2321284134732429,ds005540,cbramod_random
101,2,0,eeg_personalized,0.0367319585572294,0.2445909770051142,ds005540,cbramod_random
101,2,0,combined_population,0.0371821882860875,0.2336642123985407,ds005540,cbramod_random
101,2,0,combined_personalized,0.0240806888179978,0.2428576058941005,ds005540,cbramod_random
101,2,1,prior,0.4576182879540744,0.2057812499999999,ds005540,de
101,2,1,eeg_population,0.0074745502515556,0.23421562696763,ds005540,de
101,2,1,eeg_personalized,0.0841735337788065,0.2356667948453918,ds005540,de
101,2,1,combined_population,0.4469557596299887,0.2139054275197873,ds005540,de
101,2,1,combined_personalized,0.4916212044615569,0.2135102755575913,ds005540,de
101,2,1,prior,0.4576182879540744,0.2057812499999999,ds005540,labram_pretrained
101,2,1,eeg_population,-0.0065325875485778,0.2352503006728407,ds005540,labram_pretrained
101,2,1,eeg_personalized,0.073721841945415,0.2496062821523678,ds005540,labram_pretrained
101,2,1,combined_population,0.4424397532673056,0.2219510707061512,ds005540,labram_pretrained
101,2,1,combined_personalized,0.460987476914527,0.2301819001243056,ds005540,labram_pretrained
101,2,1,prior,0.4576182879540744,0.2057812499999999,ds005540,labram_random
101,2,1,eeg_population,-0.0066014990794117,0.2406765953364427,ds005540,labram_random
101,2,1,eeg_personalized,0.0568972843755567,0.2398916639635064,ds005540,labram_random
101,2,1,combined_population,0.4351854743292083,0.2144164706648617,ds005540,labram_random
101,2,1,combined_personalized,0.4723799735959731,0.2146644231040983,ds005540,labram_random
101,2,1,prior,0.4576182879540744,0.2057812499999999,ds005540,cbramod_pretrained
101,2,1,eeg_population,0.0025542904885363,0.2333932496169545,ds005540,cbramod_pretrained
101,2,1,eeg_personalized,0.0413817403855499,0.2391157859186842,ds005540,cbramod_pretrained
101,2,1,combined_population,0.4471336146388775,0.2125131276014617,ds005540,cbramod_pretrained
101,2,1,combined_personalized,0.4469499644524656,0.220913417433015,ds005540,cbramod_pretrained
101,2,1,prior,0.4576182879540744,0.2057812499999999,ds005540,cbramod_random
101,2,1,eeg_population,0.0220768699095807,0.232327942375979,ds005540,cbramod_random
101,2,1,eeg_personalized,0.043415763449839,0.2454379643742162,ds005540,cbramod_random
101,2,1,combined_population,0.4765565242814416,0.2093678627210979,ds005540,cbramod_random
101,2,1,combined_personalized,0.4546080181459463,0.2187647190922875,ds005540,cbramod_random
101,2,2,prior,0.3894725595206348,0.21328125,ds005540,de
101,2,2,eeg_population,0.0751316796840563,0.2202553122029946,ds005540,de
101,2,2,eeg_personalized,0.1044977627636151,0.2412529018393136,ds005540,de
101,2,2,combined_population,0.4079770457844356,0.2135295256620462,ds005540,de
101,2,2,combined_personalized,0.4224315925172814,0.2100138684047133,ds005540,de
101,2,2,prior,0.3894725595206348,0.21328125,ds005540,labram_pretrained
101,2,2,eeg_population,-0.005352371987362,0.2358029384190308,ds005540,labram_pretrained
101,2,2,eeg_personalized,0.0791159431537633,0.2493819337045588,ds005540,labram_pretrained
101,2,2,combined_population,0.3647972215911785,0.2228654088672715,ds005540,labram_pretrained
101,2,2,combined_personalized,0.4123787860314736,0.2198572461955652,ds005540,labram_pretrained
101,2,2,prior,0.3894725595206348,0.21328125,ds005540,labram_random
101,2,2,eeg_population,-0.0054435598200139,0.2387583519711953,ds005540,labram_random
101,2,2,eeg_personalized,0.0673407665522593,0.2396657069670101,ds005540,labram_random
101,2,2,combined_population,0.371690228853102,0.216219016777799,ds005540,labram_random
101,2,2,combined_personalized,0.4127507166408468,0.2115459000780798,ds005540,labram_random
101,2,2,prior,0.3894725595206348,0.21328125,ds005540,cbramod_pretrained
101,2,2,eeg_population,-0.0014240785914954,0.2336167283812122,ds005540,cbramod_pretrained
101,2,2,eeg_personalized,0.0458104610836455,0.2396549323229655,ds005540,cbramod_pretrained
101,2,2,combined_population,0.3741110170792517,0.2178207567911519,ds005540,cbramod_pretrained
101,2,2,combined_personalized,0.3874049024744354,0.2134071240289822,ds005540,cbramod_pretrained
101,2,2,prior,0.3894725595206348,0.21328125,ds005540,cbramod_random
101,2,2,eeg_population,0.0225261127308841,0.2313346791085811,ds005540,cbramod_random
101,2,2,eeg_personalized,0.051027130746188,0.2466589948081368,ds005540,cbramod_random
101,2,2,combined_population,0.4255463590377925,0.2066427126209806,ds005540,cbramod_random
101,2,2,combined_personalized,0.39616449963997,0.2143859602175477,ds005540,cbramod_random
101,2,4,prior,0.4236915584908527,0.199375,ds005540,de
101,2,4,eeg_population,0.089039543356108,0.2209809326344996,ds005540,de
101,2,4,eeg_personalized,0.1085666408949266,0.2417362060047917,ds005540,de
101,2,4,combined_population,0.4368378355345674,0.1987894074553357,ds005540,de
101,2,4,combined_personalized,0.4432423295153909,0.205796015485753,ds005540,de
101,2,4,prior,0.4236915584908527,0.199375,ds005540,labram_pretrained
101,2,4,eeg_population,0.0047212819894323,0.2345203295149198,ds005540,labram_pretrained
101,2,4,eeg_personalized,0.0816018983079257,0.2474939008759973,ds005540,labram_pretrained
101,2,4,combined_population,0.4038449294753694,0.2028634132397669,ds005540,labram_pretrained
101,2,4,combined_personalized,0.4157950405981913,0.2183281529912021,ds005540,labram_pretrained
101,2,4,prior,0.4236915584908527,0.199375,ds005540,labram_random
101,2,4,eeg_population,0.0108062407008298,0.237690369154213,ds005540,labram_random
101,2,4,eeg_personalized,0.084960761704309,0.2372116929973287,ds005540,labram_random
101,2,4,combined_population,0.4105496128065642,0.2072301348607883,ds005540,labram_random
101,2,4,combined_personalized,0.4540924863788378,0.2044765256577214,ds005540,labram_random
101,2,4,prior,0.4236915584908527,0.199375,ds005540,cbramod_pretrained
101,2,4,eeg_population,0.0097512524070883,0.2330906306577786,ds005540,cbramod_pretrained
101,2,4,eeg_personalized,0.0474837185345127,0.2385680260346395,ds005540,cbramod_pretrained
101,2,4,combined_population,0.4133362672826458,0.2005781059532789,ds005540,cbramod_pretrained
101,2,4,combined_personalized,0.4101505335762001,0.2076646772776324,ds005540,cbramod_pretrained
101,2,4,prior,0.4236915584908527,0.199375,ds005540,cbramod_random
101,2,4,eeg_population,0.0179063803189557,0.2319236444530563,ds005540,cbramod_random
101,2,4,eeg_personalized,0.0468682703924564,0.2451352347970996,ds005540,cbramod_random
101,2,4,combined_population,0.4687470506082093,0.1941958499849514,ds005540,cbramod_random
101,2,4,combined_personalized,0.4232290859104566,0.2080878462348109,ds005540,cbramod_random
101,2,8,prior,0.3683020152916597,0.1982421875,ds005540,de
101,2,8,eeg_population,0.0669807908225998,0.2225389588431262,ds005540,de
101,2,8,eeg_personalized,0.080706488063022,0.2411699841495957,ds005540,de
101,2,8,combined_population,0.3792949334084433,0.1993450754972961,ds005540,de
101,2,8,combined_personalized,0.3915405988993525,0.2072111505988398,ds005540,de
101,2,8,prior,0.3683020152916597,0.1982421875,ds005540,labram_pretrained
101,2,8,eeg_population,0.0193388334024812,0.2370495017231959,ds005540,labram_pretrained
101,2,8,eeg_personalized,0.1050509805006535,0.2629091612229631,ds005540,labram_pretrained
101,2,8,combined_population,0.3236901676631516,0.2084306364601265,ds005540,labram_pretrained
101,2,8,combined_personalized,0.3708647192515457,0.2205749183312461,ds005540,labram_pretrained
101,2,8,prior,0.3683020152916597,0.1982421875,ds005540,labram_random
101,2,8,eeg_population,-0.0079378520548443,0.2412243262501368,ds005540,labram_random
101,2,8,eeg_personalized,0.0684925773825405,0.2378556213513588,ds005540,labram_random
101,2,8,combined_population,0.3429666632859888,0.2060356435708699,ds005540,labram_random
101,2,8,combined_personalized,0.3908570333137968,0.2073394523922629,ds005540,labram_random
101,2,8,prior,0.3683020152916597,0.1982421875,ds005540,cbramod_pretrained
101,2,8,eeg_population,0.0094048763591094,0.2355934042483663,ds005540,cbramod_pretrained
101,2,8,eeg_personalized,0.0231812958907979,0.2419161646871576,ds005540,cbramod_pretrained
101,2,8,combined_population,0.3673190355262477,0.1959681868406174,ds005540,cbramod_pretrained
101,2,8,combined_personalized,0.3573153865102907,0.210684056395412,ds005540,cbramod_pretrained
101,2,8,prior,0.3683020152916597,0.1982421875,ds005540,cbramod_random
101,2,8,eeg_population,0.0123005395926521,0.232858155106196,ds005540,cbramod_random
101,2,8,eeg_personalized,0.0480796086553759,0.2462675870263005,ds005540,cbramod_random
101,2,8,combined_population,0.4028768252055679,0.1962401328924672,ds005540,cbramod_random
101,2,8,combined_personalized,0.3846868119484564,0.2066263079637424,ds005540,cbramod_random
101,4,0,prior,0.0,0.2351503839590443,ds005540,de
101,4,0,eeg_population,0.0119502749516872,0.2341371974693425,ds005540,de
101,4,0,eeg_personalized,0.097635465792472,0.227852369025528,ds005540,de
101,4,0,combined_population,0.0610410398332053,0.2283162882292881,ds005540,de
101,4,0,combined_personalized,0.1282092105179814,0.2163519253788721,ds005540,de
101,4,0,prior,0.0,0.2351503839590443,ds005540,labram_pretrained
101,4,0,eeg_population,-0.004442197545485,0.2360540926391055,ds005540,labram_pretrained
101,4,0,eeg_personalized,0.1041697852479363,0.2350164748146254,ds005540,labram_pretrained
101,4,0,combined_population,-0.0159235437944923,0.2295229589841708,ds005540,labram_pretrained
101,4,0,combined_personalized,0.1363473522229576,0.2155765603303421,ds005540,labram_pretrained
101,4,0,prior,0.0,0.2351503839590443,ds005540,labram_random
101,4,0,eeg_population,-0.0125809077566706,0.2418932600613966,ds005540,labram_random
101,4,0,eeg_personalized,0.0893530025723771,0.2347511479484907,ds005540,labram_random
101,4,0,combined_population,-0.0163806293701779,0.2408548021069933,ds005540,labram_random
101,4,0,combined_personalized,0.1210842366687182,0.2177013905312553,ds005540,labram_random
101,4,0,prior,0.0,0.2351503839590443,ds005540,cbramod_pretrained
101,4,0,eeg_population,0.0171259882702167,0.2315557938444574,ds005540,cbramod_pretrained
101,4,0,eeg_personalized,0.088699787799355,0.2319077998763156,ds005540,cbramod_pretrained
101,4,0,combined_population,0.0020652728888028,0.2319513667519399,ds005540,cbramod_pretrained
101,4,0,combined_personalized,0.0943488957261789,0.2174263126773927,ds005540,cbramod_pretrained
101,4,0,prior,0.0,0.2351503839590443,ds005540,cbramod_random
101,4,0,eeg_population,0.0154175554202522,0.2321284134732429,ds005540,cbramod_random
101,4,0,eeg_personalized,0.0776281607474743,0.2296075590092663,ds005540,cbramod_random
101,4,0,combined_population,0.0371821882860875,0.2336642123985407,ds005540,cbramod_random
101,4,0,combined_personalized,0.1181847376789807,0.2161551680014877,ds005540,cbramod_random
101,4,1,prior,0.4576182879540744,0.2057812499999999,ds005540,de
101,4,1,eeg_population,0.0074745502515556,0.23421562696763,ds005540,de
101,4,1,eeg_personalized,0.0953506661679883,0.2279638775695357,ds005540,de
101,4,1,combined_population,0.4469557596299887,0.2139054275197873,ds005540,de
101,4,1,combined_personalized,0.5326808520876823,0.1956142372704048,ds005540,de
101,4,1,prior,0.4576182879540744,0.2057812499999999,ds005540,labram_pretrained
101,4,1,eeg_population,-0.0065325875485778,0.2352503006728407,ds005540,labram_pretrained
101,4,1,eeg_personalized,0.1008870279603911,0.2347720365848209,ds005540,labram_pretrained
101,4,1,combined_population,0.4424397532673056,0.2219510707061512,ds005540,labram_pretrained
101,4,1,combined_personalized,0.5265953679848655,0.2100783520601246,ds005540,labram_pretrained
101,4,1,prior,0.4576182879540744,0.2057812499999999,ds005540,labram_random
101,4,1,eeg_population,-0.0066014990794117,0.2406765953364427,ds005540,labram_random
101,4,1,eeg_personalized,0.09120005332855,0.2339500159356459,ds005540,labram_random
101,4,1,combined_population,0.4351854743292083,0.2144164706648617,ds005540,labram_random
101,4,1,combined_personalized,0.5246032188838894,0.1982098750319579,ds005540,labram_random
101,4,1,prior,0.4576182879540744,0.2057812499999999,ds005540,cbramod_pretrained
101,4,1,eeg_population,0.0025542904885363,0.2333932496169545,ds005540,cbramod_pretrained
101,4,1,eeg_personalized,0.0752749725710395,0.2314233771151979,ds005540,cbramod_pretrained
101,4,1,combined_population,0.4471336146388775,0.2125131276014617,ds005540,cbramod_pretrained
101,4,1,combined_personalized,0.5077369435734828,0.2006729612895925,ds005540,cbramod_pretrained
101,4,1,prior,0.4576182879540744,0.2057812499999999,ds005540,cbramod_random
101,4,1,eeg_population,0.0220768699095807,0.232327942375979,ds005540,cbramod_random
101,4,1,eeg_personalized,0.0820901005684784,0.2301007907611927,ds005540,cbramod_random
101,4,1,combined_population,0.4765565242814416,0.2093678627210979,ds005540,cbramod_random
101,4,1,combined_personalized,0.5238200634269237,0.1995282679009185,ds005540,cbramod_random
101,4,2,prior,0.3894725595206348,0.21328125,ds005540,de
101,4,2,eeg_population,0.0751316796840563,0.2202553122029946,ds005540,de
101,4,2,eeg_personalized,0.1099048729825458,0.2340078844384771,ds005540,de
101,4,2,combined_population,0.4079770457844356,0.2135295256620462,ds005540,de
101,4,2,combined_personalized,0.4717341815149587,0.1894196979140783,ds005540,de
101,4,2,prior,0.3894725595206348,0.21328125,ds005540,labram_pretrained
101,4,2,eeg_population,-0.005352371987362,0.2358029384190308,ds005540,labram_pretrained
101,4,2,eeg_personalized,0.1030856620558223,0.2346423739568401,ds005540,labram_pretrained
101,4,2,combined_population,0.3647972215911785,0.2228654088672715,ds005540,labram_pretrained
101,4,2,combined_personalized,0.4804797113902621,0.202062396793942,ds005540,labram_pretrained
101,4,2,prior,0.3894725595206348,0.21328125,ds005540,labram_random
101,4,2,eeg_population,-0.0054435598200139,0.2387583519711953,ds005540,labram_random
101,4,2,eeg_personalized,0.1036113193041101,0.2332668200507688,ds005540,labram_random
101,4,2,combined_population,0.371690228853102,0.216219016777799,ds005540,labram_random
101,4,2,combined_personalized,0.4731680910172912,0.1956084668218155,ds005540,labram_random
101,4,2,prior,0.3894725595206348,0.21328125,ds005540,cbramod_pretrained
101,4,2,eeg_population,-0.0014240785914954,0.2336167283812122,ds005540,cbramod_pretrained
101,4,2,eeg_personalized,0.081862126392687,0.22972654535123,ds005540,cbramod_pretrained
101,4,2,combined_population,0.3741110170792517,0.2178207567911519,ds005540,cbramod_pretrained
101,4,2,combined_personalized,0.4590239104659553,0.1960818687811497,ds005540,cbramod_pretrained
101,4,2,prior,0.3894725595206348,0.21328125,ds005540,cbramod_random
101,4,2,eeg_population,0.0225261127308841,0.2313346791085811,ds005540,cbramod_random
101,4,2,eeg_personalized,0.0891511862825819,0.2296232663427463,ds005540,cbramod_random
101,4,2,combined_population,0.4255463590377925,0.2066427126209806,ds005540,cbramod_random
101,4,2,combined_personalized,0.475076352529856,0.1957937000048281,ds005540,cbramod_random
101,4,4,prior,0.4236915584908527,0.199375,ds005540,de
101,4,4,eeg_population,0.089039543356108,0.2209809326344996,ds005540,de
101,4,4,eeg_personalized,0.1138344552847165,0.2329896717692088,ds005540,de
101,4,4,combined_population,0.4368378355345674,0.1987894074553357,ds005540,de
101,4,4,combined_personalized,0.5046017464863592,0.1818817604754686,ds005540,de
101,4,4,prior,0.4236915584908527,0.199375,ds005540,labram_pretrained
101,4,4,eeg_population,0.0047212819894323,0.2345203295149198,ds005540,labram_pretrained
101,4,4,eeg_personalized,0.1083125641586631,0.2342386554637386,ds005540,labram_pretrained
101,4,4,combined_population,0.4038449294753694,0.2028634132397669,ds005540,labram_pretrained
101,4,4,combined_personalized,0.5065137362521137,0.1929490776555334,ds005540,labram_pretrained
101,4,4,prior,0.4236915584908527,0.199375,ds005540,labram_random
101,4,4,eeg_population,0.0108062407008298,0.237690369154213,ds005540,labram_random
101,4,4,eeg_personalized,0.1154455040741877,0.2318898910566682,ds005540,labram_random
101,4,4,combined_population,0.4105496128065642,0.2072301348607883,ds005540,labram_random
101,4,4,combined_personalized,0.522916487029254,0.1832490793016464,ds005540,labram_random
101,4,4,prior,0.4236915584908527,0.199375,ds005540,cbramod_pretrained
101,4,4,eeg_population,0.0097512524070883,0.2330906306577786,ds005540,cbramod_pretrained
101,4,4,eeg_personalized,0.0870473472819585,0.2273292989904164,ds005540,cbramod_pretrained
101,4,4,combined_population,0.4133362672826458,0.2005781059532789,ds005540,cbramod_pretrained
101,4,4,combined_personalized,0.4956320221602208,0.1861251193535335,ds005540,cbramod_pretrained
101,4,4,prior,0.4236915584908527,0.199375,ds005540,cbramod_random
101,4,4,eeg_population,0.0179063803189557,0.2319236444530563,ds005540,cbramod_random
101,4,4,eeg_personalized,0.081221243211351,0.2284621926111829,ds005540,cbramod_random
101,4,4,combined_population,0.4687470506082093,0.1941958499849514,ds005540,cbramod_random
101,4,4,combined_personalized,0.5164868078467857,0.1832754992246322,ds005540,cbramod_random
101,4,8,prior,0.3683020152916597,0.1982421875,ds005540,de
101,4,8,eeg_population,0.0669807908225998,0.2225389588431262,ds005540,de
101,4,8,eeg_personalized,0.0910272261992805,0.2338797522988581,ds005540,de
101,4,8,combined_population,0.3792949334084433,0.1993450754972961,ds005540,de
101,4,8,combined_personalized,0.4561183063321263,0.1868897521076799,ds005540,de
101,4,8,prior,0.3683020152916597,0.1982421875,ds005540,labram_pretrained
101,4,8,eeg_population,0.0193388334024812,0.2370495017231959,ds005540,labram_pretrained
101,4,8,eeg_personalized,0.1211278006023775,0.2483599840520012,ds005540,labram_pretrained
101,4,8,combined_population,0.3236901676631516,0.2084306364601265,ds005540,labram_pretrained
101,4,8,combined_personalized,0.4534263807373233,0.1987941590682498,ds005540,labram_pretrained
101,4,8,prior,0.3683020152916597,0.1982421875,ds005540,labram_random
101,4,8,eeg_population,-0.0079378520548443,0.2412243262501368,ds005540,labram_random
101,4,8,eeg_personalized,0.1047011794249264,0.233366689451019,ds005540,labram_random
101,4,8,combined_population,0.3429666632859888,0.2060356435708699,ds005540,labram_random
101,4,8,combined_personalized,0.472219851289674,0.1854840244720302,ds005540,labram_random
101,4,8,prior,0.3683020152916597,0.1982421875,ds005540,cbramod_pretrained
101,4,8,eeg_population,0.0094048763591094,0.2355934042483663,ds005540,cbramod_pretrained
101,4,8,eeg_personalized,0.0707277654928225,0.2286588714855128,ds005540,cbramod_pretrained
101,4,8,combined_population,0.3673190355262477,0.1959681868406174,ds005540,cbramod_pretrained
101,4,8,combined_personalized,0.4522709028940733,0.1866422674600878,ds005540,cbramod_pretrained
101,4,8,prior,0.3683020152916597,0.1982421875,ds005540,cbramod_random
101,4,8,eeg_population,0.0123005395926521,0.232858155106196,ds005540,cbramod_random
101,4,8,eeg_personalized,0.0843673183881456,0.2286829797166578,ds005540,cbramod_random
101,4,8,combined_population,0.4028768252055679,0.1962401328924672,ds005540,cbramod_random
101,4,8,combined_personalized,0.4717293908306455,0.1833507202956799,ds005540,cbramod_random
101,8,0,prior,0.0,0.2351503839590443,ds005540,de
101,8,0,eeg_population,0.0119502749516872,0.2341371974693425,ds005540,de
101,8,0,eeg_personalized,0.1517023390558349,0.2166262280663923,ds005540,de
101,8,0,combined_population,0.0610410398332053,0.2283162882292881,ds005540,de
101,8,0,combined_personalized,0.1652049254151862,0.2121535327908577,ds005540,de
101,8,0,prior,0.0,0.2351503839590443,ds005540,labram_pretrained
101,8,0,eeg_population,-0.004442197545485,0.2360540926391055,ds005540,labram_pretrained
101,8,0,eeg_personalized,0.1632161964500344,0.2141968913717246,ds005540,labram_pretrained
101,8,0,combined_population,-0.0159235437944923,0.2295229589841708,ds005540,labram_pretrained
101,8,0,combined_personalized,0.1634737153042524,0.2105182850169493,ds005540,labram_pretrained
101,8,0,prior,0.0,0.2351503839590443,ds005540,labram_random
101,8,0,eeg_population,-0.0125809077566706,0.2418932600613966,ds005540,labram_random
101,8,0,eeg_personalized,0.1345487937039445,0.2225895198501895,ds005540,labram_random
101,8,0,combined_population,-0.0163806293701779,0.2408548021069933,ds005540,labram_random
101,8,0,combined_personalized,0.1364030680042285,0.2210331278701544,ds005540,labram_random
101,8,0,prior,0.0,0.2351503839590443,ds005540,cbramod_pretrained
101,8,0,eeg_population,0.0171259882702167,0.2315557938444574,ds005540,cbramod_pretrained
101,8,0,eeg_personalized,0.1404394701589198,0.2207828416094735,ds005540,cbramod_pretrained
101,8,0,combined_population,0.0020652728888028,0.2319513667519399,ds005540,cbramod_pretrained
101,8,0,combined_personalized,0.1302239506862609,0.2167320312299556,ds005540,cbramod_pretrained
101,8,0,prior,0.0,0.2351503839590443,ds005540,cbramod_random
101,8,0,eeg_population,0.0154175554202522,0.2321284134732429,ds005540,cbramod_random
101,8,0,eeg_personalized,0.1429221862572443,0.2091484437632769,ds005540,cbramod_random
101,8,0,combined_population,0.0371821882860875,0.2336642123985407,ds005540,cbramod_random
101,8,0,combined_personalized,0.1720201994416051,0.2077593660540417,ds005540,cbramod_random
101,8,1,prior,0.4576182879540744,0.2057812499999999,ds005540,de
101,8,1,eeg_population,0.0074745502515556,0.23421562696763,ds005540,de
101,8,1,eeg_personalized,0.1495890602770783,0.2163934966617974,ds005540,de
101,8,1,combined_population,0.4469557596299887,0.2139054275197873,ds005540,de
101,8,1,combined_personalized,0.5542149837117101,0.1931645333890498,ds005540,de
101,8,1,prior,0.4576182879540744,0.2057812499999999,ds005540,labram_pretrained
101,8,1,eeg_population,-0.0065325875485778,0.2352503006728407,ds005540,labram_pretrained
101,8,1,eeg_personalized,0.1601298210934359,0.2145657911348906,ds005540,labram_pretrained
101,8,1,combined_population,0.4424397532673056,0.2219510707061512,ds005540,labram_pretrained
101,8,1,combined_personalized,0.5507564494317463,0.1998891978763393,ds005540,labram_pretrained
101,8,1,prior,0.4576182879540744,0.2057812499999999,ds005540,labram_random
101,8,1,eeg_population,-0.0066014990794117,0.2406765953364427,ds005540,labram_random
101,8,1,eeg_personalized,0.1360127765589149,0.2217093743066474,ds005540,labram_random
101,8,1,combined_population,0.4351854743292083,0.2144164706648617,ds005540,labram_random
101,8,1,combined_personalized,0.5324707242762325,0.1958896067219722,ds005540,labram_random
101,8,1,prior,0.4576182879540744,0.2057812499999999,ds005540,cbramod_pretrained
101,8,1,eeg_population,0.0025542904885363,0.2333932496169545,ds005540,cbramod_pretrained
101,8,1,eeg_personalized,0.1258242596246981,0.2212444556788882,ds005540,cbramod_pretrained
101,8,1,combined_population,0.4471336146388775,0.2125131276014617,ds005540,cbramod_pretrained
101,8,1,combined_personalized,0.5327140030336637,0.1955308379842222,ds005540,cbramod_pretrained
101,8,1,prior,0.4576182879540744,0.2057812499999999,ds005540,cbramod_random
101,8,1,eeg_population,0.0220768699095807,0.232327942375979,ds005540,cbramod_random
101,8,1,eeg_personalized,0.1485474474729775,0.2089470900656295,ds005540,cbramod_random
101,8,1,combined_population,0.4765565242814416,0.2093678627210979,ds005540,cbramod_random
101,8,1,combined_personalized,0.558309812903905,0.1906715620467332,ds005540,cbramod_random
101,8,2,prior,0.3894725595206348,0.21328125,ds005540,de
101,8,2,eeg_population,0.0751316796840563,0.2202553122029946,ds005540,de
101,8,2,eeg_personalized,0.1545281377552961,0.220373367933321,ds005540,de
101,8,2,combined_population,0.4079770457844356,0.2135295256620462,ds005540,de
101,8,2,combined_personalized,0.4926778172343882,0.1890823721086424,ds005540,de
101,8,2,prior,0.3894725595206348,0.21328125,ds005540,labram_pretrained
101,8,2,eeg_population,-0.005352371987362,0.2358029384190308,ds005540,labram_pretrained
101,8,2,eeg_personalized,0.1626880348587299,0.2141008611066908,ds005540,labram_pretrained
101,8,2,combined_population,0.3647972215911785,0.2228654088672715,ds005540,labram_pretrained
101,8,2,combined_personalized,0.5017917756522225,0.1935499226922248,ds005540,labram_pretrained
101,8,2,prior,0.3894725595206348,0.21328125,ds005540,labram_random
101,8,2,eeg_population,-0.0054435598200139,0.2387583519711953,ds005540,labram_random
101,8,2,eeg_personalized,0.149438015967742,0.2192052166173361,ds005540,labram_random
101,8,2,combined_population,0.371690228853102,0.216219016777799,ds005540,labram_random
101,8,2,combined_personalized,0.4803709158039529,0.1956306587564163,ds005540,labram_random
101,8,2,prior,0.3894725595206348,0.21328125,ds005540,cbramod_pretrained
101,8,2,eeg_population,-0.0014240785914954,0.2336167283812122,ds005540,cbramod_pretrained
101,8,2,eeg_personalized,0.1306391992530471,0.2197002019455196,ds005540,cbramod_pretrained
101,8,2,combined_population,0.3741110170792517,0.2178207567911519,ds005540,cbramod_pretrained
101,8,2,combined_personalized,0.4789249873348887,0.1949600429676998,ds005540,cbramod_pretrained
101,8,2,prior,0.3894725595206348,0.21328125,ds005540,cbramod_random
101,8,2,eeg_population,0.0225261127308841,0.2313346791085811,ds005540,cbramod_random
101,8,2,eeg_personalized,0.1544988292289751,0.2081620425535921,ds005540,cbramod_random
101,8,2,combined_population,0.4255463590377925,0.2066427126209806,ds005540,cbramod_random
101,8,2,combined_personalized,0.5115894737064549,0.1919741879020165,ds005540,cbramod_random
101,8,4,prior,0.4236915584908527,0.199375,ds005540,de
101,8,4,eeg_population,0.089039543356108,0.2209809326344996,ds005540,de
101,8,4,eeg_personalized,0.1625283062919518,0.2170564273486194,ds005540,de
101,8,4,combined_population,0.4368378355345674,0.1987894074553357,ds005540,de
101,8,4,combined_personalized,0.5292269735426822,0.1712069944845732,ds005540,de
101,8,4,prior,0.4236915584908527,0.199375,ds005540,labram_pretrained
101,8,4,eeg_population,0.0047212819894323,0.2345203295149198,ds005540,labram_pretrained
101,8,4,eeg_personalized,0.1721132047646391,0.2129113560785331,ds005540,labram_pretrained
101,8,4,combined_population,0.4038449294753694,0.2028634132397669,ds005540,labram_pretrained
101,8,4,combined_personalized,0.5327997866098756,0.1812935025077856,ds005540,labram_pretrained
101,8,4,prior,0.4236915584908527,0.199375,ds005540,labram_random
101,8,4,eeg_population,0.0108062407008298,0.237690369154213,ds005540,labram_random
101,8,4,eeg_personalized,0.1618759007671531,0.2181960361130807,ds005540,labram_random
101,8,4,combined_population,0.4105496128065642,0.2072301348607883,ds005540,labram_random
101,8,4,combined_personalized,0.527657304594164,0.1786404956948375,ds005540,labram_random
101,8,4,prior,0.4236915584908527,0.199375,ds005540,cbramod_pretrained
101,8,4,eeg_population,0.0097512524070883,0.2330906306577786,ds005540,cbramod_pretrained
101,8,4,eeg_personalized,0.1394550537024027,0.2181571032851486,ds005540,cbramod_pretrained
101,8,4,combined_population,0.4133362672826458,0.2005781059532789,ds005540,cbramod_pretrained
101,8,4,combined_personalized,0.5214119573633518,0.1767407968538472,ds005540,cbramod_pretrained
101,8,4,prior,0.4236915584908527,0.199375,ds005540,cbramod_random
101,8,4,eeg_population,0.0179063803189557,0.2319236444530563,ds005540,cbramod_random
101,8,4,eeg_personalized,0.1504952299447942,0.2081871502843808,ds005540,cbramod_random
101,8,4,combined_population,0.4687470506082093,0.1941958499849514,ds005540,cbramod_random
101,8,4,combined_personalized,0.5596946686444044,0.1716318816650612,ds005540,cbramod_random
101,8,8,prior,0.3683020152916597,0.1982421875,ds005540,de
101,8,8,eeg_population,0.0669807908225998,0.2225389588431262,ds005540,de
101,8,8,eeg_personalized,0.1443986090497251,0.2187217072415062,ds005540,de
101,8,8,combined_population,0.3792949334084433,0.1993450754972961,ds005540,de
101,8,8,combined_personalized,0.473365590497833,0.1761431218181657,ds005540,de
101,8,8,prior,0.3683020152916597,0.1982421875,ds005540,labram_pretrained
101,8,8,eeg_population,0.0193388334024812,0.2370495017231959,ds005540,labram_pretrained
101,8,8,eeg_personalized,0.1857062105620623,0.2164884204120177,ds005540,labram_pretrained
101,8,8,combined_population,0.3236901676631516,0.2084306364601265,ds005540,labram_pretrained
101,8,8,combined_personalized,0.475402359896186,0.1881926402061337,ds005540,labram_pretrained
101,8,8,prior,0.3683020152916597,0.1982421875,ds005540,labram_random
101,8,8,eeg_population,-0.0079378520548443,0.2412243262501368,ds005540,labram_random
101,8,8,eeg_personalized,0.1478873043409229,0.2198571749632023,ds005540,labram_random
101,8,8,combined_population,0.3429666632859888,0.2060356435708699,ds005540,labram_random
101,8,8,combined_personalized,0.4752065511884857,0.1798455831722784,ds005540,labram_random
101,8,8,prior,0.3683020152916597,0.1982421875,ds005540,cbramod_pretrained
101,8,8,eeg_population,0.0094048763591094,0.2355934042483663,ds005540,cbramod_pretrained
101,8,8,eeg_personalized,0.1278067418631728,0.22036179869372,ds005540,cbramod_pretrained
101,8,8,combined_population,0.3673190355262477,0.1959681868406174,ds005540,cbramod_pretrained
101,8,8,combined_personalized,0.476225993899646,0.1754733501088779,ds005540,cbramod_pretrained
101,8,8,prior,0.3683020152916597,0.1982421875,ds005540,cbramod_random
101,8,8,eeg_population,0.0123005395926521,0.232858155106196,ds005540,cbramod_random
101,8,8,eeg_personalized,0.1525748383940074,0.20819172353839,ds005540,cbramod_random
101,8,8,combined_population,0.4028768252055679,0.1962401328924672,ds005540,cbramod_random
101,8,8,combined_personalized,0.5072274609862011,0.1736858789015533,ds005540,cbramod_random
11,0,0,prior,-4.271544194307458e-32,0.2207138907604874,ds006866,bandpower
11,0,0,eeg_population,-0.0155215559872518,0.226119547335274,ds006866,bandpower
11,0,0,eeg_personalized,-0.0155215559872518,0.226119547335274,ds006866,bandpower
11,0,0,combined_population,-0.0125381254561165,0.2252624864942622,ds006866,bandpower
11,0,0,combined_personalized,-0.0125381254561165,0.2252624864942622,ds006866,bandpower
11,0,2,prior,0.0,0.1999479166666666,ds006866,bandpower
11,0,2,eeg_population,-0.015536442679501,0.2261203237274447,ds006866,bandpower
11,0,2,eeg_personalized,-0.015536442679501,0.2261203237274447,ds006866,bandpower
11,0,2,combined_population,-0.0125055819315575,0.2072355933229487,ds006866,bandpower
11,0,2,combined_personalized,-0.0125055819315575,0.2072355933229487,ds006866,bandpower
11,0,8,prior,0.0,0.1895312499999999,ds006866,bandpower
11,0,8,eeg_population,-0.0154848764448718,0.2261128635454272,ds006866,bandpower
11,0,8,eeg_personalized,-0.0154848764448718,0.2261128635454272,ds006866,bandpower
11,0,8,combined_population,-0.0145612142034891,0.1954553345967389,ds006866,bandpower
11,0,8,combined_personalized,-0.0145612142034891,0.1954553345967389,ds006866,bandpower
11,2,0,prior,-4.271544194307458e-32,0.2207138907604874,ds006866,bandpower
11,2,0,eeg_population,-0.0155215559872518,0.226119547335274,ds006866,bandpower
11,2,0,eeg_personalized,0.1583114728039238,0.2476256489121062,ds006866,bandpower
11,2,0,combined_population,-0.0125381254561165,0.2252624864942622,ds006866,bandpower
11,2,0,combined_personalized,0.1895896297073458,0.2248096828602552,ds006866,bandpower
11,2,2,prior,0.0,0.1999479166666666,ds006866,bandpower
11,2,2,eeg_population,-0.015536442679501,0.2261203237274447,ds006866,bandpower
11,2,2,eeg_personalized,0.1583230893044654,0.2476221033506259,ds006866,bandpower
11,2,2,combined_population,-0.0125055819315575,0.2072355933229487,ds006866,bandpower
11,2,2,combined_personalized,0.182967469616962,0.2184513523205534,ds006866,bandpower
11,2,8,prior,0.0,0.1895312499999999,ds006866,bandpower
11,2,8,eeg_population,-0.0154848764448718,0.2261128635454272,ds006866,bandpower
11,2,8,eeg_personalized,0.1583213101131213,0.2476188870189804,ds006866,bandpower
11,2,8,combined_population,-0.0145612142034891,0.1954553345967389,ds006866,bandpower
11,2,8,combined_personalized,0.2197930260347034,0.2003025628993191,ds006866,bandpower
11,8,0,prior,-4.271544194307458e-32,0.2207138907604874,ds006866,bandpower
11,8,0,eeg_population,-0.0155215559872518,0.226119547335274,ds006866,bandpower
11,8,0,eeg_personalized,0.2155664286684436,0.2169520513193715,ds006866,bandpower
11,8,0,combined_population,-0.0125381254561165,0.2252624864942622,ds006866,bandpower
11,8,0,combined_personalized,0.2396864934766209,0.2015747862862471,ds006866,bandpower
11,8,2,prior,0.0,0.1999479166666666,ds006866,bandpower
11,8,2,eeg_population,-0.015536442679501,0.2261203237274447,ds006866,bandpower
11,8,2,eeg_personalized,0.2155702447234328,0.2169499829729944,ds006866,bandpower
11,8,2,combined_population,-0.0125055819315575,0.2072355933229487,ds006866,bandpower
11,8,2,combined_personalized,0.2325810000614586,0.191516357007942,ds006866,bandpower
11,8,8,prior,0.0,0.1895312499999999,ds006866,bandpower
11,8,8,eeg_population,-0.0154848764448718,0.2261128635454272,ds006866,bandpower
11,8,8,eeg_personalized,0.2155741196344562,0.216949402259862,ds006866,bandpower
11,8,8,combined_population,-0.0145612142034891,0.1954553345967389,ds006866,bandpower
11,8,8,combined_personalized,0.2729656180487374,0.1790223654600881,ds006866,bandpower
23,0,0,prior,-5.606857040617058e-32,0.1950680358827653,ds006866,bandpower
23,0,0,eeg_population,-9.742949285010143e-05,0.1958085736656736,ds006866,bandpower
23,0,0,eeg_personalized,-9.742949285010143e-05,0.1958085736656736,ds006866,bandpower
23,0,0,combined_population,-0.0024008151606445,0.1958338744667737,ds006866,bandpower
23,0,0,combined_personalized,-0.0024008151606445,0.1958338744667737,ds006866,bandpower
23,0,2,prior,0.0,0.2160915346121768,ds006866,bandpower
23,0,2,eeg_population,-8.1319538893127e-05,0.1958072255821357,ds006866,bandpower
23,0,2,eeg_personalized,-8.1319538893127e-05,0.1958072255821357,ds006866,bandpower
23,0,2,combined_population,-0.001924200843832,0.219250060075651,ds006866,bandpower
23,0,2,combined_personalized,-0.001924200843832,0.219250060075651,ds006866,bandpower
23,0,8,prior,0.0,0.1967720496246872,ds006866,bandpower
23,0,8,eeg_population,-1.7894103504682325e-05,0.1957984459700432,ds006866,bandpower
23,0,8,eeg_personalized,-1.7894103504682325e-05,0.1957984459700432,ds006866,bandpower
23,0,8,combined_population,-0.0023965738535352,0.1973073529153859,ds006866,bandpower
23,0,8,combined_personalized,-0.0023965738535352,0.1973073529153859,ds006866,bandpower
23,2,0,prior,-5.606857040617058e-32,0.1950680358827653,ds006866,bandpower
23,2,0,eeg_population,-9.742949285010143e-05,0.1958085736656736,ds006866,bandpower
23,2,0,eeg_personalized,0.2323135911052824,0.2026166126971494,ds006866,bandpower
23,2,0,combined_population,-0.0024008151606445,0.1958338744667737,ds006866,bandpower
23,2,0,combined_personalized,0.291787969559228,0.192278248784822,ds006866,bandpower
23,2,2,prior,0.0,0.2160915346121768,ds006866,bandpower
23,2,2,eeg_population,-8.1319538893127e-05,0.1958072255821357,ds006866,bandpower
23,2,2,eeg_personalized,0.2323159259052316,0.2026122655413085,ds006866,bandpower
23,2,2,combined_population,-0.001924200843832,0.219250060075651,ds006866,bandpower
23,2,2,combined_personalized,0.2259435596383816,0.2458690718887218,ds006866,bandpower
23,2,8,prior,0.0,0.1967720496246872,ds006866,bandpower
23,2,8,eeg_population,-1.7894103504682325e-05,0.1957984459700432,ds006866,bandpower
23,2,8,eeg_personalized,0.2323421580515601,0.2026087635494358,ds006866,bandpower
23,2,8,combined_population,-0.0023965738535352,0.1973073529153859,ds006866,bandpower
23,2,8,combined_personalized,0.3058518700551572,0.1838019379381205,ds006866,bandpower
23,8,0,prior,-5.606857040617058e-32,0.1950680358827653,ds006866,bandpower
23,8,0,eeg_population,-9.742949285010143e-05,0.1958085736656736,ds006866,bandpower
23,8,0,eeg_personalized,0.3409970798090906,0.167946193695547,ds006866,bandpower
23,8,0,combined_population,-0.0024008151606445,0.1958338744667737,ds006866,bandpower
23,8,0,combined_personalized,0.3535285933767432,0.1707595485198171,ds006866,bandpower
23,8,2,prior,0.0,0.2160915346121768,ds006866,bandpower
23,8,2,eeg_population,-8.1319538893127e-05,0.1958072255821357,ds006866,bandpower
23,8,2,eeg_personalized,0.34101455035012,0.1679441583095158,ds006866,bandpower
23,8,2,combined_population,-0.001924200843832,0.219250060075651,ds006866,bandpower
23,8,2,combined_personalized,0.266215010832349,0.2238659639291356,ds006866,bandpower
23,8,8,prior,0.0,0.1967720496246872,ds006866,bandpower
23,8,8,eeg_population,-1.7894103504682325e-05,0.1957984459700432,ds006866,bandpower
23,8,8,eeg_personalized,0.3410303755057937,0.1679403461639757,ds006866,bandpower
23,8,8,combined_population,-0.0023965738535352,0.1973073529153859,ds006866,bandpower
23,8,8,combined_personalized,0.3720484850944933,0.1615936817000446,ds006866,bandpower
47,0,0,prior,-3.576432878416349e-32,0.2425034441564653,ds006866,bandpower
47,0,0,eeg_population,-0.0043611614890352,0.2430003508821788,ds006866,bandpower
47,0,0,eeg_personalized,-0.0043611614890352,0.2430003508821788,ds006866,bandpower
47,0,0,combined_population,-0.0031655546834662,0.2437483870853952,ds006866,bandpower
47,0,0,combined_personalized,-0.0031655546834662,0.2437483870853952,ds006866,bandpower
47,0,2,prior,0.0,0.1525,ds006866,bandpower
47,0,2,eeg_population,-0.0043454016109474,0.2429987165383356,ds006866,bandpower
47,0,2,eeg_personalized,-0.0043454016109474,0.2429987165383356,ds006866,bandpower
47,0,2,combined_population,-0.0063467826914339,0.1547445980987837,ds006866,bandpower
47,0,2,combined_personalized,-0.0063467826914339,0.1547445980987837,ds006866,bandpower
47,0,8,prior,0.0,0.1361588541666666,ds006866,bandpower
47,0,8,eeg_population,-0.0043052728240265,0.2429910444514159,ds006866,bandpower
47,0,8,eeg_personalized,-0.0043052728240265,0.2429910444514159,ds006866,bandpower
47,0,8,combined_population,-0.0068481295255744,0.1399316755796299,ds006866,bandpower
47,0,8,combined_personalized,-0.0068481295255744,0.1399316755796299,ds006866,bandpower
47,2,0,prior,-3.576432878416349e-32,0.2425034441564653,ds006866,bandpower
47,2,0,eeg_population,-0.0043611614890352,0.2430003508821788,ds006866,bandpower
47,2,0,eeg_personalized,0.1996830096000302,0.236251388648265,ds006866,bandpower
47,2,0,combined_population,-0.0031655546834662,0.2437483870853952,ds006866,bandpower
47,2,0,combined_personalized,0.1922186437048247,0.2518635215071684,ds006866,bandpower
47,2,2,prior,0.0,0.1525,ds006866,bandpower
47,2,2,eeg_population,-0.0043454016109474,0.2429987165383356,ds006866,bandpower
47,2,2,eeg_personalized,0.1996817224281062,0.23624676633526,ds006866,bandpower
47,2,2,combined_population,-0.0063467826914339,0.1547445980987837,ds006866,bandpower
47,2,2,combined_personalized,0.3234986611318173,0.1586343153726311,ds006866,bandpower
47,2,8,prior,0.0,0.1361588541666666,ds006866,bandpower
47,2,8,eeg_population,-0.0043052728240265,0.2429910444514159,ds006866,bandpower
47,2,8,eeg_personalized,0.1996903467991817,0.2362513391131627,ds006866,bandpower
47,2,8,combined_population,-0.0068481295255744,0.1399316755796299,ds006866,bandpower
47,2,8,combined_personalized,0.3299101060227981,0.1618321501254178,ds006866,bandpower
47,8,0,prior,-3.576432878416349e-32,0.2425034441564653,ds006866,bandpower
47,8,0,eeg_population,-0.0043611614890352,0.2430003508821788,ds006866,bandpower
47,8,0,eeg_personalized,0.2286254477288204,0.1966727408052974,ds006866,bandpower
47,8,0,combined_population,-0.0031655546834662,0.2437483870853952,ds006866,bandpower
47,8,0,combined_personalized,0.1845553255280163,0.2278658843189873,ds006866,bandpower
47,8,2,prior,0.0,0.1525,ds006866,bandpower
47,8,2,eeg_population,-0.0043454016109474,0.2429987165383356,ds006866,bandpower
47,8,2,eeg_personalized,0.228632969171707,0.1966713724009243,ds006866,bandpower
47,8,2,combined_population,-0.0063467826914339,0.1547445980987837,ds006866,bandpower
47,8,2,combined_personalized,0.3398241279607077,0.1252326650142003,ds006866,bandpower
47,8,8,prior,0.0,0.1361588541666666,ds006866,bandpower
47,8,8,eeg_population,-0.0043052728240265,0.2429910444514159,ds006866,bandpower
47,8,8,eeg_personalized,0.2286385103983752,0.1966708831218929,ds006866,bandpower
47,8,8,combined_population,-0.0068481295255744,0.1399316755796299,ds006866,bandpower
47,8,8,combined_personalized,0.3432214624243431,0.123477175985658,ds006866,bandpower
71,0,0,prior,1.1079120979611776e-32,0.2168563737478765,ds006866,bandpower
71,0,0,eeg_population,0.0161169733003606,0.2164522272062586,ds006866,bandpower
71,0,0,eeg_personalized,0.0161169733003606,0.2164522272062586,ds006866,bandpower
71,0,0,combined_population,0.0154294931559001,0.2147156088920174,ds006866,bandpower
71,0,0,combined_personalized,0.0154294931559001,0.2147156088920174,ds006866,bandpower
71,0,2,prior,0.0,0.2218229166666666,ds006866,bandpower
71,0,2,eeg_population,0.0161277957483407,0.2164542762932913,ds006866,bandpower
71,0,2,eeg_personalized,0.0161277957483407,0.2164542762932913,ds006866,bandpower
71,0,2,combined_population,0.0120880460099169,0.2221862257416519,ds006866,bandpower
71,0,2,combined_personalized,0.0120880460099169,0.2221862257416519,ds006866,bandpower
71,0,8,prior,0.0,0.2061458333333333,ds006866,bandpower
71,0,8,eeg_population,0.0160671864572621,0.2164677303733635,ds006866,bandpower
71,0,8,eeg_personalized,0.0160671864572621,0.2164677303733635,ds006866,bandpower
71,0,8,combined_population,0.015377653040235,0.2048387205837267,ds006866,bandpower
71,0,8,combined_personalized,0.015377653040235,0.2048387205837267,ds006866,bandpower
71,2,0,prior,1.1079120979611776e-32,0.2168563737478765,ds006866,bandpower
71,2,0,eeg_population,0.0161169733003606,0.2164522272062586,ds006866,bandpower
71,2,0,eeg_personalized,0.2751854106746099,0.2173457947607943,ds006866,bandpower
71,2,0,combined_population,0.0154294931559001,0.2147156088920174,ds006866,bandpower
71,2,0,combined_personalized,0.3129959106654696,0.1934469472061659,ds006866,bandpower
71,2,2,prior,0.0,0.2218229166666666,ds006866,bandpower
71,2,2,eeg_population,0.0161277957483407,0.2164542762932913,ds006866,bandpower
71,2,2,eeg_personalized,0.2751873809286333,0.2173410790608632,ds006866,bandpower
71,2,2,combined_population,0.0120880460099169,0.2221862257416519,ds006866,bandpower
71,2,2,combined_personalized,0.2731949555484302,0.1988624963295827,ds006866,bandpower
71,2,8,prior,0.0,0.2061458333333333,ds006866,bandpower
71,2,8,eeg_population,0.0160671864572621,0.2164677303733635,ds006866,bandpower
71,2,8,eeg_personalized,0.2751712966382206,0.2173494722090495,ds006866,bandpower
71,2,8,combined_population,0.015377653040235,0.2048387205837267,ds006866,bandpower
71,2,8,combined_personalized,0.3129768986078102,0.1794174969304873,ds006866,bandpower
71,8,0,prior,1.1079120979611776e-32,0.2168563737478765,ds006866,bandpower
71,8,0,eeg_population,0.0161169733003606,0.2164522272062586,ds006866,bandpower
71,8,0,eeg_personalized,0.2790347490338274,0.1938344688188875,ds006866,bandpower
71,8,0,combined_population,0.0154294931559001,0.2147156088920174,ds006866,bandpower
71,8,0,combined_personalized,0.3125328689058763,0.1786453237968756,ds006866,bandpower
71,8,2,prior,0.0,0.2218229166666666,ds006866,bandpower
71,8,2,eeg_population,0.0161277957483407,0.2164542762932913,ds006866,bandpower
71,8,2,eeg_personalized,0.2790338016614354,0.1938349794819845,ds006866,bandpower
71,8,2,combined_population,0.0120880460099169,0.2221862257416519,ds006866,bandpower
71,8,2,combined_personalized,0.2708505251028713,0.1830306211641294,ds006866,bandpower
71,8,8,prior,0.0,0.2061458333333333,ds006866,bandpower
71,8,8,eeg_population,0.0160671864572621,0.2164677303733635,ds006866,bandpower
71,8,8,eeg_personalized,0.2790140628406203,0.1938373310810242,ds006866,bandpower
71,8,8,combined_population,0.015377653040235,0.2048387205837267,ds006866,bandpower
71,8,8,combined_personalized,0.3157332263969143,0.163759170233705,ds006866,bandpower
101,0,0,prior,0.0,0.1977735809214124,ds006866,bandpower
101,0,0,eeg_population,0.0154024422411452,0.1972399463158369,ds006866,bandpower
101,0,0,eeg_personalized,0.0154024422411452,0.1972399463158369,ds006866,bandpower
101,0,0,combined_population,0.0165133836760062,0.1968341691855947,ds006866,bandpower
101,0,0,combined_personalized,0.0165133836760062,0.1968341691855947,ds006866,bandpower
101,0,2,prior,0.0,0.2196354166666666,ds006866,bandpower
101,0,2,eeg_population,0.0154536852964325,0.1972327629089282,ds006866,bandpower
101,0,2,eeg_personalized,0.0154536852964325,0.1972327629089282,ds006866,bandpower
101,0,2,combined_population,0.0143304660653304,0.2209129243421048,ds006866,bandpower
101,0,2,combined_personalized,0.0143304660653304,0.2209129243421048,ds006866,bandpower
101,0,8,prior,0.0,0.2008072916666666,ds006866,bandpower
101,0,8,eeg_population,0.015338931145685,0.1972405158720436,ds006866,bandpower
101,0,8,eeg_personalized,0.015338931145685,0.1972405158720436,ds006866,bandpower
101,0,8,combined_population,0.0153663342519194,0.1984681406199373,ds006866,bandpower
101,0,8,combined_personalized,0.0153663342519194,0.1984681406199373,ds006866,bandpower
101,2,0,prior,0.0,0.1977735809214124,ds006866,bandpower
101,2,0,eeg_population,0.0154024422411452,0.1972399463158369,ds006866,bandpower
101,2,0,eeg_personalized,0.257253707908354,0.2082557260487341,ds006866,bandpower
101,2,0,combined_population,0.0165133836760062,0.1968341691855947,ds006866,bandpower
101,2,0,combined_personalized,0.3230069057513582,0.1863295609741328,ds006866,bandpower
101,2,2,prior,0.0,0.2196354166666666,ds006866,bandpower
101,2,2,eeg_population,0.0154536852964325,0.1972327629089282,ds006866,bandpower
101,2,2,eeg_personalized,0.2572485904820298,0.2082565384524285,ds006866,bandpower
101,2,2,combined_population,0.0143304660653304,0.2209129243421048,ds006866,bandpower
101,2,2,combined_personalized,0.2878175320467961,0.2185910679626952,ds006866,bandpower
101,2,8,prior,0.0,0.2008072916666666,ds006866,bandpower
101,2,8,eeg_population,0.015338931145685,0.1972405158720436,ds006866,bandpower
101,2,8,eeg_personalized,0.2572817107165653,0.2082481296949355,ds006866,bandpower
101,2,8,combined_population,0.0153663342519194,0.1984681406199373,ds006866,bandpower
101,2,8,combined_personalized,0.3053393808706747,0.2031512192354733,ds006866,bandpower
101,8,0,prior,0.0,0.1977735809214124,ds006866,bandpower
101,8,0,eeg_population,0.0154024422411452,0.1972399463158369,ds006866,bandpower
101,8,0,eeg_personalized,0.3142527358245821,0.1716515195535243,ds006866,bandpower
101,8,0,combined_population,0.0165133836760062,0.1968341691855947,ds006866,bandpower
101,8,0,combined_personalized,0.3514174677371678,0.1627225566762055,ds006866,bandpower
101,8,2,prior,0.0,0.2196354166666666,ds006866,bandpower
101,8,2,eeg_population,0.0154536852964325,0.1972327629089282,ds006866,bandpower
101,8,2,eeg_personalized,0.3142436959732955,0.1716529108726366,ds006866,bandpower
101,8,2,combined_population,0.0143304660653304,0.2209129243421048,ds006866,bandpower
101,8,2,combined_personalized,0.3281760684741682,0.1920287508093537,ds006866,bandpower
101,8,8,prior,0.0,0.2008072916666666,ds006866,bandpower
101,8,8,eeg_population,0.015338931145685,0.1972405158720436,ds006866,bandpower
101,8,8,eeg_personalized,0.314272020772003,0.1716481075619156,ds006866,bandpower
101,8,8,combined_population,0.0153663342519194,0.1984681406199373,ds006866,bandpower
101,8,8,combined_personalized,0.3379920567831248,0.1740081920306631,ds006866,bandpower
