dataset_id,representation,participant_dose,stimulus_dose,predictor,macro_ccc,ccc_ci_low,ccc_ci_high,valid_bootstrap,macro_mae
ds005540,de_ridge_base,0,0,prior,-3.0732194575483232e-15,-1.714950987870467e-15,1.807240557004948e-15,1985,0.21154367944837507
ds005540,de_ridge_base,0,0,prior_personalized,-3.0732194575483232e-15,-1.714950987870467e-15,1.807240557004948e-15,1985,0.21154367944837507
ds005540,de_ridge_base,0,0,eeg_population,0.015759027475010824,-0.06377089763428272,0.0913794948309343,1985,0.22167952811467492
ds005540,de_ridge_base,0,0,eeg_personalized,0.015759027475010824,-0.06377089763428272,0.0913794948309343,1985,0.22167952811467492
ds005540,de_ridge_base,0,0,combined_population,0.01819748369989487,-0.05130048378509503,0.08799449273811963,1985,0.2201477911141821
ds005540,de_ridge_base,0,0,combined_personalized,0.01819748369989487,-0.05130048378509503,0.08799449273811963,1985,0.2201477911141821
ds005540,de_ridge_base,0,1,prior,0.3897076368081029,0.21089936494751568,0.46721821829334986,1985,0.23195701058201063
ds005540,de_ridge_base,0,1,prior_personalized,0.3897076368081029,0.21089936494751568,0.46721821829334986,1985,0.23195701058201063
ds005540,de_ridge_base,0,1,eeg_population,0.02535990013448732,-0.05551267896870187,0.10139517676609103,1985,0.22120454659587635
ds005540,de_ridge_base,0,1,eeg_personalized,0.02535990013448732,-0.05551267896870187,0.10139517676609103,1985,0.22120454659587635
ds005540,de_ridge_base,0,1,combined_population,0.3797838547972271,0.20508595476091318,0.4623997678991352,1985,0.24258470005488988
ds005540,de_ridge_base,0,1,combined_personalized,0.3797838547972271,0.20508595476091318,0.4623997678991352,1985,0.24258470005488988
ds005540,de_ridge_base,0,2,prior,0.44729263481390646,0.2799642259821634,0.5034015251322533,1985,0.1847556216931217
ds005540,de_ridge_base,0,2,prior_personalized,0.44729263481390646,0.2799642259821634,0.5034015251322533,1985,0.1847556216931217
ds005540,de_ridge_base,0,2,eeg_population,0.019950072383017325,-0.059974896019207365,0.09770573051622411,1985,0.22215386615243485
ds005540,de_ridge_base,0,2,eeg_personalized,0.019950072383017325,-0.059974896019207365,0.09770573051622411,1985,0.22215386615243485
ds005540,de_ridge_base,0,2,combined_population,0.44072046280461485,0.27057263965106093,0.4996621035961279,1985,0.19289488400931384
ds005540,de_ridge_base,0,2,combined_personalized,0.44072046280461485,0.27057263965106093,0.4996621035961279,1985,0.19289488400931384
ds005540,de_ridge_base,0,4,prior,0.472923249015021,0.3161273456568725,0.526904526475204,1985,0.16945006613756614
ds005540,de_ridge_base,0,4,prior_personalized,0.472923249015021,0.3161273456568725,0.526904526475204,1985,0.16945006613756614
ds005540,de_ridge_base,0,4,eeg_population,0.024785504312946422,-0.056602411780603185,0.10164280096687767,1985,0.2209799232375293
ds005540,de_ridge_base,0,4,eeg_personalized,0.024785504312946422,-0.056602411780603185,0.10164280096687767,1985,0.2209799232375293
ds005540,de_ridge_base,0,4,combined_population,0.466511774986916,0.3038087267153469,0.5239880535111635,1985,0.1805538836988818
ds005540,de_ridge_base,0,4,combined_personalized,0.466511774986916,0.3038087267153469,0.5239880535111635,1985,0.1805538836988818
ds005540,de_ridge_base,0,8,prior,0.4907012372224836,0.3345533219204282,0.5373913527901665,1985,0.16290261243386245
ds005540,de_ridge_base,0,8,prior_personalized,0.4907012372224836,0.3345533219204282,0.5373913527901665,1985,0.16290261243386245
ds005540,de_ridge_base,0,8,eeg_population,0.02103296255292619,-0.06012937852508756,0.095859087517628,1985,0.22084475102082296
ds005540,de_ridge_base,0,8,eeg_personalized,0.02103296255292619,-0.06012937852508756,0.095859087517628,1985,0.22084475102082296
ds005540,de_ridge_base,0,8,combined_population,0.4831928578585477,0.30861511836591415,0.5417941432452239,1985,0.17316146304947932
ds005540,de_ridge_base,0,8,combined_personalized,0.4831928578585477,0.30861511836591415,0.5417941432452239,1985,0.17316146304947932
ds005540,de_ridge_base,1,0,prior,-3.0732194575483232e-15,-1.714950987870467e-15,1.807240557004948e-15,1985,0.21154367944837507
ds005540,de_ridge_base,1,0,prior_personalized,0.13942400367279467,0.030055573349925105,0.220531096193554,1985,0.24356052006101078
ds005540,de_ridge_base,1,0,eeg_population,0.015759027475010824,-0.06377089763428272,0.0913794948309343,1985,0.22167952811467492
ds005540,de_ridge_base,1,0,eeg_personalized,0.12278550126788905,-0.0064802940002296585,0.23083967677096057,1985,0.25563377638561596
ds005540,de_ridge_base,1,0,combined_population,0.01819748369989487,-0.05130048378509503,0.08799449273811963,1985,0.2201477911141821
ds005540,de_ridge_base,1,0,combined_personalized,0.13485561064151452,0.026210426917628774,0.21786411173505793,1985,0.249447616468836
ds005540,de_ridge_base,1,1,prior,0.3897076368081029,0.21089936494751568,0.46721821829334986,1985,0.23195701058201063
ds005540,de_ridge_base,1,1,prior_personalized,0.40995118909402206,0.2513857402546658,0.4908165172649549,1985,0.2574170719213611
ds005540,de_ridge_base,1,1,eeg_population,0.02535990013448732,-0.05551267896870187,0.10139517676609103,1985,0.22120454659587635
ds005540,de_ridge_base,1,1,eeg_personalized,0.12816387005090024,0.0011001897877532417,0.23349630356032275,1985,0.25662660940521104
ds005540,de_ridge_base,1,1,combined_population,0.3797838547972271,0.20508595476091318,0.4623997678991352,1985,0.24258470005488988
ds005540,de_ridge_base,1,1,combined_personalized,0.4079607145528983,0.2507691506969066,0.4920899490506438,1985,0.26064176278493567
ds005540,de_ridge_base,1,2,prior,0.44729263481390646,0.2799642259821634,0.5034015251322533,1985,0.1847556216931217
ds005540,de_ridge_base,1,2,prior_personalized,0.45298874237330666,0.2925026522506863,0.5292245183821856,1985,0.21862092411038486
ds005540,de_ridge_base,1,2,eeg_population,0.019950072383017325,-0.059974896019207365,0.09770573051622411,1985,0.22215386615243485
ds005540,de_ridge_base,1,2,eeg_personalized,0.12850547826542416,-0.0024942657184367925,0.23333925294344585,1985,0.25718664144067743
ds005540,de_ridge_base,1,2,combined_population,0.44072046280461485,0.27057263965106093,0.4996621035961279,1985,0.19289488400931384
ds005540,de_ridge_base,1,2,combined_personalized,0.44906579970845,0.2930820130681775,0.5223865845008944,1985,0.22097757421902484
ds005540,de_ridge_base,1,4,prior,0.472923249015021,0.3161273456568725,0.526904526475204,1985,0.16945006613756614
ds005540,de_ridge_base,1,4,prior_personalized,0.4734042218746855,0.3110503066207855,0.5511125750481486,1985,0.20628687898770615
ds005540,de_ridge_base,1,4,eeg_population,0.024785504312946422,-0.056602411780603185,0.10164280096687767,1985,0.2209799232375293
ds005540,de_ridge_base,1,4,eeg_personalized,0.13037315767456265,0.0015684701290844837,0.23462313180570155,1985,0.2577187952653156
ds005540,de_ridge_base,1,4,combined_population,0.466511774986916,0.3038087267153469,0.5239880535111635,1985,0.1805538836988818
ds005540,de_ridge_base,1,4,combined_personalized,0.4628223888722262,0.3068271664941231,0.5370027145910694,1985,0.21033361058987463
ds005540,de_ridge_base,1,8,prior,0.4907012372224836,0.3345533219204282,0.5373913527901665,1985,0.16290261243386245
ds005540,de_ridge_base,1,8,prior_personalized,0.4855856648588942,0.3213039291052298,0.5558422639274376,1985,0.20154269702058714
ds005540,de_ridge_base,1,8,eeg_population,0.02103296255292619,-0.06012937852508756,0.095859087517628,1985,0.22084475102082296
ds005540,de_ridge_base,1,8,eeg_personalized,0.12955113452641645,-0.005530749941895008,0.23590675095731242,1985,0.2567194176665428
ds005540,de_ridge_base,1,8,combined_population,0.4831928578585477,0.30861511836591415,0.5417941432452239,1985,0.17316146304947932
ds005540,de_ridge_base,1,8,combined_personalized,0.4746062349687478,0.31606502650910717,0.5431609428707749,1985,0.20536894538770345
ds005540,de_ridge_base,2,0,prior,-3.0732194575483232e-15,-1.714950987870467e-15,1.807240557004948e-15,1985,0.21154367944837507
ds005540,de_ridge_base,2,0,prior_personalized,0.13636464028270187,0.029622854322342313,0.1999166613095847,1985,0.211274476386932
ds005540,de_ridge_base,2,0,eeg_population,0.015759027475010824,-0.06377089763428272,0.0913794948309343,1985,0.22167952811467492
ds005540,de_ridge_base,2,0,eeg_personalized,0.13664532860832765,0.012828402941654273,0.22148040081590392,1985,0.22452488674243543
ds005540,de_ridge_base,2,0,combined_population,0.01819748369989487,-0.05130048378509503,0.08799449273811963,1985,0.2201477911141821
ds005540,de_ridge_base,2,0,combined_personalized,0.13002980299943429,0.02059480468182249,0.20244353208975033,1985,0.21682346973642136
ds005540,de_ridge_base,2,1,prior,0.3897076368081029,0.21089936494751568,0.46721821829334986,1985,0.23195701058201063
ds005540,de_ridge_base,2,1,prior_personalized,0.4384746654153546,0.2600467268918161,0.5146754527111957,1985,0.23789503065886847
ds005540,de_ridge_base,2,1,eeg_population,0.02535990013448732,-0.05551267896870187,0.10139517676609103,1985,0.22120454659587635
ds005540,de_ridge_base,2,1,eeg_personalized,0.1426576997969212,0.020276141907974613,0.22658049468501465,1985,0.22488468485611562
ds005540,de_ridge_base,2,1,combined_population,0.3797838547972271,0.20508595476091318,0.4623997678991352,1985,0.24258470005488988
ds005540,de_ridge_base,2,1,combined_personalized,0.43596942780030307,0.26014688652465995,0.5099082703036356,1985,0.2376275926966615
ds005540,de_ridge_base,2,2,prior,0.44729263481390646,0.2799642259821634,0.5034015251322533,1985,0.1847556216931217
ds005540,de_ridge_base,2,2,prior_personalized,0.5141625393565328,0.3378017769703338,0.5683849918049656,1985,0.1908285463838313
ds005540,de_ridge_base,2,2,eeg_population,0.019950072383017325,-0.059974896019207365,0.09770573051622411,1985,0.22215386615243485
ds005540,de_ridge_base,2,2,eeg_personalized,0.14318727772208653,0.01870355374921833,0.22663344799998114,1985,0.2256227341613679
ds005540,de_ridge_base,2,2,combined_population,0.44072046280461485,0.27057263965106093,0.4996621035961279,1985,0.19289488400931384
ds005540,de_ridge_base,2,2,combined_personalized,0.506853086767365,0.3348511243399447,0.5602563653626902,1985,0.19477409549054242
ds005540,de_ridge_base,2,4,prior,0.472923249015021,0.3161273456568725,0.526904526475204,1985,0.16945006613756614
ds005540,de_ridge_base,2,4,prior_personalized,0.5440407826025998,0.3695171945863509,0.6009279967811989,1985,0.17446036418306637
ds005540,de_ridge_base,2,4,eeg_population,0.024785504312946422,-0.056602411780603185,0.10164280096687767,1985,0.2209799232375293
ds005540,de_ridge_base,2,4,eeg_personalized,0.14877422769419268,0.024343626461624846,0.23089392166270814,1985,0.22464524185065135
ds005540,de_ridge_base,2,4,combined_population,0.466511774986916,0.3038087267153469,0.5239880535111635,1985,0.1805538836988818
ds005540,de_ridge_base,2,4,combined_personalized,0.529330765894667,0.3584716840824941,0.5839592460140869,1985,0.1814116724215252
ds005540,de_ridge_base,2,8,prior,0.4907012372224836,0.3345533219204282,0.5373913527901665,1985,0.16290261243386245
ds005540,de_ridge_base,2,8,prior_personalized,0.5559170887724669,0.3884344234414115,0.6086931311819719,1985,0.167525190912936
ds005540,de_ridge_base,2,8,eeg_population,0.02103296255292619,-0.06012937852508756,0.095859087517628,1985,0.22084475102082296
ds005540,de_ridge_base,2,8,eeg_personalized,0.14804172347762157,0.025615029633481463,0.22962992350881448,1985,0.22435874281589538
ds005540,de_ridge_base,2,8,combined_population,0.4831928578585477,0.30861511836591415,0.5417941432452239,1985,0.17316146304947932
ds005540,de_ridge_base,2,8,combined_personalized,0.5374143961924034,0.36335905138362284,0.5898375726428818,1985,0.17362369101115033
ds005540,de_ridge_base,4,0,prior,-3.0732194575483232e-15,-1.714950987870467e-15,1.807240557004948e-15,1985,0.21154367944837507
ds005540,de_ridge_base,4,0,prior_personalized,0.20127149421979934,0.08385164226010637,0.2531427176732738,1985,0.2002923326094837
ds005540,de_ridge_base,4,0,eeg_population,0.015759027475010824,-0.06377089763428272,0.0913794948309343,1985,0.22167952811467492
ds005540,de_ridge_base,4,0,eeg_personalized,0.1639544514693002,0.046199805284872435,0.22595566559856234,1985,0.21472053699763993
ds005540,de_ridge_base,4,0,combined_population,0.01819748369989487,-0.05130048378509503,0.08799449273811963,1985,0.2201477911141821
ds005540,de_ridge_base,4,0,combined_personalized,0.19039479388035663,0.06504807527456725,0.25325683280636496,1985,0.2031882439954133
ds005540,de_ridge_base,4,1,prior,0.3897076368081029,0.21089936494751568,0.46721821829334986,1985,0.23195701058201063
ds005540,de_ridge_base,4,1,prior_personalized,0.4722962162265828,0.29404451788590397,0.5440763807965416,1985,0.2275497664247026
ds005540,de_ridge_base,4,1,eeg_population,0.02535990013448732,-0.05551267896870187,0.10139517676609103,1985,0.22120454659587635
ds005540,de_ridge_base,4,1,eeg_personalized,0.170531618955712,0.052226181381387314,0.2333259300930531,1985,0.21452104442302353
ds005540,de_ridge_base,4,1,combined_population,0.3797838547972271,0.20508595476091318,0.4623997678991352,1985,0.24258470005488988
ds005540,de_ridge_base,4,1,combined_personalized,0.4686969005546732,0.290492848126131,0.5404603943076932,1985,0.22924835593816476
ds005540,de_ridge_base,4,2,prior,0.44729263481390646,0.2799642259821634,0.5034015251322533,1985,0.1847556216931217
ds005540,de_ridge_base,4,2,prior_personalized,0.5637120717710203,0.37428491654837465,0.612995632859207,1985,0.17898330466831794
ds005540,de_ridge_base,4,2,eeg_population,0.019950072383017325,-0.059974896019207365,0.09770573051622411,1985,0.22215386615243485
ds005540,de_ridge_base,4,2,eeg_personalized,0.16869015915237912,0.04677147656811631,0.23116232537509623,1985,0.2152261005082167
ds005540,de_ridge_base,4,2,combined_population,0.44072046280461485,0.27057263965106093,0.4996621035961279,1985,0.19289488400931384
ds005540,de_ridge_base,4,2,combined_personalized,0.5591529860951986,0.37674319085401414,0.6109802356197398,1985,0.17946398294419846
ds005540,de_ridge_base,4,4,prior,0.472923249015021,0.3161273456568725,0.526904526475204,1985,0.16945006613756614
ds005540,de_ridge_base,4,4,prior_personalized,0.6082045791036811,0.42306670728997486,0.6553064451107395,1985,0.1566922013804928
ds005540,de_ridge_base,4,4,eeg_population,0.024785504312946422,-0.056602411780603185,0.10164280096687767,1985,0.2209799232375293
ds005540,de_ridge_base,4,4,eeg_personalized,0.17388444189374264,0.05493101058401502,0.23841373713449726,1985,0.2145616629540484
ds005540,de_ridge_base,4,4,combined_population,0.466511774986916,0.3038087267153469,0.5239880535111635,1985,0.1805538836988818
ds005540,de_ridge_base,4,4,combined_personalized,0.5967262057023158,0.4168879990748046,0.6409935335512961,1985,0.1632689083295233
ds005540,de_ridge_base,4,8,prior,0.4907012372224836,0.3345533219204282,0.5373913527901665,1985,0.16290261243386245
ds005540,de_ridge_base,4,8,prior_personalized,0.6274400484258289,0.4432092531586465,0.6696496152637839,1985,0.1511367072096877
ds005540,de_ridge_base,4,8,eeg_population,0.02103296255292619,-0.06012937852508756,0.095859087517628,1985,0.22084475102082296
ds005540,de_ridge_base,4,8,eeg_personalized,0.17428637049195794,0.05365632827232921,0.23545550496297532,1985,0.2152676923030877
ds005540,de_ridge_base,4,8,combined_population,0.4831928578585477,0.30861511836591415,0.5417941432452239,1985,0.17316146304947932
ds005540,de_ridge_base,4,8,combined_personalized,0.6132964097748961,0.4285198905958935,0.6555823764611831,1985,0.15547993652592376
ds005540,de_ridge_base,8,0,prior,-3.0732194575483232e-15,-1.714950987870467e-15,1.807240557004948e-15,1985,0.21154367944837507
ds005540,de_ridge_base,8,0,prior_personalized,0.20355097551998394,0.08804728028094931,0.25064802730503327,1985,0.19155023578113023
ds005540,de_ridge_base,8,0,eeg_population,0.015759027475010824,-0.06377089763428272,0.0913794948309343,1985,0.22167952811467492
ds005540,de_ridge_base,8,0,eeg_personalized,0.17427052492313097,0.0465585404345391,0.2412683757197974,1985,0.2014027660620295
ds005540,de_ridge_base,8,0,combined_population,0.01819748369989487,-0.05130048378509503,0.08799449273811963,1985,0.2201477911141821
ds005540,de_ridge_base,8,0,combined_personalized,0.19494063262193956,0.07619793463134159,0.2508233653778254,1985,0.19423535064247172
ds005540,de_ridge_base,8,1,prior,0.3897076368081029,0.21089936494751568,0.46721821829334986,1985,0.23195701058201063
ds005540,de_ridge_base,8,1,prior_personalized,0.474201241691356,0.2952514336768077,0.5462148578312847,1985,0.222715289091138
ds005540,de_ridge_base,8,1,eeg_population,0.02535990013448732,-0.05551267896870187,0.10139517676609103,1985,0.22120454659587635
ds005540,de_ridge_base,8,1,eeg_personalized,0.18223146165534207,0.05088564665402761,0.24670270652214527,1985,0.2014373166020353
ds005540,de_ridge_base,8,1,combined_population,0.3797838547972271,0.20508595476091318,0.4623997678991352,1985,0.24258470005488988
ds005540,de_ridge_base,8,1,combined_personalized,0.47106112864024513,0.2880615946189543,0.5423921706410381,1985,0.22419010420279584
ds005540,de_ridge_base,8,2,prior,0.44729263481390646,0.2799642259821634,0.5034015251322533,1985,0.1847556216931217
ds005540,de_ridge_base,8,2,prior_personalized,0.5676535706334505,0.36714073884385934,0.6185520079969625,1985,0.17405386184083965
ds005540,de_ridge_base,8,2,eeg_population,0.019950072383017325,-0.059974896019207365,0.09770573051622411,1985,0.22215386615243485
ds005540,de_ridge_base,8,2,eeg_personalized,0.1782951584918027,0.046495579463614815,0.24441691011667707,1985,0.20207477546170427
ds005540,de_ridge_base,8,2,combined_population,0.44072046280461485,0.27057263965106093,0.4996621035961279,1985,0.19289488400931384
ds005540,de_ridge_base,8,2,combined_personalized,0.5651406505671192,0.3777620163706835,0.6172482491141447,1985,0.1739807471732621
ds005540,de_ridge_base,8,4,prior,0.472923249015021,0.3161273456568725,0.526904526475204,1985,0.16945006613756614
ds005540,de_ridge_base,8,4,prior_personalized,0.6104864167450004,0.4220014896296483,0.6554986570733079,1985,0.15512004551872685
ds005540,de_ridge_base,8,4,eeg_population,0.024785504312946422,-0.056602411780603185,0.10164280096687767,1985,0.2209799232375293
ds005540,de_ridge_base,8,4,eeg_personalized,0.18372997537480482,0.055980545478948235,0.24830950512137953,1985,0.20092192211684465
ds005540,de_ridge_base,8,4,combined_population,0.466511774986916,0.3038087267153469,0.5239880535111635,1985,0.1805538836988818
ds005540,de_ridge_base,8,4,combined_personalized,0.6021260546631938,0.42055916943147736,0.65157923584859,1985,0.15867394805344942
ds005540,de_ridge_base,8,8,prior,0.4907012372224836,0.3345533219204282,0.5373913527901665,1985,0.16290261243386245
ds005540,de_ridge_base,8,8,prior_personalized,0.6327069705103981,0.44529828530725174,0.6771887237220667,1985,0.1450768522313176
ds005540,de_ridge_base,8,8,eeg_population,0.02103296255292619,-0.06012937852508756,0.095859087517628,1985,0.22084475102082296
ds005540,de_ridge_base,8,8,eeg_personalized,0.18276811743466775,0.05267787218973626,0.24605821771066133,1985,0.2022063547505241
ds005540,de_ridge_base,8,8,combined_population,0.4831928578585477,0.30861511836591415,0.5417941432452239,1985,0.17316146304947932
ds005540,de_ridge_base,8,8,combined_personalized,0.6219198972777702,0.4355418838374758,0.6718796655067792,1985,0.14793197760062157
ds005540,de_ridge_strong,0,0,prior,-3.0732194575483232e-15,-1.714950987870467e-15,1.807240557004948e-15,1985,0.21154367944837507
ds005540,de_ridge_strong,0,0,prior_personalized,-3.0732194575483232e-15,-1.714950987870467e-15,1.807240557004948e-15,1985,0.21154367944837507
ds005540,de_ridge_strong,0,0,eeg_population,-0.007512932951889953,-0.050614374672522264,0.04004164976817344,1985,0.21388356428101046
ds005540,de_ridge_strong,0,0,eeg_personalized,-0.007512932951889953,-0.050614374672522264,0.04004164976817344,1985,0.21388356428101046
ds005540,de_ridge_strong,0,0,combined_population,-0.011944173371583867,-0.06366321569417933,0.051452387208984075,1985,0.21905354611969466
ds005540,de_ridge_strong,0,0,combined_personalized,-0.011944173371583867,-0.06366321569417933,0.051452387208984075,1985,0.21905354611969466
ds005540,de_ridge_strong,0,1,prior,0.3897076368081029,0.21089936494751568,0.46721821829334986,1985,0.23195701058201063
ds005540,de_ridge_strong,0,1,prior_personalized,0.3897076368081029,0.21089936494751568,0.46721821829334986,1985,0.23195701058201063
ds005540,de_ridge_strong,0,1,eeg_population,-0.005379629080386623,-0.04962701393787205,0.04287053798082124,1985,0.21393997794154146
ds005540,de_ridge_strong,0,1,eeg_personalized,-0.005379629080386623,-0.04962701393787205,0.04287053798082124,1985,0.21393997794154146
ds005540,de_ridge_strong,0,1,combined_population,0.376861233364779,0.2038812831113707,0.4566811068472261,1985,0.23974648064718534
ds005540,de_ridge_strong,0,1,combined_personalized,0.376861233364779,0.2038812831113707,0.4566811068472261,1985,0.23974648064718534
ds005540,de_ridge_strong,0,2,prior,0.44729263481390646,0.2799642259821634,0.5034015251322533,1985,0.1847556216931217
ds005540,de_ridge_strong,0,2,prior_personalized,0.44729263481390646,0.2799642259821634,0.5034015251322533,1985,0.1847556216931217
ds005540,de_ridge_strong,0,2,eeg_population,-0.00767601113605562,-0.05330751134674436,0.04170793041332189,1985,0.2141972494674262
ds005540,de_ridge_strong,0,2,eeg_personalized,-0.00767601113605562,-0.05330751134674436,0.04170793041332189,1985,0.2141972494674262
ds005540,de_ridge_strong,0,2,combined_population,0.4285407451870228,0.2640896843861865,0.4877120981778952,1985,0.19131676068123643
ds005540,de_ridge_strong,0,2,combined_personalized,0.4285407451870228,0.2640896843861865,0.4877120981778952,1985,0.19131676068123643
ds005540,de_ridge_strong,0,4,prior,0.472923249015021,0.3161273456568725,0.526904526475204,1985,0.16945006613756614
ds005540,de_ridge_strong,0,4,prior_personalized,0.472923249015021,0.3161273456568725,0.526904526475204,1985,0.16945006613756614
ds005540,de_ridge_strong,0,4,eeg_population,0.005999429173500359,-0.05370207762973351,0.06924010934774534,1985,0.21872473867009162
ds005540,de_ridge_strong,0,4,eeg_personalized,0.005999429173500359,-0.05370207762973351,0.06924010934774534,1985,0.21872473867009162
ds005540,de_ridge_strong,0,4,combined_population,0.45943545001350783,0.3023477747616227,0.5172337885964748,1985,0.1792622744717695
ds005540,de_ridge_strong,0,4,combined_personalized,0.45943545001350783,0.3023477747616227,0.5172337885964748,1985,0.1792622744717695
ds005540,de_ridge_strong,0,8,prior,0.4907012372224836,0.3345533219204282,0.5373913527901665,1985,0.16290261243386245
ds005540,de_ridge_strong,0,8,prior_personalized,0.4907012372224836,0.3345533219204282,0.5373913527901665,1985,0.16290261243386245
ds005540,de_ridge_strong,0,8,eeg_population,0.002873323675628253,-0.05625940450882825,0.06602853116903482,1985,0.2179324173296381
ds005540,de_ridge_strong,0,8,eeg_personalized,0.002873323675628253,-0.05625940450882825,0.06602853116903482,1985,0.2179324173296381
ds005540,de_ridge_strong,0,8,combined_population,0.4778023180589491,0.311889410922496,0.5364129517971085,1985,0.17167641118414
ds005540,de_ridge_strong,0,8,combined_personalized,0.4778023180589491,0.311889410922496,0.5364129517971085,1985,0.17167641118414
ds005540,de_ridge_strong,1,0,prior,-3.0732194575483232e-15,-1.714950987870467e-15,1.807240557004948e-15,1985,0.21154367944837507
ds005540,de_ridge_strong,1,0,prior_personalized,0.13942400367279467,0.030055573349925105,0.220531096193554,1985,0.24356052006101078
ds005540,de_ridge_strong,1,0,eeg_population,-0.007512932951889953,-0.050614374672522264,0.04004164976817344,1985,0.21388356428101046
ds005540,de_ridge_strong,1,0,eeg_personalized,0.12566863630305067,0.0022857420110063624,0.2347611175491903,1985,0.25026244745393805
ds005540,de_ridge_strong,1,0,combined_population,-0.011944173371583867,-0.06366321569417933,0.051452387208984075,1985,0.21905354611969466
ds005540,de_ridge_strong,1,0,combined_personalized,0.13600327746253832,0.02827245227633676,0.2185935344022001,1985,0.24841297426115663
ds005540,de_ridge_strong,1,1,prior,0.3897076368081029,0.21089936494751568,0.46721821829334986,1985,0.23195701058201063
ds005540,de_ridge_strong,1,1,prior_personalized,0.40995118909402206,0.2513857402546658,0.4908165172649549,1985,0.2574170719213611
ds005540,de_ridge_strong,1,1,eeg_population,-0.005379629080386623,-0.04962701393787205,0.04287053798082124,1985,0.21393997794154146
ds005540,de_ridge_strong,1,1,eeg_personalized,0.1280557630657948,0.004998755536522701,0.23477721868660045,1985,0.2507429526152303
ds005540,de_ridge_strong,1,1,combined_population,0.376861233364779,0.2038812831113707,0.4566811068472261,1985,0.23974648064718534
ds005540,de_ridge_strong,1,1,combined_personalized,0.4064769019307469,0.24505580160273796,0.4920617732881282,1985,0.25784922600309496
ds005540,de_ridge_strong,1,2,prior,0.44729263481390646,0.2799642259821634,0.5034015251322533,1985,0.1847556216931217
ds005540,de_ridge_strong,1,2,prior_personalized,0.45298874237330666,0.2925026522506863,0.5292245183821856,1985,0.21862092411038486
ds005540,de_ridge_strong,1,2,eeg_population,-0.00767601113605562,-0.05330751134674436,0.04170793041332189,1985,0.2141972494674262
ds005540,de_ridge_strong,1,2,eeg_personalized,0.1286176466375345,0.004050835829317039,0.23642221218324194,1985,0.2506953195081445
ds005540,de_ridge_strong,1,2,combined_population,0.4285407451870228,0.2640896843861865,0.4877120981778952,1985,0.19131676068123643
ds005540,de_ridge_strong,1,2,combined_personalized,0.45322342520339803,0.29384912036905686,0.5258431505700903,1985,0.217486273666143
ds005540,de_ridge_strong,1,4,prior,0.472923249015021,0.3161273456568725,0.526904526475204,1985,0.16945006613756614
ds005540,de_ridge_strong,1,4,prior_personalized,0.4734042218746855,0.3110503066207855,0.5511125750481486,1985,0.20628687898770615
ds005540,de_ridge_strong,1,4,eeg_population,0.005999429173500359,-0.05370207762973351,0.06924010934774534,1985,0.21872473867009162
ds005540,de_ridge_strong,1,4,eeg_personalized,0.13138772384818592,0.011483522988759692,0.2362016473724236,1985,0.25170940333076686
ds005540,de_ridge_strong,1,4,combined_population,0.45943545001350783,0.3023477747616227,0.5172337885964748,1985,0.1792622744717695
ds005540,de_ridge_strong,1,4,combined_personalized,0.4618665748475409,0.30484721058653325,0.5347453702959039,1985,0.2107039052872884
ds005540,de_ridge_strong,1,8,prior,0.4907012372224836,0.3345533219204282,0.5373913527901665,1985,0.16290261243386245
ds005540,de_ridge_strong,1,8,prior_personalized,0.4855856648588942,0.3213039291052298,0.5558422639274376,1985,0.20154269702058714
ds005540,de_ridge_strong,1,8,eeg_population,0.002873323675628253,-0.05625940450882825,0.06602853116903482,1985,0.2179324173296381
ds005540,de_ridge_strong,1,8,eeg_personalized,0.13303295089037714,0.008170120446011954,0.2389710017660697,1985,0.25060158617099504
ds005540,de_ridge_strong,1,8,combined_population,0.4778023180589491,0.311889410922496,0.5364129517971085,1985,0.17167641118414
ds005540,de_ridge_strong,1,8,combined_personalized,0.4742004855526509,0.31872822555644764,0.5432138523878414,1985,0.2053440418639219
ds005540,de_ridge_strong,2,0,prior,-3.0732194575483232e-15,-1.714950987870467e-15,1.807240557004948e-15,1985,0.21154367944837507
ds005540,de_ridge_strong,2,0,prior_personalized,0.13636464028270187,0.029622854322342313,0.1999166613095847,1985,0.211274476386932
ds005540,de_ridge_strong,2,0,eeg_population,-0.007512932951889953,-0.050614374672522264,0.04004164976817344,1985,0.21388356428101046
ds005540,de_ridge_strong,2,0,eeg_personalized,0.13695664902055688,0.025604314085952023,0.21404258413701466,1985,0.2207186665092983
ds005540,de_ridge_strong,2,0,combined_population,-0.011944173371583867,-0.06366321569417933,0.051452387208984075,1985,0.21905354611969466
ds005540,de_ridge_strong,2,0,combined_personalized,0.12691297754629194,0.019903230288928826,0.19776865568977156,1985,0.21597260769752244
ds005540,de_ridge_strong,2,1,prior,0.3897076368081029,0.21089936494751568,0.46721821829334986,1985,0.23195701058201063
ds005540,de_ridge_strong,2,1,prior_personalized,0.4384746654153546,0.2600467268918161,0.5146754527111957,1985,0.23789503065886847
ds005540,de_ridge_strong,2,1,eeg_population,-0.005379629080386623,-0.04962701393787205,0.04287053798082124,1985,0.21393997794154146
ds005540,de_ridge_strong,2,1,eeg_personalized,0.1386601047805652,0.027157212351454324,0.21598230354074832,1985,0.22087471110133108
ds005540,de_ridge_strong,2,1,combined_population,0.376861233364779,0.2038812831113707,0.4566811068472261,1985,0.23974648064718534
ds005540,de_ridge_strong,2,1,combined_personalized,0.4340861846167322,0.25698640508438625,0.5101809827948792,1985,0.2379201762427182
ds005540,de_ridge_strong,2,2,prior,0.44729263481390646,0.2799642259821634,0.5034015251322533,1985,0.1847556216931217
ds005540,de_ridge_strong,2,2,prior_personalized,0.5141625393565328,0.3378017769703338,0.5683849918049656,1985,0.1908285463838313
ds005540,de_ridge_strong,2,2,eeg_population,-0.00767601113605562,-0.05330751134674436,0.04170793041332189,1985,0.2141972494674262
ds005540,de_ridge_strong,2,2,eeg_personalized,0.1394396775108504,0.025467203784593162,0.21444506008099185,1985,0.22093674790592002
ds005540,de_ridge_strong,2,2,combined_population,0.4285407451870228,0.2640896843861865,0.4877120981778952,1985,0.19131676068123643
ds005540,de_ridge_strong,2,2,combined_personalized,0.5084967399771063,0.33262015979214243,0.5637938160497723,1985,0.19276971233506787
ds005540,de_ridge_strong,2,4,prior,0.472923249015021,0.3161273456568725,0.526904526475204,1985,0.16945006613756614
ds005540,de_ridge_strong,2,4,prior_personalized,0.5440407826025998,0.3695171945863509,0.6009279967811989,1985,0.17446036418306637
ds005540,de_ridge_strong,2,4,eeg_population,0.005999429173500359,-0.05370207762973351,0.06924010934774534,1985,0.21872473867009162
ds005540,de_ridge_strong,2,4,eeg_personalized,0.14979989725557688,0.03257943984606415,0.22550057515743918,1985,0.22053052455684163
ds005540,de_ridge_strong,2,4,combined_population,0.45943545001350783,0.3023477747616227,0.5172337885964748,1985,0.1792622744717695
ds005540,de_ridge_strong,2,4,combined_personalized,0.5289094676680965,0.3609144149708402,0.5831141231531541,1985,0.1813464820979928
ds005540,de_ridge_strong,2,8,prior,0.4907012372224836,0.3345533219204282,0.5373913527901665,1985,0.16290261243386245
ds005540,de_ridge_strong,2,8,prior_personalized,0.5559170887724669,0.3884344234414115,0.6086931311819719,1985,0.167525190912936
ds005540,de_ridge_strong,2,8,eeg_population,0.002873323675628253,-0.05625940450882825,0.06602853116903482,1985,0.2179324173296381
ds005540,de_ridge_strong,2,8,eeg_personalized,0.14891257159846086,0.03014993989682171,0.22500210521660455,1985,0.22014103343067185
ds005540,de_ridge_strong,2,8,combined_population,0.4778023180589491,0.311889410922496,0.5364129517971085,1985,0.17167641118414
ds005540,de_ridge_strong,2,8,combined_personalized,0.5380022035272852,0.3645354705353048,0.5905525594268954,1985,0.17315581255070098
ds005540,de_ridge_strong,4,0,prior,-3.0732194575483232e-15,-1.714950987870467e-15,1.807240557004948e-15,1985,0.21154367944837507
ds005540,de_ridge_strong,4,0,prior_personalized,0.20127149421979934,0.08385164226010637,0.2531427176732738,1985,0.2002923326094837
ds005540,de_ridge_strong,4,0,eeg_population,-0.007512932951889953,-0.050614374672522264,0.04004164976817344,1985,0.21388356428101046
ds005540,de_ridge_strong,4,0,eeg_personalized,0.16852635361056162,0.060395153183198186,0.2278090593802686,1985,0.21153293989778996
ds005540,de_ridge_strong,4,0,combined_population,-0.011944173371583867,-0.06366321569417933,0.051452387208984075,1985,0.21905354611969466
ds005540,de_ridge_strong,4,0,combined_personalized,0.18947582896701015,0.0659438722633735,0.24595390873406744,1985,0.20236308989782667
ds005540,de_ridge_strong,4,1,prior,0.3897076368081029,0.21089936494751568,0.46721821829334986,1985,0.23195701058201063
ds005540,de_ridge_strong,4,1,prior_personalized,0.4722962162265828,0.29404451788590397,0.5440763807965416,1985,0.2275497664247026
ds005540,de_ridge_strong,4,1,eeg_population,-0.005379629080386623,-0.04962701393787205,0.04287053798082124,1985,0.21393997794154146
ds005540,de_ridge_strong,4,1,eeg_personalized,0.17059686038363545,0.061495957088942954,0.22957653607063647,1985,0.2115690547330082
ds005540,de_ridge_strong,4,1,combined_population,0.376861233364779,0.2038812831113707,0.4566811068472261,1985,0.23974648064718534
ds005540,de_ridge_strong,4,1,combined_personalized,0.4698103914515947,0.2899627089697151,0.541013780106356,1985,0.2293378465476545
ds005540,de_ridge_strong,4,2,prior,0.44729263481390646,0.2799642259821634,0.5034015251322533,1985,0.1847556216931217
ds005540,de_ridge_strong,4,2,prior_personalized,0.5637120717710203,0.37428491654837465,0.612995632859207,1985,0.17898330466831794
ds005540,de_ridge_strong,4,2,eeg_population,-0.00767601113605562,-0.05330751134674436,0.04170793041332189,1985,0.2141972494674262
ds005540,de_ridge_strong,4,2,eeg_personalized,0.17002316136307688,0.05917063599226621,0.22926432727373414,1985,0.21169557030442557
ds005540,de_ridge_strong,4,2,combined_population,0.4285407451870228,0.2640896843861865,0.4877120981778952,1985,0.19131676068123643
ds005540,de_ridge_strong,4,2,combined_personalized,0.5597328676871993,0.37370190543564485,0.6102678453889955,1985,0.179878312473914
ds005540,de_ridge_strong,4,4,prior,0.472923249015021,0.3161273456568725,0.526904526475204,1985,0.16945006613756614
ds005540,de_ridge_strong,4,4,prior_personalized,0.6082045791036811,0.42306670728997486,0.6553064451107395,1985,0.1566922013804928
ds005540,de_ridge_strong,4,4,eeg_population,0.005999429173500359,-0.05370207762973351,0.06924010934774534,1985,0.21872473867009162
ds005540,de_ridge_strong,4,4,eeg_personalized,0.17903341148664426,0.064989659261507,0.23929561875538738,1985,0.21167135544715193
ds005540,de_ridge_strong,4,4,combined_population,0.45943545001350783,0.3023477747616227,0.5172337885964748,1985,0.1792622744717695
ds005540,de_ridge_strong,4,4,combined_personalized,0.5971616318423759,0.41792059598115755,0.6415877813697484,1985,0.16274794516753
ds005540,de_ridge_strong,4,8,prior,0.4907012372224836,0.3345533219204282,0.5373913527901665,1985,0.16290261243386245
ds005540,de_ridge_strong,4,8,prior_personalized,0.6274400484258289,0.4432092531586465,0.6696496152637839,1985,0.1511367072096877
ds005540,de_ridge_strong,4,8,eeg_population,0.002873323675628253,-0.05625940450882825,0.06602853116903482,1985,0.2179324173296381
ds005540,de_ridge_strong,4,8,eeg_personalized,0.17839548312016854,0.06112018902730341,0.237524015863506,1985,0.21197286698462578
ds005540,de_ridge_strong,4,8,combined_population,0.4778023180589491,0.311889410922496,0.5364129517971085,1985,0.17167641118414
ds005540,de_ridge_strong,4,8,combined_personalized,0.6145955411959848,0.4287490220842318,0.6580173339278843,1985,0.15490062178136593
ds005540,de_ridge_strong,8,0,prior,-3.0732194575483232e-15,-1.714950987870467e-15,1.807240557004948e-15,1985,0.21154367944837507
ds005540,de_ridge_strong,8,0,prior_personalized,0.20355097551998394,0.08804728028094931,0.25064802730503327,1985,0.19155023578113023
ds005540,de_ridge_strong,8,0,eeg_population,-0.007512932951889953,-0.050614374672522264,0.04004164976817344,1985,0.21388356428101046
ds005540,de_ridge_strong,8,0,eeg_personalized,0.17730299826847168,0.058772836599760694,0.23586305599626506,1985,0.19746029468377438
ds005540,de_ridge_strong,8,0,combined_population,-0.011944173371583867,-0.06366321569417933,0.051452387208984075,1985,0.21905354611969466
ds005540,de_ridge_strong,8,0,combined_personalized,0.19302269866086091,0.07456351943199198,0.2467677051114802,1985,0.19357268518900664
ds005540,de_ridge_strong,8,1,prior,0.3897076368081029,0.21089936494751568,0.46721821829334986,1985,0.23195701058201063
ds005540,de_ridge_strong,8,1,prior_personalized,0.474201241691356,0.2952514336768077,0.5462148578312847,1985,0.222715289091138
ds005540,de_ridge_strong,8,1,eeg_population,-0.005379629080386623,-0.04962701393787205,0.04287053798082124,1985,0.21393997794154146
ds005540,de_ridge_strong,8,1,eeg_personalized,0.18031234978493912,0.06209246527481261,0.2388784425335757,1985,0.19742418544519214
ds005540,de_ridge_strong,8,1,combined_population,0.376861233364779,0.2038812831113707,0.4566811068472261,1985,0.23974648064718534
ds005540,de_ridge_strong,8,1,combined_personalized,0.4716150696119147,0.291719878706246,0.5422387339387373,1985,0.22466430838757798
ds005540,de_ridge_strong,8,2,prior,0.44729263481390646,0.2799642259821634,0.5034015251322533,1985,0.1847556216931217
ds005540,de_ridge_strong,8,2,prior_personalized,0.5676535706334505,0.36714073884385934,0.6185520079969625,1985,0.17405386184083965
ds005540,de_ridge_strong,8,2,eeg_population,-0.00767601113605562,-0.05330751134674436,0.04170793041332189,1985,0.2141972494674262
ds005540,de_ridge_strong,8,2,eeg_personalized,0.1783862797474487,0.05978047669008929,0.23685006907708278,1985,0.19742285814669763
ds005540,de_ridge_strong,8,2,combined_population,0.4285407451870228,0.2640896843861865,0.4877120981778952,1985,0.19131676068123643
ds005540,de_ridge_strong,8,2,combined_personalized,0.5654026593628655,0.37160616807426405,0.6167986071300294,1985,0.1741936770285682
ds005540,de_ridge_strong,8,4,prior,0.472923249015021,0.3161273456568725,0.526904526475204,1985,0.16945006613756614
ds005540,de_ridge_strong,8,4,prior_personalized,0.6104864167450004,0.4220014896296483,0.6554986570733079,1985,0.15512004551872685
ds005540,de_ridge_strong,8,4,eeg_population,0.005999429173500359,-0.05370207762973351,0.06924010934774534,1985,0.21872473867009162
ds005540,de_ridge_strong,8,4,eeg_personalized,0.18842354846442855,0.0642758766366727,0.24903764218179106,1985,0.19844149382901954
ds005540,de_ridge_strong,8,4,combined_population,0.45943545001350783,0.3023477747616227,0.5172337885964748,1985,0.1792622744717695
ds005540,de_ridge_strong,8,4,combined_personalized,0.6016821149408258,0.4201232666366781,0.6502278017861954,1985,0.15881266088005433
ds005540,de_ridge_strong,8,8,prior,0.4907012372224836,0.3345533219204282,0.5373913527901665,1985,0.16290261243386245
ds005540,de_ridge_strong,8,8,prior_personalized,0.6327069705103981,0.44529828530725174,0.6771887237220667,1985,0.1450768522313176
ds005540,de_ridge_strong,8,8,eeg_population,0.002873323675628253,-0.05625940450882825,0.06602853116903482,1985,0.2179324173296381
ds005540,de_ridge_strong,8,8,eeg_personalized,0.186549333762572,0.060846163074123716,0.2461736701054702,1985,0.19938452239107846
ds005540,de_ridge_strong,8,8,combined_population,0.4778023180589491,0.311889410922496,0.5364129517971085,1985,0.17167641118414
ds005540,de_ridge_strong,8,8,combined_personalized,0.622467076042624,0.4341204871024623,0.6709611914539182,1985,0.14792216650629253
ds005540,eegnet_lr1e3,0,0,prior,-3.0732194575483232e-15,-1.714950987870467e-15,1.807240557004948e-15,1985,0.21154367944837507
ds005540,eegnet_lr1e3,0,0,prior_personalized,-3.0732194575483232e-15,-1.714950987870467e-15,1.807240557004948e-15,1985,0.21154367944837507
ds005540,eegnet_lr1e3,0,0,eeg_population,0.005012621700976257,-0.02840939532412668,0.032686349161343886,1985,0.21039528357506612
ds005540,eegnet_lr1e3,0,0,eeg_personalized,0.005012627880579412,-0.0284093966124327,0.03268634960491219,1985,0.21039528308111052
ds005540,eegnet_lr1e3,0,0,combined_population,-0.00040099605147748756,-0.013264761181200915,0.019167225495233645,1985,0.21110374318742023
ds005540,eegnet_lr1e3,0,0,combined_personalized,-0.00040099605147748756,-0.013264761181200915,0.019167225495233645,1985,0.21110374318742023
ds005540,eegnet_lr1e3,0,1,prior,0.3897076368081029,0.21089936494751568,0.46721821829334986,1985,0.23195701058201063
ds005540,eegnet_lr1e3,0,1,prior_personalized,0.3897076368081029,0.21089936494751568,0.46721821829334986,1985,0.23195701058201063
ds005540,eegnet_lr1e3,0,1,eeg_population,-0.004917842001770759,-0.024868634780464707,0.01808819596230546,1985,0.21402014238988093
ds005540,eegnet_lr1e3,0,1,eeg_personalized,-0.004917835203852724,-0.024868628825255742,0.01808819898822913,1985,0.21402014203665276
ds005540,eegnet_lr1e3,0,1,combined_population,0.387092168714107,0.20909448824596877,0.4634877133859878,1985,0.23381953017231996
ds005540,eegnet_lr1e3,0,1,combined_personalized,0.387092168714107,0.20909448824596877,0.4634877133859878,1985,0.23381953017231996
ds005540,eegnet_lr1e3,0,2,prior,0.44729263481390646,0.2799642259821634,0.5034015251322533,1985,0.1847556216931217
ds005540,eegnet_lr1e3,0,2,prior_personalized,0.44729263481390646,0.2799642259821634,0.5034015251322533,1985,0.1847556216931217
ds005540,eegnet_lr1e3,0,2,eeg_population,-0.0032937860087992724,-0.020513988489104417,0.018096619209539613,1985,0.2128357267949735
ds005540,eegnet_lr1e3,0,2,eeg_personalized,-0.003293787766574334,-0.020513991074879716,0.018096599169905046,1985,0.21283572696858927
ds005540,eegnet_lr1e3,0,2,combined_population,0.44956708614104074,0.27983708221727893,0.5088539574383858,1985,0.1855103955721338
ds005540,eegnet_lr1e3,0,2,combined_personalized,0.44956708614104074,0.27983708221727893,0.5088539574383858,1985,0.1855103955721338
ds005540,eegnet_lr1e3,0,4,prior,0.472923249015021,0.3161273456568725,0.526904526475204,1985,0.16945006613756614
ds005540,eegnet_lr1e3,0,4,prior_personalized,0.472923249015021,0.3161273456568725,0.526904526475204,1985,0.16945006613756614
ds005540,eegnet_lr1e3,0,4,eeg_population,-0.0005278963833165344,-0.009879614274571676,0.014492218100467401,1985,0.21206701064451056
ds005540,eegnet_lr1e3,0,4,eeg_personalized,-0.0005278949934798113,-0.00987961449564087,0.014492219443588436,1985,0.21206701019177676
ds005540,eegnet_lr1e3,0,4,combined_population,0.48281024614796086,0.3308568756205054,0.5321932500240361,1985,0.16870468268990862
ds005540,eegnet_lr1e3,0,4,combined_personalized,0.48281024614796086,0.3308568756205054,0.5321932500240361,1985,0.16870468268990862
ds005540,eegnet_lr1e3,0,8,prior,0.4907012372224836,0.3345533219204282,0.5373913527901665,1985,0.16290261243386245
ds005540,eegnet_lr1e3,0,8,prior_personalized,0.4907012372224836,0.3345533219204282,0.5373913527901665,1985,0.16290261243386245
ds005540,eegnet_lr1e3,0,8,eeg_population,0.0019186794170957336,-0.025865543207723322,0.02598750235332955,1985,0.20915107414451056
ds005540,eegnet_lr1e3,0,8,eeg_personalized,0.0019186805611115672,-0.02586553946987719,0.02598750378423628,1985,0.20915107382494935
ds005540,eegnet_lr1e3,0,8,combined_population,0.48279012253137077,0.3294295586239849,0.5315561728312206,1985,0.1644614030667833
ds005540,eegnet_lr1e3,0,8,combined_personalized,0.48279012253137077,0.3294295586239849,0.5315561728312206,1985,0.1644614030667833
ds005540,eegnet_lr1e3,1,0,prior,-3.0732194575483232e-15,-1.714950987870467e-15,1.807240557004948e-15,1985,0.21154367944837507
ds005540,eegnet_lr1e3,1,0,prior_personalized,0.13942400367279467,0.030055573349925105,0.220531096193554,1985,0.24356052006101078
ds005540,eegnet_lr1e3,1,0,eeg_population,0.005012621700976257,-0.02840939532412668,0.032686349161343886,1985,0.21039528357506612
ds005540,eegnet_lr1e3,1,0,eeg_personalized,0.12146192973916206,0.0026462793527960286,0.23762693627296022,1985,0.2543085523293841
ds005540,eegnet_lr1e3,1,0,combined_population,-0.00040099605147748756,-0.013264761181200915,0.019167225495233645,1985,0.21110374318742023
ds005540,eegnet_lr1e3,1,0,combined_personalized,0.1426599350461797,0.032415259928208595,0.22407703553122557,1985,0.24329632808751805
ds005540,eegnet_lr1e3,1,1,prior,0.3897076368081029,0.21089936494751568,0.46721821829334986,1985,0.23195701058201063
ds005540,eegnet_lr1e3,1,1,prior_personalized,0.40995118909402206,0.2513857402546658,0.4908165172649549,1985,0.2574170719213611
ds005540,eegnet_lr1e3,1,1,eeg_population,-0.004917842001770759,-0.024868634780464707,0.01808819596230546,1985,0.21402014238988093
ds005540,eegnet_lr1e3,1,1,eeg_personalized,0.13410972149862133,0.006525711801455793,0.24355619646618495,1985,0.24879817008219224
ds005540,eegnet_lr1e3,1,1,combined_population,0.387092168714107,0.20909448824596877,0.4634877133859878,1985,0.23381953017231996
ds005540,eegnet_lr1e3,1,1,combined_personalized,0.40938205946548567,0.2512184100940673,0.490054589522303,1985,0.25817285266534784
ds005540,eegnet_lr1e3,1,2,prior,0.44729263481390646,0.2799642259821634,0.5034015251322533,1985,0.1847556216931217
ds005540,eegnet_lr1e3,1,2,prior_personalized,0.45298874237330666,0.2925026522506863,0.5292245183821856,1985,0.21862092411038486
ds005540,eegnet_lr1e3,1,2,eeg_population,-0.0032937860087992724,-0.020513988489104417,0.018096619209539613,1985,0.2128357267949735
ds005540,eegnet_lr1e3,1,2,eeg_personalized,0.13126862679809298,0.004354626795438435,0.24314596548212083,1985,0.2501923175999727
ds005540,eegnet_lr1e3,1,2,combined_population,0.44956708614104074,0.27983708221727893,0.5088539574383858,1985,0.1855103955721338
ds005540,eegnet_lr1e3,1,2,combined_personalized,0.4552325262183,0.2919104075548264,0.5331712980425709,1985,0.2181659746408798
ds005540,eegnet_lr1e3,1,4,prior,0.472923249015021,0.3161273456568725,0.526904526475204,1985,0.16945006613756614
ds005540,eegnet_lr1e3,1,4,prior_personalized,0.4734042218746855,0.3110503066207855,0.5511125750481486,1985,0.20628687898770615
ds005540,eegnet_lr1e3,1,4,eeg_population,-0.0005278963833165344,-0.009879614274571676,0.014492218100467401,1985,0.21206701064451056
ds005540,eegnet_lr1e3,1,4,eeg_personalized,0.13520818958076142,0.009521691721521803,0.2453222363078146,1985,0.2480071757622654
ds005540,eegnet_lr1e3,1,4,combined_population,0.48281024614796086,0.3308568756205054,0.5321932500240361,1985,0.16870468268990862
ds005540,eegnet_lr1e3,1,4,combined_personalized,0.476583757660393,0.3150156382233481,0.552613920139248,1985,0.20649311949006982
ds005540,eegnet_lr1e3,1,8,prior,0.4907012372224836,0.3345533219204282,0.5373913527901665,1985,0.16290261243386245
ds005540,eegnet_lr1e3,1,8,prior_personalized,0.4855856648588942,0.3213039291052298,0.5558422639274376,1985,0.20154269702058714
ds005540,eegnet_lr1e3,1,8,eeg_population,0.0019186794170957336,-0.025865543207723322,0.02598750235332955,1985,0.20915107414451056
ds005540,eegnet_lr1e3,1,8,eeg_personalized,0.12661860808908557,0.0029598413971664277,0.23929862264386215,1985,0.25046451775666584
ds005540,eegnet_lr1e3,1,8,combined_population,0.48279012253137077,0.3294295586239849,0.5315561728312206,1985,0.1644614030667833
ds005540,eegnet_lr1e3,1,8,combined_personalized,0.48373259730412854,0.31974020377139206,0.5536451383473665,1985,0.20185034013885045
ds005540,eegnet_lr1e3,2,0,prior,-3.0732194575483232e-15,-1.714950987870467e-15,1.807240557004948e-15,1985,0.21154367944837507
ds005540,eegnet_lr1e3,2,0,prior_personalized,0.13636464028270187,0.029622854322342313,0.1999166613095847,1985,0.211274476386932
ds005540,eegnet_lr1e3,2,0,eeg_population,0.005012621700976257,-0.02840939532412668,0.032686349161343886,1985,0.21039528357506612
ds005540,eegnet_lr1e3,2,0,eeg_personalized,0.1318016228098458,0.021209041282598002,0.20626880915359017,1985,0.2196066803514721
ds005540,eegnet_lr1e3,2,0,combined_population,-0.00040099605147748756,-0.013264761181200915,0.019167225495233645,1985,0.21110374318742023
ds005540,eegnet_lr1e3,2,0,combined_personalized,0.13703936822049606,0.028540767497548494,0.20109295389421897,1985,0.21159035998752143
ds005540,eegnet_lr1e3,2,1,prior,0.3897076368081029,0.21089936494751568,0.46721821829334986,1985,0.23195701058201063
ds005540,eegnet_lr1e3,2,1,prior_personalized,0.4384746654153546,0.2600467268918161,0.5146754527111957,1985,0.23789503065886847
ds005540,eegnet_lr1e3,2,1,eeg_population,-0.004917842001770759,-0.024868634780464707,0.01808819596230546,1985,0.21402014238988093
ds005540,eegnet_lr1e3,2,1,eeg_personalized,0.14292110726308743,0.028856342510088926,0.21635766431451564,1985,0.21981670070431694
ds005540,eegnet_lr1e3,2,1,combined_population,0.387092168714107,0.20909448824596877,0.4634877133859878,1985,0.23381953017231996
ds005540,eegnet_lr1e3,2,1,combined_personalized,0.43714630666579446,0.2625083623718523,0.5144003782409876,1985,0.2381243674989455
ds005540,eegnet_lr1e3,2,2,prior,0.44729263481390646,0.2799642259821634,0.5034015251322533,1985,0.1847556216931217
ds005540,eegnet_lr1e3,2,2,prior_personalized,0.5141625393565328,0.3378017769703338,0.5683849918049656,1985,0.1908285463838313
ds005540,eegnet_lr1e3,2,2,eeg_population,-0.0032937860087992724,-0.020513988489104417,0.018096619209539613,1985,0.2128357267949735
ds005540,eegnet_lr1e3,2,2,eeg_personalized,0.14336163374749467,0.03193465494190527,0.21502921218939997,1985,0.21904117715957933
ds005540,eegnet_lr1e3,2,2,combined_population,0.44956708614104074,0.27983708221727893,0.5088539574383858,1985,0.1855103955721338
ds005540,eegnet_lr1e3,2,2,combined_personalized,0.5122898396022464,0.3345962544496993,0.5691928510462122,1985,0.19060810285112298
ds005540,eegnet_lr1e3,2,4,prior,0.472923249015021,0.3161273456568725,0.526904526475204,1985,0.16945006613756614
ds005540,eegnet_lr1e3,2,4,prior_personalized,0.5440407826025998,0.3695171945863509,0.6009279967811989,1985,0.17446036418306637
ds005540,eegnet_lr1e3,2,4,eeg_population,-0.0005278963833165344,-0.009879614274571676,0.014492218100467401,1985,0.21206701064451056
ds005540,eegnet_lr1e3,2,4,eeg_personalized,0.1444443111746111,0.031088859084153538,0.2172790809631351,1985,0.21876065393501803
ds005540,eegnet_lr1e3,2,4,combined_population,0.48281024614796086,0.3308568756205054,0.5321932500240361,1985,0.16870468268990862
ds005540,eegnet_lr1e3,2,4,combined_personalized,0.543775941728184,0.36925352547505336,0.6015523582969896,1985,0.17473344273951624
ds005540,eegnet_lr1e3,2,8,prior,0.4907012372224836,0.3345533219204282,0.5373913527901665,1985,0.16290261243386245
ds005540,eegnet_lr1e3,2,8,prior_personalized,0.5559170887724669,0.3884344234414115,0.6086931311819719,1985,0.167525190912936
ds005540,eegnet_lr1e3,2,8,eeg_population,0.0019186794170957336,-0.025865543207723322,0.02598750235332955,1985,0.20915107414451056
ds005540,eegnet_lr1e3,2,8,eeg_personalized,0.13859989158185293,0.02436200945709482,0.21312290057660221,1985,0.2193102373151631
ds005540,eegnet_lr1e3,2,8,combined_population,0.48279012253137077,0.3294295586239849,0.5315561728312206,1985,0.1644614030667833
ds005540,eegnet_lr1e3,2,8,combined_personalized,0.5531892521280698,0.38697741755764326,0.606311681454093,1985,0.16813897696080293
ds005540,eegnet_lr1e3,4,0,prior,-3.0732194575483232e-15,-1.714950987870467e-15,1.807240557004948e-15,1985,0.21154367944837507
ds005540,eegnet_lr1e3,4,0,prior_personalized,0.20127149421979934,0.08385164226010637,0.2531427176732738,1985,0.2002923326094837
ds005540,eegnet_lr1e3,4,0,eeg_population,0.005012621700976257,-0.02840939532412668,0.032686349161343886,1985,0.21039528357506612
ds005540,eegnet_lr1e3,4,0,eeg_personalized,0.16417909518003043,0.056748483615424096,0.22316579747798077,1985,0.21017712469611846
ds005540,eegnet_lr1e3,4,0,combined_population,-0.00040099605147748756,-0.013264761181200915,0.019167225495233645,1985,0.21110374318742023
ds005540,eegnet_lr1e3,4,0,combined_personalized,0.20304502948558642,0.08319590561543729,0.25569483628198036,1985,0.19991757133342136
ds005540,eegnet_lr1e3,4,1,prior,0.3897076368081029,0.21089936494751568,0.46721821829334986,1985,0.23195701058201063
ds005540,eegnet_lr1e3,4,1,prior_personalized,0.4722962162265828,0.29404451788590397,0.5440763807965416,1985,0.2275497664247026
ds005540,eegnet_lr1e3,4,1,eeg_population,-0.004917842001770759,-0.024868634780464707,0.01808819596230546,1985,0.21402014238988093
ds005540,eegnet_lr1e3,4,1,eeg_personalized,0.17311378672398317,0.06219706790470184,0.231400485566701,1985,0.2088432740325492
ds005540,eegnet_lr1e3,4,1,combined_population,0.387092168714107,0.20909448824596877,0.4634877133859878,1985,0.23381953017231996
ds005540,eegnet_lr1e3,4,1,combined_personalized,0.47143895096638666,0.2925880405243035,0.5443327603374531,1985,0.22799995461104325
ds005540,eegnet_lr1e3,4,2,prior,0.44729263481390646,0.2799642259821634,0.5034015251322533,1985,0.1847556216931217
ds005540,eegnet_lr1e3,4,2,prior_personalized,0.5637120717710203,0.37428491654837465,0.612995632859207,1985,0.17898330466831794
ds005540,eegnet_lr1e3,4,2,eeg_population,-0.0032937860087992724,-0.020513988489104417,0.018096619209539613,1985,0.2128357267949735
ds005540,eegnet_lr1e3,4,2,eeg_personalized,0.17558125221476964,0.06794084250580182,0.23377605577197963,1985,0.20849213309771325
ds005540,eegnet_lr1e3,4,2,combined_population,0.44956708614104074,0.27983708221727893,0.5088539574383858,1985,0.1855103955721338
ds005540,eegnet_lr1e3,4,2,combined_personalized,0.5633060182838866,0.37119425051583993,0.6161863872722947,1985,0.178700032313475
ds005540,eegnet_lr1e3,4,4,prior,0.472923249015021,0.3161273456568725,0.526904526475204,1985,0.16945006613756614
ds005540,eegnet_lr1e3,4,4,prior_personalized,0.6082045791036811,0.42306670728997486,0.6553064451107395,1985,0.1566922013804928
ds005540,eegnet_lr1e3,4,4,eeg_population,-0.0005278963833165344,-0.009879614274571676,0.014492218100467401,1985,0.21206701064451056
ds005540,eegnet_lr1e3,4,4,eeg_personalized,0.17576318871610916,0.06860738218732113,0.2346839259239994,1985,0.20761352422659987
ds005540,eegnet_lr1e3,4,4,combined_population,0.48281024614796086,0.3308568756205054,0.5321932500240361,1985,0.16870468268990862
ds005540,eegnet_lr1e3,4,4,combined_personalized,0.6071386818144365,0.4242128864607463,0.6531853810186331,1985,0.15700946490492754
ds005540,eegnet_lr1e3,4,8,prior,0.4907012372224836,0.3345533219204282,0.5373913527901665,1985,0.16290261243386245
ds005540,eegnet_lr1e3,4,8,prior_personalized,0.6274400484258289,0.4432092531586465,0.6696496152637839,1985,0.1511367072096877
ds005540,eegnet_lr1e3,4,8,eeg_population,0.0019186794170957336,-0.025865543207723322,0.02598750235332955,1985,0.20915107414451056
ds005540,eegnet_lr1e3,4,8,eeg_personalized,0.17089603600876807,0.06180769964640945,0.23061199799318205,1985,0.20939050320665986
ds005540,eegnet_lr1e3,4,8,combined_population,0.48279012253137077,0.3294295586239849,0.5315561728312206,1985,0.1644614030667833
ds005540,eegnet_lr1e3,4,8,combined_personalized,0.6259832620763847,0.4423458309984446,0.6680951235707375,1985,0.15128532669088074
ds005540,eegnet_lr1e3,8,0,prior,-3.0732194575483232e-15,-1.714950987870467e-15,1.807240557004948e-15,1985,0.21154367944837507
ds005540,eegnet_lr1e3,8,0,prior_personalized,0.20355097551998394,0.08804728028094931,0.25064802730503327,1985,0.19155023578113023
ds005540,eegnet_lr1e3,8,0,eeg_population,0.005012621700976257,-0.02840939532412668,0.032686349161343886,1985,0.21039528357506612
ds005540,eegnet_lr1e3,8,0,eeg_personalized,0.17177947429173418,0.050046520073947685,0.22766347540948487,1985,0.19920127783776825
ds005540,eegnet_lr1e3,8,0,combined_population,-0.00040099605147748756,-0.013264761181200915,0.019167225495233645,1985,0.21110374318742023
ds005540,eegnet_lr1e3,8,0,combined_personalized,0.20655346077515988,0.08671387449144076,0.2538497536562159,1985,0.1910359046824806
ds005540,eegnet_lr1e3,8,1,prior,0.3897076368081029,0.21089936494751568,0.46721821829334986,1985,0.23195701058201063
ds005540,eegnet_lr1e3,8,1,prior_personalized,0.474201241691356,0.2952514336768077,0.5462148578312847,1985,0.222715289091138
ds005540,eegnet_lr1e3,8,1,eeg_population,-0.004917842001770759,-0.024868634780464707,0.01808819596230546,1985,0.21402014238988093
ds005540,eegnet_lr1e3,8,1,eeg_personalized,0.1834576890608825,0.06162327977920465,0.23790820447179045,1985,0.196756971747915
ds005540,eegnet_lr1e3,8,1,combined_population,0.387092168714107,0.20909448824596877,0.4634877133859878,1985,0.23381953017231996
ds005540,eegnet_lr1e3,8,1,combined_personalized,0.47362530123596314,0.29444168788783964,0.5450337847389622,1985,0.22310929094931717
ds005540,eegnet_lr1e3,8,2,prior,0.44729263481390646,0.2799642259821634,0.5034015251322533,1985,0.1847556216931217
ds005540,eegnet_lr1e3,8,2,prior_personalized,0.5676535706334505,0.36714073884385934,0.6185520079969625,1985,0.17405386184083965
ds005540,eegnet_lr1e3,8,2,eeg_population,-0.0032937860087992724,-0.020513988489104417,0.018096619209539613,1985,0.2128357267949735
ds005540,eegnet_lr1e3,8,2,eeg_personalized,0.18457564148620537,0.0668377128266886,0.23734254054982068,1985,0.196482992457423
ds005540,eegnet_lr1e3,8,2,combined_population,0.44956708614104074,0.27983708221727893,0.5088539574383858,1985,0.1855103955721338
ds005540,eegnet_lr1e3,8,2,combined_personalized,0.5670358837031422,0.36510722948561275,0.6200322962502545,1985,0.1740807499892888
ds005540,eegnet_lr1e3,8,4,prior,0.472923249015021,0.3161273456568725,0.526904526475204,1985,0.16945006613756614
ds005540,eegnet_lr1e3,8,4,prior_personalized,0.6104864167450004,0.4220014896296483,0.6554986570733079,1985,0.15512004551872685
ds005540,eegnet_lr1e3,8,4,eeg_population,-0.0005278963833165344,-0.009879614274571676,0.014492218100467401,1985,0.21206701064451056
ds005540,eegnet_lr1e3,8,4,eeg_personalized,0.18518101995219344,0.06853093900956662,0.23855563006714064,1985,0.1959621608084038
ds005540,eegnet_lr1e3,8,4,combined_population,0.48281024614796086,0.3308568756205054,0.5321932500240361,1985,0.16870468268990862
ds005540,eegnet_lr1e3,8,4,combined_personalized,0.609305405576605,0.42258061580197126,0.6559345083995759,1985,0.1556775820068698
ds005540,eegnet_lr1e3,8,8,prior,0.4907012372224836,0.3345533219204282,0.5373913527901665,1985,0.16290261243386245
ds005540,eegnet_lr1e3,8,8,prior_personalized,0.6327069705103981,0.44529828530725174,0.6771887237220667,1985,0.1450768522313176
ds005540,eegnet_lr1e3,8,8,eeg_population,0.0019186794170957336,-0.025865543207723322,0.02598750235332955,1985,0.20915107414451056
ds005540,eegnet_lr1e3,8,8,eeg_personalized,0.1818709123660529,0.06054493091461017,0.2357446304463981,1985,0.19765973800047246
ds005540,eegnet_lr1e3,8,8,combined_population,0.48279012253137077,0.3294295586239849,0.5315561728312206,1985,0.1644614030667833
ds005540,eegnet_lr1e3,8,8,combined_personalized,0.6307208532493085,0.4443464701711217,0.6752769847513987,1985,0.14541505984465442
ds005540,eegnet_lr1e4,0,0,prior,-3.0732194575483232e-15,-1.714950987870467e-15,1.807240557004948e-15,1985,0.21154367944837507
ds005540,eegnet_lr1e4,0,0,prior_personalized,-3.0732194575483232e-15,-1.714950987870467e-15,1.807240557004948e-15,1985,0.21154367944837507
ds005540,eegnet_lr1e4,0,0,eeg_population,0.00019363384265401825,-0.008432608693692804,0.008824334134765811,1985,0.2114764597486772
ds005540,eegnet_lr1e4,0,0,eeg_personalized,0.000193632202121922,-0.00843260304139536,0.008824331178923433,1985,0.21147645992308695
ds005540,eegnet_lr1e4,0,0,combined_population,9.45160194897451e-05,-0.007360991322359345,0.007473704062321289,1985,0.21135321669549337
ds005540,eegnet_lr1e4,0,0,combined_personalized,9.45160194897451e-05,-0.007360991322359345,0.007473704062321289,1985,0.21135321669549337
ds005540,eegnet_lr1e4,0,1,prior,0.3897076368081029,0.21089936494751568,0.46721821829334986,1985,0.23195701058201063
ds005540,eegnet_lr1e4,0,1,prior_personalized,0.3897076368081029,0.21089936494751568,0.46721821829334986,1985,0.23195701058201063
ds005540,eegnet_lr1e4,0,1,eeg_population,-0.00031218150919389356,-0.008186349614978163,0.00731384688551417,1985,0.21159247957738098
ds005540,eegnet_lr1e4,0,1,eeg_personalized,-0.0003121798465615472,-0.008186345715130163,0.0073138599442278684,1985,0.2115924791292775
ds005540,eegnet_lr1e4,0,1,combined_population,0.38856408999931763,0.20925546480644733,0.4639845522266974,1985,0.2328309548281881
ds005540,eegnet_lr1e4,0,1,combined_personalized,0.38856408999931763,0.20925546480644733,0.4639845522266974,1985,0.2328309548281881
ds005540,eegnet_lr1e4,0,2,prior,0.44729263481390646,0.2799642259821634,0.5034015251322533,1985,0.1847556216931217
ds005540,eegnet_lr1e4,0,2,prior_personalized,0.44729263481390646,0.2799642259821634,0.5034015251322533,1985,0.1847556216931217
ds005540,eegnet_lr1e4,0,2,eeg_population,-0.0010241312969914765,-0.009406754527150061,0.007085936172602519,1985,0.21160421186210318
ds005540,eegnet_lr1e4,0,2,eeg_personalized,-0.0010241306696917886,-0.009406753417546083,0.007085936203005955,1985,0.21160421177930142
ds005540,eegnet_lr1e4,0,2,combined_population,0.4461007338186408,0.27896843248807923,0.5023438921341942,1985,0.1848672276470665
ds005540,eegnet_lr1e4,0,2,combined_personalized,0.4461007338186408,0.27896843248807923,0.5023438921341942,1985,0.1848672276470665
ds005540,eegnet_lr1e4,0,4,prior,0.472923249015021,0.3161273456568725,0.526904526475204,1985,0.16945006613756614
ds005540,eegnet_lr1e4,0,4,prior_personalized,0.472923249015021,0.3161273456568725,0.526904526475204,1985,0.16945006613756614
ds005540,eegnet_lr1e4,0,4,eeg_population,0.0004136714381552621,-0.00986371907917352,0.009801548319214249,1985,0.2113792398806217
ds005540,eegnet_lr1e4,0,4,eeg_personalized,0.0004136754476212298,-0.009863722024386836,0.00980155063319783,1985,0.21137923949259144
ds005540,eegnet_lr1e4,0,4,combined_population,0.4738187214173501,0.3181725716749187,0.5248032537377633,1985,0.16946484002227435
ds005540,eegnet_lr1e4,0,4,combined_personalized,0.4738187214173501,0.3181725716749187,0.5248032537377633,1985,0.16946484002227435
ds005540,eegnet_lr1e4,0,8,prior,0.4907012372224836,0.3345533219204282,0.5373913527901665,1985,0.16290261243386245
ds005540,eegnet_lr1e4,0,8,prior_personalized,0.4907012372224836,0.3345533219204282,0.5373913527901665,1985,0.16290261243386245
ds005540,eegnet_lr1e4,0,8,eeg_population,-0.0006746942589774063,-0.008658818009852041,0.007292232411034725,1985,0.2111492048690476
ds005540,eegnet_lr1e4,0,8,eeg_personalized,-0.0006746957296865705,-0.00865881898596881,0.0072922300771075576,1985,0.21114920498781578
ds005540,eegnet_lr1e4,0,8,combined_population,0.4912029972755912,0.33675111445709366,0.5384687739430823,1985,0.16251895880062456
ds005540,eegnet_lr1e4,0,8,combined_personalized,0.4912029972755912,0.33675111445709366,0.5384687739430823,1985,0.16251895880062456
ds005540,eegnet_lr1e4,1,0,prior,-3.0732194575483232e-15,-1.714950987870467e-15,1.807240557004948e-15,1985,0.21154367944837507
ds005540,eegnet_lr1e4,1,0,prior_personalized,0.13942400367279467,0.030055573349925105,0.220531096193554,1985,0.24356052006101078
ds005540,eegnet_lr1e4,1,0,eeg_population,0.00019363384265401825,-0.008432608693692804,0.008824334134765811,1985,0.2114764597486772
ds005540,eegnet_lr1e4,1,0,eeg_personalized,0.13134577878602297,0.006691265676203973,0.24191694893409035,1985,0.24955598295278966
ds005540,eegnet_lr1e4,1,0,combined_population,9.45160194897451e-05,-0.007360991322359345,0.007473704062321289,1985,0.21135321669549337
ds005540,eegnet_lr1e4,1,0,combined_personalized,0.1404027651178606,0.030692179718596228,0.22031260510763803,1985,0.24452201602246598
ds005540,eegnet_lr1e4,1,1,prior,0.3897076368081029,0.21089936494751568,0.46721821829334986,1985,0.23195701058201063
ds005540,eegnet_lr1e4,1,1,prior_personalized,0.40995118909402206,0.2513857402546658,0.4908165172649549,1985,0.2574170719213611
ds005540,eegnet_lr1e4,1,1,eeg_population,-0.00031218150919389356,-0.008186349614978163,0.00731384688551417,1985,0.21159247957738098
ds005540,eegnet_lr1e4,1,1,eeg_personalized,0.13132462828177896,0.006679160653591929,0.24170350763246135,1985,0.24933527409332612
ds005540,eegnet_lr1e4,1,1,combined_population,0.38856408999931763,0.20925546480644733,0.4639845522266974,1985,0.2328309548281881
ds005540,eegnet_lr1e4,1,1,combined_personalized,0.40965982498407805,0.25289775333033043,0.4896568117656992,1985,0.25792913596550593
ds005540,eegnet_lr1e4,1,2,prior,0.44729263481390646,0.2799642259821634,0.5034015251322533,1985,0.1847556216931217
ds005540,eegnet_lr1e4,1,2,prior_personalized,0.45298874237330666,0.2925026522506863,0.5292245183821856,1985,0.21862092411038486
ds005540,eegnet_lr1e4,1,2,eeg_population,-0.0010241312969914765,-0.009406754527150061,0.007085936172602519,1985,0.21160421186210318
ds005540,eegnet_lr1e4,1,2,eeg_personalized,0.13122759494370498,0.0064267637815055775,0.2412389989557919,1985,0.24935536360925942
ds005540,eegnet_lr1e4,1,2,combined_population,0.4461007338186408,0.27896843248807923,0.5023438921341942,1985,0.1848672276470665
ds005540,eegnet_lr1e4,1,2,combined_personalized,0.45336638928630074,0.29290937843817644,0.5285077433159516,1985,0.2192309795949678
ds005540,eegnet_lr1e4,1,4,prior,0.472923249015021,0.3161273456568725,0.526904526475204,1985,0.16945006613756614
ds005540,eegnet_lr1e4,1,4,prior_personalized,0.4734042218746855,0.3110503066207855,0.5511125750481486,1985,0.20628687898770615
ds005540,eegnet_lr1e4,1,4,eeg_population,0.0004136714381552621,-0.00986371907917352,0.009801548319214249,1985,0.2113792398806217
ds005540,eegnet_lr1e4,1,4,eeg_personalized,0.13166836771571036,0.007657899748636409,0.24092963354566646,1985,0.24976476259990815
ds005540,eegnet_lr1e4,1,4,combined_population,0.4738187214173501,0.3181725716749187,0.5248032537377633,1985,0.16946484002227435
ds005540,eegnet_lr1e4,1,4,combined_personalized,0.4737911476950066,0.3130471752132915,0.5498884099421074,1985,0.20728152333932903
ds005540,eegnet_lr1e4,1,8,prior,0.4907012372224836,0.3345533219204282,0.5373913527901665,1985,0.16290261243386245
ds005540,eegnet_lr1e4,1,8,prior_personalized,0.4855856648588942,0.3213039291052298,0.5558422639274376,1985,0.20154269702058714
ds005540,eegnet_lr1e4,1,8,eeg_population,-0.0006746942589774063,-0.008658818009852041,0.007292232411034725,1985,0.2111492048690476
ds005540,eegnet_lr1e4,1,8,eeg_personalized,0.13099955195734664,0.006641386375271769,0.24062818372052663,1985,0.24960070794233413
ds005540,eegnet_lr1e4,1,8,combined_population,0.4912029972755912,0.33675111445709366,0.5384687739430823,1985,0.16251895880062456
ds005540,eegnet_lr1e4,1,8,combined_personalized,0.485011541550233,0.32311067371271895,0.5547857420052698,1985,0.20234561327522532
ds005540,eegnet_lr1e4,2,0,prior,-3.0732194575483232e-15,-1.714950987870467e-15,1.807240557004948e-15,1985,0.21154367944837507
ds005540,eegnet_lr1e4,2,0,prior_personalized,0.13636464028270187,0.029622854322342313,0.1999166613095847,1985,0.211274476386932
ds005540,eegnet_lr1e4,2,0,eeg_population,0.00019363384265401825,-0.008432608693692804,0.008824334134765811,1985,0.2114764597486772
ds005540,eegnet_lr1e4,2,0,eeg_personalized,0.14440234036174032,0.032664255550115026,0.21606472928222342,1985,0.21908346324323347
ds005540,eegnet_lr1e4,2,0,combined_population,9.45160194897451e-05,-0.007360991322359345,0.007473704062321289,1985,0.21135321669549337
ds005540,eegnet_lr1e4,2,0,combined_personalized,0.1378055727579998,0.03186311523289903,0.20261317412908778,1985,0.21139712696550866
ds005540,eegnet_lr1e4,2,1,prior,0.3897076368081029,0.21089936494751568,0.46721821829334986,1985,0.23195701058201063
ds005540,eegnet_lr1e4,2,1,prior_personalized,0.4384746654153546,0.2600467268918161,0.5146754527111957,1985,0.23789503065886847
ds005540,eegnet_lr1e4,2,1,eeg_population,-0.00031218150919389356,-0.008186349614978163,0.00731384688551417,1985,0.21159247957738098
ds005540,eegnet_lr1e4,2,1,eeg_personalized,0.143708475092153,0.032140743683907035,0.21568310819745054,1985,0.21905986837482955
ds005540,eegnet_lr1e4,2,1,combined_population,0.38856408999931763,0.20925546480644733,0.4639845522266974,1985,0.2328309548281881
ds005540,eegnet_lr1e4,2,1,combined_personalized,0.43841738852517187,0.2620657434296189,0.5141473332526784,1985,0.23806607725611678
ds005540,eegnet_lr1e4,2,2,prior,0.44729263481390646,0.2799642259821634,0.5034015251322533,1985,0.1847556216931217
ds005540,eegnet_lr1e4,2,2,prior_personalized,0.5141625393565328,0.3378017769703338,0.5683849918049656,1985,0.1908285463838313
ds005540,eegnet_lr1e4,2,2,eeg_population,-0.0010241312969914765,-0.009406754527150061,0.007085936172602519,1985,0.21160421186210318
ds005540,eegnet_lr1e4,2,2,eeg_personalized,0.14366738462543757,0.031594908299677996,0.21533072588723948,1985,0.21914259024646388
ds005540,eegnet_lr1e4,2,2,combined_population,0.4461007338186408,0.27896843248807923,0.5023438921341942,1985,0.1848672276470665
ds005540,eegnet_lr1e4,2,2,combined_personalized,0.514608450962071,0.33840906964415635,0.5699041040775774,1985,0.19057413555597888
ds005540,eegnet_lr1e4,2,4,prior,0.472923249015021,0.3161273456568725,0.526904526475204,1985,0.16945006613756614
ds005540,eegnet_lr1e4,2,4,prior_personalized,0.5440407826025998,0.3695171945863509,0.6009279967811989,1985,0.17446036418306637
ds005540,eegnet_lr1e4,2,4,eeg_population,0.0004136714381552621,-0.00986371907917352,0.009801548319214249,1985,0.2113792398806217
ds005540,eegnet_lr1e4,2,4,eeg_personalized,0.1445302996055417,0.03253940340153919,0.21576859166128998,1985,0.21923266167489305
ds005540,eegnet_lr1e4,2,4,combined_population,0.4738187214173501,0.3181725716749187,0.5248032537377633,1985,0.16946484002227435
ds005540,eegnet_lr1e4,2,4,combined_personalized,0.5449335251745329,0.3708745875358262,0.6020221588917294,1985,0.17447478213902737
ds005540,eegnet_lr1e4,2,8,prior,0.4907012372224836,0.3345533219204282,0.5373913527901665,1985,0.16290261243386245
ds005540,eegnet_lr1e4,2,8,prior_personalized,0.5559170887724669,0.3884344234414115,0.6086931311819719,1985,0.167525190912936
ds005540,eegnet_lr1e4,2,8,eeg_population,-0.0006746942589774063,-0.008658818009852041,0.007292232411034725,1985,0.2111492048690476
ds005540,eegnet_lr1e4,2,8,eeg_personalized,0.14359643094360325,0.0315439694865484,0.21532439089748032,1985,0.2194429362100899
ds005540,eegnet_lr1e4,2,8,combined_population,0.4912029972755912,0.33675111445709366,0.5384687739430823,1985,0.16251895880062456
ds005540,eegnet_lr1e4,2,8,combined_personalized,0.5564350714281676,0.3894332717390906,0.6102328471265621,1985,0.16723931971216033
ds005540,eegnet_lr1e4,4,0,prior,-3.0732194575483232e-15,-1.714950987870467e-15,1.807240557004948e-15,1985,0.21154367944837507
ds005540,eegnet_lr1e4,4,0,prior_personalized,0.20127149421979934,0.08385164226010637,0.2531427176732738,1985,0.2002923326094837
ds005540,eegnet_lr1e4,4,0,eeg_population,0.00019363384265401825,-0.008432608693692804,0.008824334134765811,1985,0.2114764597486772
ds005540,eegnet_lr1e4,4,0,eeg_personalized,0.1754859972533134,0.06974793398228954,0.23390385520363755,1985,0.20805107037232268
ds005540,eegnet_lr1e4,4,0,combined_population,9.45160194897451e-05,-0.007360991322359345,0.007473704062321289,1985,0.21135321669549337
ds005540,eegnet_lr1e4,4,0,combined_personalized,0.20190590654815796,0.08474938338082182,0.2537813409696924,1985,0.20039870207172106
ds005540,eegnet_lr1e4,4,1,prior,0.3897076368081029,0.21089936494751568,0.46721821829334986,1985,0.23195701058201063
ds005540,eegnet_lr1e4,4,1,prior_personalized,0.4722962162265828,0.29404451788590397,0.5440763807965416,1985,0.2275497664247026
ds005540,eegnet_lr1e4,4,1,eeg_population,-0.00031218150919389356,-0.008186349614978163,0.00731384688551417,1985,0.21159247957738098
ds005540,eegnet_lr1e4,4,1,eeg_personalized,0.17483291639290396,0.06853962192085647,0.2328951961798731,1985,0.20812927237986809
ds005540,eegnet_lr1e4,4,1,combined_population,0.38856408999931763,0.20925546480644733,0.4639845522266974,1985,0.2328309548281881
ds005540,eegnet_lr1e4,4,1,combined_personalized,0.4722409565624942,0.2951304184686852,0.5435119447539005,1985,0.22784430544627474
ds005540,eegnet_lr1e4,4,2,prior,0.44729263481390646,0.2799642259821634,0.5034015251322533,1985,0.1847556216931217
ds005540,eegnet_lr1e4,4,2,prior_personalized,0.5637120717710203,0.37428491654837465,0.612995632859207,1985,0.17898330466831794
ds005540,eegnet_lr1e4,4,2,eeg_population,-0.0010241312969914765,-0.009406754527150061,0.007085936172602519,1985,0.21160421186210318
ds005540,eegnet_lr1e4,4,2,eeg_personalized,0.17470997846426725,0.06795451137964365,0.23294156534385718,1985,0.2081811181383316
ds005540,eegnet_lr1e4,4,2,combined_population,0.4461007338186408,0.27896843248807923,0.5023438921341942,1985,0.1848672276470665
ds005540,eegnet_lr1e4,4,2,combined_personalized,0.5642539617755491,0.3747821437923294,0.6146648129784501,1985,0.1788135280511663
ds005540,eegnet_lr1e4,4,4,prior,0.472923249015021,0.3161273456568725,0.526904526475204,1985,0.16945006613756614
ds005540,eegnet_lr1e4,4,4,prior_personalized,0.6082045791036811,0.42306670728997486,0.6553064451107395,1985,0.1566922013804928
ds005540,eegnet_lr1e4,4,4,eeg_population,0.0004136714381552621,-0.00986371907917352,0.009801548319214249,1985,0.2113792398806217
ds005540,eegnet_lr1e4,4,4,eeg_personalized,0.17529006762244706,0.06934706602392969,0.2336053287954548,1985,0.20815924272457603
ds005540,eegnet_lr1e4,4,4,combined_population,0.4738187214173501,0.3181725716749187,0.5248032537377633,1985,0.16946484002227435
ds005540,eegnet_lr1e4,4,4,combined_personalized,0.6091759882691934,0.4266553044438895,0.6562735286079039,1985,0.15702471120767186
ds005540,eegnet_lr1e4,4,8,prior,0.4907012372224836,0.3345533219204282,0.5373913527901665,1985,0.16290261243386245
ds005540,eegnet_lr1e4,4,8,prior_personalized,0.6274400484258289,0.4432092531586465,0.6696496152637839,1985,0.1511367072096877
ds005540,eegnet_lr1e4,4,8,eeg_population,-0.0006746942589774063,-0.008658818009852041,0.007292232411034725,1985,0.2111492048690476
ds005540,eegnet_lr1e4,4,8,eeg_personalized,0.17445376893601808,0.06904741599333723,0.23295857816074442,1985,0.20819367998071683
ds005540,eegnet_lr1e4,4,8,combined_population,0.4912029972755912,0.33675111445709366,0.5384687739430823,1985,0.16251895880062456
ds005540,eegnet_lr1e4,4,8,combined_personalized,0.6277150450835169,0.44510588327742734,0.6696042351514829,1985,0.1512531102102292
ds005540,eegnet_lr1e4,8,0,prior,-3.0732194575483232e-15,-1.714950987870467e-15,1.807240557004948e-15,1985,0.21154367944837507
ds005540,eegnet_lr1e4,8,0,prior_personalized,0.20355097551998394,0.08804728028094931,0.25064802730503327,1985,0.19155023578113023
ds005540,eegnet_lr1e4,8,0,eeg_population,0.00019363384265401825,-0.008432608693692804,0.008824334134765811,1985,0.2114764597486772
ds005540,eegnet_lr1e4,8,0,eeg_personalized,0.18323658307226176,0.06863566240100985,0.23665444916473322,1985,0.19643475142948172
ds005540,eegnet_lr1e4,8,0,combined_population,9.45160194897451e-05,-0.007360991322359345,0.007473704062321289,1985,0.21135321669549337
ds005540,eegnet_lr1e4,8,0,combined_personalized,0.20410796841749318,0.08908733555233965,0.25073941937484656,1985,0.1914774976524138
ds005540,eegnet_lr1e4,8,1,prior,0.3897076368081029,0.21089936494751568,0.46721821829334986,1985,0.23195701058201063
ds005540,eegnet_lr1e4,8,1,prior_personalized,0.474201241691356,0.2952514336768077,0.5462148578312847,1985,0.222715289091138
ds005540,eegnet_lr1e4,8,1,eeg_population,-0.00031218150919389356,-0.008186349614978163,0.00731384688551417,1985,0.21159247957738098
ds005540,eegnet_lr1e4,8,1,eeg_personalized,0.1826405371753081,0.06775312421677135,0.23552293064483207,1985,0.19650082839003435
ds005540,eegnet_lr1e4,8,1,combined_population,0.38856408999931763,0.20925546480644733,0.4639845522266974,1985,0.2328309548281881
ds005540,eegnet_lr1e4,8,1,combined_personalized,0.47414890985617647,0.29591721014727745,0.5464011112534928,1985,0.2229434741153274
ds005540,eegnet_lr1e4,8,2,prior,0.44729263481390646,0.2799642259821634,0.5034015251322533,1985,0.1847556216931217
ds005540,eegnet_lr1e4,8,2,prior_personalized,0.5676535706334505,0.36714073884385934,0.6185520079969625,1985,0.17405386184083965
ds005540,eegnet_lr1e4,8,2,eeg_population,-0.0010241312969914765,-0.009406754527150061,0.007085936172602519,1985,0.21160421186210318
ds005540,eegnet_lr1e4,8,2,eeg_personalized,0.182291431112845,0.06762227583674195,0.23553110488812068,1985,0.19654719052462782
ds005540,eegnet_lr1e4,8,2,combined_population,0.4461007338186408,0.27896843248807923,0.5023438921341942,1985,0.1848672276470665
ds005540,eegnet_lr1e4,8,2,combined_personalized,0.5680948690677259,0.36929433400963013,0.6189566109205381,1985,0.17389627535545205
ds005540,eegnet_lr1e4,8,4,prior,0.472923249015021,0.3161273456568725,0.526904526475204,1985,0.16945006613756614
ds005540,eegnet_lr1e4,8,4,prior_personalized,0.6104864167450004,0.4220014896296483,0.6554986570733079,1985,0.15512004551872685
ds005540,eegnet_lr1e4,8,4,eeg_population,0.0004136714381552621,-0.00986371907917352,0.009801548319214249,1985,0.2113792398806217
ds005540,eegnet_lr1e4,8,4,eeg_personalized,0.18314970508563616,0.06873890209596734,0.23564656289093286,1985,0.19662004609211844
ds005540,eegnet_lr1e4,8,4,combined_population,0.4738187214173501,0.3181725716749187,0.5248032537377633,1985,0.16946484002227435
ds005540,eegnet_lr1e4,8,4,combined_personalized,0.6111284841747666,0.4246550450384257,0.65553608205378,1985,0.15537388804777813
ds005540,eegnet_lr1e4,8,8,prior,0.4907012372224836,0.3345533219204282,0.5373913527901665,1985,0.16290261243386245
ds005540,eegnet_lr1e4,8,8,prior_personalized,0.6327069705103981,0.44529828530725174,0.6771887237220667,1985,0.1450768522313176
ds005540,eegnet_lr1e4,8,8,eeg_population,-0.0006746942589774063,-0.008658818009852041,0.007292232411034725,1985,0.2111492048690476
ds005540,eegnet_lr1e4,8,8,eeg_personalized,0.18202005242256056,0.06797715234072328,0.23484902430640797,1985,0.19663261641809351
ds005540,eegnet_lr1e4,8,8,combined_population,0.4912029972755912,0.33675111445709366,0.5384687739430823,1985,0.16251895880062456
ds005540,eegnet_lr1e4,8,8,combined_personalized,0.6327476148151502,0.44557493507205687,0.6770493985343842,1985,0.14521346447636058
ds005540,labram_ridge_base,0,0,prior,-3.0732194575483232e-15,-1.714950987870467e-15,1.807240557004948e-15,1985,0.21154367944837507
ds005540,labram_ridge_base,0,0,prior_personalized,-3.0732194575483232e-15,-1.714950987870467e-15,1.807240557004948e-15,1985,0.21154367944837507
ds005540,labram_ridge_base,0,0,eeg_population,-0.05742180163057677,-0.12278188813280044,0.033300676165926864,1985,0.22760533583310782
ds005540,labram_ridge_base,0,0,eeg_personalized,-0.05742180163057677,-0.12278188813280044,0.033300676165926864,1985,0.22760533583310782
ds005540,labram_ridge_base,0,0,combined_population,-0.04332162573689368,-0.10603877292060762,0.04333503125585872,1985,0.22675993234947306
ds005540,labram_ridge_base,0,0,combined_personalized,-0.04332162573689368,-0.10603877292060762,0.04333503125585872,1985,0.22675993234947306
ds005540,labram_ridge_base,0,1,prior,0.3897076368081029,0.21089936494751568,0.46721821829334986,1985,0.23195701058201063
ds005540,labram_ridge_base,0,1,prior_personalized,0.3897076368081029,0.21089936494751568,0.46721821829334986,1985,0.23195701058201063
ds005540,labram_ridge_base,0,1,eeg_population,-0.04798358641506265,-0.11488498087965132,0.04214071812145315,1985,0.22627949469580608
ds005540,labram_ridge_base,0,1,eeg_personalized,-0.04798358641506265,-0.11488498087965132,0.04214071812145315,1985,0.22627949469580608
ds005540,labram_ridge_base,0,1,combined_population,0.3586491395649338,0.18468918943119195,0.4353780697678742,1985,0.24627498817496568
ds005540,labram_ridge_base,0,1,combined_personalized,0.3586491395649338,0.18468918943119195,0.4353780697678742,1985,0.24627498817496568
ds005540,labram_ridge_base,0,2,prior,0.44729263481390646,0.2799642259821634,0.5034015251322533,1985,0.1847556216931217
ds005540,labram_ridge_base,0,2,prior_personalized,0.44729263481390646,0.2799642259821634,0.5034015251322533,1985,0.1847556216931217
ds005540,labram_ridge_base,0,2,eeg_population,-0.049632488681125506,-0.11367741913269494,0.03997813769145081,1985,0.22681384317334877
ds005540,labram_ridge_base,0,2,eeg_personalized,-0.049632488681125506,-0.11367741913269494,0.03997813769145081,1985,0.22681384317334877
ds005540,labram_ridge_base,0,2,combined_population,0.4017822740520681,0.2320142902584164,0.46445714220509227,1985,0.20041668738097265
ds005540,labram_ridge_base,0,2,combined_personalized,0.4017822740520681,0.2320142902584164,0.46445714220509227,1985,0.20041668738097265
ds005540,labram_ridge_base,0,4,prior,0.472923249015021,0.3161273456568725,0.526904526475204,1985,0.16945006613756614
ds005540,labram_ridge_base,0,4,prior_personalized,0.472923249015021,0.3161273456568725,0.526904526475204,1985,0.16945006613756614
ds005540,labram_ridge_base,0,4,eeg_population,-0.03876505467603898,-0.10571925547381036,0.04752410496193293,1985,0.22547328789859383
ds005540,labram_ridge_base,0,4,eeg_personalized,-0.03876505467603898,-0.10571925547381036,0.04752410496193293,1985,0.22547328789859383
ds005540,labram_ridge_base,0,4,combined_population,0.42246710544506777,0.26236160860922897,0.4792266659621061,1985,0.18774776078765348
ds005540,labram_ridge_base,0,4,combined_personalized,0.42246710544506777,0.26236160860922897,0.4792266659621061,1985,0.18774776078765348
ds005540,labram_ridge_base,0,8,prior,0.4907012372224836,0.3345533219204282,0.5373913527901665,1985,0.16290261243386245
ds005540,labram_ridge_base,0,8,prior_personalized,0.4907012372224836,0.3345533219204282,0.5373913527901665,1985,0.16290261243386245
ds005540,labram_ridge_base,0,8,eeg_population,-0.043041078573263475,-0.11311539271341318,0.05325335219427304,1985,0.2251499127104181
ds005540,labram_ridge_base,0,8,eeg_personalized,-0.043041078573263475,-0.11311539271341318,0.05325335219427304,1985,0.2251499127104181
ds005540,labram_ridge_base,0,8,combined_population,0.42318354859754165,0.2593917265767421,0.48499564030028863,1985,0.1830196887813934
ds005540,labram_ridge_base,0,8,combined_personalized,0.42318354859754165,0.2593917265767421,0.48499564030028863,1985,0.1830196887813934
ds005540,labram_ridge_base,1,0,prior,-3.0732194575483232e-15,-1.714950987870467e-15,1.807240557004948e-15,1985,0.21154367944837507
ds005540,labram_ridge_base,1,0,prior_personalized,0.13942400367279467,0.030055573349925105,0.220531096193554,1985,0.24356052006101078
ds005540,labram_ridge_base,1,0,eeg_population,-0.05742180163057677,-0.12278188813280044,0.033300676165926864,1985,0.22760533583310782
ds005540,labram_ridge_base,1,0,eeg_personalized,0.12143315586696415,-0.010578628647332661,0.22282247940925493,1985,0.2743084149486374
ds005540,labram_ridge_base,1,0,combined_population,-0.04332162573689368,-0.10603877292060762,0.04333503125585872,1985,0.22675993234947306
ds005540,labram_ridge_base,1,0,combined_personalized,0.1255301111505866,0.012009089390480704,0.20610516103598353,1985,0.2662646540009104
ds005540,labram_ridge_base,1,1,prior,0.3897076368081029,0.21089936494751568,0.46721821829334986,1985,0.23195701058201063
ds005540,labram_ridge_base,1,1,prior_personalized,0.40995118909402206,0.2513857402546658,0.4908165172649549,1985,0.2574170719213611
ds005540,labram_ridge_base,1,1,eeg_population,-0.04798358641506265,-0.11488498087965132,0.04214071812145315,1985,0.22627949469580608
ds005540,labram_ridge_base,1,1,eeg_personalized,0.12616248191609314,-0.0024737905312713355,0.22629647281180784,1985,0.27365651896204374
ds005540,labram_ridge_base,1,1,combined_population,0.3586491395649338,0.18468918943119195,0.4353780697678742,1985,0.24627498817496568
ds005540,labram_ridge_base,1,1,combined_personalized,0.38879238299470165,0.23898322775694242,0.4642880127716295,1985,0.2792082181643082
ds005540,labram_ridge_base,1,2,prior,0.44729263481390646,0.2799642259821634,0.5034015251322533,1985,0.1847556216931217
ds005540,labram_ridge_base,1,2,prior_personalized,0.45298874237330666,0.2925026522506863,0.5292245183821856,1985,0.21862092411038486
ds005540,labram_ridge_base,1,2,eeg_population,-0.049632488681125506,-0.11367741913269494,0.03997813769145081,1985,0.22681384317334877
ds005540,labram_ridge_base,1,2,eeg_personalized,0.12576375856948907,-0.002437345579237483,0.22491544148611411,1985,0.2715679123935564
ds005540,labram_ridge_base,1,2,combined_population,0.4017822740520681,0.2320142902584164,0.46445714220509227,1985,0.20041668738097265
ds005540,labram_ridge_base,1,2,combined_personalized,0.42657420689380354,0.2771226513649848,0.4922601250604137,1985,0.24104281244893638
ds005540,labram_ridge_base,1,4,prior,0.472923249015021,0.3161273456568725,0.526904526475204,1985,0.16945006613756614
ds005540,labram_ridge_base,1,4,prior_personalized,0.4734042218746855,0.3110503066207855,0.5511125750481486,1985,0.20628687898770615
ds005540,labram_ridge_base,1,4,eeg_population,-0.03876505467603898,-0.10571925547381036,0.04752410496193293,1985,0.22547328789859383
ds005540,labram_ridge_base,1,4,eeg_personalized,0.13204390655246354,0.0008790001215625449,0.23116260205848999,1985,0.27044738055088885
ds005540,labram_ridge_base,1,4,combined_population,0.42246710544506777,0.26236160860922897,0.4792266659621061,1985,0.18774776078765348
ds005540,labram_ridge_base,1,4,combined_personalized,0.44258490038292797,0.29324543347562415,0.5104318191767732,1985,0.22435225839203907
ds005540,labram_ridge_base,1,8,prior,0.4907012372224836,0.3345533219204282,0.5373913527901665,1985,0.16290261243386245
ds005540,labram_ridge_base,1,8,prior_personalized,0.4855856648588942,0.3213039291052298,0.5558422639274376,1985,0.20154269702058714
ds005540,labram_ridge_base,1,8,eeg_population,-0.043041078573263475,-0.11311539271341318,0.05325335219427304,1985,0.2251499127104181
ds005540,labram_ridge_base,1,8,eeg_personalized,0.13935883112479514,0.00966372498279316,0.23652930325257215,1985,0.266811630166958
ds005540,labram_ridge_base,1,8,combined_population,0.42318354859754165,0.2593917265767421,0.48499564030028863,1985,0.1830196887813934
ds005540,labram_ridge_base,1,8,combined_personalized,0.4531085478693333,0.2993477189313073,0.522353302326048,1985,0.22011882332070334
ds005540,labram_ridge_base,2,0,prior,-3.0732194575483232e-15,-1.714950987870467e-15,1.807240557004948e-15,1985,0.21154367944837507
ds005540,labram_ridge_base,2,0,prior_personalized,0.13636464028270187,0.029622854322342313,0.1999166613095847,1985,0.211274476386932
ds005540,labram_ridge_base,2,0,eeg_population,-0.05742180163057677,-0.12278188813280044,0.033300676165926864,1985,0.22760533583310782
ds005540,labram_ridge_base,2,0,eeg_personalized,0.11735209843947318,0.005827668883568062,0.19265140950011292,1985,0.23073198164998762
ds005540,labram_ridge_base,2,0,combined_population,-0.04332162573689368,-0.10603877292060762,0.04333503125585872,1985,0.22675993234947306
ds005540,labram_ridge_base,2,0,combined_personalized,0.11233369238821748,-0.004185950819120632,0.19262109727609206,1985,0.22581766362192984
ds005540,labram_ridge_base,2,1,prior,0.3897076368081029,0.21089936494751568,0.46721821829334986,1985,0.23195701058201063
ds005540,labram_ridge_base,2,1,prior_personalized,0.4384746654153546,0.2600467268918161,0.5146754527111957,1985,0.23789503065886847
ds005540,labram_ridge_base,2,1,eeg_population,-0.04798358641506265,-0.11488498087965132,0.04214071812145315,1985,0.22627949469580608
ds005540,labram_ridge_base,2,1,eeg_personalized,0.12557294742485742,0.013218781808649323,0.19871258218219304,1985,0.229944838800616
ds005540,labram_ridge_base,2,1,combined_population,0.3586491395649338,0.18468918943119195,0.4353780697678742,1985,0.24627498817496568
ds005540,labram_ridge_base,2,1,combined_personalized,0.4223375204869394,0.25447097385157896,0.4909129393227105,1985,0.24628564184809426
ds005540,labram_ridge_base,2,2,prior,0.44729263481390646,0.2799642259821634,0.5034015251322533,1985,0.1847556216931217
ds005540,labram_ridge_base,2,2,prior_personalized,0.5141625393565328,0.3378017769703338,0.5683849918049656,1985,0.1908285463838313
ds005540,labram_ridge_base,2,2,eeg_population,-0.049632488681125506,-0.11367741913269494,0.03997813769145081,1985,0.22681384317334877
ds005540,labram_ridge_base,2,2,eeg_personalized,0.1264101128415512,0.01297185826067313,0.1979339479259574,1985,0.2301167430950403
ds005540,labram_ridge_base,2,2,combined_population,0.4017822740520681,0.2320142902584164,0.46445714220509227,1985,0.20041668738097265
ds005540,labram_ridge_base,2,2,combined_personalized,0.49108319625348607,0.31672707553758767,0.5439215922804912,1985,0.20268338081923645
ds005540,labram_ridge_base,2,4,prior,0.472923249015021,0.3161273456568725,0.526904526475204,1985,0.16945006613756614
ds005540,labram_ridge_base,2,4,prior_personalized,0.5440407826025998,0.3695171945863509,0.6009279967811989,1985,0.17446036418306637
ds005540,labram_ridge_base,2,4,eeg_population,-0.03876505467603898,-0.10571925547381036,0.04752410496193293,1985,0.22547328789859383
ds005540,labram_ridge_base,2,4,eeg_personalized,0.13581481512885304,0.023605814952620773,0.2067883278180901,1985,0.22792562651837703
ds005540,labram_ridge_base,2,4,combined_population,0.42246710544506777,0.26236160860922897,0.4792266659621061,1985,0.18774776078765348
ds005540,labram_ridge_base,2,4,combined_personalized,0.5144568160662848,0.34644221131896785,0.5656015284297787,1985,0.18720325472921312
ds005540,labram_ridge_base,2,8,prior,0.4907012372224836,0.3345533219204282,0.5373913527901665,1985,0.16290261243386245
ds005540,labram_ridge_base,2,8,prior_personalized,0.5559170887724669,0.3884344234414115,0.6086931311819719,1985,0.167525190912936
ds005540,labram_ridge_base,2,8,eeg_population,-0.043041078573263475,-0.11311539271341318,0.05325335219427304,1985,0.2251499127104181
ds005540,labram_ridge_base,2,8,eeg_personalized,0.14699583324503482,0.029544302781016215,0.2165666091907331,1985,0.22712086453391173
ds005540,labram_ridge_base,2,8,combined_population,0.42318354859754165,0.2593917265767421,0.48499564030028863,1985,0.1830196887813934
ds005540,labram_ridge_base,2,8,combined_personalized,0.5128989852073289,0.34032059600949194,0.5706540379729166,1985,0.18397748096781302
ds005540,labram_ridge_base,4,0,prior,-3.0732194575483232e-15,-1.714950987870467e-15,1.807240557004948e-15,1985,0.21154367944837507
ds005540,labram_ridge_base,4,0,prior_personalized,0.20127149421979934,0.08385164226010637,0.2531427176732738,1985,0.2002923326094837
ds005540,labram_ridge_base,4,0,eeg_population,-0.05742180163057677,-0.12278188813280044,0.033300676165926864,1985,0.22760533583310782
ds005540,labram_ridge_base,4,0,eeg_personalized,0.13633361000266125,0.029332051347252076,0.20027764258268121,1985,0.22528409866823482
ds005540,labram_ridge_base,4,0,combined_population,-0.04332162573689368,-0.10603877292060762,0.04333503125585872,1985,0.22675993234947306
ds005540,labram_ridge_base,4,0,combined_personalized,0.1649429454116143,0.04813736949717987,0.22497532851693008,1985,0.21673411070806847
ds005540,labram_ridge_base,4,1,prior,0.3897076368081029,0.21089936494751568,0.46721821829334986,1985,0.23195701058201063
ds005540,labram_ridge_base,4,1,prior_personalized,0.4722962162265828,0.29404451788590397,0.5440763807965416,1985,0.2275497664247026
ds005540,labram_ridge_base,4,1,eeg_population,-0.04798358641506265,-0.11488498087965132,0.04214071812145315,1985,0.22627949469580608
ds005540,labram_ridge_base,4,1,eeg_personalized,0.14365968778848578,0.0366954902590308,0.2062773702493295,1985,0.22433232711389062
ds005540,labram_ridge_base,4,1,combined_population,0.3586491395649338,0.18468918943119195,0.4353780697678742,1985,0.24627498817496568
ds005540,labram_ridge_base,4,1,combined_personalized,0.4536315836238806,0.28317676670800973,0.51713620225076,1985,0.23982880974014936
ds005540,labram_ridge_base,4,2,prior,0.44729263481390646,0.2799642259821634,0.5034015251322533,1985,0.1847556216931217
ds005540,labram_ridge_base,4,2,prior_personalized,0.5637120717710203,0.37428491654837465,0.612995632859207,1985,0.17898330466831794
ds005540,labram_ridge_base,4,2,eeg_population,-0.049632488681125506,-0.11367741913269494,0.03997813769145081,1985,0.22681384317334877
ds005540,labram_ridge_base,4,2,eeg_personalized,0.14436867785397992,0.03743791460374584,0.20374856105707126,1985,0.22476434447316446
ds005540,labram_ridge_base,4,2,combined_population,0.4017822740520681,0.2320142902584164,0.46445714220509227,1985,0.20041668738097265
ds005540,labram_ridge_base,4,2,combined_personalized,0.5384279898823275,0.3523450834058556,0.5860877989377066,1985,0.19034406346827323
ds005540,labram_ridge_base,4,4,prior,0.472923249015021,0.3161273456568725,0.526904526475204,1985,0.16945006613756614
ds005540,labram_ridge_base,4,4,prior_personalized,0.6082045791036811,0.42306670728997486,0.6553064451107395,1985,0.1566922013804928
ds005540,labram_ridge_base,4,4,eeg_population,-0.03876505467603898,-0.10571925547381036,0.04752410496193293,1985,0.22547328789859383
ds005540,labram_ridge_base,4,4,eeg_personalized,0.15377934272801702,0.045018330238972566,0.21051652482663802,1985,0.2222584254036603
ds005540,labram_ridge_base,4,4,combined_population,0.42246710544506777,0.26236160860922897,0.4792266659621061,1985,0.18774776078765348
ds005540,labram_ridge_base,4,4,combined_personalized,0.5771797441163353,0.39891515822939844,0.6196868367592928,1985,0.16981326497550905
ds005540,labram_ridge_base,4,8,prior,0.4907012372224836,0.3345533219204282,0.5373913527901665,1985,0.16290261243386245
ds005540,labram_ridge_base,4,8,prior_personalized,0.6274400484258289,0.4432092531586465,0.6696496152637839,1985,0.1511367072096877
ds005540,labram_ridge_base,4,8,eeg_population,-0.043041078573263475,-0.11311539271341318,0.05325335219427304,1985,0.2251499127104181
ds005540,labram_ridge_base,4,8,eeg_personalized,0.16382496496063795,0.051655256680662155,0.2241998957198704,1985,0.22008284768408934
ds005540,labram_ridge_base,4,8,combined_population,0.42318354859754165,0.2593917265767421,0.48499564030028863,1985,0.1830196887813934
ds005540,labram_ridge_base,4,8,combined_personalized,0.5779597428248335,0.39738675217989944,0.6177242999350772,1985,0.16915859305387348
ds005540,labram_ridge_base,8,0,prior,-3.0732194575483232e-15,-1.714950987870467e-15,1.807240557004948e-15,1985,0.21154367944837507
ds005540,labram_ridge_base,8,0,prior_personalized,0.20355097551998394,0.08804728028094931,0.25064802730503327,1985,0.19155023578113023
ds005540,labram_ridge_base,8,0,eeg_population,-0.05742180163057677,-0.12278188813280044,0.033300676165926864,1985,0.22760533583310782
ds005540,labram_ridge_base,8,0,eeg_personalized,0.1472332206810274,0.02977657186600627,0.21675082557099998,1985,0.21046451078749392
ds005540,labram_ridge_base,8,0,combined_population,-0.04332162573689368,-0.10603877292060762,0.04333503125585872,1985,0.22675993234947306
ds005540,labram_ridge_base,8,0,combined_personalized,0.1717610470915545,0.052252150373027294,0.2348414429814881,1985,0.20486590766509555
ds005540,labram_ridge_base,8,1,prior,0.3897076368081029,0.21089936494751568,0.46721821829334986,1985,0.23195701058201063
ds005540,labram_ridge_base,8,1,prior_personalized,0.474201241691356,0.2952514336768077,0.5462148578312847,1985,0.222715289091138
ds005540,labram_ridge_base,8,1,eeg_population,-0.04798358641506265,-0.11488498087965132,0.04214071812145315,1985,0.22627949469580608
ds005540,labram_ridge_base,8,1,eeg_personalized,0.15411874920198027,0.03574652378656471,0.22365968866117733,1985,0.21022315385876675
ds005540,labram_ridge_base,8,1,combined_population,0.3586491395649338,0.18468918943119195,0.4353780697678742,1985,0.24627498817496568
ds005540,labram_ridge_base,8,1,combined_personalized,0.4584776637231073,0.28222117933970403,0.5249020767897554,1985,0.23107640550100209
ds005540,labram_ridge_base,8,2,prior,0.44729263481390646,0.2799642259821634,0.5034015251322533,1985,0.1847556216931217
ds005540,labram_ridge_base,8,2,prior_personalized,0.5676535706334505,0.36714073884385934,0.6185520079969625,1985,0.17405386184083965
ds005540,labram_ridge_base,8,2,eeg_population,-0.049632488681125506,-0.11367741913269494,0.03997813769145081,1985,0.22681384317334877
ds005540,labram_ridge_base,8,2,eeg_personalized,0.1529896137112357,0.033397469420300134,0.2226436189564129,1985,0.2106440542652793
ds005540,labram_ridge_base,8,2,combined_population,0.4017822740520681,0.2320142902584164,0.46445714220509227,1985,0.20041668738097265
ds005540,labram_ridge_base,8,2,combined_personalized,0.5470023706558246,0.35797672009974846,0.5927724302785816,1985,0.1829261692702384
ds005540,labram_ridge_base,8,4,prior,0.472923249015021,0.3161273456568725,0.526904526475204,1985,0.16945006613756614
ds005540,labram_ridge_base,8,4,prior_personalized,0.6104864167450004,0.4220014896296483,0.6554986570733079,1985,0.15512004551872685
ds005540,labram_ridge_base,8,4,eeg_population,-0.03876505467603898,-0.10571925547381036,0.04752410496193293,1985,0.22547328789859383
ds005540,labram_ridge_base,8,4,eeg_personalized,0.16226731209328163,0.038474894130302535,0.2305941618379659,1985,0.208673173928024
ds005540,labram_ridge_base,8,4,combined_population,0.42246710544506777,0.26236160860922897,0.4792266659621061,1985,0.18774776078765348
ds005540,labram_ridge_base,8,4,combined_personalized,0.5825963768815864,0.3994621028260453,0.6263712021155896,1985,0.164237131654287
ds005540,labram_ridge_base,8,8,prior,0.4907012372224836,0.3345533219204282,0.5373913527901665,1985,0.16290261243386245
ds005540,labram_ridge_base,8,8,prior_personalized,0.6327069705103981,0.44529828530725174,0.6771887237220667,1985,0.1450768522313176
ds005540,labram_ridge_base,8,8,eeg_population,-0.043041078573263475,-0.11311539271341318,0.05325335219427304,1985,0.2251499127104181
ds005540,labram_ridge_base,8,8,eeg_personalized,0.17267871062803178,0.046243738944071994,0.23909426242208576,1985,0.2066076652345657
ds005540,labram_ridge_base,8,8,combined_population,0.42318354859754165,0.2593917265767421,0.48499564030028863,1985,0.1830196887813934
ds005540,labram_ridge_base,8,8,combined_personalized,0.5868465723289671,0.4061090835843273,0.6327252185794903,1985,0.16144170510935713
ds005540,labram_ridge_strong,0,0,prior,-3.0732194575483232e-15,-1.714950987870467e-15,1.807240557004948e-15,1985,0.21154367944837507
ds005540,labram_ridge_strong,0,0,prior_personalized,-3.0732194575483232e-15,-1.714950987870467e-15,1.807240557004948e-15,1985,0.21154367944837507
ds005540,labram_ridge_strong,0,0,eeg_population,-0.02530823491870557,-0.06800214406701317,0.03384031003717505,1985,0.21613344626210945
ds005540,labram_ridge_strong,0,0,eeg_personalized,-0.02530823491870557,-0.06800214406701317,0.03384031003717505,1985,0.21613344626210945
ds005540,labram_ridge_strong,0,0,combined_population,-0.022924548047233727,-0.06880452058283874,0.03813757506095133,1985,0.21712421402085935
ds005540,labram_ridge_strong,0,0,combined_personalized,-0.022924548047233727,-0.06880452058283874,0.03813757506095133,1985,0.21712421402085935
ds005540,labram_ridge_strong,0,1,prior,0.3897076368081029,0.21089936494751568,0.46721821829334986,1985,0.23195701058201063
ds005540,labram_ridge_strong,0,1,prior_personalized,0.3897076368081029,0.21089936494751568,0.46721821829334986,1985,0.23195701058201063
ds005540,labram_ridge_strong,0,1,eeg_population,-0.021362087425751727,-0.06459184937493546,0.03910309356046596,1985,0.2159238199203485
ds005540,labram_ridge_strong,0,1,eeg_personalized,-0.021362087425751727,-0.06459184937493546,0.03910309356046596,1985,0.2159238199203485
ds005540,labram_ridge_strong,0,1,combined_population,0.3746002456618499,0.20097708920598206,0.4514084910362933,1985,0.23940623729317653
ds005540,labram_ridge_strong,0,1,combined_personalized,0.3746002456618499,0.20097708920598206,0.4514084910362933,1985,0.23940623729317653
ds005540,labram_ridge_strong,0,2,prior,0.44729263481390646,0.2799642259821634,0.5034015251322533,1985,0.1847556216931217
ds005540,labram_ridge_strong,0,2,prior_personalized,0.44729263481390646,0.2799642259821634,0.5034015251322533,1985,0.1847556216931217
ds005540,labram_ridge_strong,0,2,eeg_population,-0.024258350371614435,-0.0665045495961361,0.03717385524665348,1985,0.21640576399653888
ds005540,labram_ridge_strong,0,2,eeg_personalized,-0.024258350371614435,-0.0665045495961361,0.03717385524665348,1985,0.21640576399653888
ds005540,labram_ridge_strong,0,2,combined_population,0.4255033712507239,0.25137886314642,0.48694400622719025,1985,0.19208239257460993
ds005540,labram_ridge_strong,0,2,combined_personalized,0.4255033712507239,0.25137886314642,0.48694400622719025,1985,0.19208239257460993
ds005540,labram_ridge_strong,0,4,prior,0.472923249015021,0.3161273456568725,0.526904526475204,1985,0.16945006613756614
ds005540,labram_ridge_strong,0,4,prior_personalized,0.472923249015021,0.3161273456568725,0.526904526475204,1985,0.16945006613756614
ds005540,labram_ridge_strong,0,4,eeg_population,-0.018518864901488068,-0.06279639402409509,0.041318593834489076,1985,0.21605031447436662
ds005540,labram_ridge_strong,0,4,eeg_personalized,-0.018518864901488068,-0.06279639402409509,0.041318593834489076,1985,0.21605031447436662
ds005540,labram_ridge_strong,0,4,combined_population,0.450335511393633,0.28804659244504877,0.5061370706973132,1985,0.17783262859847287
ds005540,labram_ridge_strong,0,4,combined_personalized,0.450335511393633,0.28804659244504877,0.5061370706973132,1985,0.17783262859847287
ds005540,labram_ridge_strong,0,8,prior,0.4907012372224836,0.3345533219204282,0.5373913527901665,1985,0.16290261243386245
ds005540,labram_ridge_strong,0,8,prior_personalized,0.4907012372224836,0.3345533219204282,0.5373913527901665,1985,0.16290261243386245
ds005540,labram_ridge_strong,0,8,eeg_population,-0.020465009838597482,-0.06590008237042974,0.04060096254625872,1985,0.2153389338490884
ds005540,labram_ridge_strong,0,8,eeg_personalized,-0.020465009838597482,-0.06590008237042974,0.04060096254625872,1985,0.2153389338490884
ds005540,labram_ridge_strong,0,8,combined_population,0.4634916475873898,0.29758287764924535,0.5183835982619391,1985,0.1706641694254966
ds005540,labram_ridge_strong,0,8,combined_personalized,0.4634916475873898,0.29758287764924535,0.5183835982619391,1985,0.1706641694254966
ds005540,labram_ridge_strong,1,0,prior,-3.0732194575483232e-15,-1.714950987870467e-15,1.807240557004948e-15,1985,0.21154367944837507
ds005540,labram_ridge_strong,1,0,prior_personalized,0.13942400367279467,0.030055573349925105,0.220531096193554,1985,0.24356052006101078
ds005540,labram_ridge_strong,1,0,eeg_population,-0.02530823491870557,-0.06800214406701317,0.03384031003717505,1985,0.21613344626210945
ds005540,labram_ridge_strong,1,0,eeg_personalized,0.12489867540127601,0.0010144841307806142,0.2333910987582743,1985,0.25811489531549525
ds005540,labram_ridge_strong,1,0,combined_population,-0.022924548047233727,-0.06880452058283874,0.03813757506095133,1985,0.21712421402085935
ds005540,labram_ridge_strong,1,0,combined_personalized,0.12762637234182186,0.018739623795126916,0.20958673665705704,1985,0.2536440032199605
ds005540,labram_ridge_strong,1,1,prior,0.3897076368081029,0.21089936494751568,0.46721821829334986,1985,0.23195701058201063
ds005540,labram_ridge_strong,1,1,prior_personalized,0.40995118909402206,0.2513857402546658,0.4908165172649549,1985,0.2574170719213611
ds005540,labram_ridge_strong,1,1,eeg_population,-0.021362087425751727,-0.06459184937493546,0.03910309356046596,1985,0.2159238199203485
ds005540,labram_ridge_strong,1,1,eeg_personalized,0.1270487893548919,0.0038847806340825707,0.23531280172960176,1985,0.2585064307274249
ds005540,labram_ridge_strong,1,1,combined_population,0.3746002456618499,0.20097708920598206,0.4514084910362933,1985,0.23940623729317653
ds005540,labram_ridge_strong,1,1,combined_personalized,0.3972706206831854,0.2446650750662547,0.47735622508548503,1985,0.2686035185222795
ds005540,labram_ridge_strong,1,2,prior,0.44729263481390646,0.2799642259821634,0.5034015251322533,1985,0.1847556216931217
ds005540,labram_ridge_strong,1,2,prior_personalized,0.45298874237330666,0.2925026522506863,0.5292245183821856,1985,0.21862092411038486
ds005540,labram_ridge_strong,1,2,eeg_population,-0.024258350371614435,-0.0665045495961361,0.03717385524665348,1985,0.21640576399653888
ds005540,labram_ridge_strong,1,2,eeg_personalized,0.12680232306439537,0.0029624047566604653,0.23549080571270545,1985,0.25789393532748855
ds005540,labram_ridge_strong,1,2,combined_population,0.4255033712507239,0.25137886314642,0.48694400622719025,1985,0.19208239257460993
ds005540,labram_ridge_strong,1,2,combined_personalized,0.4365604927037334,0.2843664373876714,0.5107781264147124,1985,0.23126412655725584
ds005540,labram_ridge_strong,1,4,prior,0.472923249015021,0.3161273456568725,0.526904526475204,1985,0.16945006613756614
ds005540,labram_ridge_strong,1,4,prior_personalized,0.4734042218746855,0.3110503066207855,0.5511125750481486,1985,0.20628687898770615
ds005540,labram_ridge_strong,1,4,eeg_population,-0.018518864901488068,-0.06279639402409509,0.041318593834489076,1985,0.21605031447436662
ds005540,labram_ridge_strong,1,4,eeg_personalized,0.13002953212231588,0.004061793606214997,0.2366542557642687,1985,0.2575171861206479
ds005540,labram_ridge_strong,1,4,combined_population,0.450335511393633,0.28804659244504877,0.5061370706973132,1985,0.17783262859847287
ds005540,labram_ridge_strong,1,4,combined_personalized,0.4547891278082525,0.30429683246497075,0.5255173175681148,1985,0.21619532378477233
ds005540,labram_ridge_strong,1,8,prior,0.4907012372224836,0.3345533219204282,0.5373913527901665,1985,0.16290261243386245
ds005540,labram_ridge_strong,1,8,prior_personalized,0.4855856648588942,0.3213039291052298,0.5558422639274376,1985,0.20154269702058714
ds005540,labram_ridge_strong,1,8,eeg_population,-0.020465009838597482,-0.06590008237042974,0.04060096254625872,1985,0.2153389338490884
ds005540,labram_ridge_strong,1,8,eeg_personalized,0.13480523966301236,0.009135928697202565,0.23948267122908695,1985,0.25620613521390967
ds005540,labram_ridge_strong,1,8,combined_population,0.4634916475873898,0.29758287764924535,0.5183835982619391,1985,0.1706641694254966
ds005540,labram_ridge_strong,1,8,combined_personalized,0.4710249367389688,0.3160322532392841,0.5375384239351874,1985,0.20958620062419295
ds005540,labram_ridge_strong,2,0,prior,-3.0732194575483232e-15,-1.714950987870467e-15,1.807240557004948e-15,1985,0.21154367944837507
ds005540,labram_ridge_strong,2,0,prior_personalized,0.13636464028270187,0.029622854322342313,0.1999166613095847,1985,0.211274476386932
ds005540,labram_ridge_strong,2,0,eeg_population,-0.02530823491870557,-0.06800214406701317,0.03384031003717505,1985,0.21613344626210945
ds005540,labram_ridge_strong,2,0,eeg_personalized,0.1355914905200881,0.024630138625666046,0.2065875162653624,1985,0.22260790352962645
ds005540,labram_ridge_strong,2,0,combined_population,-0.022924548047233727,-0.06880452058283874,0.03813757506095133,1985,0.21712421402085935
ds005540,labram_ridge_strong,2,0,combined_personalized,0.12493800835826914,0.01680373870673435,0.1968160766452086,1985,0.2166048354133061
ds005540,labram_ridge_strong,2,1,prior,0.3897076368081029,0.21089936494751568,0.46721821829334986,1985,0.23195701058201063
ds005540,labram_ridge_strong,2,1,prior_personalized,0.4384746654153546,0.2600467268918161,0.5146754527111957,1985,0.23789503065886847
ds005540,labram_ridge_strong,2,1,eeg_population,-0.021362087425751727,-0.06459184937493546,0.03910309356046596,1985,0.2159238199203485
ds005540,labram_ridge_strong,2,1,eeg_personalized,0.1390289400004104,0.02714235947294266,0.21027029249802448,1985,0.2227301815656034
ds005540,labram_ridge_strong,2,1,combined_population,0.3746002456618499,0.20097708920598206,0.4514084910362933,1985,0.23940623729317653
ds005540,labram_ridge_strong,2,1,combined_personalized,0.43127010676160965,0.257364798245971,0.5023775111603184,1985,0.2423391706204666
ds005540,labram_ridge_strong,2,2,prior,0.44729263481390646,0.2799642259821634,0.5034015251322533,1985,0.1847556216931217
ds005540,labram_ridge_strong,2,2,prior_personalized,0.5141625393565328,0.3378017769703338,0.5683849918049656,1985,0.1908285463838313
ds005540,labram_ridge_strong,2,2,eeg_population,-0.024258350371614435,-0.0665045495961361,0.03717385524665348,1985,0.21640576399653888
ds005540,labram_ridge_strong,2,2,eeg_personalized,0.1390513131632825,0.027177307466321445,0.20975411326005333,1985,0.22294530122590248
ds005540,labram_ridge_strong,2,2,combined_population,0.4255033712507239,0.25137886314642,0.48694400622719025,1985,0.19208239257460993
ds005540,labram_ridge_strong,2,2,combined_personalized,0.5057609394043652,0.3293762540721072,0.5573003989814462,1985,0.19632177700946823
ds005540,labram_ridge_strong,2,4,prior,0.472923249015021,0.3161273456568725,0.526904526475204,1985,0.16945006613756614
ds005540,labram_ridge_strong,2,4,prior_personalized,0.5440407826025998,0.3695171945863509,0.6009279967811989,1985,0.17446036418306637
ds005540,labram_ridge_strong,2,4,eeg_population,-0.018518864901488068,-0.06279639402409509,0.041318593834489076,1985,0.21605031447436662
ds005540,labram_ridge_strong,2,4,eeg_personalized,0.14285395362123085,0.032513835123682576,0.21213922929376175,1985,0.22220762619774273
ds005540,labram_ridge_strong,2,4,combined_population,0.450335511393633,0.28804659244504877,0.5061370706973132,1985,0.17783262859847287
ds005540,labram_ridge_strong,2,4,combined_personalized,0.5331112659733233,0.36134880399072666,0.58632595556508,1985,0.1796720503426011
ds005540,labram_ridge_strong,2,8,prior,0.4907012372224836,0.3345533219204282,0.5373913527901665,1985,0.16290261243386245
ds005540,labram_ridge_strong,2,8,prior_personalized,0.5559170887724669,0.3884344234414115,0.6086931311819719,1985,0.167525190912936
ds005540,labram_ridge_strong,2,8,eeg_population,-0.020465009838597482,-0.06590008237042974,0.04060096254625872,1985,0.2153389338490884
ds005540,labram_ridge_strong,2,8,eeg_personalized,0.14659697769268104,0.03422160420159155,0.21908049164775412,1985,0.22177829872465854
ds005540,labram_ridge_strong,2,8,combined_population,0.4634916475873898,0.29758287764924535,0.5183835982619391,1985,0.1706641694254966
ds005540,labram_ridge_strong,2,8,combined_personalized,0.5454967888787925,0.374015404334376,0.5967020555240168,1985,0.17288959387513086
ds005540,labram_ridge_strong,4,0,prior,-3.0732194575483232e-15,-1.714950987870467e-15,1.807240557004948e-15,1985,0.21154367944837507
ds005540,labram_ridge_strong,4,0,prior_personalized,0.20127149421979934,0.08385164226010637,0.2531427176732738,1985,0.2002923326094837
ds005540,labram_ridge_strong,4,0,eeg_population,-0.02530823491870557,-0.06800214406701317,0.03384031003717505,1985,0.21613344626210945
ds005540,labram_ridge_strong,4,0,eeg_personalized,0.16149446102154832,0.056369908142808116,0.22224258423074048,1985,0.21363336741595393
ds005540,labram_ridge_strong,4,0,combined_population,-0.022924548047233727,-0.06880452058283874,0.03813757506095133,1985,0.21712421402085935
ds005540,labram_ridge_strong,4,0,combined_personalized,0.1846546055996891,0.07039950931703205,0.23902742977950148,1985,0.20643892007117035
ds005540,labram_ridge_strong,4,1,prior,0.3897076368081029,0.21089936494751568,0.46721821829334986,1985,0.23195701058201063
ds005540,labram_ridge_strong,4,1,prior_personalized,0.4722962162265828,0.29404451788590397,0.5440763807965416,1985,0.2275497664247026
ds005540,labram_ridge_strong,4,1,eeg_population,-0.021362087425751727,-0.06459184937493546,0.03910309356046596,1985,0.2159238199203485
ds005540,labram_ridge_strong,4,1,eeg_personalized,0.1646518392184926,0.06041335134488845,0.2246735012993033,1985,0.21386646511201315
ds005540,labram_ridge_strong,4,1,combined_population,0.3746002456618499,0.20097708920598206,0.4514084910362933,1985,0.23940623729317653
ds005540,labram_ridge_strong,4,1,combined_personalized,0.4644718972472258,0.2876575458301584,0.5305572831801522,1985,0.23353266197904793
ds005540,labram_ridge_strong,4,2,prior,0.44729263481390646,0.2799642259821634,0.5034015251322533,1985,0.1847556216931217
ds005540,labram_ridge_strong,4,2,prior_personalized,0.5637120717710203,0.37428491654837465,0.612995632859207,1985,0.17898330466831794
ds005540,labram_ridge_strong,4,2,eeg_population,-0.024258350371614435,-0.0665045495961361,0.03717385524665348,1985,0.21640576399653888
ds005540,labram_ridge_strong,4,2,eeg_personalized,0.16453426626491674,0.05875208356004734,0.22212907133314808,1985,0.21390597420182664
ds005540,labram_ridge_strong,4,2,combined_population,0.4255033712507239,0.25137886314642,0.48694400622719025,1985,0.19208239257460993
ds005540,labram_ridge_strong,4,2,combined_personalized,0.5540407888361429,0.3653876869523974,0.6018709741025706,1985,0.18313111413045013
ds005540,labram_ridge_strong,4,4,prior,0.472923249015021,0.3161273456568725,0.526904526475204,1985,0.16945006613756614
ds005540,labram_ridge_strong,4,4,prior_personalized,0.6082045791036811,0.42306670728997486,0.6553064451107395,1985,0.1566922013804928
ds005540,labram_ridge_strong,4,4,eeg_population,-0.018518864901488068,-0.06279639402409509,0.041318593834489076,1985,0.21605031447436662
ds005540,labram_ridge_strong,4,4,eeg_personalized,0.16866671979033127,0.06181479030028655,0.22449978532667272,1985,0.2131554966197739
ds005540,labram_ridge_strong,4,4,combined_population,0.450335511393633,0.28804659244504877,0.5061370706973132,1985,0.17783262859847287
ds005540,labram_ridge_strong,4,4,combined_personalized,0.5965587624989475,0.4217183413400615,0.6410421346911114,1985,0.16225642701305049
ds005540,labram_ridge_strong,4,8,prior,0.4907012372224836,0.3345533219204282,0.5373913527901665,1985,0.16290261243386245
ds005540,labram_ridge_strong,4,8,prior_personalized,0.6274400484258289,0.4432092531586465,0.6696496152637839,1985,0.1511367072096877
ds005540,labram_ridge_strong,4,8,eeg_population,-0.020465009838597482,-0.06590008237042974,0.04060096254625872,1985,0.2153389338490884
ds005540,labram_ridge_strong,4,8,eeg_personalized,0.17330715997072235,0.0643281978692835,0.2326059346162128,1985,0.21188883056372226
ds005540,labram_ridge_strong,4,8,combined_population,0.4634916475873898,0.29758287764924535,0.5183835982619391,1985,0.1706641694254966
ds005540,labram_ridge_strong,4,8,combined_personalized,0.6173000803930391,0.4385962496020253,0.6537942884670512,1985,0.15532219360273208
ds005540,labram_ridge_strong,8,0,prior,-3.0732194575483232e-15,-1.714950987870467e-15,1.807240557004948e-15,1985,0.21154367944837507
ds005540,labram_ridge_strong,8,0,prior_personalized,0.20355097551998394,0.08804728028094931,0.25064802730503327,1985,0.19155023578113023
ds005540,labram_ridge_strong,8,0,eeg_population,-0.02530823491870557,-0.06800214406701317,0.03384031003717505,1985,0.21613344626210945
ds005540,labram_ridge_strong,8,0,eeg_personalized,0.17243041791625538,0.05688365934879131,0.23325878203473996,1985,0.20007401725557677
ds005540,labram_ridge_strong,8,0,combined_population,-0.022924548047233727,-0.06880452058283874,0.03813757506095133,1985,0.21712421402085935
ds005540,labram_ridge_strong,8,0,combined_personalized,0.18887295853758154,0.07578321550447904,0.24124560357812824,1985,0.19732318233011464
ds005540,labram_ridge_strong,8,1,prior,0.3897076368081029,0.21089936494751568,0.46721821829334986,1985,0.23195701058201063
ds005540,labram_ridge_strong,8,1,prior_personalized,0.474201241691356,0.2952514336768077,0.5462148578312847,1985,0.222715289091138
ds005540,labram_ridge_strong,8,1,eeg_population,-0.021362087425751727,-0.06459184937493546,0.03910309356046596,1985,0.2159238199203485
ds005540,labram_ridge_strong,8,1,eeg_personalized,0.17519534738325984,0.059002577015978004,0.23459036184162968,1985,0.20039724583571633
ds005540,labram_ridge_strong,8,1,combined_population,0.3746002456618499,0.20097708920598206,0.4514084910362933,1985,0.23940623729317653
ds005540,labram_ridge_strong,8,1,combined_personalized,0.4662013795618596,0.28868998396495726,0.5352620568950345,1985,0.22703223510544168
ds005540,labram_ridge_strong,8,2,prior,0.44729263481390646,0.2799642259821634,0.5034015251322533,1985,0.1847556216931217
ds005540,labram_ridge_strong,8,2,prior_personalized,0.5676535706334505,0.36714073884385934,0.6185520079969625,1985,0.17405386184083965
ds005540,labram_ridge_strong,8,2,eeg_population,-0.024258350371614435,-0.0665045495961361,0.03717385524665348,1985,0.21640576399653888
ds005540,labram_ridge_strong,8,2,eeg_personalized,0.17406456291820677,0.05596566098668185,0.23296441277063717,1985,0.200581368330678
ds005540,labram_ridge_strong,8,2,combined_population,0.4255033712507239,0.25137886314642,0.48694400622719025,1985,0.19208239257460993
ds005540,labram_ridge_strong,8,2,combined_personalized,0.5580502001269784,0.36522795649687656,0.6038832014262011,1985,0.17793177037213642
ds005540,labram_ridge_strong,8,4,prior,0.472923249015021,0.3161273456568725,0.526904526475204,1985,0.16945006613756614
ds005540,labram_ridge_strong,8,4,prior_personalized,0.6104864167450004,0.4220014896296483,0.6554986570733079,1985,0.15512004551872685
ds005540,labram_ridge_strong,8,4,eeg_population,-0.018518864901488068,-0.06279639402409509,0.041318593834489076,1985,0.21605031447436662
ds005540,labram_ridge_strong,8,4,eeg_personalized,0.17790231651725122,0.05787933712194082,0.2380509138289296,1985,0.199997695513783
ds005540,labram_ridge_strong,8,4,combined_population,0.450335511393633,0.28804659244504877,0.5061370706973132,1985,0.17783262859847287
ds005540,labram_ridge_strong,8,4,combined_personalized,0.5984125427502656,0.4166232195380179,0.6443807938280754,1985,0.15882730258709757
ds005540,labram_ridge_strong,8,8,prior,0.4907012372224836,0.3345533219204282,0.5373913527901665,1985,0.16290261243386245
ds005540,labram_ridge_strong,8,8,prior_personalized,0.6327069705103981,0.44529828530725174,0.6771887237220667,1985,0.1450768522313176
ds005540,labram_ridge_strong,8,8,eeg_population,-0.020465009838597482,-0.06590008237042974,0.04060096254625872,1985,0.2153389338490884
ds005540,labram_ridge_strong,8,8,eeg_personalized,0.18268523820092075,0.06179028316241454,0.24391949658465434,1985,0.1984099239147677
ds005540,labram_ridge_strong,8,8,combined_population,0.4634916475873898,0.29758287764924535,0.5183835982619391,1985,0.1706641694254966
ds005540,labram_ridge_strong,8,8,combined_personalized,0.6231609201132849,0.44043216354727655,0.6676412726759899,1985,0.14861636996357264
ds006850,bandpower_ridge_base,0,0,prior,-6.635784198480622e-16,-4.221326138264935e-15,4.640189676727291e-15,2000,0.20432291577740386
ds006850,bandpower_ridge_base,0,0,prior_personalized,-6.635784198480622e-16,-4.221326138264935e-15,4.640189676727291e-15,2000,0.20432291577740386
ds006850,bandpower_ridge_base,0,0,eeg_population,0.010564283319343667,-0.06807866284364465,0.097394950163526,2000,0.21862456227357976
ds006850,bandpower_ridge_base,0,0,eeg_personalized,0.010564283319343667,-0.06807866284364465,0.097394950163526,2000,0.21862456227357976
ds006850,bandpower_ridge_base,0,0,combined_population,0.008094316706140043,-0.06302534200909218,0.08473231640309087,2000,0.2165682002620073
ds006850,bandpower_ridge_base,0,0,combined_personalized,0.008094316706140043,-0.06302534200909218,0.08473231640309087,2000,0.2165682002620073
ds006850,bandpower_ridge_base,0,1,prior,0.2524773125728417,0.0849260715229786,0.358365224755895,2000,0.23557692307692296
ds006850,bandpower_ridge_base,0,1,prior_personalized,0.2524773125728417,0.0849260715229786,0.358365224755895,2000,0.23557692307692296
ds006850,bandpower_ridge_base,0,1,eeg_population,0.012086719656647107,-0.06441636547813084,0.09752390582526561,2000,0.21868075845204843
ds006850,bandpower_ridge_base,0,1,eeg_personalized,0.012086719656647107,-0.06441636547813084,0.09752390582526561,2000,0.21868075845204843
ds006850,bandpower_ridge_base,0,1,combined_population,0.2480930482051285,0.08809634530422693,0.35412583654434787,2000,0.24542738456454072
ds006850,bandpower_ridge_base,0,1,combined_personalized,0.2480930482051285,0.08809634530422693,0.35412583654434787,2000,0.24542738456454072
ds006850,bandpower_ridge_base,0,2,prior,0.3327785294901091,0.17502003443907924,0.42819393675043155,2000,0.2026005244755245
ds006850,bandpower_ridge_base,0,2,prior_personalized,0.3327785294901091,0.17502003443907924,0.42819393675043155,2000,0.2026005244755245
ds006850,bandpower_ridge_base,0,2,eeg_population,0.015126090641383311,-0.0637499418933044,0.1022138162162366,2000,0.21829654765226675
ds006850,bandpower_ridge_base,0,2,eeg_personalized,0.015126090641383311,-0.0637499418933044,0.1022138162162366,2000,0.21829654765226675
ds006850,bandpower_ridge_base,0,2,combined_population,0.31714172762098364,0.16851952142902632,0.41171931531906464,2000,0.21019035199129998
ds006850,bandpower_ridge_base,0,2,combined_personalized,0.31714172762098364,0.16851952142902632,0.41171931531906464,2000,0.21019035199129998
ds006850,bandpower_ridge_base,0,4,prior,0.3122403043035985,0.17322515080835235,0.40019743414727305,2000,0.19083260489510495
ds006850,bandpower_ridge_base,0,4,prior_personalized,0.3122403043035985,0.17322515080835235,0.40019743414727305,2000,0.19083260489510495
ds006850,bandpower_ridge_base,0,4,eeg_population,0.02620057469973816,-0.05572551342545238,0.11458252555913596,2000,0.21739113645915675
ds006850,bandpower_ridge_base,0,4,eeg_personalized,0.02620057469973816,-0.05572551342545238,0.11458252555913596,2000,0.21739113645915675
ds006850,bandpower_ridge_base,0,4,combined_population,0.307146345722377,0.1673564480009725,0.398197274305841,2000,0.19680156653616696
ds006850,bandpower_ridge_base,0,4,combined_personalized,0.307146345722377,0.1673564480009725,0.398197274305841,2000,0.19680156653616696
ds006850,bandpower_ridge_base,0,8,prior,0.34077330322157423,0.19758489772336024,0.41793808967176016,2000,0.18296729312354318
ds006850,bandpower_ridge_base,0,8,prior_personalized,0.34077330322157423,0.19758489772336024,0.41793808967176016,2000,0.18296729312354318
ds006850,bandpower_ridge_base,0,8,eeg_population,0.008278705497996643,-0.06534762579306444,0.0872243388686662,2000,0.21957182436812164
ds006850,bandpower_ridge_base,0,8,eeg_personalized,0.008278705497996643,-0.06534762579306444,0.0872243388686662,2000,0.21957182436812164
ds006850,bandpower_ridge_base,0,8,combined_population,0.3228569720474993,0.17688836664926408,0.40645710086317755,2000,0.19303250948924078
ds006850,bandpower_ridge_base,0,8,combined_personalized,0.3228569720474993,0.17688836664926408,0.40645710086317755,2000,0.19303250948924078
ds006850,bandpower_ridge_base,1,0,prior,-6.635784198480622e-16,-4.221326138264935e-15,4.640189676727291e-15,2000,0.20432291577740386
ds006850,bandpower_ridge_base,1,0,prior_personalized,0.0827465866520994,-0.02486924996110074,0.19331402684589585,2000,0.25261502526773405
ds006850,bandpower_ridge_base,1,0,eeg_population,0.010564283319343665,-0.0680786628436447,0.09739495016352641,2000,0.21862456227357976
ds006850,bandpower_ridge_base,1,0,eeg_personalized,0.08533921168313026,-0.024020258549086654,0.2036381278504744,2000,0.28460261318688723
ds006850,bandpower_ridge_base,1,0,combined_population,0.008094316706140445,-0.06302534200909182,0.08473231640309087,2000,0.2165682002620073
ds006850,bandpower_ridge_base,1,0,combined_personalized,0.08391758485544243,-0.026830383836544215,0.19583655759462454,2000,0.25918060020404804
ds006850,bandpower_ridge_base,1,1,prior,0.2524773125728417,0.0849260715229786,0.358365224755895,2000,0.23557692307692296
ds006850,bandpower_ridge_base,1,1,prior_personalized,0.23463677155563079,0.08393345050394439,0.3428970944912072,2000,0.2854217805925801
ds006850,bandpower_ridge_base,1,1,eeg_population,0.012086719656647107,-0.06441636547813126,0.0975239058252656,2000,0.21868075845204843
ds006850,bandpower_ridge_base,1,1,eeg_personalized,0.08498943914705415,-0.023893941900412545,0.2051508781765533,2000,0.2849421768863073
ds006850,bandpower_ridge_base,1,1,combined_population,0.2480930482051285,0.08809634530422696,0.354125836544348,2000,0.24542738456454072
ds006850,bandpower_ridge_base,1,1,combined_personalized,0.2267837747314557,0.08352255298507388,0.33328156942004944,2000,0.29177775020565233
ds006850,bandpower_ridge_base,1,2,prior,0.3327785294901091,0.17502003443907924,0.42819393675043155,2000,0.2026005244755245
ds006850,bandpower_ridge_base,1,2,prior_personalized,0.2783210358552465,0.12973015699601156,0.383937470622968,2000,0.2547554287518416
ds006850,bandpower_ridge_base,1,2,eeg_population,0.0151260906413829,-0.06374994189330474,0.10221381621623658,2000,0.21829654765226675
ds006850,bandpower_ridge_base,1,2,eeg_personalized,0.08446080462192541,-0.023999332454366036,0.20625885577282596,2000,0.2844743730600109
ds006850,bandpower_ridge_base,1,2,combined_population,0.31714172762098364,0.1685195214290266,0.4117193153190652,2000,0.21019035199129998
ds006850,bandpower_ridge_base,1,2,combined_personalized,0.2701612115766067,0.12431252601135717,0.37911953775178553,2000,0.2605868064684356
ds006850,bandpower_ridge_base,1,4,prior,0.3122403043035985,0.17322515080835235,0.40019743414727305,2000,0.19083260489510495
ds006850,bandpower_ridge_base,1,4,prior_personalized,0.2658909927174616,0.12473227412223234,0.37475812228317734,2000,0.24327866513364543
ds006850,bandpower_ridge_base,1,4,eeg_population,0.026200574699738154,-0.05572551342545274,0.11458252555913595,2000,0.21739113645915675
ds006850,bandpower_ridge_base,1,4,eeg_personalized,0.08710183255293048,-0.02200245679821538,0.2070391960046768,2000,0.2874308573341649
ds006850,bandpower_ridge_base,1,4,combined_population,0.307146345722377,0.1673564480009728,0.398197274305841,2000,0.19680156653616696
ds006850,bandpower_ridge_base,1,4,combined_personalized,0.2584910133625024,0.1195558101837362,0.3703330394615783,2000,0.25177551439682955
ds006850,bandpower_ridge_base,1,8,prior,0.34077330322157423,0.19758489772336024,0.41793808967176016,2000,0.18296729312354318
ds006850,bandpower_ridge_base,1,8,prior_personalized,0.28504044211419177,0.14408995753827694,0.38903704725881694,2000,0.2400889356074337
ds006850,bandpower_ridge_base,1,8,eeg_population,0.008278705497996643,-0.06534762579306465,0.0872243388686662,2000,0.21957182436812167
ds006850,bandpower_ridge_base,1,8,eeg_personalized,0.0853449113447751,-0.022150750444548836,0.20469495863775755,2000,0.2887934795975524
ds006850,bandpower_ridge_base,1,8,combined_population,0.32285697204749914,0.17688836664926405,0.4064571008631777,2000,0.1930325094892408
ds006850,bandpower_ridge_base,1,8,combined_personalized,0.2751152482457745,0.13408554988477533,0.38469620855924663,2000,0.2472585611590989
ds006850,bandpower_ridge_base,2,0,prior,-6.635784198480622e-16,-4.221326138264935e-15,4.640189676727291e-15,2000,0.20432291577740386
ds006850,bandpower_ridge_base,2,0,prior_personalized,0.14096237191529984,0.03718961451767293,0.2327148380417294,2000,0.22603625471735964
ds006850,bandpower_ridge_base,2,0,eeg_population,0.010564283319343665,-0.06807866284364479,0.09739495016352641,2000,0.21862456227357976
ds006850,bandpower_ridge_base,2,0,eeg_personalized,0.12467257157212723,0.017849477634866433,0.2281735539340808,2000,0.2458340448713238
ds006850,bandpower_ridge_base,2,0,combined_population,0.008094316706140168,-0.06302534200909182,0.08473231640309076,2000,0.2165682002620073
ds006850,bandpower_ridge_base,2,0,combined_personalized,0.14730447034161104,0.03238850745672855,0.24784264272208956,2000,0.23071422455338503
ds006850,bandpower_ridge_base,2,1,prior,0.2524773125728417,0.0849260715229786,0.358365224755895,2000,0.23557692307692296
ds006850,bandpower_ridge_base,2,1,prior_personalized,0.28256211912808604,0.12963387786544428,0.3858548393348344,2000,0.25671346649395743
ds006850,bandpower_ridge_base,2,1,eeg_population,0.012086719656647107,-0.06441636547813095,0.0975239058252656,2000,0.21868075845204843
ds006850,bandpower_ridge_base,2,1,eeg_personalized,0.1271482957626678,0.01939754972219566,0.2315861909378881,2000,0.2445903553677038
ds006850,bandpower_ridge_base,2,1,combined_population,0.2480930482051285,0.08809634530422698,0.3541258365443478,2000,0.24542738456454072
ds006850,bandpower_ridge_base,2,1,combined_personalized,0.28164335142611713,0.12791739288694473,0.3845061193305667,2000,0.2620391443016906
ds006850,bandpower_ridge_base,2,2,prior,0.3327785294901091,0.17502003443907924,0.42819393675043155,2000,0.2026005244755245
ds006850,bandpower_ridge_base,2,2,prior_personalized,0.3508125268936441,0.19832214756061475,0.4432968527601441,2000,0.22226218799524947
ds006850,bandpower_ridge_base,2,2,eeg_population,0.015126090641382631,-0.06374994189330473,0.1022138162162366,2000,0.21829654765226675
ds006850,bandpower_ridge_base,2,2,eeg_personalized,0.12380302431240409,0.015327233625073117,0.2293671623737314,2000,0.2446470734557753
ds006850,bandpower_ridge_base,2,2,combined_population,0.31714172762098347,0.1685195214290266,0.4117193153190652,2000,0.21019035199129998
ds006850,bandpower_ridge_base,2,2,combined_personalized,0.3474924837961094,0.1969542560520912,0.44037201288695915,2000,0.22541330660781309
ds006850,bandpower_ridge_base,2,4,prior,0.3122403043035985,0.17322515080835235,0.40019743414727305,2000,0.19083260489510495
ds006850,bandpower_ridge_base,2,4,prior_personalized,0.34359431603158197,0.20023322150960005,0.43425223388336354,2000,0.21281763101054157
ds006850,bandpower_ridge_base,2,4,eeg_population,0.026200574699738154,-0.05572551342545239,0.11458252555913621,2000,0.21739113645915675
ds006850,bandpower_ridge_base,2,4,eeg_personalized,0.12766347150762655,0.018934386174229982,0.23270384665542182,2000,0.24553717923546042
ds006850,bandpower_ridge_base,2,4,combined_population,0.307146345722377,0.1673564480009728,0.398197274305841,2000,0.19680156653616696
ds006850,bandpower_ridge_base,2,4,combined_personalized,0.33968562546933523,0.1927943956598912,0.4337720975155769,2000,0.21621511534018362
ds006850,bandpower_ridge_base,2,8,prior,0.34077330322157423,0.19758489772336024,0.41793808967176016,2000,0.18296729312354318
ds006850,bandpower_ridge_base,2,8,prior_personalized,0.37250512896935495,0.2331638783312054,0.4577897412802107,2000,0.20430051582045555
ds006850,bandpower_ridge_base,2,8,eeg_population,0.008278705497996643,-0.06534762579306465,0.0872243388686662,2000,0.21957182436812164
ds006850,bandpower_ridge_base,2,8,eeg_personalized,0.12665537513328246,0.018951184501882774,0.23149944693821192,2000,0.24579998924701235
ds006850,bandpower_ridge_base,2,8,combined_population,0.32285697204749914,0.17688836664926405,0.4064571008631777,2000,0.1930325094892408
ds006850,bandpower_ridge_base,2,8,combined_personalized,0.3670764301140818,0.22614993781965229,0.4537615206423733,2000,0.2087848215058974
ds006850,bandpower_ridge_base,4,0,prior,-6.635784198480622e-16,-4.221326138264935e-15,4.640189676727291e-15,2000,0.20432291577740386
ds006850,bandpower_ridge_base,4,0,prior_personalized,0.15361825253941758,0.03960682463490851,0.24532218993031343,2000,0.20806822020552457
ds006850,bandpower_ridge_base,4,0,eeg_population,0.01056428331934384,-0.06807866284364439,0.09739495016352641,2000,0.21862456227357976
ds006850,bandpower_ridge_base,4,0,eeg_personalized,0.14901799252414416,0.028424700739029675,0.26018958913818757,2000,0.22297627133294468
ds006850,bandpower_ridge_base,4,0,combined_population,0.008094316706140064,-0.063025342009092,0.08473231640309078,2000,0.2165682002620073
ds006850,bandpower_ridge_base,4,0,combined_personalized,0.1552804382183984,0.03626420482223444,0.2584134604753131,2000,0.21470024124021117
ds006850,bandpower_ridge_base,4,1,prior,0.2524773125728417,0.0849260715229786,0.358365224755895,2000,0.23557692307692296
ds006850,bandpower_ridge_base,4,1,prior_personalized,0.3023803686005889,0.1410342807365471,0.4090854166372703,2000,0.24281870875019912
ds006850,bandpower_ridge_base,4,1,eeg_population,0.012086719656647085,-0.06441636547813093,0.09752390582526596,2000,0.21868075845204848
ds006850,bandpower_ridge_base,4,1,eeg_personalized,0.1507848076715679,0.031316929110019,0.2630068808878704,2000,0.22262363350476239
ds006850,bandpower_ridge_base,4,1,combined_population,0.24809304820512837,0.0880963453042267,0.3541258365443478,2000,0.24542738456454072
ds006850,bandpower_ridge_base,4,1,combined_personalized,0.30011417429509846,0.1386624945341041,0.4039846022204636,2000,0.24789396037783035
ds006850,bandpower_ridge_base,4,2,prior,0.3327785294901091,0.17502003443907924,0.42819393675043155,2000,0.2026005244755245
ds006850,bandpower_ridge_base,4,2,prior_personalized,0.38058695888078226,0.21979696445857583,0.47711563843975496,2000,0.20580589164016772
ds006850,bandpower_ridge_base,4,2,eeg_population,0.015126090641382478,-0.06374994189330489,0.10221381621623715,2000,0.21829654765226675
ds006850,bandpower_ridge_base,4,2,eeg_personalized,0.14548725109402316,0.02398073082636761,0.2581122952962823,2000,0.22320394140654876
ds006850,bandpower_ridge_base,4,2,combined_population,0.31714172762098364,0.16851952142902643,0.4117193153190653,2000,0.21019035199129998
ds006850,bandpower_ridge_base,4,2,combined_personalized,0.37047581606750607,0.21480442992425328,0.4682643796815802,2000,0.20937897375628642
ds006850,bandpower_ridge_base,4,4,prior,0.3122403043035985,0.17322515080835235,0.40019743414727305,2000,0.19083260489510495
ds006850,bandpower_ridge_base,4,4,prior_personalized,0.3752071982537277,0.22387021640914168,0.4706794268097773,2000,0.19380600185514676
ds006850,bandpower_ridge_base,4,4,eeg_population,0.026200574699737755,-0.05572551342545248,0.11458252555913621,2000,0.21739113645915675
ds006850,bandpower_ridge_base,4,4,eeg_personalized,0.15112920900396956,0.029850012648874952,0.26336873666817306,2000,0.22312893388115224
ds006850,bandpower_ridge_base,4,4,combined_population,0.30714634572237703,0.16735644800097288,0.39819727430584106,2000,0.19680156653616696
ds006850,bandpower_ridge_base,4,4,combined_personalized,0.3678963699471144,0.21455273250705442,0.46312960192713853,2000,0.1991925177042118
ds006850,bandpower_ridge_base,4,8,prior,0.34077330322157423,0.19758489772336024,0.41793808967176016,2000,0.18296729312354318
ds006850,bandpower_ridge_base,4,8,prior_personalized,0.40644593928664674,0.2560974626094954,0.4932989795135273,2000,0.18546543187314518
ds006850,bandpower_ridge_base,4,8,eeg_population,0.008278705497996681,-0.06534762579306438,0.0872243388686658,2000,0.21957182436812167
ds006850,bandpower_ridge_base,4,8,eeg_personalized,0.15004738626982425,0.031050692433873178,0.2610832551297343,2000,0.22368333995440395
ds006850,bandpower_ridge_base,4,8,combined_population,0.32285697204749975,0.1768883666492643,0.406457100863178,2000,0.1930325094892408
ds006850,bandpower_ridge_base,4,8,combined_personalized,0.3966583844575256,0.24862441769672403,0.4847222909372834,2000,0.19246603245829255
ds006850,bandpower_ridge_base,8,0,prior,-6.635784198480622e-16,-4.221326138264935e-15,4.640189676727291e-15,2000,0.20432291577740386
ds006850,bandpower_ridge_base,8,0,prior_personalized,0.15644082287591965,0.052289277551174455,0.24347735603878817,2000,0.20188437258509112
ds006850,bandpower_ridge_base,8,0,eeg_population,0.01056428331934384,-0.06807866284364439,0.09739495016352641,2000,0.21862456227357976
ds006850,bandpower_ridge_base,8,0,eeg_personalized,0.14550027493389778,0.023667283006288675,0.25506356429941573,2000,0.21141875111856973
ds006850,bandpower_ridge_base,8,0,combined_population,0.008094316706140064,-0.063025342009092,0.08473231640309078,2000,0.2165682002620073
ds006850,bandpower_ridge_base,8,0,combined_personalized,0.15170862675118785,0.03375780173462635,0.2538767457472077,2000,0.2090775253757589
ds006850,bandpower_ridge_base,8,1,prior,0.2524773125728417,0.0849260715229786,0.358365224755895,2000,0.23557692307692296
ds006850,bandpower_ridge_base,8,1,prior_personalized,0.3108629427789764,0.15071017392739333,0.41286467933236476,2000,0.23852550776845435
ds006850,bandpower_ridge_base,8,1,eeg_population,0.012086719656647085,-0.06441636547813093,0.09752390582526596,2000,0.21868075845204848
ds006850,bandpower_ridge_base,8,1,eeg_personalized,0.14869700392657412,0.028256820427073233,0.25771369068140676,2000,0.21081861341228153
ds006850,bandpower_ridge_base,8,1,combined_population,0.24809304820512837,0.0880963453042267,0.3541258365443478,2000,0.24542738456454072
ds006850,bandpower_ridge_base,8,1,combined_personalized,0.30601273495631115,0.14576485500456662,0.4068867050114015,2000,0.2435410536383294
ds006850,bandpower_ridge_base,8,2,prior,0.3327785294901091,0.17502003443907924,0.42819393675043155,2000,0.2026005244755245
ds006850,bandpower_ridge_base,8,2,prior_personalized,0.3927762479587605,0.23575093877872985,0.4858379375667893,2000,0.20132381886625828
ds006850,bandpower_ridge_base,8,2,eeg_population,0.015126090641382478,-0.06374994189330489,0.10221381621623715,2000,0.21829654765226675
ds006850,bandpower_ridge_base,8,2,eeg_personalized,0.14542331313424833,0.022985535820953123,0.2578299852332559,2000,0.21143038986463214
ds006850,bandpower_ridge_base,8,2,combined_population,0.31714172762098364,0.16851952142902643,0.4117193153190653,2000,0.21019035199129998
ds006850,bandpower_ridge_base,8,2,combined_personalized,0.37926476282112176,0.22438343355933915,0.4741169555638605,2000,0.20547358718939512
ds006850,bandpower_ridge_base,8,4,prior,0.3122403043035985,0.17322515080835235,0.40019743414727305,2000,0.19083260489510495
ds006850,bandpower_ridge_base,8,4,prior_personalized,0.387435012462399,0.24301325101406718,0.4774641134921393,2000,0.18921040729934963
ds006850,bandpower_ridge_base,8,4,eeg_population,0.026200574699737755,-0.05572551342545248,0.11458252555913621,2000,0.21739113645915675
ds006850,bandpower_ridge_base,8,4,eeg_personalized,0.15107894596081378,0.028332565960062214,0.2609018221976969,2000,0.21151785217978877
ds006850,bandpower_ridge_base,8,4,combined_population,0.30714634572237703,0.16735644800097288,0.39819727430584106,2000,0.19680156653616696
ds006850,bandpower_ridge_base,8,4,combined_personalized,0.3752228574517388,0.22712776377314736,0.46502748244441544,2000,0.19535883817858807
ds006850,bandpower_ridge_base,8,8,prior,0.34077330322157423,0.19758489772336024,0.41793808967176016,2000,0.18296729312354318
ds006850,bandpower_ridge_base,8,8,prior_personalized,0.41814287956601015,0.2735330044066134,0.5007858941230552,2000,0.1799196406456151
ds006850,bandpower_ridge_base,8,8,eeg_population,0.008278705497996681,-0.06534762579306438,0.0872243388686658,2000,0.21957182436812167
ds006850,bandpower_ridge_base,8,8,eeg_personalized,0.15003196614355516,0.031622678130446856,0.25829651218281724,2000,0.21190416949786509
ds006850,bandpower_ridge_base,8,8,combined_population,0.32285697204749975,0.1768883666492643,0.406457100863178,2000,0.1930325094892408
ds006850,bandpower_ridge_base,8,8,combined_personalized,0.404626973016658,0.26335789138685567,0.4892350635157314,2000,0.18718561041748932
ds006850,bandpower_ridge_strong,0,0,prior,-6.635784198480622e-16,-4.221326138264935e-15,4.640189676727291e-15,2000,0.20432291577740386
ds006850,bandpower_ridge_strong,0,0,prior_personalized,-6.635784198480622e-16,-4.221326138264935e-15,4.640189676727291e-15,2000,0.20432291577740386
ds006850,bandpower_ridge_strong,0,0,eeg_population,-0.005174736366955383,-0.06056230953172325,0.057547199918163976,2000,0.21561115454595417
ds006850,bandpower_ridge_strong,0,0,eeg_personalized,-0.005174736366955383,-0.06056230953172325,0.057547199918163976,2000,0.21561115454595417
ds006850,bandpower_ridge_strong,0,0,combined_population,-0.012123062089835424,-0.062469901416094514,0.044264328778236,2000,0.2136790662481165
ds006850,bandpower_ridge_strong,0,0,combined_personalized,-0.012123062089835424,-0.062469901416094514,0.044264328778236,2000,0.2136790662481165
ds006850,bandpower_ridge_strong,0,1,prior,0.2524773125728417,0.0849260715229786,0.358365224755895,2000,0.23557692307692296
ds006850,bandpower_ridge_strong,0,1,prior_personalized,0.2524773125728417,0.0849260715229786,0.358365224755895,2000,0.23557692307692296
ds006850,bandpower_ridge_strong,0,1,eeg_population,-0.003037706620635818,-0.058317316766910786,0.05911302618578036,2000,0.21551548189379077
ds006850,bandpower_ridge_strong,0,1,eeg_personalized,-0.003037706620635818,-0.058317316766910786,0.05911302618578036,2000,0.21551548189379077
ds006850,bandpower_ridge_strong,0,1,combined_population,0.24262947397367363,0.08165170249254826,0.3499330708067633,2000,0.24187651159747872
ds006850,bandpower_ridge_strong,0,1,combined_personalized,0.24262947397367363,0.08165170249254826,0.3499330708067633,2000,0.24187651159747872
ds006850,bandpower_ridge_strong,0,2,prior,0.3327785294901091,0.17502003443907924,0.42819393675043155,2000,0.2026005244755245
ds006850,bandpower_ridge_strong,0,2,prior_personalized,0.3327785294901091,0.17502003443907924,0.42819393675043155,2000,0.2026005244755245
ds006850,bandpower_ridge_strong,0,2,eeg_population,-0.002080799483007185,-0.056703008118189825,0.05956106382825806,2000,0.21559535651692974
ds006850,bandpower_ridge_strong,0,2,eeg_personalized,-0.002080799483007185,-0.056703008118189825,0.05956106382825806,2000,0.21559535651692974
ds006850,bandpower_ridge_strong,0,2,combined_population,0.31303559422224964,0.1566067927421618,0.41032004687638646,2000,0.20789962805776888
ds006850,bandpower_ridge_strong,0,2,combined_personalized,0.31303559422224964,0.1566067927421618,0.41032004687638646,2000,0.20789962805776888
ds006850,bandpower_ridge_strong,0,4,prior,0.3122403043035985,0.17322515080835235,0.40019743414727305,2000,0.19083260489510495
ds006850,bandpower_ridge_strong,0,4,prior_personalized,0.3122403043035985,0.17322515080835235,0.40019743414727305,2000,0.19083260489510495
ds006850,bandpower_ridge_strong,0,4,eeg_population,0.0070342028741832655,-0.04856394501712744,0.06960842594558245,2000,0.21468434500902892
ds006850,bandpower_ridge_strong,0,4,eeg_personalized,0.0070342028741832655,-0.04856394501712744,0.06960842594558245,2000,0.21468434500902892
ds006850,bandpower_ridge_strong,0,4,combined_population,0.2990889982632157,0.15817193695918014,0.38983758688061754,2000,0.1939842481041224
ds006850,bandpower_ridge_strong,0,4,combined_personalized,0.2990889982632157,0.15817193695918014,0.38983758688061754,2000,0.1939842481041224
ds006850,bandpower_ridge_strong,0,8,prior,0.34077330322157423,0.19758489772336024,0.41793808967176016,2000,0.18296729312354318
ds006850,bandpower_ridge_strong,0,8,prior_personalized,0.34077330322157423,0.19758489772336024,0.41793808967176016,2000,0.18296729312354318
ds006850,bandpower_ridge_strong,0,8,eeg_population,-0.0008398697905440428,-0.053280013878522964,0.057354678381046326,2000,0.21477597095323472
ds006850,bandpower_ridge_strong,0,8,eeg_personalized,-0.0008398697905440428,-0.053280013878522964,0.057354678381046326,2000,0.21477597095323472
ds006850,bandpower_ridge_strong,0,8,combined_population,0.3245796711362553,0.17876833930027253,0.40401417456180094,2000,0.1894181957796353
ds006850,bandpower_ridge_strong,0,8,combined_personalized,0.3245796711362553,0.17876833930027253,0.40401417456180094,2000,0.1894181957796353
ds006850,bandpower_ridge_strong,1,0,prior,-6.635784198480622e-16,-4.221326138264935e-15,4.640189676727291e-15,2000,0.20432291577740386
ds006850,bandpower_ridge_strong,1,0,prior_personalized,0.0827465866520994,-0.02486924996110074,0.19331402684589585,2000,0.25261502526773405
ds006850,bandpower_ridge_strong,1,0,eeg_population,-0.005174736366955383,-0.06056230953172325,0.05754719991816396,2000,0.21561115454595417
ds006850,bandpower_ridge_strong,1,0,eeg_personalized,0.08893222604694931,-0.023218944381087934,0.20915075720601214,2000,0.2769655997717706
ds006850,bandpower_ridge_strong,1,0,combined_population,-0.012123062089835424,-0.062469901416094105,0.044264328778236,2000,0.2136790662481165
ds006850,bandpower_ridge_strong,1,0,combined_personalized,0.08102299647396845,-0.02990471503618071,0.19588208376780977,2000,0.25628613555245705
ds006850,bandpower_ridge_strong,1,1,prior,0.2524773125728417,0.0849260715229786,0.358365224755895,2000,0.23557692307692296
ds006850,bandpower_ridge_strong,1,1,prior_personalized,0.23463677155563079,0.08393345050394439,0.3428970944912072,2000,0.2854217805925801
ds006850,bandpower_ridge_strong,1,1,eeg_population,-0.003037706620635818,-0.05831731676691078,0.05911302618578037,2000,0.21551548189379077
ds006850,bandpower_ridge_strong,1,1,eeg_personalized,0.08921416029010619,-0.02355120897793783,0.2093331692746093,2000,0.2772261162249202
ds006850,bandpower_ridge_strong,1,1,combined_population,0.24262947397367363,0.08165170249254826,0.3499330708067633,2000,0.24187651159747872
ds006850,bandpower_ridge_strong,1,1,combined_personalized,0.2293456592711139,0.08075462948584437,0.33662205673735235,2000,0.28919063930329975
ds006850,bandpower_ridge_strong,1,2,prior,0.3327785294901091,0.17502003443907924,0.42819393675043155,2000,0.2026005244755245
ds006850,bandpower_ridge_strong,1,2,prior_personalized,0.2783210358552465,0.12973015699601156,0.383937470622968,2000,0.2547554287518416
ds006850,bandpower_ridge_strong,1,2,eeg_population,-0.002080799483007185,-0.056703008118189825,0.05956106382825806,2000,0.21559535651692974
ds006850,bandpower_ridge_strong,1,2,eeg_personalized,0.08845589442363054,-0.02367907193967063,0.20913720888084264,2000,0.2773529967762736
ds006850,bandpower_ridge_strong,1,2,combined_population,0.31303559422224964,0.15660679274216183,0.41032004687638646,2000,0.20789962805776888
ds006850,bandpower_ridge_strong,1,2,combined_personalized,0.27204741241935537,0.12533021956177118,0.37964176876574945,2000,0.2584800422662498
ds006850,bandpower_ridge_strong,1,4,prior,0.3122403043035985,0.17322515080835235,0.40019743414727305,2000,0.19083260489510495
ds006850,bandpower_ridge_strong,1,4,prior_personalized,0.2658909927174616,0.12473227412223234,0.37475812228317734,2000,0.24327866513364543
ds006850,bandpower_ridge_strong,1,4,eeg_population,0.007034202874183734,-0.04856394501712744,0.06960842594558245,2000,0.21468434500902892
ds006850,bandpower_ridge_strong,1,4,eeg_personalized,0.09158431004577902,-0.020229590496665707,0.2108187244971198,2000,0.2785648368411036
ds006850,bandpower_ridge_strong,1,4,combined_population,0.2990889982632157,0.15817193695918014,0.38983758688061754,2000,0.1939842481041224
ds006850,bandpower_ridge_strong,1,4,combined_personalized,0.26032343118324786,0.11682207408441957,0.37316407485140446,2000,0.2484658084595328
ds006850,bandpower_ridge_strong,1,8,prior,0.34077330322157423,0.19758489772336024,0.41793808967176016,2000,0.18296729312354318
ds006850,bandpower_ridge_strong,1,8,prior_personalized,0.28504044211419177,0.14408995753827694,0.38903704725881694,2000,0.2400889356074337
ds006850,bandpower_ridge_strong,1,8,eeg_population,-0.0008398697905440428,-0.053280013878522964,0.057354678381046326,2000,0.21477597095323472
ds006850,bandpower_ridge_strong,1,8,eeg_personalized,0.08993647575734062,-0.021931461146696384,0.20984166075835758,2000,0.2803323871033353
ds006850,bandpower_ridge_strong,1,8,combined_population,0.3245796711362553,0.17876833930027253,0.40401417456180094,2000,0.1894181957796353
ds006850,bandpower_ridge_strong,1,8,combined_personalized,0.2775234874034459,0.13273834009875743,0.3838914000261524,2000,0.244623777099703
ds006850,bandpower_ridge_strong,2,0,prior,-6.635784198480622e-16,-4.221326138264935e-15,4.640189676727291e-15,2000,0.20432291577740386
ds006850,bandpower_ridge_strong,2,0,prior_personalized,0.14096237191529984,0.03718961451767293,0.2327148380417294,2000,0.22603625471735964
ds006850,bandpower_ridge_strong,2,0,eeg_population,-0.005174736366955383,-0.06056230953172325,0.05754719991816396,2000,0.21561115454595417
ds006850,bandpower_ridge_strong,2,0,eeg_personalized,0.13110365900282256,0.018646615384311588,0.2302584184708784,2000,0.2411625028851327
ds006850,bandpower_ridge_strong,2,0,combined_population,-0.012123062089835424,-0.062469901416094105,0.04426432877823601,2000,0.2136790662481165
ds006850,bandpower_ridge_strong,2,0,combined_personalized,0.14643996369728762,0.03300414044335452,0.2405561609369219,2000,0.22807480225439872
ds006850,bandpower_ridge_strong,2,1,prior,0.2524773125728417,0.0849260715229786,0.358365224755895,2000,0.23557692307692296
ds006850,bandpower_ridge_strong,2,1,prior_personalized,0.28256211912808604,0.12963387786544428,0.3858548393348344,2000,0.25671346649395743
ds006850,bandpower_ridge_strong,2,1,eeg_population,-0.0030377066206358156,-0.05831731676691109,0.059113026185780376,2000,0.21551548189379077
ds006850,bandpower_ridge_strong,2,1,eeg_personalized,0.1327008244299567,0.02250215874379941,0.23271402426667895,2000,0.24071810945042257
ds006850,bandpower_ridge_strong,2,1,combined_population,0.24262947397367354,0.08165170249254794,0.3499330708067633,2000,0.24187651159747872
ds006850,bandpower_ridge_strong,2,1,combined_personalized,0.28394195860518173,0.12897887796395482,0.38809920550795757,2000,0.25814699576521744
ds006850,bandpower_ridge_strong,2,2,prior,0.3327785294901091,0.17502003443907924,0.42819393675043155,2000,0.2026005244755245
ds006850,bandpower_ridge_strong,2,2,prior_personalized,0.3508125268936441,0.19832214756061475,0.4432968527601441,2000,0.22226218799524947
ds006850,bandpower_ridge_strong,2,2,eeg_population,-0.002080799483006881,-0.056703008118189825,0.05956106382825806,2000,0.21559535651692974
ds006850,bandpower_ridge_strong,2,2,eeg_personalized,0.13038776858037698,0.019947463695747392,0.23095897639241053,2000,0.24093463734701506
ds006850,bandpower_ridge_strong,2,2,combined_population,0.31303559422224964,0.15660679274216183,0.41032004687638646,2000,0.20789962805776888
ds006850,bandpower_ridge_strong,2,2,combined_personalized,0.3512023869976275,0.1973499067882111,0.44322899851304376,2000,0.22295872978758807
ds006850,bandpower_ridge_strong,2,4,prior,0.3122403043035985,0.17322515080835235,0.40019743414727305,2000,0.19083260489510495
ds006850,bandpower_ridge_strong,2,4,prior_personalized,0.34359431603158197,0.20023322150960005,0.43425223388336354,2000,0.21281763101054157
ds006850,bandpower_ridge_strong,2,4,eeg_population,0.007034202874183729,-0.048563945017127304,0.06960842594558211,2000,0.21468434500902892
ds006850,bandpower_ridge_strong,2,4,eeg_personalized,0.13401738858728146,0.025057772365649718,0.2324281567740856,2000,0.24106168491334215
ds006850,bandpower_ridge_strong,2,4,combined_population,0.2990889982632157,0.15817193695918003,0.38983758688061754,2000,0.1939842481041224
ds006850,bandpower_ridge_strong,2,4,combined_personalized,0.34547369144722867,0.20093784119100458,0.43918500606847954,2000,0.21349209936242158
ds006850,bandpower_ridge_strong,2,8,prior,0.34077330322157423,0.19758489772336024,0.41793808967176016,2000,0.18296729312354318
ds006850,bandpower_ridge_strong,2,8,prior_personalized,0.37250512896935495,0.2331638783312054,0.4577897412802107,2000,0.20430051582045555
ds006850,bandpower_ridge_strong,2,8,eeg_population,-0.0008398697905440428,-0.05328001387852296,0.05735467838104632,2000,0.21477597095323472
ds006850,bandpower_ridge_strong,2,8,eeg_personalized,0.13328243751019336,0.025581434846190722,0.2333470774161194,2000,0.2412388415208287
ds006850,bandpower_ridge_strong,2,8,combined_population,0.3245796711362553,0.1787683393002726,0.40401417456180094,2000,0.1894181957796353
ds006850,bandpower_ridge_strong,2,8,combined_personalized,0.37402825651751687,0.23358475303090237,0.46008269960843184,2000,0.20496148338383255
ds006850,bandpower_ridge_strong,4,0,prior,-6.635784198480622e-16,-4.221326138264935e-15,4.640189676727291e-15,2000,0.20432291577740386
ds006850,bandpower_ridge_strong,4,0,prior_personalized,0.15361825253941758,0.03960682463490851,0.24532218993031343,2000,0.20806822020552457
ds006850,bandpower_ridge_strong,4,0,eeg_population,-0.005174736366955207,-0.06056230953172325,0.05754719991816401,2000,0.21561115454595411
ds006850,bandpower_ridge_strong,4,0,eeg_personalized,0.15097964411188972,0.028313523275586828,0.2546693218219639,2000,0.2191184562570955
ds006850,bandpower_ridge_strong,4,0,combined_population,-0.012123062089835218,-0.062469901416094105,0.04426432877823601,2000,0.2136790662481165
ds006850,bandpower_ridge_strong,4,0,combined_personalized,0.15095360230662583,0.03354108491157773,0.2520873897777229,2000,0.2124153288614395
ds006850,bandpower_ridge_strong,4,1,prior,0.2524773125728417,0.0849260715229786,0.358365224755895,2000,0.23557692307692296
ds006850,bandpower_ridge_strong,4,1,prior_personalized,0.3023803686005889,0.1410342807365471,0.4090854166372703,2000,0.24281870875019912
ds006850,bandpower_ridge_strong,4,1,eeg_population,-0.0030377066206358294,-0.05831731676691101,0.05911302618578042,2000,0.21551548189379077
ds006850,bandpower_ridge_strong,4,1,eeg_personalized,0.15194830073101379,0.031185090146234003,0.25528458336119925,2000,0.21913709444869373
ds006850,bandpower_ridge_strong,4,1,combined_population,0.2426294739736734,0.08165170249254794,0.3499330708067632,2000,0.24187651159747875
ds006850,bandpower_ridge_strong,4,1,combined_personalized,0.29871286750043724,0.13561664551021826,0.4050937541847033,2000,0.2453414175113866
ds006850,bandpower_ridge_strong,4,2,prior,0.3327785294901091,0.17502003443907924,0.42819393675043155,2000,0.2026005244755245
ds006850,bandpower_ridge_strong,4,2,prior_personalized,0.38058695888078226,0.21979696445857583,0.47711563843975496,2000,0.20580589164016772
ds006850,bandpower_ridge_strong,4,2,eeg_population,-0.0020807994830070392,-0.05670300811819019,0.059561063828258015,2000,0.21559535651692974
ds006850,bandpower_ridge_strong,4,2,eeg_personalized,0.14885966530568204,0.026861896580306983,0.252338267618353,2000,0.2194699488856798
ds006850,bandpower_ridge_strong,4,2,combined_population,0.3130355942222497,0.15660679274216183,0.41032004687638646,2000,0.20789962805776888
ds006850,bandpower_ridge_strong,4,2,combined_personalized,0.3718776950405104,0.21186982937580465,0.4697490141772107,2000,0.20815273834393572
ds006850,bandpower_ridge_strong,4,4,prior,0.3122403043035985,0.17322515080835235,0.40019743414727305,2000,0.19083260489510495
ds006850,bandpower_ridge_strong,4,4,prior_personalized,0.3752071982537277,0.22387021640914168,0.4706794268097773,2000,0.19380600185514676
ds006850,bandpower_ridge_strong,4,4,eeg_population,0.007034202874183571,-0.04856394501712725,0.06960842594558263,2000,0.21468434500902886
ds006850,bandpower_ridge_strong,4,4,eeg_personalized,0.15362013184336315,0.032311105189911184,0.2571974800833351,2000,0.21934688031955357
ds006850,bandpower_ridge_strong,4,4,combined_population,0.2990889982632158,0.15817193695918003,0.3898375868806181,2000,0.1939842481041224
ds006850,bandpower_ridge_strong,4,4,combined_personalized,0.3685345103380793,0.2139072236545908,0.46343621729506895,2000,0.19709494629332402
ds006850,bandpower_ridge_strong,4,8,prior,0.34077330322157423,0.19758489772336024,0.41793808967176016,2000,0.18296729312354318
ds006850,bandpower_ridge_strong,4,8,prior_personalized,0.40644593928664674,0.2560974626094954,0.4932989795135273,2000,0.18546543187314518
ds006850,bandpower_ridge_strong,4,8,eeg_population,-0.0008398697905442218,-0.05328001387852294,0.05735467838104689,2000,0.21477597095323472
ds006850,bandpower_ridge_strong,4,8,eeg_personalized,0.1527216164560171,0.03179064781581486,0.25771103785654875,2000,0.21907510620866058
ds006850,bandpower_ridge_strong,4,8,combined_population,0.3245796711362553,0.1787683393002726,0.4040141745618008,2000,0.1894181957796353
ds006850,bandpower_ridge_strong,4,8,combined_personalized,0.39845943374778947,0.2500934572705078,0.48460999786873304,2000,0.1895558091837059
ds006850,bandpower_ridge_strong,8,0,prior,-6.635784198480622e-16,-4.221326138264935e-15,4.640189676727291e-15,2000,0.20432291577740386
ds006850,bandpower_ridge_strong,8,0,prior_personalized,0.15644082287591965,0.052289277551174455,0.24347735603878817,2000,0.20188437258509112
ds006850,bandpower_ridge_strong,8,0,eeg_population,-0.005174736366955207,-0.06056230953172325,0.05754719991816401,2000,0.21561115454595411
ds006850,bandpower_ridge_strong,8,0,eeg_personalized,0.14636730757101418,0.028974556396673644,0.24886452752210644,2000,0.20779230999060125
ds006850,bandpower_ridge_strong,8,0,combined_population,-0.012123062089835218,-0.062469901416094105,0.04426432877823601,2000,0.2136790662481165
ds006850,bandpower_ridge_strong,8,0,combined_personalized,0.14595665544111175,0.032653111032327584,0.2433760816542,2000,0.20699082353308543
ds006850,bandpower_ridge_strong,8,1,prior,0.2524773125728417,0.0849260715229786,0.358365224755895,2000,0.23557692307692296
ds006850,bandpower_ridge_strong,8,1,prior_personalized,0.3108629427789764,0.15071017392739333,0.41286467933236476,2000,0.23852550776845435
ds006850,bandpower_ridge_strong,8,1,eeg_population,-0.0030377066206358294,-0.05831731676691101,0.05911302618578042,2000,0.21551548189379077
ds006850,bandpower_ridge_strong,8,1,eeg_personalized,0.1480658965195783,0.03061272083350671,0.25154409682620865,2000,0.20747407000716117
ds006850,bandpower_ridge_strong,8,1,combined_population,0.2426294739736734,0.08165170249254794,0.3499330708067632,2000,0.24187651159747875
ds006850,bandpower_ridge_strong,8,1,combined_personalized,0.3042198964999326,0.14391000732334902,0.40707525391035326,2000,0.24082872810353867
ds006850,bandpower_ridge_strong,8,2,prior,0.3327785294901091,0.17502003443907924,0.42819393675043155,2000,0.2026005244755245
ds006850,bandpower_ridge_strong,8,2,prior_personalized,0.3927762479587605,0.23575093877872985,0.4858379375667893,2000,0.20132381886625828
ds006850,bandpower_ridge_strong,8,2,eeg_population,-0.0020807994830070392,-0.05670300811819019,0.059561063828258015,2000,0.21559535651692974
ds006850,bandpower_ridge_strong,8,2,eeg_personalized,0.1465744811298457,0.02830472945812525,0.2501331076912227,2000,0.20789350164809065
ds006850,bandpower_ridge_strong,8,2,combined_population,0.3130355942222497,0.15660679274216183,0.41032004687638646,2000,0.20789962805776888
ds006850,bandpower_ridge_strong,8,2,combined_personalized,0.3799265621673532,0.22653873979424238,0.47485484796064914,2000,0.20398831606619455
ds006850,bandpower_ridge_strong,8,4,prior,0.3122403043035985,0.17322515080835235,0.40019743414727305,2000,0.19083260489510495
ds006850,bandpower_ridge_strong,8,4,prior_personalized,0.387435012462399,0.24301325101406718,0.4774641134921393,2000,0.18921040729934963
ds006850,bandpower_ridge_strong,8,4,eeg_population,0.007034202874183571,-0.04856394501712725,0.06960842594558263,2000,0.21468434500902886
ds006850,bandpower_ridge_strong,8,4,eeg_personalized,0.15208446638369635,0.032948567331768604,0.25400243133333117,2000,0.2078949403885067
ds006850,bandpower_ridge_strong,8,4,combined_population,0.2990889982632158,0.15817193695918003,0.3898375868806181,2000,0.1939842481041224
ds006850,bandpower_ridge_strong,8,4,combined_personalized,0.3757381766144595,0.226593415631039,0.4671860625615406,2000,0.19267126159115283
ds006850,bandpower_ridge_strong,8,8,prior,0.34077330322157423,0.19758489772336024,0.41793808967176016,2000,0.18296729312354318
ds006850,bandpower_ridge_strong,8,8,prior_personalized,0.41814287956601015,0.2735330044066134,0.5007858941230552,2000,0.1799196406456151
ds006850,bandpower_ridge_strong,8,8,eeg_population,-0.0008398697905442218,-0.05328001387852294,0.05735467838104689,2000,0.21477597095323472
ds006850,bandpower_ridge_strong,8,8,eeg_personalized,0.150577339897529,0.03439305339848906,0.25208046247091004,2000,0.20731943073340214
ds006850,bandpower_ridge_strong,8,8,combined_population,0.3245796711362553,0.1787683393002726,0.4040141745618008,2000,0.1894181957796353
ds006850,bandpower_ridge_strong,8,8,combined_personalized,0.40503555672038016,0.2603745182530892,0.48653883862988206,2000,0.18464771897697702
ds006850,eegnet_lr1e3,0,0,prior,-6.635784198480622e-16,-4.221326138264935e-15,4.640189676727291e-15,2000,0.20432291577740386
ds006850,eegnet_lr1e3,0,0,prior_personalized,-6.635784198480622e-16,-4.221326138264935e-15,4.640189676727291e-15,2000,0.20432291577740386
ds006850,eegnet_lr1e3,0,0,eeg_population,0.019172480506750033,-0.009753571620161126,0.04834376632365903,2000,0.207306459030303
ds006850,eegnet_lr1e3,0,0,eeg_personalized,0.019172482014608846,-0.009753583362678116,0.04834376846722803,2000,0.20730645863951502
ds006850,eegnet_lr1e3,0,0,combined_population,0.010144771042117608,-0.01479636453826946,0.03585835853467659,2000,0.20501719480817387
ds006850,eegnet_lr1e3,0,0,combined_personalized,0.010144771042117608,-0.01479636453826946,0.03585835853467659,2000,0.20501719480817387
ds006850,eegnet_lr1e3,0,1,prior,0.2524773125728417,0.0849260715229786,0.358365224755895,2000,0.23557692307692296
ds006850,eegnet_lr1e3,0,1,prior_personalized,0.2524773125728417,0.0849260715229786,0.358365224755895,2000,0.23557692307692296
ds006850,eegnet_lr1e3,0,1,eeg_population,0.009980592924219968,-0.012075730276305171,0.03406724005443871,2000,0.2054196462097902
ds006850,eegnet_lr1e3,0,1,eeg_personalized,0.009980590120208811,-0.012075734007260447,0.034067244100959446,2000,0.20541964619309755
ds006850,eegnet_lr1e3,0,1,combined_population,0.25857716914351053,0.09117628802025005,0.36128536257200544,2000,0.23714133055446376
ds006850,eegnet_lr1e3,0,1,combined_personalized,0.25857716914351053,0.09117628802025005,0.36128536257200544,2000,0.23714133055446376
ds006850,eegnet_lr1e3,0,2,prior,0.3327785294901091,0.17502003443907924,0.42819393675043155,2000,0.2026005244755245
ds006850,eegnet_lr1e3,0,2,prior_personalized,0.3327785294901091,0.17502003443907924,0.42819393675043155,2000,0.2026005244755245
ds006850,eegnet_lr1e3,0,2,eeg_population,0.018706713555152556,-0.008438276216249136,0.045217096320852204,2000,0.2065882863006993
ds006850,eegnet_lr1e3,0,2,eeg_personalized,0.01870671745887382,-0.008438274607621756,0.04521710053225575,2000,0.20658828550146452
ds006850,eegnet_lr1e3,0,2,combined_population,0.3472962983446062,0.19092345894839652,0.44264905546540173,2000,0.2035354727174318
ds006850,eegnet_lr1e3,0,2,combined_personalized,0.3472962983446062,0.19092345894839652,0.44264905546540173,2000,0.2035354727174318
ds006850,eegnet_lr1e3,0,4,prior,0.3122403043035985,0.17322515080835235,0.40019743414727305,2000,0.19083260489510495
ds006850,eegnet_lr1e3,0,4,prior_personalized,0.3122403043035985,0.17322515080835235,0.40019743414727305,2000,0.19083260489510495
ds006850,eegnet_lr1e3,0,4,eeg_population,0.011937288225114527,-0.019966611500900268,0.04681486175469699,2000,0.20605187901864802
ds006850,eegnet_lr1e3,0,4,eeg_personalized,0.011937290166231625,-0.019966602709571134,0.0468148680029023,2000,0.20605187866237618
ds006850,eegnet_lr1e3,0,4,combined_population,0.3239084768071994,0.1853207142264448,0.411829871357225,2000,0.19154524473290407
ds006850,eegnet_lr1e3,0,4,combined_personalized,0.3239084768071994,0.1853207142264448,0.411829871357225,2000,0.19154524473290407
ds006850,eegnet_lr1e3,0,8,prior,0.34077330322157423,0.19758489772336024,0.41793808967176016,2000,0.18296729312354318
ds006850,eegnet_lr1e3,0,8,prior_personalized,0.34077330322157423,0.19758489772336024,0.41793808967176016,2000,0.18296729312354318
ds006850,eegnet_lr1e3,0,8,eeg_population,0.018921326290052873,-0.011720164516028935,0.05341988028993784,2000,0.2059638683356643
ds006850,eegnet_lr1e3,0,8,eeg_personalized,0.018921326592309003,-0.01172016923490937,0.05341987649642728,2000,0.2059638679166496
ds006850,eegnet_lr1e3,0,8,combined_population,0.35765749646767675,0.21570852118209552,0.435155404378862,2000,0.18315228357688945
ds006850,eegnet_lr1e3,0,8,combined_personalized,0.35765749646767675,0.21570852118209552,0.435155404378862,2000,0.18315228357688945
ds006850,eegnet_lr1e3,1,0,prior,-6.635784198480622e-16,-4.221326138264935e-15,4.640189676727291e-15,2000,0.20432291577740386
ds006850,eegnet_lr1e3,1,0,prior_personalized,0.0827465866520994,-0.02486924996110074,0.19331402684589585,2000,0.25261502526773405
ds006850,eegnet_lr1e3,1,0,eeg_population,0.019172480506750033,-0.009753571620161126,0.04834376632365903,2000,0.207306459030303
ds006850,eegnet_lr1e3,1,0,eeg_personalized,0.09240764663371315,-0.016116718641368315,0.20926927744733137,2000,0.2751119487039693
ds006850,eegnet_lr1e3,1,0,combined_population,0.010144771042117608,-0.01479636453826946,0.03585835853467659,2000,0.20501719480817387
ds006850,eegnet_lr1e3,1,0,combined_personalized,0.08938922189301837,-0.01553148791186817,0.19884121808599264,2000,0.254361871971652
ds006850,eegnet_lr1e3,1,1,prior,0.2524773125728417,0.0849260715229786,0.358365224755895,2000,0.23557692307692296
ds006850,eegnet_lr1e3,1,1,prior_personalized,0.23463677155563079,0.08393345050394439,0.3428970944912072,2000,0.2854217805925801
ds006850,eegnet_lr1e3,1,1,eeg_population,0.009980592924219968,-0.012075730276305171,0.03406724005443871,2000,0.2054196462097902
ds006850,eegnet_lr1e3,1,1,eeg_personalized,0.09246909304963424,-0.018034604504610217,0.21234837630018635,2000,0.2734749799008137
ds006850,eegnet_lr1e3,1,1,combined_population,0.25857716914351053,0.09117628802025005,0.36128536257200544,2000,0.23714133055446376
ds006850,eegnet_lr1e3,1,1,combined_personalized,0.24011549136023072,0.08902421446814136,0.3477300333459208,2000,0.2870749499310695
ds006850,eegnet_lr1e3,1,2,prior,0.3327785294901091,0.17502003443907924,0.42819393675043155,2000,0.2026005244755245
ds006850,eegnet_lr1e3,1,2,prior_personalized,0.2783210358552465,0.12973015699601156,0.383937470622968,2000,0.2547554287518416
ds006850,eegnet_lr1e3,1,2,eeg_population,0.018706713555152556,-0.008438276216249136,0.045217096320852204,2000,0.2065882863006993
ds006850,eegnet_lr1e3,1,2,eeg_personalized,0.09088144209960468,-0.01699045186828597,0.2066369292291304,2000,0.2753643104038038
ds006850,eegnet_lr1e3,1,2,combined_population,0.3472962983446062,0.19092345894839652,0.44264905546540173,2000,0.2035354727174318
ds006850,eegnet_lr1e3,1,2,combined_personalized,0.2828894857082494,0.13524889396757506,0.38702528698615973,2000,0.25920705603700495
ds006850,eegnet_lr1e3,1,4,prior,0.3122403043035985,0.17322515080835235,0.40019743414727305,2000,0.19083260489510495
ds006850,eegnet_lr1e3,1,4,prior_personalized,0.2658909927174616,0.12473227412223234,0.37475812228317734,2000,0.24327866513364543
ds006850,eegnet_lr1e3,1,4,eeg_population,0.011937288225114527,-0.019966611500900268,0.04681486175469699,2000,0.20605187901864802
ds006850,eegnet_lr1e3,1,4,eeg_personalized,0.09074674077218893,-0.01884225723391062,0.2087289619105352,2000,0.2764846388901864
ds006850,eegnet_lr1e3,1,4,combined_population,0.3239084768071994,0.1853207142264448,0.411829871357225,2000,0.19154524473290407
ds006850,eegnet_lr1e3,1,4,combined_personalized,0.2722594260765151,0.1306922868341404,0.38256307665452927,2000,0.24530265594172262
ds006850,eegnet_lr1e3,1,8,prior,0.34077330322157423,0.19758489772336024,0.41793808967176016,2000,0.18296729312354318
ds006850,eegnet_lr1e3,1,8,prior_personalized,0.28504044211419177,0.14408995753827694,0.38903704725881694,2000,0.2400889356074337
ds006850,eegnet_lr1e3,1,8,eeg_population,0.018921326290052873,-0.011720164516028935,0.05341988028993784,2000,0.2059638683356643
ds006850,eegnet_lr1e3,1,8,eeg_personalized,0.0940441711326855,-0.014648509799824067,0.2121661478425201,2000,0.2748436027195626
ds006850,eegnet_lr1e3,1,8,combined_population,0.35765749646767675,0.21570852118209552,0.435155404378862,2000,0.18315228357688945
ds006850,eegnet_lr1e3,1,8,combined_personalized,0.29086793962524954,0.14637693233692134,0.3956443161332836,2000,0.24359333064399674
ds006850,eegnet_lr1e3,2,0,prior,-6.635784198480622e-16,-4.221326138264935e-15,4.640189676727291e-15,2000,0.20432291577740386
ds006850,eegnet_lr1e3,2,0,prior_personalized,0.14096237191529984,0.03718961451767293,0.2327148380417294,2000,0.22603625471735964
ds006850,eegnet_lr1e3,2,0,eeg_population,0.019172480506750033,-0.009753571620161126,0.04834376632365903,2000,0.207306459030303
ds006850,eegnet_lr1e3,2,0,eeg_personalized,0.13705562078308048,0.03201381041837585,0.2299730877813688,2000,0.2411264154929798
ds006850,eegnet_lr1e3,2,0,combined_population,0.010144771042117608,-0.01479636453826946,0.03585835853467659,2000,0.20501719480817387
ds006850,eegnet_lr1e3,2,0,combined_personalized,0.14583732499899868,0.03946685800910746,0.24331528183688986,2000,0.22921552299129688
ds006850,eegnet_lr1e3,2,1,prior,0.2524773125728417,0.0849260715229786,0.358365224755895,2000,0.23557692307692296
ds006850,eegnet_lr1e3,2,1,prior_personalized,0.28256211912808604,0.12963387786544428,0.3858548393348344,2000,0.25671346649395743
ds006850,eegnet_lr1e3,2,1,eeg_population,0.009980592924219968,-0.012075730276305171,0.03406724005443871,2000,0.2054196462097902
ds006850,eegnet_lr1e3,2,1,eeg_personalized,0.13088465495306306,0.025232753311366644,0.22349983370583093,2000,0.2405829765440978
ds006850,eegnet_lr1e3,2,1,combined_population,0.25857716914351053,0.09117628802025005,0.36128536257200544,2000,0.23714133055446376
ds006850,eegnet_lr1e3,2,1,combined_personalized,0.28382902736673166,0.13046344012116762,0.3868352722167204,2000,0.2601835994535022
ds006850,eegnet_lr1e3,2,2,prior,0.3327785294901091,0.17502003443907924,0.42819393675043155,2000,0.2026005244755245
ds006850,eegnet_lr1e3,2,2,prior_personalized,0.3508125268936441,0.19832214756061475,0.4432968527601441,2000,0.22226218799524947
ds006850,eegnet_lr1e3,2,2,eeg_population,0.018706713555152556,-0.008438276216249136,0.045217096320852204,2000,0.2065882863006993
ds006850,eegnet_lr1e3,2,2,eeg_personalized,0.12701852707817546,0.021269339167368645,0.2194132606723843,2000,0.24278740440006863
ds006850,eegnet_lr1e3,2,2,combined_population,0.3472962983446062,0.19092345894839652,0.44264905546540173,2000,0.2035354727174318
ds006850,eegnet_lr1e3,2,2,combined_personalized,0.33508754939007834,0.1910895282082682,0.4418684772182271,2000,0.2331539393454479
ds006850,eegnet_lr1e3,2,4,prior,0.3122403043035985,0.17322515080835235,0.40019743414727305,2000,0.19083260489510495
ds006850,eegnet_lr1e3,2,4,prior_personalized,0.34359431603158197,0.20023322150960005,0.43425223388336354,2000,0.21281763101054157
ds006850,eegnet_lr1e3,2,4,eeg_population,0.011937288225114527,-0.019966611500900268,0.04681486175469699,2000,0.20605187901864802
ds006850,eegnet_lr1e3,2,4,eeg_personalized,0.13300244657720825,0.025353459627617807,0.2247818907289533,2000,0.2419455371085025
ds006850,eegnet_lr1e3,2,4,combined_population,0.3239084768071994,0.1853207142264448,0.411829871357225,2000,0.19154524473290407
ds006850,eegnet_lr1e3,2,4,combined_personalized,0.34938360440882316,0.20400263299448085,0.44052155843122953,2000,0.21592087230446105
ds006850,eegnet_lr1e3,2,8,prior,0.34077330322157423,0.19758489772336024,0.41793808967176016,2000,0.18296729312354318
ds006850,eegnet_lr1e3,2,8,prior_personalized,0.37250512896935495,0.2331638783312054,0.4577897412802107,2000,0.20430051582045555
ds006850,eegnet_lr1e3,2,8,eeg_population,0.018921326290052873,-0.011720164516028935,0.05341988028993784,2000,0.2059638683356643
ds006850,eegnet_lr1e3,2,8,eeg_personalized,0.1324308021350194,0.024316247309711034,0.22487598048141005,2000,0.24238117821948793
ds006850,eegnet_lr1e3,2,8,combined_population,0.35765749646767675,0.21570852118209552,0.435155404378862,2000,0.18315228357688945
ds006850,eegnet_lr1e3,2,8,combined_personalized,0.37085286001193696,0.22920437220434986,0.45977720679112727,2000,0.21046386933567773
ds006850,eegnet_lr1e3,4,0,prior,-6.635784198480622e-16,-4.221326138264935e-15,4.640189676727291e-15,2000,0.20432291577740386
ds006850,eegnet_lr1e3,4,0,prior_personalized,0.15361825253941758,0.03960682463490851,0.24532218993031343,2000,0.20806822020552457
ds006850,eegnet_lr1e3,4,0,eeg_population,0.019172480506750033,-0.009753571620161126,0.04834376632365903,2000,0.207306459030303
ds006850,eegnet_lr1e3,4,0,eeg_personalized,0.16818209904272557,0.056018296855164955,0.2634439573138082,2000,0.21521144824706034
ds006850,eegnet_lr1e3,4,0,combined_population,0.010144771042117608,-0.01479636453826946,0.03585835853467659,2000,0.20501719480817387
ds006850,eegnet_lr1e3,4,0,combined_personalized,0.16904568888333088,0.055379983948205286,0.2636659083235662,2000,0.2092759548454505
ds006850,eegnet_lr1e3,4,1,prior,0.2524773125728417,0.0849260715229786,0.358365224755895,2000,0.23557692307692296
ds006850,eegnet_lr1e3,4,1,prior_personalized,0.3023803686005889,0.1410342807365471,0.4090854166372703,2000,0.24281870875019912
ds006850,eegnet_lr1e3,4,1,eeg_population,0.009980592924219968,-0.012075730276305171,0.03406724005443871,2000,0.2054196462097902
ds006850,eegnet_lr1e3,4,1,eeg_personalized,0.16146194362242036,0.04266873280247427,0.2565011429230822,2000,0.21505417720455947
ds006850,eegnet_lr1e3,4,1,combined_population,0.25857716914351053,0.09117628802025005,0.36128536257200544,2000,0.23714133055446376
ds006850,eegnet_lr1e3,4,1,combined_personalized,0.31010722409293723,0.14850521106908485,0.4116285734078204,2000,0.24455889559473326
ds006850,eegnet_lr1e3,4,2,prior,0.3327785294901091,0.17502003443907924,0.42819393675043155,2000,0.2026005244755245
ds006850,eegnet_lr1e3,4,2,prior_personalized,0.38058695888078226,0.21979696445857583,0.47711563843975496,2000,0.20580589164016772
ds006850,eegnet_lr1e3,4,2,eeg_population,0.018706713555152556,-0.008438276216249136,0.045217096320852204,2000,0.2065882863006993
ds006850,eegnet_lr1e3,4,2,eeg_personalized,0.1641858031505327,0.04651678468900902,0.2602333125373971,2000,0.2151447847798154
ds006850,eegnet_lr1e3,4,2,combined_population,0.3472962983446062,0.19092345894839652,0.44264905546540173,2000,0.2035354727174318
ds006850,eegnet_lr1e3,4,2,combined_personalized,0.38352935735523663,0.22409362032285235,0.4815692953693996,2000,0.2110879611535248
ds006850,eegnet_lr1e3,4,4,prior,0.3122403043035985,0.17322515080835235,0.40019743414727305,2000,0.19083260489510495
ds006850,eegnet_lr1e3,4,4,prior_personalized,0.3752071982537277,0.22387021640914168,0.4706794268097773,2000,0.19380600185514676
ds006850,eegnet_lr1e3,4,4,eeg_population,0.011937288225114527,-0.019966611500900268,0.04681486175469699,2000,0.20605187901864802
ds006850,eegnet_lr1e3,4,4,eeg_personalized,0.16255913350238843,0.04594982538275747,0.2563388182867053,2000,0.2153822106133391
ds006850,eegnet_lr1e3,4,4,combined_population,0.3239084768071994,0.1853207142264448,0.411829871357225,2000,0.19154524473290407
ds006850,eegnet_lr1e3,4,4,combined_personalized,0.3875771603541093,0.23572239207100887,0.4800343047674058,2000,0.19524404081377678
ds006850,eegnet_lr1e3,4,8,prior,0.34077330322157423,0.19758489772336024,0.41793808967176016,2000,0.18296729312354318
ds006850,eegnet_lr1e3,4,8,prior_personalized,0.40644593928664674,0.2560974626094954,0.4932989795135273,2000,0.18546543187314518
ds006850,eegnet_lr1e3,4,8,eeg_population,0.018921326290052873,-0.011720164516028935,0.05341988028993784,2000,0.2059638683356643
ds006850,eegnet_lr1e3,4,8,eeg_personalized,0.16221117728834938,0.04913258820203699,0.2541828311108082,2000,0.21586807689657714
ds006850,eegnet_lr1e3,4,8,combined_population,0.35765749646767675,0.21570852118209552,0.435155404378862,2000,0.18315228357688945
ds006850,eegnet_lr1e3,4,8,combined_personalized,0.417267692247954,0.26788177034824656,0.5032208427182728,2000,0.1889033568339676
ds006850,eegnet_lr1e3,8,0,prior,-6.635784198480622e-16,-4.221326138264935e-15,4.640189676727291e-15,2000,0.20432291577740386
ds006850,eegnet_lr1e3,8,0,prior_personalized,0.15644082287591965,0.052289277551174455,0.24347735603878817,2000,0.20188437258509112
ds006850,eegnet_lr1e3,8,0,eeg_population,0.019172480506750033,-0.009753571620161126,0.04834376632365903,2000,0.207306459030303
ds006850,eegnet_lr1e3,8,0,eeg_personalized,0.1743613488186026,0.07048992152932118,0.2587397918455217,2000,0.20367290571349345
ds006850,eegnet_lr1e3,8,0,combined_population,0.010144771042117608,-0.01479636453826946,0.03585835853467659,2000,0.20501719480817387
ds006850,eegnet_lr1e3,8,0,combined_personalized,0.1702365130184117,0.06204047669316939,0.2578239945459183,2000,0.2030865261592588
ds006850,eegnet_lr1e3,8,1,prior,0.2524773125728417,0.0849260715229786,0.358365224755895,2000,0.23557692307692296
ds006850,eegnet_lr1e3,8,1,prior_personalized,0.3108629427789764,0.15071017392739333,0.41286467933236476,2000,0.23852550776845435
ds006850,eegnet_lr1e3,8,1,eeg_population,0.009980592924219968,-0.012075730276305171,0.03406724005443871,2000,0.2054196462097902
ds006850,eegnet_lr1e3,8,1,eeg_personalized,0.16579989295259256,0.06069214081158075,0.2510816961198144,2000,0.202684602489161
ds006850,eegnet_lr1e3,8,1,combined_population,0.25857716914351053,0.09117628802025005,0.36128536257200544,2000,0.23714133055446376
ds006850,eegnet_lr1e3,8,1,combined_personalized,0.3179881831021663,0.15844975530157984,0.41660778015738237,2000,0.23985336838492857
ds006850,eegnet_lr1e3,8,2,prior,0.3327785294901091,0.17502003443907924,0.42819393675043155,2000,0.2026005244755245
ds006850,eegnet_lr1e3,8,2,prior_personalized,0.3927762479587605,0.23575093877872985,0.4858379375667893,2000,0.20132381886625828
ds006850,eegnet_lr1e3,8,2,eeg_population,0.018706713555152556,-0.008438276216249136,0.045217096320852204,2000,0.2065882863006993
ds006850,eegnet_lr1e3,8,2,eeg_personalized,0.17540883194257587,0.07171491836802464,0.25907761293396425,2000,0.20271877018270237
ds006850,eegnet_lr1e3,8,2,combined_population,0.3472962983446062,0.19092345894839652,0.44264905546540173,2000,0.2035354727174318
ds006850,eegnet_lr1e3,8,2,combined_personalized,0.40119428762683285,0.24465758405999985,0.49532596033319787,2000,0.20439069579916036
ds006850,eegnet_lr1e3,8,4,prior,0.3122403043035985,0.17322515080835235,0.40019743414727305,2000,0.19083260489510495
ds006850,eegnet_lr1e3,8,4,prior_personalized,0.387435012462399,0.24301325101406718,0.4774641134921393,2000,0.18921040729934963
ds006850,eegnet_lr1e3,8,4,eeg_population,0.011937288225114527,-0.019966611500900268,0.04681486175469699,2000,0.20605187901864802
ds006850,eegnet_lr1e3,8,4,eeg_personalized,0.164155606355772,0.05894969251949713,0.2527975463845775,2000,0.20340166379955957
ds006850,eegnet_lr1e3,8,4,combined_population,0.3239084768071994,0.1853207142264448,0.411829871357225,2000,0.19154524473290407
ds006850,eegnet_lr1e3,8,4,combined_personalized,0.397802778526051,0.2532756700286552,0.4861227027581379,2000,0.19099741378500518
ds006850,eegnet_lr1e3,8,8,prior,0.34077330322157423,0.19758489772336024,0.41793808967176016,2000,0.18296729312354318
ds006850,eegnet_lr1e3,8,8,prior_personalized,0.41814287956601015,0.2735330044066134,0.5007858941230552,2000,0.1799196406456151
ds006850,eegnet_lr1e3,8,8,eeg_population,0.018921326290052873,-0.011720164516028935,0.05341988028993784,2000,0.2059638683356643
ds006850,eegnet_lr1e3,8,8,eeg_personalized,0.1701598814246037,0.06252646281975942,0.2573895318726513,2000,0.20365489859585506
ds006850,eegnet_lr1e3,8,8,combined_population,0.35765749646767675,0.21570852118209552,0.435155404378862,2000,0.18315228357688945
ds006850,eegnet_lr1e3,8,8,combined_personalized,0.429242975492215,0.284944506750514,0.5096739373945885,2000,0.18345616942049459
ds006850,eegnet_lr1e4,0,0,prior,-6.635784198480622e-16,-4.221326138264935e-15,4.640189676727291e-15,2000,0.20432291577740386
ds006850,eegnet_lr1e4,0,0,prior_personalized,-6.635784198480622e-16,-4.221326138264935e-15,4.640189676727291e-15,2000,0.20432291577740386
ds006850,eegnet_lr1e4,0,0,eeg_population,0.015982621787752494,-0.013087529566377366,0.048502381205577795,2000,0.2064017360967366
ds006850,eegnet_lr1e4,0,0,eeg_personalized,0.0159826313694154,-0.013087514919548049,0.04850238518999661,2000,0.2064017351134952
ds006850,eegnet_lr1e4,0,0,combined_population,0.013586601179738523,-0.01602511702359095,0.045217288366724576,2000,0.2065029732763644
ds006850,eegnet_lr1e4,0,0,combined_personalized,0.013586601179738523,-0.01602511702359095,0.045217288366724576,2000,0.2065029732763644
ds006850,eegnet_lr1e4,0,1,prior,0.2524773125728417,0.0849260715229786,0.358365224755895,2000,0.23557692307692296
ds006850,eegnet_lr1e4,0,1,prior_personalized,0.2524773125728417,0.0849260715229786,0.358365224755895,2000,0.23557692307692296
ds006850,eegnet_lr1e4,0,1,eeg_population,0.012449201480700459,-0.01715492566721024,0.04772092407022637,2000,0.2063932743951049
ds006850,eegnet_lr1e4,0,1,eeg_personalized,0.012449203186792495,-0.017154925022339524,0.04772093039112841,2000,0.20639327461625037
ds006850,eegnet_lr1e4,0,1,combined_population,0.26389624641042475,0.09875764572041588,0.3662740115508755,2000,0.23763115744094582
ds006850,eegnet_lr1e4,0,1,combined_personalized,0.26389624641042475,0.09875764572041588,0.3662740115508755,2000,0.23763115744094582
ds006850,eegnet_lr1e4,0,2,prior,0.3327785294901091,0.17502003443907924,0.42819393675043155,2000,0.2026005244755245
ds006850,eegnet_lr1e4,0,2,prior_personalized,0.3327785294901091,0.17502003443907924,0.42819393675043155,2000,0.2026005244755245
ds006850,eegnet_lr1e4,0,2,eeg_population,0.006080263645307122,-0.018747288691905704,0.03081279567802303,2000,0.20642763976689976
ds006850,eegnet_lr1e4,0,2,eeg_personalized,0.006080257517649625,-0.018747301352591946,0.030812796045813332,2000,0.20642764031678645
ds006850,eegnet_lr1e4,0,2,combined_population,0.3367661048646303,0.1799856020797686,0.4326035885381296,2000,0.20253105592794615
ds006850,eegnet_lr1e4,0,2,combined_personalized,0.3367661048646303,0.1799856020797686,0.4326035885381296,2000,0.20253105592794615
ds006850,eegnet_lr1e4,0,4,prior,0.3122403043035985,0.17322515080835235,0.40019743414727305,2000,0.19083260489510495
ds006850,eegnet_lr1e4,0,4,prior_personalized,0.3122403043035985,0.17322515080835235,0.40019743414727305,2000,0.19083260489510495
ds006850,eegnet_lr1e4,0,4,eeg_population,0.011345571442289159,-0.016689025718127547,0.04144465468920687,2000,0.2064993626165501
ds006850,eegnet_lr1e4,0,4,eeg_personalized,0.011345572359465941,-0.016689014510947,0.04144465509664748,2000,0.20649936287761572
ds006850,eegnet_lr1e4,0,4,combined_population,0.32195432694415527,0.18191126699229107,0.4095471107338082,2000,0.1906955493896751
ds006850,eegnet_lr1e4,0,4,combined_personalized,0.32195432694415527,0.18191126699229107,0.4095471107338082,2000,0.1906955493896751
ds006850,eegnet_lr1e4,0,8,prior,0.34077330322157423,0.19758489772336024,0.41793808967176016,2000,0.18296729312354318
ds006850,eegnet_lr1e4,0,8,prior_personalized,0.34077330322157423,0.19758489772336024,0.41793808967176016,2000,0.18296729312354318
ds006850,eegnet_lr1e4,0,8,eeg_population,0.007650379302037523,-0.012266687298506329,0.03003332789511809,2000,0.2056497511538462
ds006850,eegnet_lr1e4,0,8,eeg_personalized,0.007650373594796647,-0.012266703154655037,0.030033320538633196,2000,0.20564975182076434
ds006850,eegnet_lr1e4,0,8,combined_population,0.3483556285448535,0.2074356285303931,0.42779930254382453,2000,0.18282029568931885
ds006850,eegnet_lr1e4,0,8,combined_personalized,0.3483556285448535,0.2074356285303931,0.42779930254382453,2000,0.18282029568931885
ds006850,eegnet_lr1e4,1,0,prior,-6.635784198480622e-16,-4.221326138264935e-15,4.640189676727291e-15,2000,0.20432291577740386
ds006850,eegnet_lr1e4,1,0,prior_personalized,0.0827465866520994,-0.02486924996110074,0.19331402684589585,2000,0.25261502526773405
ds006850,eegnet_lr1e4,1,0,eeg_population,0.015982621787752494,-0.013087529566377366,0.048502381205577795,2000,0.2064017360967366
ds006850,eegnet_lr1e4,1,0,eeg_personalized,0.08973531009677845,-0.01863186982965687,0.2045287463580871,2000,0.27612475815700205
ds006850,eegnet_lr1e4,1,0,combined_population,0.013586601179738523,-0.01602511702359095,0.045217288366724576,2000,0.2065029732763644
ds006850,eegnet_lr1e4,1,0,combined_personalized,0.08729545745562504,-0.02180927485295715,0.19874374163276246,2000,0.25441846595989076
ds006850,eegnet_lr1e4,1,1,prior,0.2524773125728417,0.0849260715229786,0.358365224755895,2000,0.23557692307692296
ds006850,eegnet_lr1e4,1,1,prior_personalized,0.23463677155563079,0.08393345050394439,0.3428970944912072,2000,0.2854217805925801
ds006850,eegnet_lr1e4,1,1,eeg_population,0.012449201480700459,-0.01715492566721024,0.04772092407022637,2000,0.2063932743951049
ds006850,eegnet_lr1e4,1,1,eeg_personalized,0.09091378700317276,-0.018199859795709827,0.20830366434062395,2000,0.27549556832769245
ds006850,eegnet_lr1e4,1,1,combined_population,0.26389624641042475,0.09875764572041588,0.3662740115508755,2000,0.23763115744094582
ds006850,eegnet_lr1e4,1,1,combined_personalized,0.24073018754605915,0.09104412116942838,0.34917966507500847,2000,0.28822918642750134
ds006850,eegnet_lr1e4,1,2,prior,0.3327785294901091,0.17502003443907924,0.42819393675043155,2000,0.2026005244755245
ds006850,eegnet_lr1e4,1,2,prior_personalized,0.2783210358552465,0.12973015699601156,0.383937470622968,2000,0.2547554287518416
ds006850,eegnet_lr1e4,1,2,eeg_population,0.006080263645307122,-0.018747288691905704,0.03081279567802303,2000,0.20642763976689976
ds006850,eegnet_lr1e4,1,2,eeg_personalized,0.08768543257271014,-0.022300110184047008,0.20494811923697823,2000,0.2754989838718256
ds006850,eegnet_lr1e4,1,2,combined_population,0.3367661048646303,0.1799856020797686,0.4326035885381296,2000,0.20253105592794615
ds006850,eegnet_lr1e4,1,2,combined_personalized,0.27858046714380974,0.13061996351852886,0.38492024797163427,2000,0.25598655546305776
ds006850,eegnet_lr1e4,1,4,prior,0.3122403043035985,0.17322515080835235,0.40019743414727305,2000,0.19083260489510495
ds006850,eegnet_lr1e4,1,4,prior_personalized,0.2658909927174616,0.12473227412223234,0.37475812228317734,2000,0.24327866513364543
ds006850,eegnet_lr1e4,1,4,eeg_population,0.011345571442289159,-0.016689025718127547,0.04144465468920687,2000,0.2064993626165501
ds006850,eegnet_lr1e4,1,4,eeg_personalized,0.08767079637850557,-0.020601852094532087,0.2034730099555283,2000,0.27606098136771257
ds006850,eegnet_lr1e4,1,4,combined_population,0.32195432694415527,0.18191126699229107,0.4095471107338082,2000,0.1906955493896751
ds006850,eegnet_lr1e4,1,4,combined_personalized,0.2682248529256336,0.12826328725132163,0.3766478994483538,2000,0.24583513998646703
ds006850,eegnet_lr1e4,1,8,prior,0.34077330322157423,0.19758489772336024,0.41793808967176016,2000,0.18296729312354318
ds006850,eegnet_lr1e4,1,8,prior_personalized,0.28504044211419177,0.14408995753827694,0.38903704725881694,2000,0.2400889356074337
ds006850,eegnet_lr1e4,1,8,eeg_population,0.007650379302037523,-0.012266687298506329,0.03003332789511809,2000,0.2056497511538462
ds006850,eegnet_lr1e4,1,8,eeg_personalized,0.08843868900373156,-0.022434115855398326,0.20560115951021762,2000,0.2740888492210762
ds006850,eegnet_lr1e4,1,8,combined_population,0.3483556285448535,0.2074356285303931,0.42779930254382453,2000,0.18282029568931885
ds006850,eegnet_lr1e4,1,8,combined_personalized,0.28860314195528847,0.14840154200778055,0.3933651984010162,2000,0.24068541090448034
ds006850,eegnet_lr1e4,2,0,prior,-6.635784198480622e-16,-4.221326138264935e-15,4.640189676727291e-15,2000,0.20432291577740386
ds006850,eegnet_lr1e4,2,0,prior_personalized,0.14096237191529984,0.03718961451767293,0.2327148380417294,2000,0.22603625471735964
ds006850,eegnet_lr1e4,2,0,eeg_population,0.015982621787752494,-0.013087529566377366,0.048502381205577795,2000,0.2064017360967366
ds006850,eegnet_lr1e4,2,0,eeg_personalized,0.137801567684667,0.03170677866358065,0.22755304604539425,2000,0.23997100266195956
ds006850,eegnet_lr1e4,2,0,combined_population,0.013586601179738523,-0.01602511702359095,0.045217288366724576,2000,0.2065029732763644
ds006850,eegnet_lr1e4,2,0,combined_personalized,0.15339309742386004,0.04574618802922532,0.24753046321945177,2000,0.22785693322848358
ds006850,eegnet_lr1e4,2,1,prior,0.2524773125728417,0.0849260715229786,0.358365224755895,2000,0.23557692307692296
ds006850,eegnet_lr1e4,2,1,prior_personalized,0.28256211912808604,0.12963387786544428,0.3858548393348344,2000,0.25671346649395743
ds006850,eegnet_lr1e4,2,1,eeg_population,0.012449201480700459,-0.01715492566721024,0.04772092407022637,2000,0.2063932743951049
ds006850,eegnet_lr1e4,2,1,eeg_personalized,0.13737459467703125,0.03183978857920811,0.22773000713504862,2000,0.2395477131286979
ds006850,eegnet_lr1e4,2,1,combined_population,0.26389624641042475,0.09875764572041588,0.3662740115508755,2000,0.23763115744094582
ds006850,eegnet_lr1e4,2,1,combined_personalized,0.2904673984488729,0.13543604395430003,0.39393194665141046,2000,0.2598323221926605
ds006850,eegnet_lr1e4,2,2,prior,0.3327785294901091,0.17502003443907924,0.42819393675043155,2000,0.2026005244755245
ds006850,eegnet_lr1e4,2,2,prior_personalized,0.3508125268936441,0.19832214756061475,0.4432968527601441,2000,0.22226218799524947
ds006850,eegnet_lr1e4,2,2,eeg_population,0.006080263645307122,-0.018747288691905704,0.03081279567802303,2000,0.20642763976689976
ds006850,eegnet_lr1e4,2,2,eeg_personalized,0.13261406152355923,0.02816056821970952,0.22124511135146313,2000,0.23935303442822747
ds006850,eegnet_lr1e4,2,2,combined_population,0.3367661048646303,0.1799856020797686,0.4326035885381296,2000,0.20253105592794615
ds006850,eegnet_lr1e4,2,2,combined_personalized,0.35433247153299224,0.20431138771672366,0.44691812278695353,2000,0.22277816075151513
ds006850,eegnet_lr1e4,2,4,prior,0.3122403043035985,0.17322515080835235,0.40019743414727305,2000,0.19083260489510495
ds006850,eegnet_lr1e4,2,4,prior_personalized,0.34359431603158197,0.20023322150960005,0.43425223388336354,2000,0.21281763101054157
ds006850,eegnet_lr1e4,2,4,eeg_population,0.011345571442289159,-0.016689025718127547,0.04144465468920687,2000,0.2064993626165501
ds006850,eegnet_lr1e4,2,4,eeg_personalized,0.1351996271262049,0.03067957168921402,0.2245310835432169,2000,0.24018023777536027
ds006850,eegnet_lr1e4,2,4,combined_population,0.32195432694415527,0.18191126699229107,0.4095471107338082,2000,0.1906955493896751
ds006850,eegnet_lr1e4,2,4,combined_personalized,0.3509795553684117,0.20714157588419713,0.4410718099428176,2000,0.21489201357460957
ds006850,eegnet_lr1e4,2,8,prior,0.34077330322157423,0.19758489772336024,0.41793808967176016,2000,0.18296729312354318
ds006850,eegnet_lr1e4,2,8,prior_personalized,0.37250512896935495,0.2331638783312054,0.4577897412802107,2000,0.20430051582045555
ds006850,eegnet_lr1e4,2,8,eeg_population,0.007650379302037523,-0.012266687298506329,0.03003332789511809,2000,0.2056497511538462
ds006850,eegnet_lr1e4,2,8,eeg_personalized,0.13311819201752728,0.028321594441220666,0.22192288523751508,2000,0.23937374837088693
ds006850,eegnet_lr1e4,2,8,combined_population,0.3483556285448535,0.2074356285303931,0.42779930254382453,2000,0.18282029568931885
ds006850,eegnet_lr1e4,2,8,combined_personalized,0.38030451287537126,0.24176167013349903,0.4650549120664135,2000,0.20534095319358733
ds006850,eegnet_lr1e4,4,0,prior,-6.635784198480622e-16,-4.221326138264935e-15,4.640189676727291e-15,2000,0.20432291577740386
ds006850,eegnet_lr1e4,4,0,prior_personalized,0.15361825253941758,0.03960682463490851,0.24532218993031343,2000,0.20806822020552457
ds006850,eegnet_lr1e4,4,0,eeg_population,0.015982621787752494,-0.013087529566377366,0.048502381205577795,2000,0.2064017360967366
ds006850,eegnet_lr1e4,4,0,eeg_personalized,0.16645057190303156,0.048373213581389164,0.2614214838909432,2000,0.2149201112870987
ds006850,eegnet_lr1e4,4,0,combined_population,0.013586601179738523,-0.01602511702359095,0.045217288366724576,2000,0.2065029732763644
ds006850,eegnet_lr1e4,4,0,combined_personalized,0.17127616810560947,0.0561350428723689,0.2668094803733944,2000,0.2092516058928148
ds006850,eegnet_lr1e4,4,1,prior,0.2524773125728417,0.0849260715229786,0.358365224755895,2000,0.23557692307692296
ds006850,eegnet_lr1e4,4,1,prior_personalized,0.3023803686005889,0.1410342807365471,0.4090854166372703,2000,0.24281870875019912
ds006850,eegnet_lr1e4,4,1,eeg_population,0.012449201480700459,-0.01715492566721024,0.04772092407022637,2000,0.2063932743951049
ds006850,eegnet_lr1e4,4,1,eeg_personalized,0.16552046555828506,0.04659809502801534,0.2602809360458222,2000,0.21588878028164243
ds006850,eegnet_lr1e4,4,1,combined_population,0.26389624641042475,0.09875764572041588,0.3662740115508755,2000,0.23763115744094582
ds006850,eegnet_lr1e4,4,1,combined_personalized,0.31973782335830603,0.1569252711558617,0.42331047903155816,2000,0.24456404546388413
ds006850,eegnet_lr1e4,4,2,prior,0.3327785294901091,0.17502003443907924,0.42819393675043155,2000,0.2026005244755245
ds006850,eegnet_lr1e4,4,2,prior_personalized,0.38058695888078226,0.21979696445857583,0.47711563843975496,2000,0.20580589164016772
ds006850,eegnet_lr1e4,4,2,eeg_population,0.006080263645307122,-0.018747288691905704,0.03081279567802303,2000,0.20642763976689976
ds006850,eegnet_lr1e4,4,2,eeg_personalized,0.15991025703343484,0.040716427761875645,0.2537624478975055,2000,0.21536565908167887
ds006850,eegnet_lr1e4,4,2,combined_population,0.3367661048646303,0.1799856020797686,0.4326035885381296,2000,0.20253105592794615
ds006850,eegnet_lr1e4,4,2,combined_personalized,0.3867919723611283,0.22318888985381802,0.4825550016116156,2000,0.205304352078145
ds006850,eegnet_lr1e4,4,4,prior,0.3122403043035985,0.17322515080835235,0.40019743414727305,2000,0.19083260489510495
ds006850,eegnet_lr1e4,4,4,prior_personalized,0.3752071982537277,0.22387021640914168,0.4706794268097773,2000,0.19380600185514676
ds006850,eegnet_lr1e4,4,4,eeg_population,0.011345571442289159,-0.016689025718127547,0.04144465468920687,2000,0.2064993626165501
ds006850,eegnet_lr1e4,4,4,eeg_personalized,0.16318666666371665,0.04528539511351909,0.25775536441431474,2000,0.21486929144910022
ds006850,eegnet_lr1e4,4,4,combined_population,0.32195432694415527,0.18191126699229107,0.4095471107338082,2000,0.1906955493896751
ds006850,eegnet_lr1e4,4,4,combined_personalized,0.38776165251806527,0.23887479472833908,0.4820666186563231,2000,0.1945425626672316
ds006850,eegnet_lr1e4,4,8,prior,0.34077330322157423,0.19758489772336024,0.41793808967176016,2000,0.18296729312354318
ds006850,eegnet_lr1e4,4,8,prior_personalized,0.40644593928664674,0.2560974626094954,0.4932989795135273,2000,0.18546543187314518
ds006850,eegnet_lr1e4,4,8,eeg_population,0.007650379302037523,-0.012266687298506329,0.03003332789511809,2000,0.2056497511538462
ds006850,eegnet_lr1e4,4,8,eeg_personalized,0.15963254266822455,0.04091879860685582,0.2544318872937012,2000,0.21499291427155617
ds006850,eegnet_lr1e4,4,8,combined_population,0.3483556285448535,0.2074356285303931,0.42779930254382453,2000,0.18282029568931885
ds006850,eegnet_lr1e4,4,8,combined_personalized,0.4164640294260657,0.26469409222974843,0.5006326743676395,2000,0.18548909532861602
ds006850,eegnet_lr1e4,8,0,prior,-6.635784198480622e-16,-4.221326138264935e-15,4.640189676727291e-15,2000,0.20432291577740386
ds006850,eegnet_lr1e4,8,0,prior_personalized,0.15644082287591965,0.052289277551174455,0.24347735603878817,2000,0.20188437258509112
ds006850,eegnet_lr1e4,8,0,eeg_population,0.015982621787752494,-0.013087529566377366,0.048502381205577795,2000,0.2064017360967366
ds006850,eegnet_lr1e4,8,0,eeg_personalized,0.17064208125359834,0.06378434507371748,0.25505065149137524,2000,0.2038487429268189
ds006850,eegnet_lr1e4,8,0,combined_population,0.013586601179738523,-0.01602511702359095,0.045217288366724576,2000,0.2065029732763644
ds006850,eegnet_lr1e4,8,0,combined_personalized,0.17126563794695382,0.06222559875432052,0.2601058181891194,2000,0.20404337765210173
ds006850,eegnet_lr1e4,8,1,prior,0.2524773125728417,0.0849260715229786,0.358365224755895,2000,0.23557692307692296
ds006850,eegnet_lr1e4,8,1,prior_personalized,0.3108629427789764,0.15071017392739333,0.41286467933236476,2000,0.23852550776845435
ds006850,eegnet_lr1e4,8,1,eeg_population,0.012449201480700459,-0.01715492566721024,0.04772092407022637,2000,0.2063932743951049
ds006850,eegnet_lr1e4,8,1,eeg_personalized,0.1691720906451711,0.06048547186698957,0.2551267104267653,2000,0.20391628414844026
ds006850,eegnet_lr1e4,8,1,combined_population,0.26389624641042475,0.09875764572041588,0.3662740115508755,2000,0.23763115744094582
ds006850,eegnet_lr1e4,8,1,combined_personalized,0.3240543646568635,0.16535983086622158,0.42042083406088376,2000,0.24100017627760922
ds006850,eegnet_lr1e4,8,2,prior,0.3327785294901091,0.17502003443907924,0.42819393675043155,2000,0.2026005244755245
ds006850,eegnet_lr1e4,8,2,prior_personalized,0.3927762479587605,0.23575093877872985,0.4858379375667893,2000,0.20132381886625828
ds006850,eegnet_lr1e4,8,2,eeg_population,0.006080263645307122,-0.018747288691905704,0.03081279567802303,2000,0.20642763976689976
ds006850,eegnet_lr1e4,8,2,eeg_personalized,0.1614347466809524,0.05725073461331041,0.24952628099445331,2000,0.20371801716716206
ds006850,eegnet_lr1e4,8,2,combined_population,0.3367661048646303,0.1799856020797686,0.4326035885381296,2000,0.20253105592794615
ds006850,eegnet_lr1e4,8,2,combined_personalized,0.3965897585360624,0.24175345137657261,0.48766554641739546,2000,0.20097480564817394
ds006850,eegnet_lr1e4,8,4,prior,0.3122403043035985,0.17322515080835235,0.40019743414727305,2000,0.19083260489510495
ds006850,eegnet_lr1e4,8,4,prior_personalized,0.387435012462399,0.24301325101406718,0.4774641134921393,2000,0.18921040729934963
ds006850,eegnet_lr1e4,8,4,eeg_population,0.011345571442289159,-0.016689025718127547,0.04144465468920687,2000,0.2064993626165501
ds006850,eegnet_lr1e4,8,4,eeg_personalized,0.16546181535758037,0.05743590643614289,0.2508893939747656,2000,0.204050771389721
ds006850,eegnet_lr1e4,8,4,combined_population,0.32195432694415527,0.18191126699229107,0.4095471107338082,2000,0.1906955493896751
ds006850,eegnet_lr1e4,8,4,combined_personalized,0.3957388317825406,0.25107805393256993,0.4859859167663147,2000,0.19056531454295925
ds006850,eegnet_lr1e4,8,8,prior,0.34077330322157423,0.19758489772336024,0.41793808967176016,2000,0.18296729312354318
ds006850,eegnet_lr1e4,8,8,prior_personalized,0.41814287956601015,0.2735330044066134,0.5007858941230552,2000,0.1799196406456151
ds006850,eegnet_lr1e4,8,8,eeg_population,0.007650379302037523,-0.012266687298506329,0.03003332789511809,2000,0.2056497511538462
ds006850,eegnet_lr1e4,8,8,eeg_personalized,0.16216692711328773,0.055825071113391106,0.24926160888010937,2000,0.20337212862781223
ds006850,eegnet_lr1e4,8,8,combined_population,0.3483556285448535,0.2074356285303931,0.42779930254382453,2000,0.18282029568931885
ds006850,eegnet_lr1e4,8,8,combined_personalized,0.42590575607766257,0.28123809293711916,0.5061561177284534,2000,0.17999722796166132
ds006850,labram_ridge_base,0,0,prior,-6.635784198480622e-16,-4.221326138264935e-15,4.640189676727291e-15,2000,0.20432291577740386
ds006850,labram_ridge_base,0,0,prior_personalized,-6.635784198480622e-16,-4.221326138264935e-15,4.640189676727291e-15,2000,0.20432291577740386
ds006850,labram_ridge_base,0,0,eeg_population,-0.01253946961387174,-0.08216071510945659,0.05163002683003372,2000,0.21763904316558644
ds006850,labram_ridge_base,0,0,eeg_personalized,-0.01253946961387174,-0.08216071510945659,0.05163002683003372,2000,0.21763904316558644
ds006850,labram_ridge_base,0,0,combined_population,-0.018244874066970028,-0.07646955853058161,0.03912514533463089,2000,0.2160249771001427
ds006850,labram_ridge_base,0,0,combined_personalized,-0.018244874066970028,-0.07646955853058161,0.03912514533463089,2000,0.2160249771001427
ds006850,labram_ridge_base,0,1,prior,0.2524773125728417,0.0849260715229786,0.358365224755895,2000,0.23557692307692296
ds006850,labram_ridge_base,0,1,prior_personalized,0.2524773125728417,0.0849260715229786,0.358365224755895,2000,0.23557692307692296
ds006850,labram_ridge_base,0,1,eeg_population,-0.014999062552209463,-0.08293322508167814,0.048765930778205985,2000,0.21789189358109437
ds006850,labram_ridge_base,0,1,eeg_personalized,-0.014999062552209463,-0.08293322508167814,0.048765930778205985,2000,0.21789189358109437
ds006850,labram_ridge_base,0,1,combined_population,0.23618964540049384,0.06702586260089932,0.34774762654612296,2000,0.24447632810237777
ds006850,labram_ridge_base,0,1,combined_personalized,0.23618964540049384,0.06702586260089932,0.34774762654612296,2000,0.24447632810237777
ds006850,labram_ridge_base,0,2,prior,0.3327785294901091,0.17502003443907924,0.42819393675043155,2000,0.2026005244755245
ds006850,labram_ridge_base,0,2,prior_personalized,0.3327785294901091,0.17502003443907924,0.42819393675043155,2000,0.2026005244755245
ds006850,labram_ridge_base,0,2,eeg_population,-0.012694528463150589,-0.0811966195104402,0.05283412842525257,2000,0.21780354904358062
ds006850,labram_ridge_base,0,2,eeg_personalized,-0.012694528463150589,-0.0811966195104402,0.05283412842525257,2000,0.21780354904358062
ds006850,labram_ridge_base,0,2,combined_population,0.3101446191737559,0.1443150336499151,0.41075149867247246,2000,0.21100989199185743
ds006850,labram_ridge_base,0,2,combined_personalized,0.3101446191737559,0.1443150336499151,0.41075149867247246,2000,0.21100989199185743
ds006850,labram_ridge_base,0,4,prior,0.3122403043035985,0.17322515080835235,0.40019743414727305,2000,0.19083260489510495
ds006850,labram_ridge_base,0,4,prior_personalized,0.3122403043035985,0.17322515080835235,0.40019743414727305,2000,0.19083260489510495
ds006850,labram_ridge_base,0,4,eeg_population,-0.012337837244347317,-0.07959716244396665,0.05203434945002636,2000,0.2179966306616688
ds006850,labram_ridge_base,0,4,eeg_personalized,-0.012337837244347317,-0.07959716244396665,0.05203434945002636,2000,0.2179966306616688
ds006850,labram_ridge_base,0,4,combined_population,0.2889932414767712,0.13873303192190967,0.38513053392595137,2000,0.19791569154633581
ds006850,labram_ridge_base,0,4,combined_personalized,0.2889932414767712,0.13873303192190967,0.38513053392595137,2000,0.19791569154633581
ds006850,labram_ridge_base,0,8,prior,0.34077330322157423,0.19758489772336024,0.41793808967176016,2000,0.18296729312354318
ds006850,labram_ridge_base,0,8,prior_personalized,0.34077330322157423,0.19758489772336024,0.41793808967176016,2000,0.18296729312354318
ds006850,labram_ridge_base,0,8,eeg_population,-0.016208897646812243,-0.08375291225924231,0.0489871740636882,2000,0.21803871016542214
ds006850,labram_ridge_base,0,8,eeg_personalized,-0.016208897646812243,-0.08375291225924231,0.0489871740636882,2000,0.21803871016542214
ds006850,labram_ridge_base,0,8,combined_population,0.3093755731312141,0.15708997450878856,0.39762236609599355,2000,0.19226692695083886
ds006850,labram_ridge_base,0,8,combined_personalized,0.3093755731312141,0.15708997450878856,0.39762236609599355,2000,0.19226692695083886
ds006850,labram_ridge_base,1,0,prior,-6.635784198480622e-16,-4.221326138264935e-15,4.640189676727291e-15,2000,0.20432291577740386
ds006850,labram_ridge_base,1,0,prior_personalized,0.0827465866520994,-0.02486924996110074,0.19331402684589585,2000,0.25261502526773405
ds006850,labram_ridge_base,1,0,eeg_population,-0.01253946961387129,-0.08216071510945659,0.05163002683003372,2000,0.21763904316558644
ds006850,labram_ridge_base,1,0,eeg_personalized,0.06198094128278566,-0.04490259585099402,0.1765599776289617,2000,0.29220765803455634
ds006850,labram_ridge_base,1,0,combined_population,-0.018244874066970028,-0.0764695585305816,0.03912514533463085,2000,0.2160249771001427
ds006850,labram_ridge_base,1,0,combined_personalized,0.05416546366196199,-0.05582605497468048,0.16718080604365235,2000,0.26974371680079534
ds006850,labram_ridge_base,1,1,prior,0.2524773125728417,0.0849260715229786,0.358365224755895,2000,0.23557692307692296
ds006850,labram_ridge_base,1,1,prior_personalized,0.23463677155563079,0.08393345050394439,0.3428970944912072,2000,0.2854217805925801
ds006850,labram_ridge_base,1,1,eeg_population,-0.014999062552209463,-0.08293322508167814,0.04876593077820551,2000,0.21789189358109434
ds006850,labram_ridge_base,1,1,eeg_personalized,0.061955994030164455,-0.04380780089171585,0.17690562448875957,2000,0.29097454490048347
ds006850,labram_ridge_base,1,1,combined_population,0.23618964540049384,0.06702586260089956,0.3477476265461225,2000,0.24447632810237777
ds006850,labram_ridge_base,1,1,combined_personalized,0.21147745773371424,0.06403968438530572,0.320111588981883,2000,0.2969021922871084
ds006850,labram_ridge_base,1,2,prior,0.3327785294901091,0.17502003443907924,0.42819393675043155,2000,0.2026005244755245
ds006850,labram_ridge_base,1,2,prior_personalized,0.2783210358552465,0.12973015699601156,0.383937470622968,2000,0.2547554287518416
ds006850,labram_ridge_base,1,2,eeg_population,-0.012694528463150589,-0.08119661951043965,0.05283412842525217,2000,0.21780354904358062
ds006850,labram_ridge_base,1,2,eeg_personalized,0.06017394938688856,-0.045143204092231166,0.1735156746066476,2000,0.29297828802337417
ds006850,labram_ridge_base,1,2,combined_population,0.3101446191737559,0.14431503364991485,0.41075149867247246,2000,0.21100989199185743
ds006850,labram_ridge_base,1,2,combined_personalized,0.25174775078582384,0.10078164577831043,0.35853476924562055,2000,0.2698777228044898
ds006850,labram_ridge_base,1,4,prior,0.3122403043035985,0.17322515080835235,0.40019743414727305,2000,0.19083260489510495
ds006850,labram_ridge_base,1,4,prior_personalized,0.2658909927174616,0.12473227412223234,0.37475812228317734,2000,0.24327866513364543
ds006850,labram_ridge_base,1,4,eeg_population,-0.012337837244347317,-0.07959716244396667,0.05203434945002632,2000,0.2179966306616688
ds006850,labram_ridge_base,1,4,eeg_personalized,0.06253358372336755,-0.044317694361141365,0.17905252759558082,2000,0.29117994263922153
ds006850,labram_ridge_base,1,4,combined_population,0.2889932414767712,0.13873303192190978,0.38513053392595137,2000,0.19791569154633581
ds006850,labram_ridge_base,1,4,combined_personalized,0.23491050665164687,0.09388357079125019,0.3460466702201003,2000,0.25943839107020283
ds006850,labram_ridge_base,1,8,prior,0.34077330322157423,0.19758489772336024,0.41793808967176016,2000,0.18296729312354318
ds006850,labram_ridge_base,1,8,prior_personalized,0.28504044211419177,0.14408995753827694,0.38903704725881694,2000,0.2400889356074337
ds006850,labram_ridge_base,1,8,eeg_population,-0.016208897646812232,-0.08375291225924207,0.04898717406368817,2000,0.21803871016542214
ds006850,labram_ridge_base,1,8,eeg_personalized,0.06013567267464669,-0.04354534731538665,0.17621966555461716,2000,0.2933960957281461
ds006850,labram_ridge_base,1,8,combined_population,0.3093755731312141,0.1570899745087885,0.39762236609599333,2000,0.19226692695083886
ds006850,labram_ridge_base,1,8,combined_personalized,0.24899047769973345,0.10265264908841414,0.3561640841933982,2000,0.25825243149585625
ds006850,labram_ridge_base,2,0,prior,-6.635784198480622e-16,-4.221326138264935e-15,4.640189676727291e-15,2000,0.20432291577740386
ds006850,labram_ridge_base,2,0,prior_personalized,0.14096237191529984,0.03718961451767293,0.2327148380417294,2000,0.22603625471735964
ds006850,labram_ridge_base,2,0,eeg_population,-0.01253946961387129,-0.08216071510945688,0.051630026830033725,2000,0.21763904316558644
ds006850,labram_ridge_base,2,0,eeg_personalized,0.11464714129470402,0.004681276669242362,0.2103632597416427,2000,0.24715991139170698
ds006850,labram_ridge_base,2,0,combined_population,-0.018244874066970028,-0.07646955853058117,0.03912514533463085,2000,0.2160249771001427
ds006850,labram_ridge_base,2,0,combined_personalized,0.1295055408873524,0.01665094354499368,0.22464577556922027,2000,0.232368054945523
ds006850,labram_ridge_base,2,1,prior,0.2524773125728417,0.0849260715229786,0.358365224755895,2000,0.23557692307692296
ds006850,labram_ridge_base,2,1,prior_personalized,0.28256211912808604,0.12963387786544428,0.3858548393348344,2000,0.25671346649395743
ds006850,labram_ridge_base,2,1,eeg_population,-0.014999062552209763,-0.08293322508167815,0.04876593077820551,2000,0.21789189358109434
ds006850,labram_ridge_base,2,1,eeg_personalized,0.11364225317204432,0.005014194570805692,0.20997680326249862,2000,0.2470184494229038
ds006850,labram_ridge_base,2,1,combined_population,0.23618964540049384,0.06702586260089964,0.3477476265461225,2000,0.24447632810237777
ds006850,labram_ridge_base,2,1,combined_personalized,0.2746579576304249,0.1208614495064559,0.3788920861614888,2000,0.26071678871391757
ds006850,labram_ridge_base,2,2,prior,0.3327785294901091,0.17502003443907924,0.42819393675043155,2000,0.2026005244755245
ds006850,labram_ridge_base,2,2,prior_personalized,0.3508125268936441,0.19832214756061475,0.4432968527601441,2000,0.22226218799524947
ds006850,labram_ridge_base,2,2,eeg_population,-0.012694528463150589,-0.08119661951043954,0.05283412842525205,2000,0.21780354904358062
ds006850,labram_ridge_base,2,2,eeg_personalized,0.11397248595109014,0.005295806954385647,0.20878354920425035,2000,0.24775917690345356
ds006850,labram_ridge_base,2,2,combined_population,0.3101446191737559,0.14431503364991485,0.41075149867247246,2000,0.21100989199185743
ds006850,labram_ridge_base,2,2,combined_personalized,0.342007785165969,0.187409786300047,0.44093171066604947,2000,0.22787577108213314
ds006850,labram_ridge_base,2,4,prior,0.3122403043035985,0.17322515080835235,0.40019743414727305,2000,0.19083260489510495
ds006850,labram_ridge_base,2,4,prior_personalized,0.34359431603158197,0.20023322150960005,0.43425223388336354,2000,0.21281763101054157
ds006850,labram_ridge_base,2,4,eeg_population,-0.012337837244347618,-0.07959716244396667,0.05203434945002632,2000,0.2179966306616688
ds006850,labram_ridge_base,2,4,eeg_personalized,0.11564721659196271,0.004608954400636224,0.2113168658335299,2000,0.24754647639672478
ds006850,labram_ridge_base,2,4,combined_population,0.2889932414767712,0.13873303192190978,0.38513053392595104,2000,0.19791569154633581
ds006850,labram_ridge_base,2,4,combined_personalized,0.33420513114126144,0.1880699609347183,0.4301745622654777,2000,0.21863448612874836
ds006850,labram_ridge_base,2,8,prior,0.34077330322157423,0.19758489772336024,0.41793808967176016,2000,0.18296729312354318
ds006850,labram_ridge_base,2,8,prior_personalized,0.37250512896935495,0.2331638783312054,0.4577897412802107,2000,0.20430051582045555
ds006850,labram_ridge_base,2,8,eeg_population,-0.016208897646812232,-0.08375291225924204,0.04898717406368816,2000,0.21803871016542214
ds006850,labram_ridge_base,2,8,eeg_personalized,0.11189853813755542,0.002837557926245749,0.2079405440960229,2000,0.24733706700758776
ds006850,labram_ridge_base,2,8,combined_population,0.3093755731312141,0.15708997450878853,0.39762236609599333,2000,0.19226692695083886
ds006850,labram_ridge_base,2,8,combined_personalized,0.3592803761356177,0.21489465477311148,0.44615105352898704,2000,0.21195830108693353
ds006850,labram_ridge_base,4,0,prior,-6.635784198480622e-16,-4.221326138264935e-15,4.640189676727291e-15,2000,0.20432291577740386
ds006850,labram_ridge_base,4,0,prior_personalized,0.15361825253941758,0.03960682463490851,0.24532218993031343,2000,0.20806822020552457
ds006850,labram_ridge_base,4,0,eeg_population,-0.012539469613871295,-0.08216071510945659,0.05163002683003373,2000,0.21763904316558644
ds006850,labram_ridge_base,4,0,eeg_personalized,0.14642508406587745,0.019226028674374812,0.2472346319771017,2000,0.2226024882162087
ds006850,labram_ridge_base,4,0,combined_population,-0.018244874066970035,-0.07646955853058075,0.03912514533463084,2000,0.2160249771001427
ds006850,labram_ridge_base,4,0,combined_personalized,0.14309977161408277,0.014468246984313322,0.24686403548878288,2000,0.21615443585860264
ds006850,labram_ridge_base,4,1,prior,0.2524773125728417,0.0849260715229786,0.358365224755895,2000,0.23557692307692296
ds006850,labram_ridge_base,4,1,prior_personalized,0.3023803686005889,0.1410342807365471,0.4090854166372703,2000,0.24281870875019912
ds006850,labram_ridge_base,4,1,eeg_population,-0.014999062552209752,-0.08293322508167779,0.04876593077820513,2000,0.21789189358109434
ds006850,labram_ridge_base,4,1,eeg_personalized,0.14557445664347024,0.019561956669668024,0.24651164427740338,2000,0.2223798977384314
ds006850,labram_ridge_base,4,1,combined_population,0.23618964540049386,0.06702586260089964,0.34774762654612257,2000,0.24447632810237777
ds006850,labram_ridge_base,4,1,combined_personalized,0.2949497013514429,0.12843585185976014,0.3999719157822441,2000,0.2472038812675105
ds006850,labram_ridge_base,4,2,prior,0.3327785294901091,0.17502003443907924,0.42819393675043155,2000,0.2026005244755245
ds006850,labram_ridge_base,4,2,prior_personalized,0.38058695888078226,0.21979696445857583,0.47711563843975496,2000,0.20580589164016772
ds006850,labram_ridge_base,4,2,eeg_population,-0.012694528463150381,-0.0811966195104397,0.052834128425252425,2000,0.21780354904358062
ds006850,labram_ridge_base,4,2,eeg_personalized,0.14651954070753462,0.020598835815246925,0.24676363524802117,2000,0.2228090692735094
ds006850,labram_ridge_base,4,2,combined_population,0.31014461917375585,0.14431503364991502,0.410751498672473,2000,0.21100989199185743
ds006850,labram_ridge_base,4,2,combined_personalized,0.37024119467047223,0.20400520471485495,0.46958390785207116,2000,0.21156229073491944
ds006850,labram_ridge_base,4,4,prior,0.3122403043035985,0.17322515080835235,0.40019743414727305,2000,0.19083260489510495
ds006850,labram_ridge_base,4,4,prior_personalized,0.3752071982537277,0.22387021640914168,0.4706794268097773,2000,0.19380600185514676
ds006850,labram_ridge_base,4,4,eeg_population,-0.012337837244347765,-0.07959716244396686,0.052034349450026225,2000,0.2179966306616688
ds006850,labram_ridge_base,4,4,eeg_personalized,0.14554321787808783,0.019963617850220307,0.2488654086710488,2000,0.2228946774404037
ds006850,labram_ridge_base,4,4,combined_population,0.28899324147677147,0.13873303192190978,0.38513053392595115,2000,0.19791569154633587
ds006850,labram_ridge_base,4,4,combined_personalized,0.36124453497460063,0.20331255409209392,0.4566784504674621,2000,0.20054252684176427
ds006850,labram_ridge_base,4,8,prior,0.34077330322157423,0.19758489772336024,0.41793808967176016,2000,0.18296729312354318
ds006850,labram_ridge_base,4,8,prior_personalized,0.40644593928664674,0.2560974626094954,0.4932989795135273,2000,0.18546543187314518
ds006850,labram_ridge_base,4,8,eeg_population,-0.01620889764681229,-0.08375291225924171,0.048987174063688126,2000,0.21803871016542214
ds006850,labram_ridge_base,4,8,eeg_personalized,0.14368664702891817,0.017667151343393687,0.24409355890279305,2000,0.22319991243072587
ds006850,labram_ridge_base,4,8,combined_population,0.3093755731312141,0.15708997450878853,0.3976223660959931,2000,0.19226692695083886
ds006850,labram_ridge_base,4,8,combined_personalized,0.3904681662639376,0.23252151556545017,0.47840368939352435,2000,0.1936862254916607
ds006850,labram_ridge_base,8,0,prior,-6.635784198480622e-16,-4.221326138264935e-15,4.640189676727291e-15,2000,0.20432291577740386
ds006850,labram_ridge_base,8,0,prior_personalized,0.15644082287591965,0.052289277551174455,0.24347735603878817,2000,0.20188437258509112
ds006850,labram_ridge_base,8,0,eeg_population,-0.012539469613871295,-0.08216071510945659,0.05163002683003373,2000,0.21763904316558644
ds006850,labram_ridge_base,8,0,eeg_personalized,0.15117631325010938,0.02545874650090406,0.24778069527720634,2000,0.21185725026290533
ds006850,labram_ridge_base,8,0,combined_population,-0.018244874066970035,-0.07646955853058075,0.03912514533463084,2000,0.2160249771001427
ds006850,labram_ridge_base,8,0,combined_personalized,0.14553495471185768,0.02406241238918738,0.24153616595926844,2000,0.21115047831332268
ds006850,labram_ridge_base,8,1,prior,0.2524773125728417,0.0849260715229786,0.358365224755895,2000,0.23557692307692296
ds006850,labram_ridge_base,8,1,prior_personalized,0.3108629427789764,0.15071017392739333,0.41286467933236476,2000,0.23852550776845435
ds006850,labram_ridge_base,8,1,eeg_population,-0.014999062552209752,-0.08293322508167779,0.04876593077820513,2000,0.21789189358109434
ds006850,labram_ridge_base,8,1,eeg_personalized,0.14908657301434453,0.024965026508693547,0.24414025717430055,2000,0.21192237953963006
ds006850,labram_ridge_base,8,1,combined_population,0.23618964540049386,0.06702586260089964,0.34774762654612257,2000,0.24447632810237777
ds006850,labram_ridge_base,8,1,combined_personalized,0.3012973205463016,0.13942007366660356,0.402605705739564,2000,0.24483723250490405
ds006850,labram_ridge_base,8,2,prior,0.3327785294901091,0.17502003443907924,0.42819393675043155,2000,0.2026005244755245
ds006850,labram_ridge_base,8,2,prior_personalized,0.3927762479587605,0.23575093877872985,0.4858379375667893,2000,0.20132381886625828
ds006850,labram_ridge_base,8,2,eeg_population,-0.012694528463150381,-0.0811966195104397,0.052834128425252425,2000,0.21780354904358062
ds006850,labram_ridge_base,8,2,eeg_personalized,0.15243043880722165,0.0283549079185426,0.24662026671986376,2000,0.21219035544632064
ds006850,labram_ridge_base,8,2,combined_population,0.31014461917375585,0.14431503364991502,0.410751498672473,2000,0.21100989199185743
ds006850,labram_ridge_base,8,2,combined_personalized,0.3807617820143263,0.2183708187064018,0.47561580132244136,2000,0.20887284336258422
ds006850,labram_ridge_base,8,4,prior,0.3122403043035985,0.17322515080835235,0.40019743414727305,2000,0.19083260489510495
ds006850,labram_ridge_base,8,4,prior_personalized,0.387435012462399,0.24301325101406718,0.4774641134921393,2000,0.18921040729934963
ds006850,labram_ridge_base,8,4,eeg_population,-0.012337837244347765,-0.07959716244396686,0.052034349450026225,2000,0.2179966306616688
ds006850,labram_ridge_base,8,4,eeg_personalized,0.14835756738525568,0.02350595826110379,0.24548766941362304,2000,0.21222946204649973
ds006850,labram_ridge_base,8,4,combined_population,0.28899324147677147,0.13873303192190978,0.38513053392595115,2000,0.19791569154633587
ds006850,labram_ridge_base,8,4,combined_personalized,0.371717998893179,0.22179052559844747,0.46182355967245714,2000,0.19833333624914673
ds006850,labram_ridge_base,8,8,prior,0.34077330322157423,0.19758489772336024,0.41793808967176016,2000,0.18296729312354318
ds006850,labram_ridge_base,8,8,prior_personalized,0.41814287956601015,0.2735330044066134,0.5007858941230552,2000,0.1799196406456151
ds006850,labram_ridge_base,8,8,eeg_population,-0.01620889764681229,-0.08375291225924171,0.048987174063688126,2000,0.21803871016542214
ds006850,labram_ridge_base,8,8,eeg_personalized,0.1483814174717034,0.025493641681281105,0.24286634836729465,2000,0.2125767442492455
ds006850,labram_ridge_base,8,8,combined_population,0.3093755731312141,0.15708997450878853,0.3976223660959931,2000,0.19226692695083886
ds006850,labram_ridge_base,8,8,combined_personalized,0.39951622091463407,0.24729339887299562,0.48432590835106926,2000,0.18966943664898556
ds006850,labram_ridge_strong,0,0,prior,-6.635784198480622e-16,-4.221326138264935e-15,4.640189676727291e-15,2000,0.20432291577740386
ds006850,labram_ridge_strong,0,0,prior_personalized,-6.635784198480622e-16,-4.221326138264935e-15,4.640189676727291e-15,2000,0.20432291577740386
ds006850,labram_ridge_strong,0,0,eeg_population,0.006437608391429417,-0.039485103713449016,0.0478531844947994,2000,0.2100093979620406
ds006850,labram_ridge_strong,0,0,eeg_personalized,0.006437608391429417,-0.039485103713449016,0.0478531844947994,2000,0.2100093979620406
ds006850,labram_ridge_strong,0,0,combined_population,-0.002051074163381764,-0.03932498154728572,0.03375117794194946,2000,0.20966961586201033
ds006850,labram_ridge_strong,0,0,combined_personalized,-0.002051074163381764,-0.03932498154728572,0.03375117794194946,2000,0.20966961586201033
ds006850,labram_ridge_strong,0,1,prior,0.2524773125728417,0.0849260715229786,0.358365224755895,2000,0.23557692307692296
ds006850,labram_ridge_strong,0,1,prior_personalized,0.2524773125728417,0.0849260715229786,0.358365224755895,2000,0.23557692307692296
ds006850,labram_ridge_strong,0,1,eeg_population,0.00535015737166652,-0.04034436677581104,0.046844456262149205,2000,0.21017179046825488
ds006850,labram_ridge_strong,0,1,eeg_personalized,0.00535015737166652,-0.04034436677581104,0.046844456262149205,2000,0.21017179046825488
ds006850,labram_ridge_strong,0,1,combined_population,0.24868952572380948,0.08175749739852643,0.3563877829535931,2000,0.23996668539293795
ds006850,labram_ridge_strong,0,1,combined_personalized,0.24868952572380948,0.08175749739852643,0.3563877829535931,2000,0.23996668539293795
ds006850,labram_ridge_strong,0,2,prior,0.3327785294901091,0.17502003443907924,0.42819393675043155,2000,0.2026005244755245
ds006850,labram_ridge_strong,0,2,prior_personalized,0.3327785294901091,0.17502003443907924,0.42819393675043155,2000,0.2026005244755245
ds006850,labram_ridge_strong,0,2,eeg_population,0.007252856606170398,-0.03952942029667331,0.05026273383026022,2000,0.21006321223998398
ds006850,labram_ridge_strong,0,2,eeg_personalized,0.007252856606170398,-0.03952942029667331,0.05026273383026022,2000,0.21006321223998398
ds006850,labram_ridge_strong,0,2,combined_population,0.3275422141505143,0.16280191521383175,0.4250024035429592,2000,0.20600469646891587
ds006850,labram_ridge_strong,0,2,combined_personalized,0.3275422141505143,0.16280191521383175,0.4250024035429592,2000,0.20600469646891587
ds006850,labram_ridge_strong,0,4,prior,0.3122403043035985,0.17322515080835235,0.40019743414727305,2000,0.19083260489510495
ds006850,labram_ridge_strong,0,4,prior_personalized,0.3122403043035985,0.17322515080835235,0.40019743414727305,2000,0.19083260489510495
ds006850,labram_ridge_strong,0,4,eeg_population,0.007961512008500869,-0.03774468638635379,0.050647642761563846,2000,0.21011011891948767
ds006850,labram_ridge_strong,0,4,eeg_personalized,0.007961512008500869,-0.03774468638635379,0.050647642761563846,2000,0.21011011891948767
ds006850,labram_ridge_strong,0,4,combined_population,0.30706823160796326,0.158314401318464,0.3983553278934887,2000,0.19266691288192989
ds006850,labram_ridge_strong,0,4,combined_personalized,0.30706823160796326,0.158314401318464,0.3983553278934887,2000,0.19266691288192989
ds006850,labram_ridge_strong,0,8,prior,0.34077330322157423,0.19758489772336024,0.41793808967176016,2000,0.18296729312354318
ds006850,labram_ridge_strong,0,8,prior_personalized,0.34077330322157423,0.19758489772336024,0.41793808967176016,2000,0.18296729312354318
ds006850,labram_ridge_strong,0,8,eeg_population,0.004514995088380819,-0.04264440672282797,0.04767862092762005,2000,0.21016240324617125
ds006850,labram_ridge_strong,0,8,eeg_personalized,0.004514995088380819,-0.04264440672282797,0.04767862092762005,2000,0.21016240324617125
ds006850,labram_ridge_strong,0,8,combined_population,0.32607272391493625,0.17536267835665503,0.4097549018136042,2000,0.18737157652044809
ds006850,labram_ridge_strong,0,8,combined_personalized,0.32607272391493625,0.17536267835665503,0.4097549018136042,2000,0.18737157652044809
ds006850,labram_ridge_strong,1,0,prior,-6.635784198480622e-16,-4.221326138264935e-15,4.640189676727291e-15,2000,0.20432291577740386
ds006850,labram_ridge_strong,1,0,prior_personalized,0.0827465866520994,-0.02486924996110074,0.19331402684589585,2000,0.25261502526773405
ds006850,labram_ridge_strong,1,0,eeg_population,0.006437608391429417,-0.039485103713449016,0.0478531844947994,2000,0.2100093979620406
ds006850,labram_ridge_strong,1,0,eeg_personalized,0.08454370329307626,-0.025168504399664463,0.19891945377989417,2000,0.27924926225599034
ds006850,labram_ridge_strong,1,0,combined_population,-0.002051074163382245,-0.03932498154728571,0.03375117794194946,2000,0.20966961586201033
ds006850,labram_ridge_strong,1,0,combined_personalized,0.07831916008465592,-0.034035530963437234,0.18708194619568635,2000,0.25880996477910284
ds006850,labram_ridge_strong,1,1,prior,0.2524773125728417,0.0849260715229786,0.358365224755895,2000,0.23557692307692296
ds006850,labram_ridge_strong,1,1,prior_personalized,0.23463677155563079,0.08393345050394439,0.3428970944912072,2000,0.2854217805925801
ds006850,labram_ridge_strong,1,1,eeg_population,0.00535015737166653,-0.040344366775811,0.04684445626214918,2000,0.21017179046825488
ds006850,labram_ridge_strong,1,1,eeg_personalized,0.08484941784830181,-0.025364497620537104,0.20059529859013608,2000,0.27842462939946433
ds006850,labram_ridge_strong,1,1,combined_population,0.24868952572380948,0.08175749739852646,0.3563877829535931,2000,0.23996668539293795
ds006850,labram_ridge_strong,1,1,combined_personalized,0.23012771524739645,0.08043247158688237,0.3362517923881091,2000,0.2888848123811425
ds006850,labram_ridge_strong,1,2,prior,0.3327785294901091,0.17502003443907924,0.42819393675043155,2000,0.2026005244755245
ds006850,labram_ridge_strong,1,2,prior_personalized,0.2783210358552465,0.12973015699601156,0.383937470622968,2000,0.2547554287518416
ds006850,labram_ridge_strong,1,2,eeg_population,0.007252856606170398,-0.03952942029667331,0.05026273383026022,2000,0.21006321223998398
ds006850,labram_ridge_strong,1,2,eeg_personalized,0.08499828849358264,-0.025246507705635586,0.19735942988480612,2000,0.2794157454815981
ds006850,labram_ridge_strong,1,2,combined_population,0.3275422141505143,0.16280191521383153,0.42500240354295943,2000,0.20600469646891587
ds006850,labram_ridge_strong,1,2,combined_personalized,0.2729694749935859,0.12234693686726276,0.37823969973628213,2000,0.2601295093571222
ds006850,labram_ridge_strong,1,4,prior,0.3122403043035985,0.17322515080835235,0.40019743414727305,2000,0.19083260489510495
ds006850,labram_ridge_strong,1,4,prior_personalized,0.2658909927174616,0.12473227412223234,0.37475812228317734,2000,0.24327866513364543
ds006850,labram_ridge_strong,1,4,eeg_population,0.007961512008500869,-0.037744686386353796,0.050647642761564575,2000,0.21011011891948767
ds006850,labram_ridge_strong,1,4,eeg_personalized,0.08624419870719169,-0.02401536781748433,0.20016027696793592,2000,0.27854749399584594
ds006850,labram_ridge_strong,1,4,combined_population,0.30706823160796326,0.158314401318464,0.3983553278934887,2000,0.19266691288192989
ds006850,labram_ridge_strong,1,4,combined_personalized,0.2598339526737582,0.12039847120459442,0.36792307135840047,2000,0.24863514302895534
ds006850,labram_ridge_strong,1,8,prior,0.34077330322157423,0.19758489772336024,0.41793808967176016,2000,0.18296729312354318
ds006850,labram_ridge_strong,1,8,prior_personalized,0.28504044211419177,0.14408995753827694,0.38903704725881694,2000,0.2400889356074337
ds006850,labram_ridge_strong,1,8,eeg_population,0.004514995088380819,-0.04264440672282797,0.04767862092762007,2000,0.21016240324617125
ds006850,labram_ridge_strong,1,8,eeg_personalized,0.08331610805268644,-0.025459606946629163,0.1967749691002397,2000,0.2801184527426469
ds006850,labram_ridge_strong,1,8,combined_population,0.32607272391493625,0.17536267835665503,0.4097549018136042,2000,0.18737157652044809
ds006850,labram_ridge_strong,1,8,combined_personalized,0.2732345347374089,0.12763196720329217,0.37300781894921115,2000,0.24972947575334414
ds006850,labram_ridge_strong,2,0,prior,-6.635784198480622e-16,-4.221326138264935e-15,4.640189676727291e-15,2000,0.20432291577740386
ds006850,labram_ridge_strong,2,0,prior_personalized,0.14096237191529984,0.03718961451767293,0.2327148380417294,2000,0.22603625471735964
ds006850,labram_ridge_strong,2,0,eeg_population,0.006437608391429417,-0.039485103713449016,0.0478531844947994,2000,0.2100093979620406
ds006850,labram_ridge_strong,2,0,eeg_personalized,0.12741647839657294,0.020308742283524632,0.22032529484100924,2000,0.24212827563905978
ds006850,labram_ridge_strong,2,0,combined_population,-0.0020510741633819286,-0.039324981547285705,0.03375117794194946,2000,0.20966961586201033
ds006850,labram_ridge_strong,2,0,combined_personalized,0.1417162098576858,0.03229005361445735,0.2349137223813186,2000,0.22834301921444125
ds006850,labram_ridge_strong,2,1,prior,0.2524773125728417,0.0849260715229786,0.358365224755895,2000,0.23557692307692296
ds006850,labram_ridge_strong,2,1,prior_personalized,0.28256211912808604,0.12963387786544428,0.3858548393348344,2000,0.25671346649395743
ds006850,labram_ridge_strong,2,1,eeg_population,0.0053501573716662225,-0.04034436677581099,0.04684445626214918,2000,0.21017179046825488
ds006850,labram_ridge_strong,2,1,eeg_personalized,0.12727318733252752,0.020645693442293056,0.21878824605185548,2000,0.24201583688665956
ds006850,labram_ridge_strong,2,1,combined_population,0.24868952572380948,0.08175749739852653,0.3563877829535931,2000,0.23996668539293795
ds006850,labram_ridge_strong,2,1,combined_personalized,0.28271125279047327,0.1303647901397887,0.38794838743910276,2000,0.25741920804540813
ds006850,labram_ridge_strong,2,2,prior,0.3327785294901091,0.17502003443907924,0.42819393675043155,2000,0.2026005244755245
ds006850,labram_ridge_strong,2,2,prior_personalized,0.3508125268936441,0.19832214756061475,0.4432968527601441,2000,0.22226218799524947
ds006850,labram_ridge_strong,2,2,eeg_population,0.007252856606170087,-0.03952942029667331,0.05026273383026022,2000,0.21006321223998398
ds006850,labram_ridge_strong,2,2,eeg_personalized,0.1282640808997373,0.020626468118686556,0.21978201753593066,2000,0.24239539606797025
ds006850,labram_ridge_strong,2,2,combined_population,0.3275422141505143,0.16280191521383153,0.42500240354295943,2000,0.20600469646891587
ds006850,labram_ridge_strong,2,2,combined_personalized,0.35152446704345836,0.19750139426931387,0.44832591032205654,2000,0.22412974165484378
ds006850,labram_ridge_strong,2,4,prior,0.3122403043035985,0.17322515080835235,0.40019743414727305,2000,0.19083260489510495
ds006850,labram_ridge_strong,2,4,prior_personalized,0.34359431603158197,0.20023322150960005,0.43425223388336354,2000,0.21281763101054157
ds006850,labram_ridge_strong,2,4,eeg_population,0.007961512008500869,-0.037744686386353796,0.050647642761564575,2000,0.21011011891948767
ds006850,labram_ridge_strong,2,4,eeg_personalized,0.1295157301256443,0.021484467099988656,0.22291767730964834,2000,0.2419628840705026
ds006850,labram_ridge_strong,2,4,combined_population,0.30706823160796326,0.158314401318464,0.3983553278934886,2000,0.19266691288192989
ds006850,labram_ridge_strong,2,4,combined_personalized,0.3450805593671459,0.20218574383783267,0.43918833047116124,2000,0.2156048668349883
ds006850,labram_ridge_strong,2,8,prior,0.34077330322157423,0.19758489772336024,0.41793808967176016,2000,0.18296729312354318
ds006850,labram_ridge_strong,2,8,prior_personalized,0.37250512896935495,0.2331638783312054,0.4577897412802107,2000,0.20430051582045555
ds006850,labram_ridge_strong,2,8,eeg_population,0.004514995088380819,-0.04264440672282797,0.04767862092762006,2000,0.21016240324617125
ds006850,labram_ridge_strong,2,8,eeg_personalized,0.12587164853478952,0.01933289097984784,0.219684307280434,2000,0.24222158826513054
ds006850,labram_ridge_strong,2,8,combined_population,0.32607272391493625,0.17536267835665503,0.4097549018136042,2000,0.18737157652044809
ds006850,labram_ridge_strong,2,8,combined_personalized,0.3690802562812657,0.22958955051593655,0.4551896461128288,2000,0.20962302022261764
ds006850,labram_ridge_strong,4,0,prior,-6.635784198480622e-16,-4.221326138264935e-15,4.640189676727291e-15,2000,0.20432291577740386
ds006850,labram_ridge_strong,4,0,prior_personalized,0.15361825253941758,0.03960682463490851,0.24532218993031343,2000,0.20806822020552457
ds006850,labram_ridge_strong,4,0,eeg_population,0.006437608391429417,-0.039485103713448384,0.04785318449479908,2000,0.2100093979620406
ds006850,labram_ridge_strong,4,0,eeg_personalized,0.1558751256723064,0.03231911458452422,0.25190517685185576,2000,0.21731497225401036
ds006850,labram_ridge_strong,4,0,combined_population,-0.0020510741633821827,-0.039324981547285705,0.03375117794194946,2000,0.20966961586201033
ds006850,labram_ridge_strong,4,0,combined_personalized,0.15357273179210984,0.030741020881508912,0.24974042206944297,2000,0.21140658927456846
ds006850,labram_ridge_strong,4,1,prior,0.2524773125728417,0.0849260715229786,0.358365224755895,2000,0.23557692307692296
ds006850,labram_ridge_strong,4,1,prior_personalized,0.3023803686005889,0.1410342807365471,0.4090854166372703,2000,0.24281870875019912
ds006850,labram_ridge_strong,4,1,eeg_population,0.0053501573716664115,-0.04034436677581115,0.04684445626214918,2000,0.2101717904682549
ds006850,labram_ridge_strong,4,1,eeg_personalized,0.15540079985198757,0.03285181206926195,0.2505865978554902,2000,0.21730293407759427
ds006850,labram_ridge_strong,4,1,combined_population,0.24868952572380948,0.08175749739852654,0.35638778295359325,2000,0.23996668539293795
ds006850,labram_ridge_strong,4,1,combined_personalized,0.301862011793457,0.1360476359274602,0.40843548162084736,2000,0.24403327860671356
ds006850,labram_ridge_strong,4,2,prior,0.3327785294901091,0.17502003443907924,0.42819393675043155,2000,0.2026005244755245
ds006850,labram_ridge_strong,4,2,prior_personalized,0.38058695888078226,0.21979696445857583,0.47711563843975496,2000,0.20580589164016772
ds006850,labram_ridge_strong,4,2,eeg_population,0.007252856606170087,-0.03952942029667331,0.05026273383026057,2000,0.21006321223998398
ds006850,labram_ridge_strong,4,2,eeg_personalized,0.15733559192373137,0.03399813507441076,0.2534231552346603,2000,0.21738278179159815
ds006850,labram_ridge_strong,4,2,combined_population,0.3275422141505143,0.16280191521383158,0.42500240354295943,2000,0.20600469646891587
ds006850,labram_ridge_strong,4,2,combined_personalized,0.3802817604173372,0.21140327306446494,0.47772989608638966,2000,0.20756527707823266
ds006850,labram_ridge_strong,4,4,prior,0.3122403043035985,0.17322515080835235,0.40019743414727305,2000,0.19083260489510495
ds006850,labram_ridge_strong,4,4,prior_personalized,0.3752071982537277,0.22387021640914168,0.4706794268097773,2000,0.19380600185514676
ds006850,labram_ridge_strong,4,4,eeg_population,0.007961512008500869,-0.03774468638635379,0.050647642761564575,2000,0.21011011891948767
ds006850,labram_ridge_strong,4,4,eeg_personalized,0.15691805332446687,0.032689576422232136,0.25390414958847024,2000,0.21734875079716795
ds006850,labram_ridge_strong,4,4,combined_population,0.30706823160796326,0.158314401318464,0.39835532789348854,2000,0.19266691288192989
ds006850,labram_ridge_strong,4,4,combined_personalized,0.3733373569111457,0.21988211899045532,0.46611741628968517,2000,0.19655779985786817
ds006850,labram_ridge_strong,4,8,prior,0.34077330322157423,0.19758489772336024,0.41793808967176016,2000,0.18296729312354318
ds006850,labram_ridge_strong,4,8,prior_personalized,0.40644593928664674,0.2560974626094954,0.4932989795135273,2000,0.18546543187314518
ds006850,labram_ridge_strong,4,8,eeg_population,0.004514995088380621,-0.04264440672282835,0.047678620927620076,2000,0.21016240324617125
ds006850,labram_ridge_strong,4,8,eeg_personalized,0.15535231780482425,0.032954195746571595,0.2522693277955489,2000,0.21761218022210307
ds006850,labram_ridge_strong,4,8,combined_population,0.32607272391493625,0.17536267835665503,0.4097549018136042,2000,0.18737157652044809
ds006850,labram_ridge_strong,4,8,combined_personalized,0.39994882500036655,0.24444662307278145,0.4865564074776572,2000,0.19083826141940954
ds006850,labram_ridge_strong,8,0,prior,-6.635784198480622e-16,-4.221326138264935e-15,4.640189676727291e-15,2000,0.20432291577740386
ds006850,labram_ridge_strong,8,0,prior_personalized,0.15644082287591965,0.052289277551174455,0.24347735603878817,2000,0.20188437258509112
ds006850,labram_ridge_strong,8,0,eeg_population,0.006437608391429417,-0.039485103713448384,0.04785318449479908,2000,0.2100093979620406
ds006850,labram_ridge_strong,8,0,eeg_personalized,0.16067520847779923,0.04526512386311381,0.25404516081511647,2000,0.20573353604351138
ds006850,labram_ridge_strong,8,0,combined_population,-0.0020510741633821827,-0.039324981547285705,0.03375117794194946,2000,0.20966961586201033
ds006850,labram_ridge_strong,8,0,combined_personalized,0.1563446879381589,0.042448150583968336,0.24404750840132214,2000,0.2058533203242733
ds006850,labram_ridge_strong,8,1,prior,0.2524773125728417,0.0849260715229786,0.358365224755895,2000,0.23557692307692296
ds006850,labram_ridge_strong,8,1,prior_personalized,0.3108629427789764,0.15071017392739333,0.41286467933236476,2000,0.23852550776845435
ds006850,labram_ridge_strong,8,1,eeg_population,0.0053501573716664115,-0.04034436677581115,0.04684445626214918,2000,0.2101717904682549
ds006850,labram_ridge_strong,8,1,eeg_personalized,0.15969958312323693,0.045644087920726446,0.25281701135897067,2000,0.20583550686936433
ds006850,labram_ridge_strong,8,1,combined_population,0.24868952572380948,0.08175749739852654,0.35638778295359325,2000,0.23996668539293795
ds006850,labram_ridge_strong,8,1,combined_personalized,0.30910348212158534,0.15054601074665716,0.4121456981598189,2000,0.24033900599108912
ds006850,labram_ridge_strong,8,2,prior,0.3327785294901091,0.17502003443907924,0.42819393675043155,2000,0.2026005244755245
ds006850,labram_ridge_strong,8,2,prior_personalized,0.3927762479587605,0.23575093877872985,0.4858379375667893,2000,0.20132381886625828
ds006850,labram_ridge_strong,8,2,eeg_population,0.007252856606170087,-0.03952942029667331,0.05026273383026057,2000,0.21006321223998398
ds006850,labram_ridge_strong,8,2,eeg_personalized,0.16305397241493053,0.04872785896252841,0.2558951844552008,2000,0.2056660571330024
ds006850,labram_ridge_strong,8,2,combined_population,0.3275422141505143,0.16280191521383158,0.42500240354295943,2000,0.20600469646891587
ds006850,labram_ridge_strong,8,2,combined_personalized,0.39187396172985733,0.23274602572957231,0.484517847591999,2000,0.20395486397522572
ds006850,labram_ridge_strong,8,4,prior,0.3122403043035985,0.17322515080835235,0.40019743414727305,2000,0.19083260489510495
ds006850,labram_ridge_strong,8,4,prior_personalized,0.387435012462399,0.24301325101406718,0.4774641134921393,2000,0.18921040729934963
ds006850,labram_ridge_strong,8,4,eeg_population,0.007961512008500869,-0.03774468638635379,0.050647642761564575,2000,0.21011011891948767
ds006850,labram_ridge_strong,8,4,eeg_personalized,0.16105812991249485,0.04547771454987343,0.25589047743268845,2000,0.2057079177447904
ds006850,labram_ridge_strong,8,4,combined_population,0.30706823160796326,0.158314401318464,0.39835532789348854,2000,0.19266691288192989
ds006850,labram_ridge_strong,8,4,combined_personalized,0.38441066546262315,0.23524389190881304,0.47440841705727727,2000,0.19300509369061028
ds006850,labram_ridge_strong,8,8,prior,0.34077330322157423,0.19758489772336024,0.41793808967176016,2000,0.18296729312354318
ds006850,labram_ridge_strong,8,8,prior_personalized,0.41814287956601015,0.2735330044066134,0.5007858941230552,2000,0.1799196406456151
ds006850,labram_ridge_strong,8,8,eeg_population,0.004514995088380621,-0.04264440672282835,0.047678620927620076,2000,0.21016240324617125
ds006850,labram_ridge_strong,8,8,eeg_personalized,0.15952201373100955,0.04397956641572079,0.2532071572617393,2000,0.20593940903513355
ds006850,labram_ridge_strong,8,8,combined_population,0.32607272391493625,0.17536267835665503,0.4097549018136042,2000,0.18737157652044809
ds006850,labram_ridge_strong,8,8,combined_personalized,0.4096316517148553,0.25857829948455646,0.4913039793835781,2000,0.18587568110613256
