dataset_id,representation,contrast,participant_dose,stimulus_dose,ccc_delta,ccc_ci_low,ccc_ci_high,valid_bootstrap,ccc_simultaneous_low,ccc_simultaneous_high,mae_delta,mae_ci_low,mae_ci_high
ds005540,de_ridge_base,eeg_added_population,0,0,0.018197483699897946,-0.05130048378509521,0.08799449273811871,1985,-0.05427871662178768,0.09067368402158357,0.008604111665807018,-0.004153949223779363,0.021982558262403983
ds005540,de_ridge_base,eeg_added_population,0,1,-0.009923782010875792,-0.0459093149606017,0.03427773298982342,1985,-0.08239998233256142,0.06255241831080983,0.01062768947287926,-0.002219138283613753,0.024280674385865727
ds005540,de_ridge_base,eeg_added_population,0,2,-0.00657217200929161,-0.05625709273111431,0.04544211167796808,1985,-0.07904837233097724,0.06590402831239402,0.008139262316192136,-0.0050311773800024275,0.021702581073404267
ds005540,de_ridge_base,eeg_added_population,0,4,-0.006411474028104991,-0.06441509569346263,0.04908122950452227,1985,-0.07888767434979062,0.06606472629358064,0.011103817561315676,-0.00020812166253395545,0.023288937778398838
ds005540,de_ridge_base,eeg_added_population,0,8,-0.007508379363935891,-0.07059952187433488,0.04655190894601608,1985,-0.07998457968562152,0.06496782095774974,0.010258850615616877,-0.0011432951328337992,0.022188516206085824
ds005540,de_ridge_base,eeg_added_population,1,0,0.018197483699897946,-0.05130048378509521,0.08799449273811871,1985,-0.05427871662178768,0.09067368402158357,0.008604111665807018,-0.004153949223779363,0.021982558262403983
ds005540,de_ridge_base,eeg_added_population,1,1,-0.009923782010875792,-0.0459093149606017,0.03427773298982342,1985,-0.08239998233256142,0.06255241831080983,0.01062768947287926,-0.002219138283613753,0.024280674385865727
ds005540,de_ridge_base,eeg_added_population,1,2,-0.00657217200929161,-0.05625709273111431,0.04544211167796808,1985,-0.07904837233097724,0.06590402831239402,0.008139262316192136,-0.0050311773800024275,0.021702581073404267
ds005540,de_ridge_base,eeg_added_population,1,4,-0.006411474028104991,-0.06441509569346263,0.04908122950452227,1985,-0.07888767434979062,0.06606472629358064,0.011103817561315676,-0.00020812166253395545,0.023288937778398838
ds005540,de_ridge_base,eeg_added_population,1,8,-0.007508379363935891,-0.07059952187433488,0.04655190894601608,1985,-0.07998457968562152,0.06496782095774974,0.010258850615616877,-0.0011432951328337992,0.022188516206085824
ds005540,de_ridge_base,eeg_added_population,2,0,0.018197483699897946,-0.05130048378509521,0.08799449273811871,1985,-0.05427871662178768,0.09067368402158357,0.008604111665807018,-0.004153949223779363,0.021982558262403983
ds005540,de_ridge_base,eeg_added_population,2,1,-0.009923782010875792,-0.0459093149606017,0.03427773298982342,1985,-0.08239998233256142,0.06255241831080983,0.01062768947287926,-0.002219138283613753,0.024280674385865727
ds005540,de_ridge_base,eeg_added_population,2,2,-0.00657217200929161,-0.05625709273111431,0.04544211167796808,1985,-0.07904837233097724,0.06590402831239402,0.008139262316192136,-0.0050311773800024275,0.021702581073404267
ds005540,de_ridge_base,eeg_added_population,2,4,-0.006411474028104991,-0.06441509569346263,0.04908122950452227,1985,-0.07888767434979062,0.06606472629358064,0.011103817561315676,-0.00020812166253395545,0.023288937778398838
ds005540,de_ridge_base,eeg_added_population,2,8,-0.007508379363935891,-0.07059952187433488,0.04655190894601608,1985,-0.07998457968562152,0.06496782095774974,0.010258850615616877,-0.0011432951328337992,0.022188516206085824
ds005540,de_ridge_base,eeg_added_population,4,0,0.018197483699897946,-0.05130048378509521,0.08799449273811871,1985,-0.05427871662178768,0.09067368402158357,0.008604111665807018,-0.004153949223779363,0.021982558262403983
ds005540,de_ridge_base,eeg_added_population,4,1,-0.009923782010875792,-0.0459093149606017,0.03427773298982342,1985,-0.08239998233256142,0.06255241831080983,0.01062768947287926,-0.002219138283613753,0.024280674385865727
ds005540,de_ridge_base,eeg_added_population,4,2,-0.00657217200929161,-0.05625709273111431,0.04544211167796808,1985,-0.07904837233097724,0.06590402831239402,0.008139262316192136,-0.0050311773800024275,0.021702581073404267
ds005540,de_ridge_base,eeg_added_population,4,4,-0.006411474028104991,-0.06441509569346263,0.04908122950452227,1985,-0.07888767434979062,0.06606472629358064,0.011103817561315676,-0.00020812166253395545,0.023288937778398838
ds005540,de_ridge_base,eeg_added_population,4,8,-0.007508379363935891,-0.07059952187433488,0.04655190894601608,1985,-0.07998457968562152,0.06496782095774974,0.010258850615616877,-0.0011432951328337992,0.022188516206085824
ds005540,de_ridge_base,eeg_added_population,8,0,0.018197483699897946,-0.05130048378509521,0.08799449273811871,1985,-0.05427871662178768,0.09067368402158357,0.008604111665807018,-0.004153949223779363,0.021982558262403983
ds005540,de_ridge_base,eeg_added_population,8,1,-0.009923782010875792,-0.0459093149606017,0.03427773298982342,1985,-0.08239998233256142,0.06255241831080983,0.01062768947287926,-0.002219138283613753,0.024280674385865727
ds005540,de_ridge_base,eeg_added_population,8,2,-0.00657217200929161,-0.05625709273111431,0.04544211167796808,1985,-0.07904837233097724,0.06590402831239402,0.008139262316192136,-0.0050311773800024275,0.021702581073404267
ds005540,de_ridge_base,eeg_added_population,8,4,-0.006411474028104991,-0.06441509569346263,0.04908122950452227,1985,-0.07888767434979062,0.06606472629358064,0.011103817561315676,-0.00020812166253395545,0.023288937778398838
ds005540,de_ridge_base,eeg_added_population,8,8,-0.007508379363935891,-0.07059952187433488,0.04655190894601608,1985,-0.07998457968562152,0.06496782095774974,0.010258850615616877,-0.0011432951328337992,0.022188516206085824
ds005540,de_ridge_base,eeg_added_matched_calibration,0,0,0.018197483699897946,-0.05130048378509521,0.08799449273811871,1985,-0.05551207582893089,0.09190704322872678,0.008604111665807018,-0.004153949223779363,0.021982558262403983
ds005540,de_ridge_base,eeg_added_matched_calibration,0,1,-0.009923782010875792,-0.0459093149606017,0.03427773298982342,1985,-0.08363334153970463,0.06378577751795304,0.01062768947287926,-0.002219138283613753,0.024280674385865727
ds005540,de_ridge_base,eeg_added_matched_calibration,0,2,-0.00657217200929161,-0.05625709273111431,0.04544211167796808,1985,-0.08028173153812045,0.06713738751953723,0.008139262316192136,-0.0050311773800024275,0.021702581073404267
ds005540,de_ridge_base,eeg_added_matched_calibration,0,4,-0.006411474028104991,-0.06441509569346263,0.04908122950452227,1985,-0.08012103355693383,0.06729808550072384,0.011103817561315676,-0.00020812166253395545,0.023288937778398838
ds005540,de_ridge_base,eeg_added_matched_calibration,0,8,-0.007508379363935891,-0.07059952187433488,0.04655190894601608,1985,-0.08121793889276473,0.06620118016489294,0.010258850615616877,-0.0011432951328337992,0.022188516206085824
ds005540,de_ridge_base,eeg_added_matched_calibration,1,0,-0.004568393031280149,-0.038002593008377064,0.03439648441331401,1985,-0.07827795256010898,0.06914116649754869,0.005887096407825226,-0.002566536424231214,0.015146104089576966
ds005540,de_ridge_base,eeg_added_matched_calibration,1,1,-0.0019904745411237768,-0.02397071505120756,0.01956272491495959,1985,-0.07570003406995261,0.07171908498770506,0.0032246908635745752,-0.005211126003929245,0.012124659705018685
ds005540,de_ridge_base,eeg_added_matched_calibration,1,2,-0.0039229426648566545,-0.0317256542884969,0.023840655901838564,1985,-0.07763250219368549,0.06978661686397218,0.002356650108639974,-0.006978891917276675,0.013026928483970994
ds005540,de_ridge_base,eeg_added_matched_calibration,1,4,-0.010581833002459295,-0.04171869923906847,0.019925245598456667,1985,-0.08429139253128813,0.06312772652636954,0.00404673160216848,-0.006131254864579827,0.01504602887681166
ds005540,de_ridge_base,eeg_added_matched_calibration,1,8,-0.010979429890146386,-0.044654891961034136,0.023184918162268996,1985,-0.08468898941897522,0.06273012963868245,0.003826248367116314,-0.006287608773101599,0.015353700264887762
ds005540,de_ridge_base,eeg_added_matched_calibration,2,0,-0.006334837283267586,-0.04195604890310896,0.03707669430110316,1985,-0.08004439681209642,0.06737472224556125,0.005548993349489356,-0.0015473483907968322,0.012842599763072407
ds005540,de_ridge_base,eeg_added_matched_calibration,2,1,-0.0025052376150515587,-0.021950633640142603,0.021749898563230986,1985,-0.0762147971438804,0.07120432191377728,-0.00026743796220696225,-0.008297923761311183,0.007713256831024722
ds005540,de_ridge_base,eeg_added_matched_calibration,2,2,-0.00730945258916782,-0.031468634282479015,0.023075696611712805,1985,-0.08101901211799666,0.06640010693966102,0.003945549106711133,-0.004625435350188339,0.012901794387017725
ds005540,de_ridge_base,eeg_added_matched_calibration,2,4,-0.014710016707932816,-0.044447750294530616,0.01667944713888494,1985,-0.08841957623676165,0.05899954282089602,0.006951308238458825,-0.001510684554468028,0.01631743455247726
ds005540,de_ridge_base,eeg_added_matched_calibration,2,8,-0.01850269258006354,-0.050218633166847736,0.015671962216483783,1985,-0.09221225210889238,0.055206866948765296,0.006098500098214332,-0.0019794978731252242,0.0152658129038292
ds005540,de_ridge_base,eeg_added_matched_calibration,4,0,-0.010876700339442713,-0.04721397416515913,0.03907699688956282,1985,-0.08458625986827155,0.06283285918938612,0.002895911385929595,-0.0033953040962299286,0.009544079485168885
ds005540,de_ridge_base,eeg_added_matched_calibration,4,1,-0.0035993156719095754,-0.02424131391061215,0.017682401261015602,1985,-0.07730887520073841,0.07011024385691926,0.001698589513462162,-0.00561844048063726,0.008884809655775703
ds005540,de_ridge_base,eeg_added_matched_calibration,4,2,-0.00455908567582175,-0.028293934976861702,0.022382460127779617,1985,-0.07826864520465059,0.06915047385300709,0.00048067827588052503,-0.006369045240979571,0.007332776235787877
ds005540,de_ridge_base,eeg_added_matched_calibration,4,4,-0.01147837340136526,-0.04067687309068829,0.018422036984183512,1985,-0.0851879329301941,0.062231186127463575,0.006576706949030481,-0.0001684778650226592,0.013490688455569472
ds005540,de_ridge_base,eeg_added_matched_calibration,4,8,-0.014143638650932822,-0.04432677414957542,0.01572933806734436,1985,-0.08785319817976166,0.059565920877896014,0.004343229316236069,-0.0025146349306386486,0.011070717630755499
ds005540,de_ridge_base,eeg_added_matched_calibration,8,0,-0.008610342898044382,-0.049873997563250054,0.04865256486124361,1985,-0.08231990242687322,0.06509921663078445,0.0026851148613414866,-0.003316218362294798,0.009284679318256333
ds005540,de_ridge_base,eeg_added_matched_calibration,8,1,-0.0031401130511108932,-0.025196198387322667,0.019102530010189713,1985,-0.07684967257993973,0.07056944647771794,0.00147481511165784,-0.006004420910253461,0.00882724377387517
ds005540,de_ridge_base,eeg_added_matched_calibration,8,2,-0.0025129200663313034,-0.02936145917355184,0.028740414602497582,1985,-0.07622247959516014,0.07119663946249753,-7.31146675775618e-05,-0.006983895885066249,0.007312521631924255
ds005540,de_ridge_base,eeg_added_matched_calibration,8,4,-0.008360362081806572,-0.039104860536741295,0.02719762270743329,1985,-0.08206992161063541,0.06534919744702226,0.0035539025347225695,-0.003227539243458283,0.010801016757259
ds005540,de_ridge_base,eeg_added_matched_calibration,8,8,-0.010787073232627953,-0.04287151159034421,0.02192511891382216,1985,-0.08449663276145679,0.06292248629620088,0.0028551253693039624,-0.0037917278671137757,0.009377950046672953
ds005540,de_ridge_base,prior_calibration_gain,0,0,0.0,0.0,0.0,1985,-0.12964144783171755,0.12964144783171755,0.0,0.0,0.0
ds005540,de_ridge_base,prior_calibration_gain,0,1,0.0,0.0,0.0,1985,-0.12964144783171755,0.12964144783171755,0.0,0.0,0.0
ds005540,de_ridge_base,prior_calibration_gain,0,2,0.0,0.0,0.0,1985,-0.12964144783171755,0.12964144783171755,0.0,0.0,0.0
ds005540,de_ridge_base,prior_calibration_gain,0,4,0.0,0.0,0.0,1985,-0.12964144783171755,0.12964144783171755,0.0,0.0,0.0
ds005540,de_ridge_base,prior_calibration_gain,0,8,0.0,0.0,0.0,1985,-0.12964144783171755,0.12964144783171755,0.0,0.0,0.0
ds005540,de_ridge_base,prior_calibration_gain,1,0,0.13942400367279775,0.030055573349924678,0.22053109619355407,1985,0.009782555841080204,0.26906545150451533,0.03201684061263571,0.0003642588280082461,0.06583769209801325
ds005540,de_ridge_base,prior_calibration_gain,1,1,0.020243552285919175,-0.04387080338370242,0.10765660979503089,1985,-0.10939789554579837,0.14988500011763672,0.02546006133935047,-0.007499369482641527,0.056155685125902216
ds005540,de_ridge_base,prior_calibration_gain,1,2,0.005696107559400199,-0.0772000957914773,0.1147210204042904,1985,-0.12394534027231735,0.13533755539111775,0.033865302417263154,0.006495552330808868,0.06217133273679836
ds005540,de_ridge_base,prior_calibration_gain,1,4,0.0004809728596645302,-0.08484395652285767,0.10703064859921084,1985,-0.12916047497205302,0.13012242069138208,0.03683681285014001,0.008329185213479319,0.06576533600561434
ds005540,de_ridge_base,prior_calibration_gain,1,8,-0.0051155723635893935,-0.09829679607768674,0.10680977948939302,1985,-0.13475702019530694,0.12452587546812816,0.03864008458672469,0.011599101300524068,0.067840435549861
ds005540,de_ridge_base,prior_calibration_gain,2,0,0.13636464028270495,0.02962285432234244,0.19991666130958421,1985,0.006723192450987403,0.2660060881144225,-0.0002692030614430685,-0.020287347194004574,0.0185792397167576
ds005540,de_ridge_base,prior_calibration_gain,2,1,0.04876702860725174,-0.011257399245952704,0.11148509727741061,1985,-0.08087441922446581,0.1784084764389693,0.005938020076857842,-0.016151488723694596,0.02611563098892757
ds005540,de_ridge_base,prior_calibration_gain,2,2,0.06686990454262631,-0.01157507915955378,0.13190762764012023,1985,-0.06277154328909124,0.19651135237434386,0.00607292469070958,-0.011735057205598292,0.02371962024540457
ds005540,de_ridge_base,prior_calibration_gain,2,4,0.07111753358757883,-0.015420549331539645,0.14446546114598502,1985,-0.05852391424413872,0.20075898141929638,0.005010298045500239,-0.014118374746985041,0.023603498203891758
ds005540,de_ridge_base,prior_calibration_gain,2,8,0.06521585154998333,-0.024149019716679508,0.14671562893080706,1985,-0.06442559628173422,0.19485729938170088,0.004622578479073547,-0.015413457954983329,0.022677893732485577
ds005540,de_ridge_base,prior_calibration_gain,4,0,0.20127149421980242,0.08385164226010731,0.25314271767327406,1985,0.07163004638808487,0.33091294205152,-0.011251346838891368,-0.030089119187609766,0.007087191494812889
ds005540,de_ridge_base,prior_calibration_gain,4,1,0.08258857941847991,0.018825341582174637,0.1421794345720297,1985,-0.047052868413237636,0.21223002725019746,-0.004407244157308032,-0.02419070422594191,0.014037350759748312
ds005540,de_ridge_base,prior_calibration_gain,4,2,0.11641943695711388,0.03621173088706679,0.17585161057132867,1985,-0.013222010874603674,0.24606088478883142,-0.005772317024803769,-0.022705765912425596,0.010549081106348277
ds005540,de_ridge_base,prior_calibration_gain,4,4,0.1352813300886601,0.04703119470619983,0.203735316579548,1985,0.005639882256942563,0.26492277792037766,-0.012757864757073328,-0.031116127334599564,0.005127807430747128
ds005540,de_ridge_base,prior_calibration_gain,4,8,0.1367388112033453,0.044593283916755856,0.2116597617827632,1985,0.007097363371627752,0.26638025903506285,-0.011765905224174755,-0.03064983779415826,0.005789122667262151
ds005540,de_ridge_base,prior_calibration_gain,8,0,0.20355097551998702,0.08804728028094955,0.25064802730503327,1985,0.07390952768826947,0.33319242335170457,-0.019993443667244842,-0.037642784111572125,-0.0031981293460006904
ds005540,de_ridge_base,prior_calibration_gain,8,1,0.08449360488325314,0.02190941046737287,0.13928509149111928,1985,-0.04514784294846441,0.2141350527149707,-0.009241721490872629,-0.026633092547709302,0.0071236835422332926
ds005540,de_ridge_base,prior_calibration_gain,8,2,0.12036093581954399,0.039603614951706015,0.17279222787698628,1985,-0.009280512012173558,0.25000238365126154,-0.010701759852282056,-0.02660653908130204,0.005194076290189093
ds005540,de_ridge_base,prior_calibration_gain,8,4,0.1375631677299794,0.049367989301631644,0.19640303499942785,1985,0.007921719898261848,0.26720461556169695,-0.014330020618839284,-0.03139756626168118,0.0024842034215487078
ds005540,de_ridge_base,prior_calibration_gain,8,8,0.14200573328791455,0.05340804319710259,0.21016516611177943,1985,0.012364285456197,0.2716471811196321,-0.017825760202544838,-0.03491184377932493,-0.0012543020884290242
ds005540,de_ridge_base,combined_calibration_gain,0,0,0.0,0.0,0.0,1985,-0.13493313700914822,0.13493313700914822,0.0,0.0,0.0
ds005540,de_ridge_base,combined_calibration_gain,0,1,0.0,0.0,0.0,1985,-0.13493313700914822,0.13493313700914822,0.0,0.0,0.0
ds005540,de_ridge_base,combined_calibration_gain,0,2,0.0,0.0,0.0,1985,-0.13493313700914822,0.13493313700914822,0.0,0.0,0.0
ds005540,de_ridge_base,combined_calibration_gain,0,4,0.0,0.0,0.0,1985,-0.13493313700914822,0.13493313700914822,0.0,0.0,0.0
ds005540,de_ridge_base,combined_calibration_gain,0,8,0.0,0.0,0.0,1985,-0.13493313700914822,0.13493313700914822,0.0,0.0,0.0
ds005540,de_ridge_base,combined_calibration_gain,1,0,0.11665812694161964,0.0011092675611742567,0.21248297898503132,1985,-0.018275010067528574,0.25159126395076786,0.02929982535465392,-0.0022053718807534873,0.06273346770834827
ds005540,de_ridge_base,combined_calibration_gain,1,1,0.02817685975567119,-0.04163143057992271,0.11979611499939627,1985,-0.10675627725347703,0.1631099967648194,0.018057062730045786,-0.0147373812805483,0.04757726955588693
ds005540,de_ridge_base,combined_calibration_gain,1,2,0.008345336903835154,-0.07245536753590005,0.1204526797334111,1985,-0.12658780010531306,0.14327847391298337,0.028082690209710992,-0.0013671203845404874,0.056303089851760545
ds005540,de_ridge_base,combined_calibration_gain,1,4,-0.0036893861146897744,-0.09364563206335202,0.11415198468415752,1985,-0.138622523123838,0.13124375089445844,0.029779726890992814,0.001801636209811597,0.057524856520834236
ds005540,de_ridge_base,combined_calibration_gain,1,8,-0.008586622889799889,-0.09991071245497554,0.11285864882986428,1985,-0.1435197598989481,0.12634651411934833,0.032207482338224125,0.004271114253159414,0.05993295458320606
ds005540,de_ridge_base,combined_calibration_gain,2,0,0.1118323192995394,0.004835215438159438,0.18314086706504176,1985,-0.023100817709608812,0.24676545630868763,-0.0033243213777607306,-0.022708029140885756,0.01695369895122979
ds005540,de_ridge_base,combined_calibration_gain,2,1,0.05618557300307597,-0.00893883896361929,0.12079388335291892,1985,-0.07874756400607225,0.1911187100122242,-0.00495710735822838,-0.028017175627142038,0.01609847566248132
ds005540,de_ridge_base,combined_calibration_gain,2,2,0.0661326239627501,-0.013920586321302008,0.13522455193760866,1985,-0.06880051304639812,0.20106576097189832,0.0018792114812285765,-0.01825515463292658,0.0228664429937476
ds005540,de_ridge_base,combined_calibration_gain,2,4,0.062818990907751,-0.023943666367444535,0.14232530117035413,1985,-0.07211414610139721,0.19775212791689922,0.0008577887226433878,-0.018698748953532556,0.022431415163375594
ds005540,de_ridge_base,combined_calibration_gain,2,8,0.05422153833385568,-0.03505031554990431,0.14708559160126186,1985,-0.08071159867529254,0.1891546753430039,0.00046222796167100233,-0.020478730750090622,0.02079129215662458
ds005540,de_ridge_base,combined_calibration_gain,4,0,0.17219731018046175,0.059172614071464076,0.23316686051121993,1985,0.03726417317131353,0.30713044718960997,-0.016959547118768792,-0.03414471061637032,0.0007543229158057495
ds005540,de_ridge_base,combined_calibration_gain,4,1,0.08891304575744613,0.024079306102406894,0.14505320481976203,1985,-0.04602009125170209,0.22384618276659435,-0.01333634411672513,-0.03343410235884742,0.004639178895723028
ds005540,de_ridge_base,combined_calibration_gain,4,2,0.11843252329058374,0.03774393901206734,0.18325640817734845,1985,-0.016500613718564483,0.25336566029973195,-0.01343090106511538,-0.03220496308768715,0.004470693403792984
ds005540,de_ridge_base,combined_calibration_gain,4,4,0.13021443071539984,0.047162684483268345,0.20652656517615145,1985,-0.004718706293748376,0.26514756772454806,-0.017284975369358524,-0.03552480644845319,0.0007888082783319189
ds005540,de_ridge_base,combined_calibration_gain,4,8,0.13010355191634837,0.04100654716677814,0.21696357763785115,1985,-0.0048295850927998485,0.2650366889254966,-0.017681526523555563,-0.03600589106053971,-0.00021459480876989136
ds005540,de_ridge_base,combined_calibration_gain,8,0,0.17674314892204468,0.06526396610789911,0.23037284475444123,1985,0.04181001191289646,0.3116762859311929,-0.025912440471710374,-0.04276978861943025,-0.00825105059033864
ds005540,de_ridge_base,combined_calibration_gain,8,1,0.09127727384301804,0.026996817320543834,0.14425748763098387,1985,-0.04365586316613018,0.22621041085216625,-0.018394595852094048,-0.03653385311791951,-0.0002719248710834187
ds005540,de_ridge_base,combined_calibration_gain,8,2,0.1244201877625043,0.04306252196781235,0.18171846884154813,1985,-0.010512949246643921,0.2593533247716525,-0.018914136836051754,-0.037480853860177694,-0.002416839891070356
ds005540,de_ridge_base,combined_calibration_gain,8,4,0.13561427967627782,0.05002793182051827,0.2034189060184975,1985,0.0006811426671295973,0.27054741668542603,-0.02187993564543239,-0.03857971053287031,-0.005494822467554524
ds005540,de_ridge_base,combined_calibration_gain,8,8,0.1387270394192225,0.049121210765894,0.21613390782275005,1985,0.003793902410074268,0.2736601764283707,-0.025229485448857752,-0.04144997182024411,-0.008612962755179004
ds005540,de_ridge_base,total_minus_uncalibrated_prior,0,0,0.018197483699897946,-0.05130048378509521,0.08799449273811871,1985,-0.11238139922526029,0.14877636662505617,0.008604111665807018,-0.004153949223779363,0.021982558262403983
ds005540,de_ridge_base,total_minus_uncalibrated_prior,0,1,-0.009923782010875792,-0.0459093149606017,0.03427773298982342,1985,-0.14050266493603403,0.12065510091428244,0.01062768947287926,-0.002219138283613753,0.024280674385865727
ds005540,de_ridge_base,total_minus_uncalibrated_prior,0,2,-0.00657217200929161,-0.05625709273111431,0.04544211167796808,1985,-0.13715105493444985,0.12400671091586662,0.008139262316192136,-0.0050311773800024275,0.021702581073404267
ds005540,de_ridge_base,total_minus_uncalibrated_prior,0,4,-0.006411474028104991,-0.06441509569346263,0.04908122950452227,1985,-0.13699035695326323,0.12416740889705324,0.011103817561315676,-0.00020812166253395545,0.023288937778398838
ds005540,de_ridge_base,total_minus_uncalibrated_prior,0,8,-0.007508379363935891,-0.07059952187433488,0.04655190894601608,1985,-0.13808726228909413,0.12307050356122234,0.010258850615616877,-0.0011432951328337992,0.022188516206085824
ds005540,de_ridge_base,total_minus_uncalibrated_prior,1,0,0.1348556106415176,0.026210426917629114,0.21786411173505782,1985,0.004276727716359369,0.2654344935666758,0.03790393702046094,0.007492384701594391,0.06927596505087834
ds005540,de_ridge_base,total_minus_uncalibrated_prior,1,1,0.0182530777447954,-0.046989252342465496,0.1056684948822707,1985,-0.11232580518036284,0.14883196066995363,0.028684752202925046,-0.001847316319502107,0.057968674117292916
ds005540,de_ridge_base,total_minus_uncalibrated_prior,1,2,0.001773164894543544,-0.07587513934034858,0.10668123842838656,1985,-0.1288057180306147,0.13235204781970178,0.03622195252590313,0.008295009029796052,0.06292681100343267
ds005540,de_ridge_base,total_minus_uncalibrated_prior,1,4,-0.010100860142794765,-0.09031572121751535,0.09180929250838339,1985,-0.140679743067953,0.12047802278236347,0.04088354445230849,0.014036840952084545,0.0668087035594457
ds005540,de_ridge_base,total_minus_uncalibrated_prior,1,8,-0.01609500225373578,-0.10442181772451117,0.08941360211506774,1985,-0.14667388517889401,0.11448388067142246,0.042466332953841,0.01613392287053103,0.06821309779135956
ds005540,de_ridge_base,total_minus_uncalibrated_prior,2,0,0.13002980299943737,0.020594804681821944,0.20244353208974902,1985,-0.0005490799257208689,0.26060868592459563,0.005279790288046288,-0.015019943472126662,0.02571907631651843
ds005540,de_ridge_base,total_minus_uncalibrated_prior,2,1,0.04626179099220018,-0.016723441690167228,0.11543066807186042,1985,-0.08431709193295805,0.17684067391735842,0.0056705821146508795,-0.018368292438474664,0.027661819871285024
ds005540,de_ridge_base,total_minus_uncalibrated_prior,2,2,0.05956045195345849,-0.01945307265063957,0.12754062549907944,1985,-0.07101843097169974,0.19013933487861673,0.010018473797420713,-0.00829651385328387,0.029997548014047092
ds005540,de_ridge_base,total_minus_uncalibrated_prior,2,4,0.056407516879646014,-0.02933291531717079,0.13137348989106898,1985,-0.07417136604551222,0.18698639980480425,0.011961606283959064,-0.007543029345554719,0.032768192312004396
ds005540,de_ridge_base,total_minus_uncalibrated_prior,2,8,0.04671315896991979,-0.043658634063790135,0.1304933458722585,1985,-0.08386572395523845,0.17729204189507802,0.01072107857728788,-0.009854302607302735,0.031688556931782644
ds005540,de_ridge_base,total_minus_uncalibrated_prior,4,0,0.1903947938803597,0.0650480752745671,0.2532568328063645,1985,0.05981591095520147,0.3209736768055179,-0.008355435452961774,-0.028174751399308463,0.0107035722189513
ds005540,de_ridge_base,total_minus_uncalibrated_prior,4,1,0.07898926374657034,0.010608847776628084,0.1399582203116869,1985,-0.0515896191785879,0.20956814667172857,-0.0027086546438458703,-0.023179442745634504,0.01574237254008176
ds005540,de_ridge_base,total_minus_uncalibrated_prior,4,2,0.11186035128129213,0.032608641995997,0.1737490529206942,1985,-0.01871853164386611,0.24243923420645036,-0.005291638748923244,-0.02280957500073507,0.012205172439467966
ds005540,de_ridge_base,total_minus_uncalibrated_prior,4,4,0.12380295668729485,0.031792183523032924,0.1934122900693285,1985,-0.006775926237863383,0.2543818396124531,-0.0061811578080428475,-0.02361485430834126,0.010789915686945066
ds005540,de_ridge_base,total_minus_uncalibrated_prior,4,8,0.12259517255241248,0.025254882996745796,0.19821721039742596,1985,-0.007983710372745756,0.2531740554775707,-0.007422675907938686,-0.025577392090699463,0.010420362081327348
ds005540,de_ridge_base,total_minus_uncalibrated_prior,8,0,0.19494063262194264,0.07619793463134188,0.25082336537782424,1985,0.0643617496967844,0.3255195155471009,-0.017308328805903356,-0.035869743576372945,0.0006142990045302072
ds005540,de_ridge_base,total_minus_uncalibrated_prior,8,1,0.08135349183214224,0.015567228611388184,0.1423629688430186,1985,-0.04922539109301599,0.21193237475730048,-0.0077669063792147885,-0.025816813014491263,0.009636064734444238
ds005540,de_ridge_base,total_minus_uncalibrated_prior,8,2,0.11784801575321269,0.034670080507578846,0.17498740582539232,1985,-0.012730867171945548,0.24842689867837092,-0.010774874519859617,-0.02674381624325805,0.005568388591644912
ds005540,de_ridge_base,total_minus_uncalibrated_prior,8,4,0.12920280564817282,0.036805538785582,0.19217038321701305,1985,-0.0013760772769854102,0.25978168857333106,-0.010776118084116715,-0.027452723950915053,0.00513491936781176
ds005540,de_ridge_base,total_minus_uncalibrated_prior,8,8,0.1312186600552866,0.03874189380382309,0.2011517256665851,1985,0.0006397771301283606,0.26179754298044483,-0.014970634833240876,-0.030903187777343688,0.0010803768942062547
ds005540,de_ridge_strong,eeg_added_population,0,0,-0.011944173371580793,-0.06366321569417902,0.051452387208984075,1985,-0.0758885389071307,0.0520001921639691,0.007509866671319587,-0.0016216550276892782,0.016652605806640616
ds005540,de_ridge_strong,eeg_added_population,0,1,-0.012846403443323884,-0.04175623834176011,0.02017394319748031,1985,-0.07679076897887378,0.051097962092226015,0.0077894700651747195,-0.001160457591345182,0.01729507329719078
ds005540,de_ridge_strong,eeg_added_population,0,2,-0.018751889626883678,-0.05309005651090082,0.020945754259716422,1985,-0.08269625516243358,0.04519247590866622,0.006561138988114723,-0.0018020417822860457,0.01596671254076413
ds005540,de_ridge_strong,eeg_added_population,0,4,-0.013487799001513145,-0.06563087186941743,0.03987551351908359,1985,-0.07743216453706304,0.050456566534036754,0.009812208334203376,-0.00022134302964720847,0.021083166359045145
ds005540,de_ridge_strong,eeg_added_population,0,8,-0.012898919163534472,-0.07089429191885141,0.03913289670503915,1985,-0.07684328469908437,0.05104544637201543,0.008773798750277562,-0.0009761450584492848,0.019855995787961964
ds005540,de_ridge_strong,eeg_added_population,1,0,-0.011944173371580793,-0.06366321569417902,0.051452387208984075,1985,-0.0758885389071307,0.0520001921639691,0.007509866671319587,-0.0016216550276892782,0.016652605806640616
ds005540,de_ridge_strong,eeg_added_population,1,1,-0.012846403443323884,-0.04175623834176011,0.02017394319748031,1985,-0.07679076897887378,0.051097962092226015,0.0077894700651747195,-0.001160457591345182,0.01729507329719078
ds005540,de_ridge_strong,eeg_added_population,1,2,-0.018751889626883678,-0.05309005651090082,0.020945754259716422,1985,-0.08269625516243358,0.04519247590866622,0.006561138988114723,-0.0018020417822860457,0.01596671254076413
ds005540,de_ridge_strong,eeg_added_population,1,4,-0.013487799001513145,-0.06563087186941743,0.03987551351908359,1985,-0.07743216453706304,0.050456566534036754,0.009812208334203376,-0.00022134302964720847,0.021083166359045145
ds005540,de_ridge_strong,eeg_added_population,1,8,-0.012898919163534472,-0.07089429191885141,0.03913289670503915,1985,-0.07684328469908437,0.05104544637201543,0.008773798750277562,-0.0009761450584492848,0.019855995787961964
ds005540,de_ridge_strong,eeg_added_population,2,0,-0.011944173371580793,-0.06366321569417902,0.051452387208984075,1985,-0.0758885389071307,0.0520001921639691,0.007509866671319587,-0.0016216550276892782,0.016652605806640616
ds005540,de_ridge_strong,eeg_added_population,2,1,-0.012846403443323884,-0.04175623834176011,0.02017394319748031,1985,-0.07679076897887378,0.051097962092226015,0.0077894700651747195,-0.001160457591345182,0.01729507329719078
ds005540,de_ridge_strong,eeg_added_population,2,2,-0.018751889626883678,-0.05309005651090082,0.020945754259716422,1985,-0.08269625516243358,0.04519247590866622,0.006561138988114723,-0.0018020417822860457,0.01596671254076413
ds005540,de_ridge_strong,eeg_added_population,2,4,-0.013487799001513145,-0.06563087186941743,0.03987551351908359,1985,-0.07743216453706304,0.050456566534036754,0.009812208334203376,-0.00022134302964720847,0.021083166359045145
ds005540,de_ridge_strong,eeg_added_population,2,8,-0.012898919163534472,-0.07089429191885141,0.03913289670503915,1985,-0.07684328469908437,0.05104544637201543,0.008773798750277562,-0.0009761450584492848,0.019855995787961964
ds005540,de_ridge_strong,eeg_added_population,4,0,-0.011944173371580793,-0.06366321569417902,0.051452387208984075,1985,-0.0758885389071307,0.0520001921639691,0.007509866671319587,-0.0016216550276892782,0.016652605806640616
ds005540,de_ridge_strong,eeg_added_population,4,1,-0.012846403443323884,-0.04175623834176011,0.02017394319748031,1985,-0.07679076897887378,0.051097962092226015,0.0077894700651747195,-0.001160457591345182,0.01729507329719078
ds005540,de_ridge_strong,eeg_added_population,4,2,-0.018751889626883678,-0.05309005651090082,0.020945754259716422,1985,-0.08269625516243358,0.04519247590866622,0.006561138988114723,-0.0018020417822860457,0.01596671254076413
ds005540,de_ridge_strong,eeg_added_population,4,4,-0.013487799001513145,-0.06563087186941743,0.03987551351908359,1985,-0.07743216453706304,0.050456566534036754,0.009812208334203376,-0.00022134302964720847,0.021083166359045145
ds005540,de_ridge_strong,eeg_added_population,4,8,-0.012898919163534472,-0.07089429191885141,0.03913289670503915,1985,-0.07684328469908437,0.05104544637201543,0.008773798750277562,-0.0009761450584492848,0.019855995787961964
ds005540,de_ridge_strong,eeg_added_population,8,0,-0.011944173371580793,-0.06366321569417902,0.051452387208984075,1985,-0.0758885389071307,0.0520001921639691,0.007509866671319587,-0.0016216550276892782,0.016652605806640616
ds005540,de_ridge_strong,eeg_added_population,8,1,-0.012846403443323884,-0.04175623834176011,0.02017394319748031,1985,-0.07679076897887378,0.051097962092226015,0.0077894700651747195,-0.001160457591345182,0.01729507329719078
ds005540,de_ridge_strong,eeg_added_population,8,2,-0.018751889626883678,-0.05309005651090082,0.020945754259716422,1985,-0.08269625516243358,0.04519247590866622,0.006561138988114723,-0.0018020417822860457,0.01596671254076413
ds005540,de_ridge_strong,eeg_added_population,8,4,-0.013487799001513145,-0.06563087186941743,0.03987551351908359,1985,-0.07743216453706304,0.050456566534036754,0.009812208334203376,-0.00022134302964720847,0.021083166359045145
ds005540,de_ridge_strong,eeg_added_population,8,8,-0.012898919163534472,-0.07089429191885141,0.03913289670503915,1985,-0.07684328469908437,0.05104544637201543,0.008773798750277562,-0.0009761450584492848,0.019855995787961964
ds005540,de_ridge_strong,eeg_added_matched_calibration,0,0,-0.011944173371580793,-0.06366321569417902,0.051452387208984075,1985,-0.07661522500352984,0.052726878260368246,0.007509866671319587,-0.0016216550276892782,0.016652605806640616
ds005540,de_ridge_strong,eeg_added_matched_calibration,0,1,-0.012846403443323884,-0.04175623834176011,0.02017394319748031,1985,-0.07751745507527293,0.05182464818862516,0.0077894700651747195,-0.001160457591345182,0.01729507329719078
ds005540,de_ridge_strong,eeg_added_matched_calibration,0,2,-0.018751889626883678,-0.05309005651090082,0.020945754259716422,1985,-0.08342294125883272,0.045919162005065364,0.006561138988114723,-0.0018020417822860457,0.01596671254076413
ds005540,de_ridge_strong,eeg_added_matched_calibration,0,4,-0.013487799001513145,-0.06563087186941743,0.03987551351908359,1985,-0.07815885063346219,0.051183252630435896,0.009812208334203376,-0.00022134302964720847,0.021083166359045145
ds005540,de_ridge_strong,eeg_added_matched_calibration,0,8,-0.012898919163534472,-0.07089429191885141,0.03913289670503915,1985,-0.07756997079548351,0.05177213246841457,0.008773798750277562,-0.0009761450584492848,0.019855995787961964
ds005540,de_ridge_strong,eeg_added_matched_calibration,1,0,-0.003420726210256353,-0.033910424036465416,0.031044369052434764,1985,-0.0680917778422054,0.06125032542169269,0.00485245420014585,-0.0022664404256899306,0.01298023838726813
ds005540,de_ridge_strong,eeg_added_matched_calibration,1,1,-0.003474287163275136,-0.01820948211626756,0.011189493195067257,1985,-0.06814533879522418,0.061196764468673906,0.00043215408173385983,-0.005628248626256893,0.00712053016381605
ds005540,de_ridge_strong,eeg_added_matched_calibration,1,2,0.0002346828300913706,-0.02200715134447979,0.019544816740729096,1985,-0.06443636880185767,0.06490573446204041,-0.0011346504442418526,-0.007819889527105462,0.005505361160136725
ds005540,de_ridge_strong,eeg_added_matched_calibration,1,4,-0.011537647027144604,-0.04002032747728904,0.01756964377828512,1985,-0.07620869865909365,0.05313340460480444,0.004417026299582266,-0.005013040064552149,0.014143403870418951
ds005540,de_ridge_strong,eeg_added_matched_calibration,1,8,-0.011385179306243332,-0.041338119210716305,0.01893316527204157,1985,-0.07605623093819237,0.05328587232570571,0.003801344843334775,-0.005616272820064783,0.01438392000519059
ds005540,de_ridge_strong,eeg_added_matched_calibration,2,0,-0.009451662736409933,-0.03896533191082203,0.027595462152841636,1985,-0.07412271436835897,0.05521938889553911,0.0046981313105904365,-0.0007117851716160417,0.010854277979703638
ds005540,de_ridge_strong,eeg_added_matched_calibration,2,1,-0.004388480798622418,-0.018116260332176438,0.011443422046491234,1985,-0.06905953243057146,0.060282570833326624,2.5145583849722764e-05,-0.005544445410954041,0.005620713214113714
ds005540,de_ridge_strong,eeg_added_matched_calibration,2,2,-0.005665799379426462,-0.023245792403709508,0.013854864911266904,1985,-0.0703368510113755,0.05900525225252258,0.0019411659512365842,-0.0034198175047723935,0.006900216424397604
ds005540,de_ridge_strong,eeg_added_matched_calibration,2,4,-0.01513131493450326,-0.042764719253417974,0.014472650534555072,1985,-0.0798023665664523,0.04953973669744578,0.006886117914926437,-0.0010466050966923158,0.015269375097189553
ds005540,de_ridge_strong,eeg_added_matched_calibration,2,8,-0.0179148852451817,-0.046977520801085325,0.012643752873191881,1985,-0.08258593687713074,0.04675616638676734,0.005630621637764982,-0.001695121472907246,0.014202821988803543
ds005540,de_ridge_strong,eeg_added_matched_calibration,4,0,-0.01179566525278919,-0.04472444939260591,0.03149362584050901,1985,-0.07646671688473823,0.05287538637915985,0.002070757288342967,-0.003094073107058337,0.007378512109299539
ds005540,de_ridge_strong,eeg_added_matched_calibration,4,1,-0.002485824774988099,-0.01582726381582692,0.011143061370683719,1985,-0.06715687640693714,0.06218522685696094,0.0017880801229518961,-0.002782392966915792,0.006374963061317025
ds005540,de_ridge_strong,eeg_added_matched_calibration,4,2,-0.00397920408382102,-0.02006498414708959,0.014152622041660432,1985,-0.06865025571577006,0.06069184754812802,0.0008950078055960653,-0.0036635346204992756,0.005028184323360474
ds005540,de_ridge_strong,eeg_added_matched_calibration,4,4,-0.01104294726130517,-0.038943409251231874,0.017722961723268517,1985,-0.07571399889325421,0.05362810437064387,0.006055743787037188,-0.0001064272342093719,0.012352141112658652
ds005540,de_ridge_strong,eeg_added_matched_calibration,4,8,-0.012844507229844093,-0.039800500058140266,0.01400894201375757,1985,-0.07751555886179314,0.05182654440210495,0.0037639145716782396,-0.0019615197014182183,0.009565295396961436
ds005540,de_ridge_strong,eeg_added_matched_calibration,8,0,-0.010528276859123026,-0.04688772770703274,0.036509655474921625,1985,-0.07519932849107207,0.054142774772826016,0.002022449407876409,-0.003488777840212842,0.007669628082188765
ds005540,de_ridge_strong,eeg_added_matched_calibration,8,1,-0.00258617207944134,-0.017209010922877223,0.012861014609248786,1985,-0.06725722371139038,0.0620848795525077,0.00194901929643998,-0.002710480786694125,0.006570154218503532
ds005540,de_ridge_strong,eeg_added_matched_calibration,8,2,-0.0022509112705849654,-0.0205024279249989,0.01736224126106685,1985,-0.06692196290253401,0.062420140361364077,0.0001398151877285425,-0.0048597121289045255,0.0046564188445442556
ds005540,de_ridge_strong,eeg_added_matched_calibration,8,4,-0.008804301804174575,-0.038870529789580076,0.024307305537109254,1985,-0.07347535343612362,0.05586674982777447,0.003692615361327478,-0.0023727972225948413,0.010313082898521226
ds005540,de_ridge_strong,eeg_added_matched_calibration,8,8,-0.01023989446777418,-0.04027756743805344,0.020635998696460846,1985,-0.07491094609972322,0.05443115716417486,0.0028453142749749194,-0.002843086553527946,0.008744715506426368
ds005540,de_ridge_strong,prior_calibration_gain,0,0,0.0,0.0,0.0,1985,-0.12964144783171755,0.12964144783171755,0.0,0.0,0.0
ds005540,de_ridge_strong,prior_calibration_gain,0,1,0.0,0.0,0.0,1985,-0.12964144783171755,0.12964144783171755,0.0,0.0,0.0
ds005540,de_ridge_strong,prior_calibration_gain,0,2,0.0,0.0,0.0,1985,-0.12964144783171755,0.12964144783171755,0.0,0.0,0.0
ds005540,de_ridge_strong,prior_calibration_gain,0,4,0.0,0.0,0.0,1985,-0.12964144783171755,0.12964144783171755,0.0,0.0,0.0
ds005540,de_ridge_strong,prior_calibration_gain,0,8,0.0,0.0,0.0,1985,-0.12964144783171755,0.12964144783171755,0.0,0.0,0.0
ds005540,de_ridge_strong,prior_calibration_gain,1,0,0.13942400367279775,0.030055573349924678,0.22053109619355407,1985,0.009782555841080204,0.26906545150451533,0.03201684061263571,0.0003642588280082461,0.06583769209801325
ds005540,de_ridge_strong,prior_calibration_gain,1,1,0.020243552285919175,-0.04387080338370242,0.10765660979503089,1985,-0.10939789554579837,0.14988500011763672,0.02546006133935047,-0.007499369482641527,0.056155685125902216
ds005540,de_ridge_strong,prior_calibration_gain,1,2,0.005696107559400199,-0.0772000957914773,0.1147210204042904,1985,-0.12394534027231735,0.13533755539111775,0.033865302417263154,0.006495552330808868,0.06217133273679836
ds005540,de_ridge_strong,prior_calibration_gain,1,4,0.0004809728596645302,-0.08484395652285767,0.10703064859921084,1985,-0.12916047497205302,0.13012242069138208,0.03683681285014001,0.008329185213479319,0.06576533600561434
ds005540,de_ridge_strong,prior_calibration_gain,1,8,-0.0051155723635893935,-0.09829679607768674,0.10680977948939302,1985,-0.13475702019530694,0.12452587546812816,0.03864008458672469,0.011599101300524068,0.067840435549861
ds005540,de_ridge_strong,prior_calibration_gain,2,0,0.13636464028270495,0.02962285432234244,0.19991666130958421,1985,0.006723192450987403,0.2660060881144225,-0.0002692030614430685,-0.020287347194004574,0.0185792397167576
ds005540,de_ridge_strong,prior_calibration_gain,2,1,0.04876702860725174,-0.011257399245952704,0.11148509727741061,1985,-0.08087441922446581,0.1784084764389693,0.005938020076857842,-0.016151488723694596,0.02611563098892757
ds005540,de_ridge_strong,prior_calibration_gain,2,2,0.06686990454262631,-0.01157507915955378,0.13190762764012023,1985,-0.06277154328909124,0.19651135237434386,0.00607292469070958,-0.011735057205598292,0.02371962024540457
ds005540,de_ridge_strong,prior_calibration_gain,2,4,0.07111753358757883,-0.015420549331539645,0.14446546114598502,1985,-0.05852391424413872,0.20075898141929638,0.005010298045500239,-0.014118374746985041,0.023603498203891758
ds005540,de_ridge_strong,prior_calibration_gain,2,8,0.06521585154998333,-0.024149019716679508,0.14671562893080706,1985,-0.06442559628173422,0.19485729938170088,0.004622578479073547,-0.015413457954983329,0.022677893732485577
ds005540,de_ridge_strong,prior_calibration_gain,4,0,0.20127149421980242,0.08385164226010731,0.25314271767327406,1985,0.07163004638808487,0.33091294205152,-0.011251346838891368,-0.030089119187609766,0.007087191494812889
ds005540,de_ridge_strong,prior_calibration_gain,4,1,0.08258857941847991,0.018825341582174637,0.1421794345720297,1985,-0.047052868413237636,0.21223002725019746,-0.004407244157308032,-0.02419070422594191,0.014037350759748312
ds005540,de_ridge_strong,prior_calibration_gain,4,2,0.11641943695711388,0.03621173088706679,0.17585161057132867,1985,-0.013222010874603674,0.24606088478883142,-0.005772317024803769,-0.022705765912425596,0.010549081106348277
ds005540,de_ridge_strong,prior_calibration_gain,4,4,0.1352813300886601,0.04703119470619983,0.203735316579548,1985,0.005639882256942563,0.26492277792037766,-0.012757864757073328,-0.031116127334599564,0.005127807430747128
ds005540,de_ridge_strong,prior_calibration_gain,4,8,0.1367388112033453,0.044593283916755856,0.2116597617827632,1985,0.007097363371627752,0.26638025903506285,-0.011765905224174755,-0.03064983779415826,0.005789122667262151
ds005540,de_ridge_strong,prior_calibration_gain,8,0,0.20355097551998702,0.08804728028094955,0.25064802730503327,1985,0.07390952768826947,0.33319242335170457,-0.019993443667244842,-0.037642784111572125,-0.0031981293460006904
ds005540,de_ridge_strong,prior_calibration_gain,8,1,0.08449360488325314,0.02190941046737287,0.13928509149111928,1985,-0.04514784294846441,0.2141350527149707,-0.009241721490872629,-0.026633092547709302,0.0071236835422332926
ds005540,de_ridge_strong,prior_calibration_gain,8,2,0.12036093581954399,0.039603614951706015,0.17279222787698628,1985,-0.009280512012173558,0.25000238365126154,-0.010701759852282056,-0.02660653908130204,0.005194076290189093
ds005540,de_ridge_strong,prior_calibration_gain,8,4,0.1375631677299794,0.049367989301631644,0.19640303499942785,1985,0.007921719898261848,0.26720461556169695,-0.014330020618839284,-0.03139756626168118,0.0024842034215487078
ds005540,de_ridge_strong,prior_calibration_gain,8,8,0.14200573328791455,0.05340804319710259,0.21016516611177943,1985,0.012364285456197,0.2716471811196321,-0.017825760202544838,-0.03491184377932493,-0.0012543020884290242
ds005540,de_ridge_strong,combined_calibration_gain,0,0,0.0,0.0,0.0,1985,-0.1438693090810711,0.1438693090810711,0.0,0.0,0.0
ds005540,de_ridge_strong,combined_calibration_gain,0,1,0.0,0.0,0.0,1985,-0.1438693090810711,0.1438693090810711,0.0,0.0,0.0
ds005540,de_ridge_strong,combined_calibration_gain,0,2,0.0,0.0,0.0,1985,-0.1438693090810711,0.1438693090810711,0.0,0.0,0.0
ds005540,de_ridge_strong,combined_calibration_gain,0,4,0.0,0.0,0.0,1985,-0.1438693090810711,0.1438693090810711,0.0,0.0,0.0
ds005540,de_ridge_strong,combined_calibration_gain,0,8,0.0,0.0,0.0,1985,-0.1438693090810711,0.1438693090810711,0.0,0.0,0.0
ds005540,de_ridge_strong,combined_calibration_gain,1,0,0.1479474508341222,0.028822562397498416,0.23317475544018867,1985,0.004078141753051101,0.2918167599151933,0.029359428141461974,-0.0011356390102783497,0.062241811440033636
ds005540,de_ridge_strong,combined_calibration_gain,1,1,0.029615668565967923,-0.04136231175542269,0.12262283300281475,1985,-0.11425364051510317,0.17348497764703902,0.01810274535590961,-0.013720018180982913,0.04746011841875562
ds005540,de_ridge_strong,combined_calibration_gain,1,2,0.024682680016375247,-0.06299663635704435,0.136584393200273,1985,-0.11918662906469585,0.16855198909744634,0.02616951298490658,-0.0031698443675446217,0.05330008438247478
ds005540,de_ridge_strong,combined_calibration_gain,1,4,0.0024311248340330716,-0.09020544164698727,0.12134704767631102,1985,-0.14143818424703802,0.14630043391510417,0.0314416308155189,0.003109417293815359,0.05921381199037485
ds005540,de_ridge_strong,combined_calibration_gain,1,8,-0.0036018325062982526,-0.10099719425033829,0.11865248652038525,1985,-0.14747114158736935,0.14026747657477284,0.0336676306797819,0.005674644713045924,0.061631514281063705
ds005540,de_ridge_strong,combined_calibration_gain,2,0,0.13885715091787582,0.020972299984768558,0.21242592192850515,1985,-0.005012158163195279,0.2827264599989469,-0.003080938422172219,-0.02354388279778823,0.017764682461724874
ds005540,de_ridge_strong,combined_calibration_gain,2,1,0.057224951251953204,-0.007490774581400861,0.12225052394499758,1985,-0.08664435782911789,0.2010942603330243,-0.001826304404467155,-0.02278325389052291,0.01735647664657792
ds005540,de_ridge_strong,combined_calibration_gain,2,2,0.07995599479008353,-0.003847435383446296,0.1497395687405917,1985,-0.06391331429098757,0.22382530387115462,0.0014529516538314413,-0.017811112156111412,0.020545066842858305
ds005540,de_ridge_strong,combined_calibration_gain,2,4,0.06947401765458872,-0.02126652247106099,0.1511524830402755,1985,-0.07439529142648238,0.2133433267356598,0.0020842076262233,-0.017644881357467963,0.023378898709924066
ds005540,de_ridge_strong,combined_calibration_gain,2,8,0.0601998854683361,-0.03415372879761273,0.1557916551616842,1985,-0.083669423612735,0.2040691945494072,0.0014794013665609673,-0.02064743505161734,0.022701780599177025
ds005540,de_ridge_strong,combined_calibration_gain,4,0,0.20142000233859403,0.07056118464444436,0.26468648751646295,1985,0.057550693257522934,0.3452893114196651,-0.01669045622186799,-0.03679805519747438,0.0031390179355852738
ds005540,de_ridge_strong,combined_calibration_gain,4,1,0.0929491580868157,0.02493378594667215,0.152795931918639,1985,-0.0509201509942554,0.2368184671678868,-0.010408634099530856,-0.030191126983991328,0.008201726843884934
ds005540,de_ridge_strong,combined_calibration_gain,4,2,0.13119212250017653,0.04250897842380132,0.20019695665137646,1985,-0.012677186580894562,0.27506143158124763,-0.011438448207322427,-0.030618816857420482,0.007150931427345671
ds005540,de_ridge_strong,combined_calibration_gain,4,4,0.1377261818288681,0.044699731338612936,0.21706006313892223,1985,-0.006143127252203007,0.2815954909099392,-0.016514329304239517,-0.035994059971604146,0.00279211635956402
ds005540,de_ridge_strong,combined_calibration_gain,4,8,0.13679322313703568,0.039241682856891426,0.22810457640306525,1985,-0.007076085944035415,0.2806625322181068,-0.016775789402774077,-0.0369551560331182,0.0019554948366506944
ds005540,de_ridge_strong,combined_calibration_gain,8,0,0.2049668720324448,0.07681155192699127,0.25738148049293585,1985,0.061097562951373696,0.3488361811135159,-0.02548086093068802,-0.04469119919465431,-0.006449279168949929
ds005540,de_ridge_strong,combined_calibration_gain,8,1,0.09475383624713568,0.02801020507663803,0.15004021253181313,1985,-0.049115472833935414,0.23862314532820678,-0.015082172259607368,-0.033366688040326074,0.0018379478345711244
ds005540,de_ridge_strong,combined_calibration_gain,8,2,0.1368619141758427,0.046520018672969086,0.19778054287958174,1985,-0.007007394905228392,0.2807312232569138,-0.017123083652668236,-0.035418353901236606,-0.00015207889728382847
ds005540,de_ridge_strong,combined_calibration_gain,8,4,0.14224666492731797,0.0480289879811814,0.2175816002289807,1985,-0.0016226441537531278,0.28611597400838906,-0.020449613591715182,-0.03927539483744662,-0.002554827013005718
ds005540,de_ridge_strong,combined_calibration_gain,8,8,0.14466475798367484,0.04976235889512424,0.22602142002368286,1985,0.0007954489026037459,0.28853406706474594,-0.02375424467784748,-0.041484616408161576,-0.005908906185014006
ds005540,de_ridge_strong,total_minus_uncalibrated_prior,0,0,-0.011944173371580793,-0.06366321569417902,0.051452387208984075,1985,-0.1423447974139821,0.1184564506708205,0.007509866671319587,-0.0016216550276892782,0.016652605806640616
ds005540,de_ridge_strong,total_minus_uncalibrated_prior,0,1,-0.012846403443323884,-0.04175623834176011,0.02017394319748031,1985,-0.14324702748572518,0.11755422059907741,0.0077894700651747195,-0.001160457591345182,0.01729507329719078
ds005540,de_ridge_strong,total_minus_uncalibrated_prior,0,2,-0.018751889626883678,-0.05309005651090082,0.020945754259716422,1985,-0.14915251366928498,0.11164873441551762,0.006561138988114723,-0.0018020417822860457,0.01596671254076413
ds005540,de_ridge_strong,total_minus_uncalibrated_prior,0,4,-0.013487799001513145,-0.06563087186941743,0.03987551351908359,1985,-0.14388842304391444,0.11691282504088815,0.009812208334203376,-0.00022134302964720847,0.021083166359045145
ds005540,de_ridge_strong,total_minus_uncalibrated_prior,0,8,-0.012898919163534472,-0.07089429191885141,0.03913289670503915,1985,-0.14329954320593577,0.11750170487886683,0.008773798750277562,-0.0009761450584492848,0.019855995787961964
ds005540,de_ridge_strong,total_minus_uncalibrated_prior,1,0,0.1360032774625414,0.02827245227633606,0.2185935344021994,1985,0.005602653420140102,0.2664039015049427,0.03686929481278156,0.007022831364235793,0.06875871090652655
ds005540,de_ridge_strong,total_minus_uncalibrated_prior,1,1,0.01676926512264404,-0.048614990594814535,0.10510498985916619,1985,-0.11363135891975726,0.14716988916504534,0.02589221542108433,-0.005067091555707548,0.0551793865517746
ds005540,de_ridge_strong,total_minus_uncalibrated_prior,1,2,0.005930790389491569,-0.07116886143854526,0.10665923534603795,1985,-0.12446983365290973,0.13633141443189287,0.0327306519730213,0.006012521832693391,0.05935241766274168
ds005540,de_ridge_strong,total_minus_uncalibrated_prior,1,4,-0.011056674167480074,-0.09020084255694945,0.09087968654826253,1985,-0.14145729820988137,0.11934394987492122,0.04125383914972228,0.01462414532298587,0.0673263465678019
ds005540,de_ridge_strong,total_minus_uncalibrated_prior,1,8,-0.016500751669832725,-0.10110012808914487,0.0913846112163503,1985,-0.14690137571223402,0.11389987237256857,0.04244142943005946,0.016766770878293792,0.06752949406735362
ds005540,de_ridge_strong,total_minus_uncalibrated_prior,2,0,0.12691297754629502,0.019903230288928323,0.19776865568977167,1985,-0.003487646496106278,0.2573136015886963,0.004428928249147368,-0.015581461447701783,0.023863901058860527
ds005540,de_ridge_strong,total_minus_uncalibrated_prior,2,1,0.04437854780862932,-0.015350298313196032,0.11225584807003638,1985,-0.08602207623377198,0.17477917185103062,0.0059631656607075645,-0.016774284422691004,0.027186574188090284
ds005540,de_ridge_strong,total_minus_uncalibrated_prior,2,2,0.06120410516319985,-0.014411456701054847,0.12509638733776082,1985,-0.06919651887920145,0.19160472920560115,0.008014090641946164,-0.009342540633017921,0.026082866902781464
ds005540,de_ridge_strong,total_minus_uncalibrated_prior,2,4,0.05598621865307557,-0.02745384590180109,0.1315033844850976,1985,-0.07441440538932573,0.18638684269547687,0.011896415960426676,-0.008090879836513121,0.0323429707071417
ds005540,de_ridge_strong,total_minus_uncalibrated_prior,2,8,0.04730096630480163,-0.042003234133078625,0.13290738184239373,1985,-0.08309965773759967,0.17770159034720293,0.010253200116838529,-0.009789661203537369,0.030506499834556694
ds005540,de_ridge_strong,total_minus_uncalibrated_prior,4,0,0.18947582896701323,0.06594387226337273,0.2459539087340673,1985,0.059075204924611935,0.31987645300941453,-0.009180589550548401,-0.02860967368550737,0.009891806170125248
ds005540,de_ridge_strong,total_minus_uncalibrated_prior,4,1,0.08010275464349181,0.014031633544389055,0.1415283030483109,1985,-0.050297869398909484,0.2105033786858931,-0.002619164034356136,-0.02323336304036938,0.015816033575689732
ds005540,de_ridge_strong,total_minus_uncalibrated_prior,4,2,0.11244023287329286,0.03260904867457355,0.1725738900771999,1985,-0.01796039116910844,0.24284085691569415,-0.004877309219207704,-0.021609486543372896,0.01209411640327992
ds005540,de_ridge_strong,total_minus_uncalibrated_prior,4,4,0.12423838282735494,0.03233882684166829,0.19362861377424034,1985,-0.006162241215046355,0.25463900686975627,-0.006702120970036141,-0.02436867538751042,0.01054956823441043
ds005540,de_ridge_strong,total_minus_uncalibrated_prior,4,8,0.12389430397350121,0.027488602723753242,0.19974549161999905,1985,-0.00650632006890009,0.2542949280159025,-0.008001990652496516,-0.026040645916405713,0.009561359330989483
ds005540,de_ridge_strong,total_minus_uncalibrated_prior,8,0,0.193022698660864,0.0745635194319921,0.24676770511148033,1985,0.0626220746184627,0.3234233227032653,-0.017970994259368434,-0.037230572008719376,-0.00027003615486413673
ds005540,de_ridge_strong,total_minus_uncalibrated_prior,8,1,0.0819074328038118,0.017657334386915267,0.1389089281399543,1985,-0.0484931912385895,0.2123080568462131,-0.007292702194432649,-0.024661624569773312,0.00979238568334655
ds005540,de_ridge_strong,total_minus_uncalibrated_prior,8,2,0.11811002454895903,0.03721958755083858,0.17357742273395974,1985,-0.012290599493442272,0.24851064859136032,-0.010561944664553513,-0.026172586323610268,0.005308342442785661
ds005540,de_ridge_strong,total_minus_uncalibrated_prior,8,4,0.12875886592580482,0.03627190936704934,0.19118223223732472,1985,-0.0016417581165964756,0.25915948996820615,-0.010637405257511806,-0.027690979194132014,0.005745241071325213
ds005540,de_ridge_strong,total_minus_uncalibrated_prior,8,8,0.13176583882014037,0.038901240465148854,0.20274469579167761,1985,0.001365214777739071,0.26216646286254164,-0.014980445927569919,-0.03119308798884251,0.0012292446261558529
ds005540,eegnet_lr1e3,eeg_added_population,0,0,-0.00040099605147441434,-0.013264761181201332,0.019167225495233545,1985,-0.024158231135544442,0.02335623903259561,-0.00043993626095484295,-0.004138733757962943,0.00317638541817589
ds005540,eegnet_lr1e3,eeg_added_population,0,1,-0.0026154680939958763,-0.008422411856102884,0.005424723144913667,1985,-0.026372703178065903,0.02114176699007415,0.0018625195903093361,-0.0014722299561893248,0.005442696805893974
ds005540,eegnet_lr1e3,eeg_added_population,0,2,0.0022744513271342748,-0.011561582868001264,0.020147960710208853,1985,-0.021482783756935752,0.0260316864112043,0.0007547738790120995,-0.004622489022407261,0.006553402132642929
ds005540,eegnet_lr1e3,eeg_added_population,0,4,0.00988699713293989,-0.00796337885677576,0.03297501590987124,1985,-0.013870237951130137,0.03364423221700992,-0.0007453834476575105,-0.005184389097285369,0.0036828098957071872
ds005540,eegnet_lr1e3,eeg_added_population,0,8,-0.00791111469111283,-0.017810230405584337,0.0077843389754196895,1985,-0.03166834977518286,0.015846120392957196,0.001558790632920859,-0.002668841791763277,0.0059430145318963585
ds005540,eegnet_lr1e3,eeg_added_population,1,0,-0.00040099605147441434,-0.013264761181201332,0.019167225495233545,1985,-0.024158231135544442,0.02335623903259561,-0.00043993626095484295,-0.004138733757962943,0.00317638541817589
ds005540,eegnet_lr1e3,eeg_added_population,1,1,-0.0026154680939958763,-0.008422411856102884,0.005424723144913667,1985,-0.026372703178065903,0.02114176699007415,0.0018625195903093361,-0.0014722299561893248,0.005442696805893974
ds005540,eegnet_lr1e3,eeg_added_population,1,2,0.0022744513271342748,-0.011561582868001264,0.020147960710208853,1985,-0.021482783756935752,0.0260316864112043,0.0007547738790120995,-0.004622489022407261,0.006553402132642929
ds005540,eegnet_lr1e3,eeg_added_population,1,4,0.00988699713293989,-0.00796337885677576,0.03297501590987124,1985,-0.013870237951130137,0.03364423221700992,-0.0007453834476575105,-0.005184389097285369,0.0036828098957071872
ds005540,eegnet_lr1e3,eeg_added_population,1,8,-0.00791111469111283,-0.017810230405584337,0.0077843389754196895,1985,-0.03166834977518286,0.015846120392957196,0.001558790632920859,-0.002668841791763277,0.0059430145318963585
ds005540,eegnet_lr1e3,eeg_added_population,2,0,-0.00040099605147441434,-0.013264761181201332,0.019167225495233545,1985,-0.024158231135544442,0.02335623903259561,-0.00043993626095484295,-0.004138733757962943,0.00317638541817589
ds005540,eegnet_lr1e3,eeg_added_population,2,1,-0.0026154680939958763,-0.008422411856102884,0.005424723144913667,1985,-0.026372703178065903,0.02114176699007415,0.0018625195903093361,-0.0014722299561893248,0.005442696805893974
ds005540,eegnet_lr1e3,eeg_added_population,2,2,0.0022744513271342748,-0.011561582868001264,0.020147960710208853,1985,-0.021482783756935752,0.0260316864112043,0.0007547738790120995,-0.004622489022407261,0.006553402132642929
ds005540,eegnet_lr1e3,eeg_added_population,2,4,0.00988699713293989,-0.00796337885677576,0.03297501590987124,1985,-0.013870237951130137,0.03364423221700992,-0.0007453834476575105,-0.005184389097285369,0.0036828098957071872
ds005540,eegnet_lr1e3,eeg_added_population,2,8,-0.00791111469111283,-0.017810230405584337,0.0077843389754196895,1985,-0.03166834977518286,0.015846120392957196,0.001558790632920859,-0.002668841791763277,0.0059430145318963585
ds005540,eegnet_lr1e3,eeg_added_population,4,0,-0.00040099605147441434,-0.013264761181201332,0.019167225495233545,1985,-0.024158231135544442,0.02335623903259561,-0.00043993626095484295,-0.004138733757962943,0.00317638541817589
ds005540,eegnet_lr1e3,eeg_added_population,4,1,-0.0026154680939958763,-0.008422411856102884,0.005424723144913667,1985,-0.026372703178065903,0.02114176699007415,0.0018625195903093361,-0.0014722299561893248,0.005442696805893974
ds005540,eegnet_lr1e3,eeg_added_population,4,2,0.0022744513271342748,-0.011561582868001264,0.020147960710208853,1985,-0.021482783756935752,0.0260316864112043,0.0007547738790120995,-0.004622489022407261,0.006553402132642929
ds005540,eegnet_lr1e3,eeg_added_population,4,4,0.00988699713293989,-0.00796337885677576,0.03297501590987124,1985,-0.013870237951130137,0.03364423221700992,-0.0007453834476575105,-0.005184389097285369,0.0036828098957071872
ds005540,eegnet_lr1e3,eeg_added_population,4,8,-0.00791111469111283,-0.017810230405584337,0.0077843389754196895,1985,-0.03166834977518286,0.015846120392957196,0.001558790632920859,-0.002668841791763277,0.0059430145318963585
ds005540,eegnet_lr1e3,eeg_added_population,8,0,-0.00040099605147441434,-0.013264761181201332,0.019167225495233545,1985,-0.024158231135544442,0.02335623903259561,-0.00043993626095484295,-0.004138733757962943,0.00317638541817589
ds005540,eegnet_lr1e3,eeg_added_population,8,1,-0.0026154680939958763,-0.008422411856102884,0.005424723144913667,1985,-0.026372703178065903,0.02114176699007415,0.0018625195903093361,-0.0014722299561893248,0.005442696805893974
ds005540,eegnet_lr1e3,eeg_added_population,8,2,0.0022744513271342748,-0.011561582868001264,0.020147960710208853,1985,-0.021482783756935752,0.0260316864112043,0.0007547738790120995,-0.004622489022407261,0.006553402132642929
ds005540,eegnet_lr1e3,eeg_added_population,8,4,0.00988699713293989,-0.00796337885677576,0.03297501590987124,1985,-0.013870237951130137,0.03364423221700992,-0.0007453834476575105,-0.005184389097285369,0.0036828098957071872
ds005540,eegnet_lr1e3,eeg_added_population,8,8,-0.00791111469111283,-0.017810230405584337,0.0077843389754196895,1985,-0.03166834977518286,0.015846120392957196,0.001558790632920859,-0.002668841791763277,0.0059430145318963585
ds005540,eegnet_lr1e3,eeg_added_matched_calibration,0,0,-0.00040099605147441434,-0.013264761181201332,0.019167225495233545,1985,-0.024455674451530598,0.023653682348581766,-0.00043993626095484295,-0.004138733757962943,0.00317638541817589
ds005540,eegnet_lr1e3,eeg_added_matched_calibration,0,1,-0.0026154680939958763,-0.008422411856102884,0.005424723144913667,1985,-0.02667014649405206,0.021439210306060306,0.0018625195903093361,-0.0014722299561893248,0.005442696805893974
ds005540,eegnet_lr1e3,eeg_added_matched_calibration,0,2,0.0022744513271342748,-0.011561582868001264,0.020147960710208853,1985,-0.021780227072921907,0.026329129727190457,0.0007547738790120995,-0.004622489022407261,0.006553402132642929
ds005540,eegnet_lr1e3,eeg_added_matched_calibration,0,4,0.00988699713293989,-0.00796337885677576,0.03297501590987124,1985,-0.014167681267116292,0.03394167553299607,-0.0007453834476575105,-0.005184389097285369,0.0036828098957071872
ds005540,eegnet_lr1e3,eeg_added_matched_calibration,0,8,-0.00791111469111283,-0.017810230405584337,0.0077843389754196895,1985,-0.03196579309116901,0.01614356370894335,0.001558790632920859,-0.002668841791763277,0.0059430145318963585
ds005540,eegnet_lr1e3,eeg_added_matched_calibration,1,0,0.003235931373385015,-0.002433433555985917,0.006976119275994049,1985,-0.020818747026671167,0.027290609773441197,-0.00026419197349272783,-0.0015336225159872873,0.001390518817792052
ds005540,eegnet_lr1e3,eeg_added_matched_calibration,1,1,-0.0005691296285363912,-0.003918395193147739,0.002925234339530466,1985,-0.024623808028592573,0.02348554877151979,0.0007557807439867448,-0.000567531189613213,0.0022027432391626732
ds005540,eegnet_lr1e3,eeg_added_matched_calibration,1,2,0.0022437838449933523,-0.007908232667411929,0.010076392578353929,1985,-0.02181089455506283,0.026298462245049534,-0.000454949469505056,-0.0030348440650877716,0.00230958152054939
ds005540,eegnet_lr1e3,eeg_added_matched_calibration,1,4,0.00317953578570751,-0.006540983990025617,0.013092816376713582,1985,-0.020875142614348672,0.027234214185763692,0.00020624050236367486,-0.002332523815529347,0.0035730591007301013
ds005540,eegnet_lr1e3,eeg_added_matched_calibration,1,8,-0.0018530675547656639,-0.006776378836383179,0.0028666709841094866,1985,-0.025907745954821846,0.022201610845290518,0.00030764311826331214,-0.0011676601600066282,0.0018718547892573635
ds005540,eegnet_lr1e3,eeg_added_matched_calibration,2,0,0.0006747279377941895,-0.004898726134160724,0.00649015992367936,1985,-0.023379950462261993,0.02472940633785037,0.0003158836005894283,-0.0009975626546449069,0.0016791701518406512
ds005540,eegnet_lr1e3,eeg_added_matched_calibration,2,1,-0.0013283587495601656,-0.00426493770798031,0.0024470825752345364,1985,-0.025383037149616348,0.022726319650496016,0.00022933684007703237,-0.0008136793985039747,0.0013179910266246867
ds005540,eegnet_lr1e3,eeg_added_matched_calibration,2,2,-0.0018726997542863888,-0.009791489596509762,0.007215797561816091,1985,-0.02592737815434257,0.022181978645769793,-0.00022044353270830874,-0.0025393716516337594,0.0023798532608799304
ds005540,eegnet_lr1e3,eeg_added_matched_calibration,2,4,-0.00026484087441580595,-0.010163027710533757,0.010537691068233454,1985,-0.024319519274471988,0.023789837525640376,0.00027307855644986834,-0.002171755134292519,0.0025656466724208234
ds005540,eegnet_lr1e3,eeg_added_matched_calibration,2,8,-0.0027278366443971303,-0.009076412752754458,0.0027202092426109785,1985,-0.026782515044453312,0.021326841755659052,0.0006137860478669377,-0.0008973984664595314,0.0021982128512608554
ds005540,eegnet_lr1e3,eeg_added_matched_calibration,4,0,0.0017735352657870795,-0.004244237578130838,0.007394063425678791,1985,-0.022281143134269103,0.02582821366584326,-0.0003747612760623409,-0.0016879817200726288,0.0006002580194486621
ds005540,eegnet_lr1e3,eeg_added_matched_calibration,4,1,-0.0008572652601961384,-0.003620224337956368,0.0018002559233069799,1985,-0.02491194366025232,0.023197413139860044,0.0004501881863406554,-0.0004496742987076807,0.0013678475426724232
ds005540,eegnet_lr1e3,eeg_added_matched_calibration,4,2,-0.00040605348713373957,-0.008749454648103349,0.007820106175078844,1985,-0.02446073188718992,0.023648624912922443,-0.0002832723548429339,-0.002709913332478864,0.0020383178726197707
ds005540,eegnet_lr1e3,eeg_added_matched_calibration,4,4,-0.001065897289244555,-0.00898853185814048,0.008275722019558904,1985,-0.025120575689300737,0.022988781110811627,0.00031726352443472994,-0.001673189274820097,0.0023751671545950365
ds005540,eegnet_lr1e3,eeg_added_matched_calibration,4,8,-0.001456786349444239,-0.006108230631805145,0.003137713664912644,1985,-0.02551146474950042,0.022597892050611943,0.00014861948119304635,-0.001127367928827555,0.0015031898281903956
ds005540,eegnet_lr1e3,eeg_added_matched_calibration,8,0,0.003002485255175935,-0.005015021195235609,0.00937691604027729,1985,-0.021052193144880247,0.027057163655232117,-0.000514331098649623,-0.002038721887418826,0.00048037249244730013
ds005540,eegnet_lr1e3,eeg_added_matched_calibration,8,1,-0.0005759404553928871,-0.0033696258619389853,0.0021664460115046152,1985,-0.02463061885544907,0.023478737944663295,0.00039400185817917155,-0.0005593981023179872,0.0013700167177385309
ds005540,eegnet_lr1e3,eeg_added_matched_calibration,8,2,-0.000617686930308281,-0.009622499005148898,0.008006238978923491,1985,-0.024672365330364463,0.0234369914697479,2.6888148449144555e-05,-0.002318016937139489,0.002423493394678371
ds005540,eegnet_lr1e3,eeg_added_matched_calibration,8,4,-0.0011810111683954183,-0.00958784102700938,0.009200320783986384,1985,-0.0252356895684516,0.022873667231660764,0.0005575364881429401,-0.0012581526301306545,0.0026013708825350377
ds005540,eegnet_lr1e3,eeg_added_matched_calibration,8,8,-0.0019861172610896594,-0.006499368344132961,0.0027348513495329945,1985,-0.02604079566114584,0.022068561138966523,0.00033820761333680505,-0.0006680455661718764,0.0014856779294571667
ds005540,eegnet_lr1e3,prior_calibration_gain,0,0,0.0,0.0,0.0,1985,-0.12964144783171755,0.12964144783171755,0.0,0.0,0.0
ds005540,eegnet_lr1e3,prior_calibration_gain,0,1,0.0,0.0,0.0,1985,-0.12964144783171755,0.12964144783171755,0.0,0.0,0.0
ds005540,eegnet_lr1e3,prior_calibration_gain,0,2,0.0,0.0,0.0,1985,-0.12964144783171755,0.12964144783171755,0.0,0.0,0.0
ds005540,eegnet_lr1e3,prior_calibration_gain,0,4,0.0,0.0,0.0,1985,-0.12964144783171755,0.12964144783171755,0.0,0.0,0.0
ds005540,eegnet_lr1e3,prior_calibration_gain,0,8,0.0,0.0,0.0,1985,-0.12964144783171755,0.12964144783171755,0.0,0.0,0.0
ds005540,eegnet_lr1e3,prior_calibration_gain,1,0,0.13942400367279775,0.030055573349924678,0.22053109619355407,1985,0.009782555841080204,0.26906545150451533,0.03201684061263571,0.0003642588280082461,0.06583769209801325
ds005540,eegnet_lr1e3,prior_calibration_gain,1,1,0.020243552285919175,-0.04387080338370242,0.10765660979503089,1985,-0.10939789554579837,0.14988500011763672,0.02546006133935047,-0.007499369482641527,0.056155685125902216
ds005540,eegnet_lr1e3,prior_calibration_gain,1,2,0.005696107559400199,-0.0772000957914773,0.1147210204042904,1985,-0.12394534027231735,0.13533755539111775,0.033865302417263154,0.006495552330808868,0.06217133273679836
ds005540,eegnet_lr1e3,prior_calibration_gain,1,4,0.0004809728596645302,-0.08484395652285767,0.10703064859921084,1985,-0.12916047497205302,0.13012242069138208,0.03683681285014001,0.008329185213479319,0.06576533600561434
ds005540,eegnet_lr1e3,prior_calibration_gain,1,8,-0.0051155723635893935,-0.09829679607768674,0.10680977948939302,1985,-0.13475702019530694,0.12452587546812816,0.03864008458672469,0.011599101300524068,0.067840435549861
ds005540,eegnet_lr1e3,prior_calibration_gain,2,0,0.13636464028270495,0.02962285432234244,0.19991666130958421,1985,0.006723192450987403,0.2660060881144225,-0.0002692030614430685,-0.020287347194004574,0.0185792397167576
ds005540,eegnet_lr1e3,prior_calibration_gain,2,1,0.04876702860725174,-0.011257399245952704,0.11148509727741061,1985,-0.08087441922446581,0.1784084764389693,0.005938020076857842,-0.016151488723694596,0.02611563098892757
ds005540,eegnet_lr1e3,prior_calibration_gain,2,2,0.06686990454262631,-0.01157507915955378,0.13190762764012023,1985,-0.06277154328909124,0.19651135237434386,0.00607292469070958,-0.011735057205598292,0.02371962024540457
ds005540,eegnet_lr1e3,prior_calibration_gain,2,4,0.07111753358757883,-0.015420549331539645,0.14446546114598502,1985,-0.05852391424413872,0.20075898141929638,0.005010298045500239,-0.014118374746985041,0.023603498203891758
ds005540,eegnet_lr1e3,prior_calibration_gain,2,8,0.06521585154998333,-0.024149019716679508,0.14671562893080706,1985,-0.06442559628173422,0.19485729938170088,0.004622578479073547,-0.015413457954983329,0.022677893732485577
ds005540,eegnet_lr1e3,prior_calibration_gain,4,0,0.20127149421980242,0.08385164226010731,0.25314271767327406,1985,0.07163004638808487,0.33091294205152,-0.011251346838891368,-0.030089119187609766,0.007087191494812889
ds005540,eegnet_lr1e3,prior_calibration_gain,4,1,0.08258857941847991,0.018825341582174637,0.1421794345720297,1985,-0.047052868413237636,0.21223002725019746,-0.004407244157308032,-0.02419070422594191,0.014037350759748312
ds005540,eegnet_lr1e3,prior_calibration_gain,4,2,0.11641943695711388,0.03621173088706679,0.17585161057132867,1985,-0.013222010874603674,0.24606088478883142,-0.005772317024803769,-0.022705765912425596,0.010549081106348277
ds005540,eegnet_lr1e3,prior_calibration_gain,4,4,0.1352813300886601,0.04703119470619983,0.203735316579548,1985,0.005639882256942563,0.26492277792037766,-0.012757864757073328,-0.031116127334599564,0.005127807430747128
ds005540,eegnet_lr1e3,prior_calibration_gain,4,8,0.1367388112033453,0.044593283916755856,0.2116597617827632,1985,0.007097363371627752,0.26638025903506285,-0.011765905224174755,-0.03064983779415826,0.005789122667262151
ds005540,eegnet_lr1e3,prior_calibration_gain,8,0,0.20355097551998702,0.08804728028094955,0.25064802730503327,1985,0.07390952768826947,0.33319242335170457,-0.019993443667244842,-0.037642784111572125,-0.0031981293460006904
ds005540,eegnet_lr1e3,prior_calibration_gain,8,1,0.08449360488325314,0.02190941046737287,0.13928509149111928,1985,-0.04514784294846441,0.2141350527149707,-0.009241721490872629,-0.026633092547709302,0.0071236835422332926
ds005540,eegnet_lr1e3,prior_calibration_gain,8,2,0.12036093581954399,0.039603614951706015,0.17279222787698628,1985,-0.009280512012173558,0.25000238365126154,-0.010701759852282056,-0.02660653908130204,0.005194076290189093
ds005540,eegnet_lr1e3,prior_calibration_gain,8,4,0.1375631677299794,0.049367989301631644,0.19640303499942785,1985,0.007921719898261848,0.26720461556169695,-0.014330020618839284,-0.03139756626168118,0.0024842034215487078
ds005540,eegnet_lr1e3,prior_calibration_gain,8,8,0.14200573328791455,0.05340804319710259,0.21016516611177943,1985,0.012364285456197,0.2716471811196321,-0.017825760202544838,-0.03491184377932493,-0.0012543020884290242
ds005540,eegnet_lr1e3,combined_calibration_gain,0,0,0.0,0.0,0.0,1985,-0.13127109598667402,0.13127109598667402,0.0,0.0,0.0
ds005540,eegnet_lr1e3,combined_calibration_gain,0,1,0.0,0.0,0.0,1985,-0.13127109598667402,0.13127109598667402,0.0,0.0,0.0
ds005540,eegnet_lr1e3,combined_calibration_gain,0,2,0.0,0.0,0.0,1985,-0.13127109598667402,0.13127109598667402,0.0,0.0,0.0
ds005540,eegnet_lr1e3,combined_calibration_gain,0,4,0.0,0.0,0.0,1985,-0.13127109598667402,0.13127109598667402,0.0,0.0,0.0
ds005540,eegnet_lr1e3,combined_calibration_gain,0,8,0.0,0.0,0.0,1985,-0.13127109598667402,0.13127109598667402,0.0,0.0,0.0
ds005540,eegnet_lr1e3,combined_calibration_gain,1,0,0.14306093109765716,0.03082562994111816,0.22578099459116266,1985,0.011789835110983138,0.2743320270843312,0.032192584900097826,0.0010578362286789657,0.06593089335528299
ds005540,eegnet_lr1e3,combined_calibration_gain,1,1,0.02228989075137866,-0.04288428728548408,0.1140279102644864,1985,-0.10898120523529536,0.15356098673805268,0.02435332249302788,-0.009573901870191321,0.055802289120694015
ds005540,eegnet_lr1e3,combined_calibration_gain,1,2,0.005665440077259276,-0.07819583254351094,0.11341320680290382,1985,-0.12560565590941475,0.1369365360639333,0.032655579068746,0.004708834485893998,0.0620981661531961
ds005540,eegnet_lr1e3,combined_calibration_gain,1,4,-0.0062264884875678495,-0.09301549415770055,0.09816845867647202,1985,-0.13749758447424187,0.12504460749910618,0.037788436800161196,0.008917574353954067,0.06657804349754749
ds005540,eegnet_lr1e3,combined_calibration_gain,1,8,0.0009424747727577731,-0.09503761776065114,0.10986972205330331,1985,-0.13032862121391625,0.1322135707594318,0.03738893707206714,0.007950800149309134,0.06684868675411146
ds005540,eegnet_lr1e3,combined_calibration_gain,2,0,0.13744036427197354,0.03216636337939152,0.2024014846586678,1985,0.006169268285299512,0.26871146025864756,0.0004866168001012028,-0.018978732297409345,0.019057757985666373
ds005540,eegnet_lr1e3,combined_calibration_gain,2,1,0.05005413795168745,-0.010258723453156126,0.11491865644465175,1985,-0.08121695803498657,0.18132523393836147,0.004304837326625538,-0.019272281277715565,0.025599777313470528
ds005540,eegnet_lr1e3,combined_calibration_gain,2,2,0.06272275346120565,-0.015647068577176883,0.12806866897793293,1985,-0.06854834252546838,0.19399384944787967,0.005097707278989172,-0.01339594243633076,0.02332117989304411
ds005540,eegnet_lr1e3,combined_calibration_gain,2,4,0.060965695580223134,-0.020979921935116684,0.1297776825938068,1985,-0.07030540040645089,0.19223679156689716,0.006028760049607618,-0.013754840198886254,0.02437856437002949
ds005540,eegnet_lr1e3,combined_calibration_gain,2,8,0.07039912959669903,-0.021119666030400185,0.15280177110007664,1985,-0.060871966389974996,0.20167022558337305,0.0036775738940196256,-0.017547579563029297,0.022702237533772898
ds005540,eegnet_lr1e3,combined_calibration_gain,4,0,0.2034460255370639,0.08298556444630209,0.2587506353381723,1985,0.07217492955038987,0.3347171215237379,-0.011186171853998866,-0.03036239778765848,0.007481344293780081
ds005540,eegnet_lr1e3,combined_calibration_gain,4,1,0.08434678225227965,0.019226102239715416,0.1458108199917495,1985,-0.046924313734394374,0.21561787823895368,-0.005819575561276713,-0.027403328894558217,0.012910409458232165
ds005540,eegnet_lr1e3,combined_calibration_gain,4,2,0.11373893214284586,0.033450696520272494,0.17601393038405633,1985,-0.017532163843828164,0.24501002812951989,-0.0068103632586588025,-0.02517142867272724,0.010148079661715279
ds005540,eegnet_lr1e3,combined_calibration_gain,4,4,0.12432843566647567,0.040413238418981964,0.1895784006385869,1985,-0.006942660320198357,0.2555995316531497,-0.011695217784981088,-0.031371217319002144,0.00610965117172134
ds005540,eegnet_lr1e3,combined_calibration_gain,4,8,0.1431931395450139,0.046463389147078635,0.21985519398748257,1985,0.011922043558339868,0.2744642355316879,-0.013176076375902568,-0.033406926174328236,0.005155316881465945
ds005540,eegnet_lr1e3,combined_calibration_gain,8,0,0.20695445682663735,0.0895118959084132,0.2529841579355637,1985,0.07568336083996333,0.33822555281331135,-0.020067838504939622,-0.03879311531244105,-0.0027223547276748424
ds005540,eegnet_lr1e3,combined_calibration_gain,8,1,0.08653313252185613,0.02282462132591386,0.1426715679312088,1985,-0.0447379634648179,0.21780422850853015,-0.010710239223002793,-0.029471942286422175,0.00700557072613768
ds005540,eegnet_lr1e3,combined_calibration_gain,8,2,0.11746879756210143,0.03299650583412974,0.17450833875218577,1985,-0.01380229842457259,0.24873989354877546,-0.01142964558284501,-0.028972805086434135,0.00489725378503476
ds005540,eegnet_lr1e3,combined_calibration_gain,8,4,0.1264951594286441,0.03604738140485073,0.18211492177255897,1985,-0.004775936558029936,0.2577662554153181,-0.013027100683038834,-0.030940461309468408,0.004654616353500182
ds005540,eegnet_lr1e3,combined_calibration_gain,8,8,0.14793073071793772,0.05280572771249644,0.2177649725787864,1985,0.016659634731263695,0.27920182670461174,-0.019046343222128892,-0.03804622854191426,-0.001478874591501357
ds005540,eegnet_lr1e3,total_minus_uncalibrated_prior,0,0,-0.00040099605147441434,-0.013264761181201332,0.019167225495233545,1985,-0.13130449787442344,0.1305025057714746,-0.00043993626095484295,-0.004138733757962943,0.00317638541817589
ds005540,eegnet_lr1e3,total_minus_uncalibrated_prior,0,1,-0.0026154680939958763,-0.008422411856102884,0.005424723144913667,1985,-0.1335189699169449,0.12828803372895314,0.0018625195903093361,-0.0014722299561893248,0.005442696805893974
ds005540,eegnet_lr1e3,total_minus_uncalibrated_prior,0,2,0.0022744513271342748,-0.011561582868001264,0.020147960710208853,1985,-0.12862905049581475,0.1331779531500833,0.0007547738790120995,-0.004622489022407261,0.006553402132642929
ds005540,eegnet_lr1e3,total_minus_uncalibrated_prior,0,4,0.00988699713293989,-0.00796337885677576,0.03297501590987124,1985,-0.12101650469000913,0.1407904989558889,-0.0007453834476575105,-0.005184389097285369,0.0036828098957071872
ds005540,eegnet_lr1e3,total_minus_uncalibrated_prior,0,8,-0.00791111469111283,-0.017810230405584337,0.0077843389754196895,1985,-0.13881461651406185,0.12299238713183619,0.001558790632920859,-0.002668841791763277,0.0059430145318963585
ds005540,eegnet_lr1e3,total_minus_uncalibrated_prior,1,0,0.14265993504618277,0.032415259928208255,0.22407703553122577,1985,0.011756433223233748,0.27356343686913176,0.03175264863914298,0.0003067847187747333,0.06560315147643368
ds005540,eegnet_lr1e3,total_minus_uncalibrated_prior,1,1,0.019674422657382784,-0.0442356747741367,0.10748619052200832,1985,-0.11122907916556624,0.1505779244803318,0.026215842083337215,-0.007017550838253217,0.05703030773554086
ds005540,eegnet_lr1e3,total_minus_uncalibrated_prior,1,2,0.007939891404393551,-0.07533181792582935,0.11630524845522792,1985,-0.12296361041855547,0.13884339322734257,0.0334103529477581,0.00570853008972938,0.06160290448267948
ds005540,eegnet_lr1e3,total_minus_uncalibrated_prior,1,4,0.0036605086453720403,-0.08341451998350305,0.11026091864219142,1985,-0.12724299317757698,0.13456401046832106,0.037043053352503685,0.008926881016057615,0.06534355142117834
ds005540,eegnet_lr1e3,total_minus_uncalibrated_prior,1,8,-0.006968639918355057,-0.09932013445938016,0.10419092611315525,1985,-0.13787214174130408,0.12393486190459396,0.038947727704988,0.011885530176569209,0.06799055274548631
ds005540,eegnet_lr1e3,total_minus_uncalibrated_prior,2,0,0.13703936822049914,0.02854076749754826,0.20109295389421908,1985,0.0061358663975501215,0.2679428700434482,4.6680539146359834e-05,-0.01972788869030275,0.019038344769356674
ds005540,eegnet_lr1e3,total_minus_uncalibrated_prior,2,1,0.04743866985769157,-0.012632915025735979,0.10975636707915361,1985,-0.08346483196525745,0.1783421716806406,0.006167356916934874,-0.015845334465194667,0.026649907004804872
ds005540,eegnet_lr1e3,total_minus_uncalibrated_prior,2,2,0.06499720478833992,-0.01323145795811701,0.1297414020602578,1985,-0.0659062970346091,0.19590070661128894,0.0058524811580012714,-0.011499568009015854,0.023920572723302162
ds005540,eegnet_lr1e3,total_minus_uncalibrated_prior,2,4,0.07085269271316302,-0.016633997964191648,0.14468884305605825,1985,-0.060050809109785996,0.20175619453611204,0.005283376601950107,-0.01383709910597324,0.02339099832046339
ds005540,eegnet_lr1e3,total_minus_uncalibrated_prior,2,8,0.0624880149055862,-0.026211756261558028,0.1449251123095222,1985,-0.06841548691736282,0.19339151672853522,0.005236364526940485,-0.014277779403297391,0.023127396746398216
ds005540,eegnet_lr1e3,total_minus_uncalibrated_prior,4,0,0.2030450294855895,0.08319590561543688,0.25569483628198036,1985,0.07214152766264048,0.3339485313085385,-0.01162610811495371,-0.031176892227213295,0.006903769930758464
ds005540,eegnet_lr1e3,total_minus_uncalibrated_prior,4,1,0.08173131415828377,0.0172242004324065,0.1420914261842544,1985,-0.049172187664665246,0.2126348159812328,-0.003957055970967377,-0.02365916930995952,0.014656794806130358
ds005540,eegnet_lr1e3,total_minus_uncalibrated_prior,4,2,0.11601338346998014,0.03612571019156572,0.17828093478374346,1985,-0.014890118352968884,0.24691688529292916,-0.006055589379646703,-0.02296490515129429,0.010773907442198631
ds005540,eegnet_lr1e3,total_minus_uncalibrated_prior,4,4,0.13421543279941556,0.04640832512106135,0.20484176855173322,1985,0.0033119309764665372,0.2651189346223646,-0.012440601232638598,-0.03150658681695892,0.0053274127790688824
ds005540,eegnet_lr1e3,total_minus_uncalibrated_prior,4,8,0.13528202485390106,0.043912075347136086,0.21118391016042068,1985,0.004378523030952042,0.2661855266768501,-0.011617285742981709,-0.030278687942209993,0.0061220005615563785
ds005540,eegnet_lr1e3,total_minus_uncalibrated_prior,8,0,0.20655346077516296,0.08671387449144066,0.2538497536562156,1985,0.07564995895221394,0.337456962598112,-0.020507774765894465,-0.03849801499953429,-0.0035423468900117674
ds005540,eegnet_lr1e3,total_minus_uncalibrated_prior,8,1,0.08391766442786025,0.020838966856178056,0.1395636302863992,1985,-0.04698583739508877,0.21482116625080927,-0.008847719632693457,-0.026429111087902024,0.007890026315551746
ds005540,eegnet_lr1e3,total_minus_uncalibrated_prior,8,2,0.11974324888923571,0.03735881026693781,0.17367851153947156,1985,-0.01116025293371331,0.25064675071218473,-0.010674871703832911,-0.027035171611291403,0.005329352653755973
ds005540,eegnet_lr1e3,total_minus_uncalibrated_prior,8,4,0.13638215656158398,0.04771343472611074,0.19723519042063808,1985,0.005478654738634958,0.267285658384533,-0.013772484130696344,-0.031066978395911365,0.0031506591033189793
ds005540,eegnet_lr1e3,total_minus_uncalibrated_prior,8,8,0.1400196160268249,0.052051074720877444,0.20871457791384765,1985,0.009116114203875869,0.2709231178497739,-0.017487552589208033,-0.034515044062260025,-0.0008973613873485411
ds005540,eegnet_lr1e4,eeg_added_population,0,0,9.451601949281833e-05,-0.007360991322359105,0.007473704062320273,1985,-0.008534505987082011,0.008723538026067647,-0.00019046275288170378,-0.001441636997842838,0.0010614185295403696
ds005540,eegnet_lr1e4,eeg_added_population,0,1,-0.0011435468087852563,-0.004710794145806796,0.002772079795299155,1985,-0.009772568815360086,0.007485475197789573,0.0008739442461774827,-0.00020621927135697216,0.0019418005981474526
ds005540,eegnet_lr1e4,eeg_added_population,0,2,-0.0011919009952656712,-0.006812985355506196,0.0050303599860352915,1985,-0.0098209230018405,0.007437121011309158,0.00011160595394479889,-0.0010878962067531583,0.001343585172588579
ds005540,eegnet_lr1e4,eeg_added_population,0,4,0.0008954724023291227,-0.0067668349348484315,0.008043510468071962,1985,-0.007733549604245707,0.009524494408903952,1.4773884708219054e-05,-0.0013760366375959842,0.0014114419211976447
ds005540,eegnet_lr1e4,eeg_added_population,0,8,0.0005017600531075916,-0.005541232773910576,0.006298053724477335,1985,-0.008127261953467238,0.009130782059682421,-0.00038365363323789037,-0.0015519494076899232,0.000802191010852332
ds005540,eegnet_lr1e4,eeg_added_population,1,0,9.451601949281833e-05,-0.007360991322359105,0.007473704062320273,1985,-0.008534505987082011,0.008723538026067647,-0.00019046275288170378,-0.001441636997842838,0.0010614185295403696
ds005540,eegnet_lr1e4,eeg_added_population,1,1,-0.0011435468087852563,-0.004710794145806796,0.002772079795299155,1985,-0.009772568815360086,0.007485475197789573,0.0008739442461774827,-0.00020621927135697216,0.0019418005981474526
ds005540,eegnet_lr1e4,eeg_added_population,1,2,-0.0011919009952656712,-0.006812985355506196,0.0050303599860352915,1985,-0.0098209230018405,0.007437121011309158,0.00011160595394479889,-0.0010878962067531583,0.001343585172588579
ds005540,eegnet_lr1e4,eeg_added_population,1,4,0.0008954724023291227,-0.0067668349348484315,0.008043510468071962,1985,-0.007733549604245707,0.009524494408903952,1.4773884708219054e-05,-0.0013760366375959842,0.0014114419211976447
ds005540,eegnet_lr1e4,eeg_added_population,1,8,0.0005017600531075916,-0.005541232773910576,0.006298053724477335,1985,-0.008127261953467238,0.009130782059682421,-0.00038365363323789037,-0.0015519494076899232,0.000802191010852332
ds005540,eegnet_lr1e4,eeg_added_population,2,0,9.451601949281833e-05,-0.007360991322359105,0.007473704062320273,1985,-0.008534505987082011,0.008723538026067647,-0.00019046275288170378,-0.001441636997842838,0.0010614185295403696
ds005540,eegnet_lr1e4,eeg_added_population,2,1,-0.0011435468087852563,-0.004710794145806796,0.002772079795299155,1985,-0.009772568815360086,0.007485475197789573,0.0008739442461774827,-0.00020621927135697216,0.0019418005981474526
ds005540,eegnet_lr1e4,eeg_added_population,2,2,-0.0011919009952656712,-0.006812985355506196,0.0050303599860352915,1985,-0.0098209230018405,0.007437121011309158,0.00011160595394479889,-0.0010878962067531583,0.001343585172588579
ds005540,eegnet_lr1e4,eeg_added_population,2,4,0.0008954724023291227,-0.0067668349348484315,0.008043510468071962,1985,-0.007733549604245707,0.009524494408903952,1.4773884708219054e-05,-0.0013760366375959842,0.0014114419211976447
ds005540,eegnet_lr1e4,eeg_added_population,2,8,0.0005017600531075916,-0.005541232773910576,0.006298053724477335,1985,-0.008127261953467238,0.009130782059682421,-0.00038365363323789037,-0.0015519494076899232,0.000802191010852332
ds005540,eegnet_lr1e4,eeg_added_population,4,0,9.451601949281833e-05,-0.007360991322359105,0.007473704062320273,1985,-0.008534505987082011,0.008723538026067647,-0.00019046275288170378,-0.001441636997842838,0.0010614185295403696
ds005540,eegnet_lr1e4,eeg_added_population,4,1,-0.0011435468087852563,-0.004710794145806796,0.002772079795299155,1985,-0.009772568815360086,0.007485475197789573,0.0008739442461774827,-0.00020621927135697216,0.0019418005981474526
ds005540,eegnet_lr1e4,eeg_added_population,4,2,-0.0011919009952656712,-0.006812985355506196,0.0050303599860352915,1985,-0.0098209230018405,0.007437121011309158,0.00011160595394479889,-0.0010878962067531583,0.001343585172588579
ds005540,eegnet_lr1e4,eeg_added_population,4,4,0.0008954724023291227,-0.0067668349348484315,0.008043510468071962,1985,-0.007733549604245707,0.009524494408903952,1.4773884708219054e-05,-0.0013760366375959842,0.0014114419211976447
ds005540,eegnet_lr1e4,eeg_added_population,4,8,0.0005017600531075916,-0.005541232773910576,0.006298053724477335,1985,-0.008127261953467238,0.009130782059682421,-0.00038365363323789037,-0.0015519494076899232,0.000802191010852332
ds005540,eegnet_lr1e4,eeg_added_population,8,0,9.451601949281833e-05,-0.007360991322359105,0.007473704062320273,1985,-0.008534505987082011,0.008723538026067647,-0.00019046275288170378,-0.001441636997842838,0.0010614185295403696
ds005540,eegnet_lr1e4,eeg_added_population,8,1,-0.0011435468087852563,-0.004710794145806796,0.002772079795299155,1985,-0.009772568815360086,0.007485475197789573,0.0008739442461774827,-0.00020621927135697216,0.0019418005981474526
ds005540,eegnet_lr1e4,eeg_added_population,8,2,-0.0011919009952656712,-0.006812985355506196,0.0050303599860352915,1985,-0.0098209230018405,0.007437121011309158,0.00011160595394479889,-0.0010878962067531583,0.001343585172588579
ds005540,eegnet_lr1e4,eeg_added_population,8,4,0.0008954724023291227,-0.0067668349348484315,0.008043510468071962,1985,-0.007733549604245707,0.009524494408903952,1.4773884708219054e-05,-0.0013760366375959842,0.0014114419211976447
ds005540,eegnet_lr1e4,eeg_added_population,8,8,0.0005017600531075916,-0.005541232773910576,0.006298053724477335,1985,-0.008127261953467238,0.009130782059682421,-0.00038365363323789037,-0.0015519494076899232,0.000802191010852332
ds005540,eegnet_lr1e4,eeg_added_matched_calibration,0,0,9.451601949281833e-05,-0.007360991322359105,0.007473704062320273,1985,-0.009077062286541775,0.009266094325527411,-0.00019046275288170378,-0.001441636997842838,0.0010614185295403696
ds005540,eegnet_lr1e4,eeg_added_matched_calibration,0,1,-0.0011435468087852563,-0.004710794145806796,0.002772079795299155,1985,-0.01031512511481985,0.008028031497249337,0.0008739442461774827,-0.00020621927135697216,0.0019418005981474526
ds005540,eegnet_lr1e4,eeg_added_matched_calibration,0,2,-0.0011919009952656712,-0.006812985355506196,0.0050303599860352915,1985,-0.010363479301300264,0.007979677310768922,0.00011160595394479889,-0.0010878962067531583,0.001343585172588579
ds005540,eegnet_lr1e4,eeg_added_matched_calibration,0,4,0.0008954724023291227,-0.0067668349348484315,0.008043510468071962,1985,-0.00827610590370547,0.010067050708363716,1.4773884708219054e-05,-0.0013760366375959842,0.0014114419211976447
ds005540,eegnet_lr1e4,eeg_added_matched_calibration,0,8,0.0005017600531075916,-0.005541232773910576,0.006298053724477335,1985,-0.008669818252927002,0.009673338359142185,-0.00038365363323789037,-0.0015519494076899232,0.000802191010852332
ds005540,eegnet_lr1e4,eeg_added_matched_calibration,1,0,0.0009787614450659232,-0.003669142558079538,0.004642985618105791,1985,-0.00819281686096867,0.010150339751100516,0.0009614959614551999,-0.00025998180965937644,0.0022512618491792747
ds005540,eegnet_lr1e4,eeg_added_matched_calibration,1,1,-0.0002913641099440145,-0.0026442698338055457,0.0023704263854863006,1985,-0.009462942415978608,0.008880214196090579,0.0005120640441448332,-0.0006886655444527989,0.001810311007910813
ds005540,eegnet_lr1e4,eeg_added_matched_calibration,1,2,0.0003776469129940785,-0.0028067428588390065,0.004243445891231433,1985,-0.008793931393040515,0.009549225219028672,0.0006100554845829276,-0.0007628632877480779,0.00204287338280305
ds005540,eegnet_lr1e4,eeg_added_matched_calibration,1,4,0.00038692582032107126,-0.0036605514643609505,0.005061365284816586,1985,-0.008784652485713522,0.009558504126355664,0.0009946443516228864,-0.0006141082480884186,0.0027121300518975593
ds005540,eegnet_lr1e4,eeg_added_matched_calibration,1,8,-0.0005741233086611897,-0.004068947141400081,0.0033108534312257572,1985,-0.009745701614695783,0.008597454997373404,0.0008029162546381863,-0.0006032021715526136,0.0023009239821767612
ds005540,eegnet_lr1e4,eeg_added_matched_calibration,2,0,0.001440932475297918,-0.004176028244511904,0.007115564980820513,1985,-0.007730645830736675,0.010612510781332511,0.00012265057857666073,-0.0008882957232502709,0.0011215113313377861
ds005540,eegnet_lr1e4,eeg_added_matched_calibration,2,1,-5.7276890182755835e-05,-0.002210643848223115,0.003146425064382407,1985,-0.009228855196217349,0.009114301415851837,0.0001710465972483144,-0.0007897848271839092,0.0011683275785221207
ds005540,eegnet_lr1e4,eeg_added_matched_calibration,2,2,0.0004459116055381962,-0.002536457361615563,0.004773644583137671,1985,-0.008725666700496397,0.00961748991157279,-0.0002544108278524082,-0.0014277520698038892,0.0009482213756792584
ds005540,eegnet_lr1e4,eeg_added_matched_calibration,2,4,0.0008927425719330584,-0.0030384732938812274,0.006711030856047391,1985,-0.008278835734101535,0.010064320877967652,1.44179559609936e-05,-0.0015393963626081086,0.0017230944666748222
ds005540,eegnet_lr1e4,eeg_added_matched_calibration,2,8,0.0005179826557006884,-0.0029708825049509003,0.0052552256574924,1985,-0.008653595650333905,0.009689560961735282,-0.00028587120077566697,-0.0014605720386552778,0.0008675813965386798
ds005540,eegnet_lr1e4,eeg_added_matched_calibration,4,0,0.0006344123283586189,-0.005246618363194155,0.006507621941831957,1985,-0.008537165977675974,0.009805990634393212,0.00010636946223735455,-0.0009126280026623357,0.0011035349463083036
ds005540,eegnet_lr1e4,eeg_added_matched_calibration,4,1,-5.525966408859162e-05,-0.002198197555771564,0.002779437256679061,1985,-0.009226837970123185,0.009116318641946002,0.0002945390215721433,-0.0006842834383222529,0.0013120052153646347
ds005540,eegnet_lr1e4,eeg_added_matched_calibration,4,2,0.0005418900045287556,-0.002192100630750016,0.0043227396968324155,1985,-0.008629688301505838,0.009713468310563349,-0.00016977661715164571,-0.0013355373507721868,0.0011016292843893324
ds005540,eegnet_lr1e4,eeg_added_matched_calibration,4,4,0.0009714091655123047,-0.003191604140479631,0.006345146537395818,1985,-0.008200169140522288,0.010142987471546898,0.0003325098271790561,-0.0009935727696389284,0.001981840717970451
ds005540,eegnet_lr1e4,eeg_added_matched_calibration,4,8,0.0002749966576880425,-0.003151443438067747,0.004686649237224569,1985,-0.00889658164834655,0.009446574963722636,0.00011640300054149844,-0.0009846022636598006,0.0012962769998619782
ds005540,eegnet_lr1e4,eeg_added_matched_calibration,8,0,0.0005569928975092397,-0.005420243024641741,0.0066018455004064665,1985,-0.008614585408525353,0.009728571203543833,-7.273812871644303e-05,-0.0009311976672779609,0.000810986238426796
ds005540,eegnet_lr1e4,eeg_added_matched_calibration,8,1,-5.23318351795532e-05,-0.002180957516357762,0.0026387561386672074,1985,-0.009223910141214146,0.00911924647085504,0.00022818502418939235,-0.0006931628725229233,0.0011705050016033555
ds005540,eegnet_lr1e4,eeg_added_matched_calibration,8,2,0.0004412984342754278,-0.002511071825404931,0.004339345564791273,1985,-0.008730279871759165,0.009612876740310021,-0.00015758648538760633,-0.0011664351462155054,0.0009930131489106976
ds005540,eegnet_lr1e4,eeg_added_matched_calibration,8,4,0.0006420674297662465,-0.003924413053718356,0.006178599722050415,1985,-0.008529510876268347,0.00981364573580084,0.00025384252905127913,-0.001072678643334779,0.0017726694282927556
ds005540,eegnet_lr1e4,eeg_added_matched_calibration,8,8,4.064430475203551e-05,-0.003973381035524848,0.004282991620325038,1985,-0.009130934001282558,0.009212222610786629,0.00013661224504296632,-0.0008295175945225441,0.0012250915824376088
ds005540,eegnet_lr1e4,prior_calibration_gain,0,0,0.0,0.0,0.0,1985,-0.12964144783171755,0.12964144783171755,0.0,0.0,0.0
ds005540,eegnet_lr1e4,prior_calibration_gain,0,1,0.0,0.0,0.0,1985,-0.12964144783171755,0.12964144783171755,0.0,0.0,0.0
ds005540,eegnet_lr1e4,prior_calibration_gain,0,2,0.0,0.0,0.0,1985,-0.12964144783171755,0.12964144783171755,0.0,0.0,0.0
ds005540,eegnet_lr1e4,prior_calibration_gain,0,4,0.0,0.0,0.0,1985,-0.12964144783171755,0.12964144783171755,0.0,0.0,0.0
ds005540,eegnet_lr1e4,prior_calibration_gain,0,8,0.0,0.0,0.0,1985,-0.12964144783171755,0.12964144783171755,0.0,0.0,0.0
ds005540,eegnet_lr1e4,prior_calibration_gain,1,0,0.13942400367279775,0.030055573349924678,0.22053109619355407,1985,0.009782555841080204,0.26906545150451533,0.03201684061263571,0.0003642588280082461,0.06583769209801325
ds005540,eegnet_lr1e4,prior_calibration_gain,1,1,0.020243552285919175,-0.04387080338370242,0.10765660979503089,1985,-0.10939789554579837,0.14988500011763672,0.02546006133935047,-0.007499369482641527,0.056155685125902216
ds005540,eegnet_lr1e4,prior_calibration_gain,1,2,0.005696107559400199,-0.0772000957914773,0.1147210204042904,1985,-0.12394534027231735,0.13533755539111775,0.033865302417263154,0.006495552330808868,0.06217133273679836
ds005540,eegnet_lr1e4,prior_calibration_gain,1,4,0.0004809728596645302,-0.08484395652285767,0.10703064859921084,1985,-0.12916047497205302,0.13012242069138208,0.03683681285014001,0.008329185213479319,0.06576533600561434
ds005540,eegnet_lr1e4,prior_calibration_gain,1,8,-0.0051155723635893935,-0.09829679607768674,0.10680977948939302,1985,-0.13475702019530694,0.12452587546812816,0.03864008458672469,0.011599101300524068,0.067840435549861
ds005540,eegnet_lr1e4,prior_calibration_gain,2,0,0.13636464028270495,0.02962285432234244,0.19991666130958421,1985,0.006723192450987403,0.2660060881144225,-0.0002692030614430685,-0.020287347194004574,0.0185792397167576
ds005540,eegnet_lr1e4,prior_calibration_gain,2,1,0.04876702860725174,-0.011257399245952704,0.11148509727741061,1985,-0.08087441922446581,0.1784084764389693,0.005938020076857842,-0.016151488723694596,0.02611563098892757
ds005540,eegnet_lr1e4,prior_calibration_gain,2,2,0.06686990454262631,-0.01157507915955378,0.13190762764012023,1985,-0.06277154328909124,0.19651135237434386,0.00607292469070958,-0.011735057205598292,0.02371962024540457
ds005540,eegnet_lr1e4,prior_calibration_gain,2,4,0.07111753358757883,-0.015420549331539645,0.14446546114598502,1985,-0.05852391424413872,0.20075898141929638,0.005010298045500239,-0.014118374746985041,0.023603498203891758
ds005540,eegnet_lr1e4,prior_calibration_gain,2,8,0.06521585154998333,-0.024149019716679508,0.14671562893080706,1985,-0.06442559628173422,0.19485729938170088,0.004622578479073547,-0.015413457954983329,0.022677893732485577
ds005540,eegnet_lr1e4,prior_calibration_gain,4,0,0.20127149421980242,0.08385164226010731,0.25314271767327406,1985,0.07163004638808487,0.33091294205152,-0.011251346838891368,-0.030089119187609766,0.007087191494812889
ds005540,eegnet_lr1e4,prior_calibration_gain,4,1,0.08258857941847991,0.018825341582174637,0.1421794345720297,1985,-0.047052868413237636,0.21223002725019746,-0.004407244157308032,-0.02419070422594191,0.014037350759748312
ds005540,eegnet_lr1e4,prior_calibration_gain,4,2,0.11641943695711388,0.03621173088706679,0.17585161057132867,1985,-0.013222010874603674,0.24606088478883142,-0.005772317024803769,-0.022705765912425596,0.010549081106348277
ds005540,eegnet_lr1e4,prior_calibration_gain,4,4,0.1352813300886601,0.04703119470619983,0.203735316579548,1985,0.005639882256942563,0.26492277792037766,-0.012757864757073328,-0.031116127334599564,0.005127807430747128
ds005540,eegnet_lr1e4,prior_calibration_gain,4,8,0.1367388112033453,0.044593283916755856,0.2116597617827632,1985,0.007097363371627752,0.26638025903506285,-0.011765905224174755,-0.03064983779415826,0.005789122667262151
ds005540,eegnet_lr1e4,prior_calibration_gain,8,0,0.20355097551998702,0.08804728028094955,0.25064802730503327,1985,0.07390952768826947,0.33319242335170457,-0.019993443667244842,-0.037642784111572125,-0.0031981293460006904
ds005540,eegnet_lr1e4,prior_calibration_gain,8,1,0.08449360488325314,0.02190941046737287,0.13928509149111928,1985,-0.04514784294846441,0.2141350527149707,-0.009241721490872629,-0.026633092547709302,0.0071236835422332926
ds005540,eegnet_lr1e4,prior_calibration_gain,8,2,0.12036093581954399,0.039603614951706015,0.17279222787698628,1985,-0.009280512012173558,0.25000238365126154,-0.010701759852282056,-0.02660653908130204,0.005194076290189093
ds005540,eegnet_lr1e4,prior_calibration_gain,8,4,0.1375631677299794,0.049367989301631644,0.19640303499942785,1985,0.007921719898261848,0.26720461556169695,-0.014330020618839284,-0.03139756626168118,0.0024842034215487078
ds005540,eegnet_lr1e4,prior_calibration_gain,8,8,0.14200573328791455,0.05340804319710259,0.21016516611177943,1985,0.012364285456197,0.2716471811196321,-0.017825760202544838,-0.03491184377932493,-0.0012543020884290242
ds005540,eegnet_lr1e4,combined_calibration_gain,0,0,0.0,0.0,0.0,1985,-0.1317166093985491,0.1317166093985491,0.0,0.0,0.0
ds005540,eegnet_lr1e4,combined_calibration_gain,0,1,0.0,0.0,0.0,1985,-0.1317166093985491,0.1317166093985491,0.0,0.0,0.0
ds005540,eegnet_lr1e4,combined_calibration_gain,0,2,0.0,0.0,0.0,1985,-0.1317166093985491,0.1317166093985491,0.0,0.0,0.0
ds005540,eegnet_lr1e4,combined_calibration_gain,0,4,0.0,0.0,0.0,1985,-0.1317166093985491,0.1317166093985491,0.0,0.0,0.0
ds005540,eegnet_lr1e4,combined_calibration_gain,0,8,0.0,0.0,0.0,1985,-0.1317166093985491,0.1317166093985491,0.0,0.0,0.0
ds005540,eegnet_lr1e4,combined_calibration_gain,1,0,0.14030824909837086,0.030044792534918624,0.22029666845650392,1985,0.008591639699821768,0.27202485849691993,0.033168799326972614,0.0008652720321914835,0.06725063803566021
ds005540,eegnet_lr1e4,combined_calibration_gain,1,1,0.021095734984760417,-0.0431514716112323,0.10920775261868036,1985,-0.11062087441378868,0.1528123443833095,0.02509818113731782,-0.008112615698664654,0.055675153054523994
ds005540,eegnet_lr1e4,combined_calibration_gain,1,2,0.007265655467659948,-0.07590572676647815,0.11617299652964505,1985,-0.12445095393088915,0.13898226486620904,0.03436375194790128,0.007069021154757516,0.06315489946847715
ds005540,eegnet_lr1e4,combined_calibration_gain,1,4,-2.757372234352129e-05,-0.08583431279321659,0.10695857312513257,1985,-0.13174418312089262,0.13168903567620557,0.03781668331705468,0.009322372133202588,0.06731390425383621
ds005540,eegnet_lr1e4,combined_calibration_gain,1,8,-0.006191455725358175,-0.09903489416684849,0.10557419259648917,1985,-0.13790806512390727,0.12552515367319092,0.039826654474600764,0.011953569025185068,0.06935751655460524
ds005540,eegnet_lr1e4,combined_calibration_gain,2,0,0.13771105673851006,0.02988364942850051,0.20329427889241097,1985,0.005994447339960962,0.26942766613705915,4.3910270015296016e-05,-0.01981305609079399,0.019028685854538836
ds005540,eegnet_lr1e4,combined_calibration_gain,2,1,0.04985329852585424,-0.010087285288786229,0.11367821475092184,1985,-0.08186331087269486,0.18156990792440333,0.0052351224279286734,-0.016874339061216388,0.025426135711837994
ds005540,eegnet_lr1e4,combined_calibration_gain,2,2,0.06850771714343018,-0.010736710264797321,0.13533933969416917,1985,-0.06320889225511891,0.20022432654197928,0.005706907908912373,-0.012617961105252356,0.023962425090866935
ds005540,eegnet_lr1e4,combined_calibration_gain,2,4,0.07111480375718277,-0.01613774491729878,0.14600024117096067,1985,-0.06060180564136633,0.20283141315573186,0.005009942116753013,-0.01402937946404742,0.02399226458064981
ds005540,eegnet_lr1e4,combined_calibration_gain,2,8,0.06523207415257642,-0.02472456076183881,0.14997834603255045,1985,-0.06648453524597267,0.19694868355112552,0.00472036091153577,-0.01566840311588516,0.023356699122977734
ds005540,eegnet_lr1e4,combined_calibration_gain,4,0,0.20181139052866823,0.08217807760993334,0.25394076370707974,1985,0.07009478113011913,0.3335279999272173,-0.01095451462377231,-0.02992602753314963,0.0076687666247639424
ds005540,eegnet_lr1e4,combined_calibration_gain,4,1,0.08367686656317658,0.019177867600378196,0.1433769375248194,1985,-0.04803974283537252,0.21539347596172567,-0.004986649381913372,-0.025022138063703674,0.013514827277571986
ds005540,eegnet_lr1e4,combined_calibration_gain,4,2,0.1181532279569083,0.03633029182418742,0.17910124284046025,1985,-0.013563381441640793,0.2498698373554574,-0.006053699595900214,-0.023298570262560013,0.010491636554578437
ds005540,eegnet_lr1e4,combined_calibration_gain,4,4,0.1353572668518433,0.046264790206680305,0.2068534804196154,1985,0.0036406574532941993,0.26707387625039236,-0.012440128814602491,-0.03127536482724822,0.005304841711155553
ds005540,eegnet_lr1e4,combined_calibration_gain,4,8,0.13651204780792575,0.043463925221433074,0.2133153422468236,1985,0.004795438409376657,0.2682286572064748,-0.011265848590395366,-0.02982980574910298,0.006227542145568121
ds005540,eegnet_lr1e4,combined_calibration_gain,8,0,0.20401345239800345,0.08581792617103348,0.2503717750923917,1985,0.07229684299945435,0.3357300617965525,-0.01987571904307958,-0.037499391478178885,-0.0032194884774931903
ds005540,eegnet_lr1e4,combined_calibration_gain,8,1,0.08558481985685884,0.022479706591979308,0.14082226781379198,1985,-0.046131789541690255,0.21730142925540794,-0.009887480712860719,-0.02746025395321112,0.006817844011273395
ds005540,eegnet_lr1e4,combined_calibration_gain,8,2,0.12199413524908509,0.0400063372852386,0.17493535087523965,1985,-0.009722474149464005,0.2537107446476342,-0.01097095229161446,-0.026686089171893634,0.004968994627105081
ds005540,eegnet_lr1e4,combined_calibration_gain,8,4,0.13730976275741652,0.04826694390609922,0.19839976802060813,1985,0.005593153358867425,0.2690263721559656,-0.014090951974496224,-0.031243473862721964,0.0025235496564974674
ds005540,eegnet_lr1e4,combined_calibration_gain,8,8,0.141544617539559,0.051535745259192814,0.21046337968888693,1985,0.009828008141009897,0.27326122693810806,-0.01730549432426398,-0.03443466914782868,-0.0009274622553925268
ds005540,eegnet_lr1e4,total_minus_uncalibrated_prior,0,0,9.451601949281833e-05,-0.007360991322359105,0.007473704062320273,1985,-0.13043791818725065,0.13062695022623627,-0.00019046275288170378,-0.001441636997842838,0.0010614185295403696
ds005540,eegnet_lr1e4,total_minus_uncalibrated_prior,0,1,-0.0011435468087852563,-0.004710794145806796,0.002772079795299155,1985,-0.13167598101552871,0.1293888873979582,0.0008739442461774827,-0.00020621927135697216,0.0019418005981474526
ds005540,eegnet_lr1e4,total_minus_uncalibrated_prior,0,2,-0.0011919009952656712,-0.006812985355506196,0.0050303599860352915,1985,-0.13172433520200913,0.1293405332114778,0.00011160595394479889,-0.0010878962067531583,0.001343585172588579
ds005540,eegnet_lr1e4,total_minus_uncalibrated_prior,0,4,0.0008954724023291227,-0.0067668349348484315,0.008043510468071962,1985,-0.12963696180441434,0.13142790660907258,1.4773884708219054e-05,-0.0013760366375959842,0.0014114419211976447
ds005540,eegnet_lr1e4,total_minus_uncalibrated_prior,0,8,0.0005017600531075916,-0.005541232773910576,0.006298053724477335,1985,-0.13003067415363587,0.13103419425985105,-0.00038365363323789037,-0.0015519494076899232,0.000802191010852332
ds005540,eegnet_lr1e4,total_minus_uncalibrated_prior,1,0,0.14040276511786368,0.030692179718597612,0.22031260510763853,1985,0.009870330911120218,0.27093519932460713,0.03297833657409091,0.0010874465209283037,0.06723954432147762
ds005540,eegnet_lr1e4,total_minus_uncalibrated_prior,1,1,0.01995218817597516,-0.043688024084514734,0.10720874298397114,1985,-0.1105802460307683,0.15048462238271862,0.025972125383495304,-0.0072567751709983475,0.05686380673280834
ds005540,eegnet_lr1e4,total_minus_uncalibrated_prior,1,2,0.006073754472394277,-0.07583643858888198,0.11414866205961897,1985,-0.12445867973434918,0.13660618867913774,0.03447535790184608,0.00725742265461235,0.06292478047398428
ds005540,eegnet_lr1e4,total_minus_uncalibrated_prior,1,4,0.0008678986799856014,-0.08301783136776852,0.10711519274226117,1985,-0.12966453552675786,0.13140033288672906,0.0378314572017629,0.009598890885269024,0.06677012424664297
ds005540,eegnet_lr1e4,total_minus_uncalibrated_prior,1,8,-0.005689695672250583,-0.09717846915960335,0.10659846471126676,1985,-0.13622212987899404,0.12484273853449288,0.039443000841362874,0.011975342311900389,0.06906523763949969
ds005540,eegnet_lr1e4,total_minus_uncalibrated_prior,2,0,0.13780557275800287,0.03186311523289926,0.20261317412908833,1985,0.0072731385512594116,0.2683380069647463,-0.00014655248286640776,-0.01985760090224528,0.01889248683772807
ds005540,eegnet_lr1e4,total_minus_uncalibrated_prior,2,1,0.04870975171706898,-0.010474621643338723,0.11213365556965796,1985,-0.08182268248967448,0.17924218592381244,0.006109066674106156,-0.016168224271462094,0.026641841784898763
ds005540,eegnet_lr1e4,total_minus_uncalibrated_prior,2,2,0.06731581614816451,-0.009445152437417191,0.1311668628830557,1985,-0.06321661805857895,0.19784825035490797,0.005818513862857172,-0.012236178144745414,0.023716536590003345
ds005540,eegnet_lr1e4,total_minus_uncalibrated_prior,2,4,0.07201027615951189,-0.012032910823734932,0.14616291514059876,1985,-0.05852215804723157,0.20254271036625535,0.005024716001461232,-0.013998526741673479,0.023723841216343116
ds005540,eegnet_lr1e4,total_minus_uncalibrated_prior,2,8,0.06573383420568402,-0.022880712216937195,0.14791744154317335,1985,-0.06479860000105944,0.19626626841242747,0.00433670727829788,-0.015660259631299266,0.02235251449616324
ds005540,eegnet_lr1e4,total_minus_uncalibrated_prior,4,0,0.20190590654816104,0.08474938338082115,0.25378134096969107,1985,0.07137347234141758,0.3324383407549045,-0.011144977376654014,-0.030135037878456693,0.006974097749699128
ds005540,eegnet_lr1e4,total_minus_uncalibrated_prior,4,1,0.08253331975439132,0.019006402675026336,0.1424192179738944,1985,-0.04799911445235214,0.21306575396113478,-0.004112705135735889,-0.024079640071731728,0.014584657100755691
ds005540,eegnet_lr1e4,total_minus_uncalibrated_prior,4,2,0.11696132696164263,0.037542797745084934,0.17722485969435486,1985,-0.013571107245100827,0.2474937611683861,-0.005942093641955415,-0.022953752977025628,0.010767881814805423
ds005540,eegnet_lr1e4,total_minus_uncalibrated_prior,4,4,0.13625273925417242,0.0477869268620254,0.20420061819966404,1985,0.0057203050474289585,0.2667851734609159,-0.012425354929894272,-0.03075301052017501,0.005004017109134032
ds005540,eegnet_lr1e4,total_minus_uncalibrated_prior,4,8,0.13701380786103334,0.045712989253601746,0.21152512389212835,1985,0.006481373654289885,0.2675462420677768,-0.011649502223633257,-0.030104516210297076,0.0056976924520276235
ds005540,eegnet_lr1e4,total_minus_uncalibrated_prior,8,0,0.20410796841749626,0.08908733555233925,0.25073941937484623,1985,0.0735755342107528,0.3346404026242397,-0.020066181795961285,-0.037613959242865314,-0.0031159218479217513
ds005540,eegnet_lr1e4,total_minus_uncalibrated_prior,8,1,0.08444127304807358,0.022386647001441894,0.13981013499043604,1985,-0.046091161158669874,0.21497370725481704,-0.009013536466683236,-0.026429521950903277,0.007596456538260967
ds005540,eegnet_lr1e4,total_minus_uncalibrated_prior,8,2,0.12080223425381942,0.04158221087115758,0.17286547220634474,1985,-0.00973019995292404,0.25133466846056285,-0.010859346337669662,-0.026703690920528135,0.00470207210758951
ds005540,eegnet_lr1e4,total_minus_uncalibrated_prior,8,4,0.13820523515974564,0.050991572840669776,0.196546803386981,1985,0.0076728009530021846,0.26873766936648913,-0.014076178089788005,-0.03047339849874072,0.002258875667969176
ds005540,eegnet_lr1e4,total_minus_uncalibrated_prior,8,8,0.14204637759266658,0.0553813361992281,0.210370191720804,1985,0.011513943385923125,0.27257881179941,-0.017689147957501872,-0.034185382553357194,-0.001763933957895519
ds005540,labram_ridge_base,eeg_added_population,0,0,-0.04332162573689061,-0.10603877292060654,0.043335031255859004,1985,-0.1287157476822352,0.04207249620845399,0.015216252901097987,0.0015543617830386437,0.02900716293946887
ds005540,labram_ridge_base,eeg_added_population,0,1,-0.03105849724316906,-0.0685537472265188,0.010864821292703346,1985,-0.11645261918851366,0.05433562470217554,0.014317977592955056,0.0007067585650070708,0.02823337467313018
ds005540,labram_ridge_base,eeg_added_population,0,2,-0.04551036076183834,-0.09396179160923473,0.010155215840346683,1985,-0.13090448270718294,0.039883761183506256,0.015661065687850945,0.0027641575716762013,0.028315876832504482
ds005540,labram_ridge_base,eeg_added_population,0,4,-0.050456143569953205,-0.10226305949324956,0.007689288000764282,1985,-0.1358502655152978,0.03493797837539139,0.01829769465008735,0.005483438830279769,0.03136107214271582
ds005540,labram_ridge_base,eeg_added_population,0,8,-0.06751768862494195,-0.13715154891866008,0.011056421657004559,1985,-0.15291181057028655,0.017876433320402646,0.02011707634753096,0.005803226114298066,0.03488860355131578
ds005540,labram_ridge_base,eeg_added_population,1,0,-0.04332162573689061,-0.10603877292060654,0.043335031255859004,1985,-0.1287157476822352,0.04207249620845399,0.015216252901097987,0.0015543617830386437,0.02900716293946887
ds005540,labram_ridge_base,eeg_added_population,1,1,-0.03105849724316906,-0.0685537472265188,0.010864821292703346,1985,-0.11645261918851366,0.05433562470217554,0.014317977592955056,0.0007067585650070708,0.02823337467313018
ds005540,labram_ridge_base,eeg_added_population,1,2,-0.04551036076183834,-0.09396179160923473,0.010155215840346683,1985,-0.13090448270718294,0.039883761183506256,0.015661065687850945,0.0027641575716762013,0.028315876832504482
ds005540,labram_ridge_base,eeg_added_population,1,4,-0.050456143569953205,-0.10226305949324956,0.007689288000764282,1985,-0.1358502655152978,0.03493797837539139,0.01829769465008735,0.005483438830279769,0.03136107214271582
ds005540,labram_ridge_base,eeg_added_population,1,8,-0.06751768862494195,-0.13715154891866008,0.011056421657004559,1985,-0.15291181057028655,0.017876433320402646,0.02011707634753096,0.005803226114298066,0.03488860355131578
ds005540,labram_ridge_base,eeg_added_population,2,0,-0.04332162573689061,-0.10603877292060654,0.043335031255859004,1985,-0.1287157476822352,0.04207249620845399,0.015216252901097987,0.0015543617830386437,0.02900716293946887
ds005540,labram_ridge_base,eeg_added_population,2,1,-0.03105849724316906,-0.0685537472265188,0.010864821292703346,1985,-0.11645261918851366,0.05433562470217554,0.014317977592955056,0.0007067585650070708,0.02823337467313018
ds005540,labram_ridge_base,eeg_added_population,2,2,-0.04551036076183834,-0.09396179160923473,0.010155215840346683,1985,-0.13090448270718294,0.039883761183506256,0.015661065687850945,0.0027641575716762013,0.028315876832504482
ds005540,labram_ridge_base,eeg_added_population,2,4,-0.050456143569953205,-0.10226305949324956,0.007689288000764282,1985,-0.1358502655152978,0.03493797837539139,0.01829769465008735,0.005483438830279769,0.03136107214271582
ds005540,labram_ridge_base,eeg_added_population,2,8,-0.06751768862494195,-0.13715154891866008,0.011056421657004559,1985,-0.15291181057028655,0.017876433320402646,0.02011707634753096,0.005803226114298066,0.03488860355131578
ds005540,labram_ridge_base,eeg_added_population,4,0,-0.04332162573689061,-0.10603877292060654,0.043335031255859004,1985,-0.1287157476822352,0.04207249620845399,0.015216252901097987,0.0015543617830386437,0.02900716293946887
ds005540,labram_ridge_base,eeg_added_population,4,1,-0.03105849724316906,-0.0685537472265188,0.010864821292703346,1985,-0.11645261918851366,0.05433562470217554,0.014317977592955056,0.0007067585650070708,0.02823337467313018
ds005540,labram_ridge_base,eeg_added_population,4,2,-0.04551036076183834,-0.09396179160923473,0.010155215840346683,1985,-0.13090448270718294,0.039883761183506256,0.015661065687850945,0.0027641575716762013,0.028315876832504482
ds005540,labram_ridge_base,eeg_added_population,4,4,-0.050456143569953205,-0.10226305949324956,0.007689288000764282,1985,-0.1358502655152978,0.03493797837539139,0.01829769465008735,0.005483438830279769,0.03136107214271582
ds005540,labram_ridge_base,eeg_added_population,4,8,-0.06751768862494195,-0.13715154891866008,0.011056421657004559,1985,-0.15291181057028655,0.017876433320402646,0.02011707634753096,0.005803226114298066,0.03488860355131578
ds005540,labram_ridge_base,eeg_added_population,8,0,-0.04332162573689061,-0.10603877292060654,0.043335031255859004,1985,-0.1287157476822352,0.04207249620845399,0.015216252901097987,0.0015543617830386437,0.02900716293946887
ds005540,labram_ridge_base,eeg_added_population,8,1,-0.03105849724316906,-0.0685537472265188,0.010864821292703346,1985,-0.11645261918851366,0.05433562470217554,0.014317977592955056,0.0007067585650070708,0.02823337467313018
ds005540,labram_ridge_base,eeg_added_population,8,2,-0.04551036076183834,-0.09396179160923473,0.010155215840346683,1985,-0.13090448270718294,0.039883761183506256,0.015661065687850945,0.0027641575716762013,0.028315876832504482
ds005540,labram_ridge_base,eeg_added_population,8,4,-0.050456143569953205,-0.10226305949324956,0.007689288000764282,1985,-0.1358502655152978,0.03493797837539139,0.01829769465008735,0.005483438830279769,0.03136107214271582
ds005540,labram_ridge_base,eeg_added_population,8,8,-0.06751768862494195,-0.13715154891866008,0.011056421657004559,1985,-0.15291181057028655,0.017876433320402646,0.02011707634753096,0.005803226114298066,0.03488860355131578
ds005540,labram_ridge_base,eeg_added_matched_calibration,0,0,-0.04332162573689061,-0.10603877292060654,0.043335031255859004,1985,-0.13717945433808626,0.05053620286430503,0.015216252901097987,0.0015543617830386437,0.02900716293946887
ds005540,labram_ridge_base,eeg_added_matched_calibration,0,1,-0.03105849724316906,-0.0685537472265188,0.010864821292703346,1985,-0.1249163258443647,0.06279933135802658,0.014317977592955056,0.0007067585650070708,0.02823337467313018
ds005540,labram_ridge_base,eeg_added_matched_calibration,0,2,-0.04551036076183834,-0.09396179160923473,0.010155215840346683,1985,-0.13936818936303397,0.0483474678393573,0.015661065687850945,0.0027641575716762013,0.028315876832504482
ds005540,labram_ridge_base,eeg_added_matched_calibration,0,4,-0.050456143569953205,-0.10226305949324956,0.007689288000764282,1985,-0.14431397217114883,0.043401685031242435,0.01829769465008735,0.005483438830279769,0.03136107214271582
ds005540,labram_ridge_base,eeg_added_matched_calibration,0,8,-0.06751768862494195,-0.13715154891866008,0.011056421657004559,1985,-0.16137551722613758,0.026340139976253688,0.02011707634753096,0.005803226114298066,0.03488860355131578
ds005540,labram_ridge_base,eeg_added_matched_calibration,1,0,-0.013893892522208073,-0.06480935512170408,0.04166454133112001,1985,-0.10775172112340371,0.07996393607898757,0.02270413393989959,0.0055357842075761995,0.04062475867000479
ds005540,labram_ridge_base,eeg_added_matched_calibration,1,1,-0.021158806099320415,-0.054862514898454576,0.014035978220816944,1985,-0.11501663470051605,0.07269902250187522,0.02179114624294709,0.0057263058615037886,0.038651554645891706
ds005540,labram_ridge_base,eeg_added_matched_calibration,1,2,-0.02641453547950312,-0.06636652321175701,0.01921246509249978,1985,-0.12027236408069876,0.06744329312169252,0.02242188833855152,0.006246644456696726,0.03958871421892928
ds005540,labram_ridge_base,eeg_added_matched_calibration,1,4,-0.030819321491757534,-0.07261123781454429,0.020844264926133584,1985,-0.12467715009295317,0.0630385071094381,0.01806537940433292,0.0007850991545090725,0.03486927317113509
ds005540,labram_ridge_base,eeg_added_matched_calibration,1,8,-0.032477116989560906,-0.10117715139951902,0.03867225793682756,1985,-0.12633494559075653,0.06138071161163473,0.018576126300116208,-0.005276116789549629,0.041549275429634845
ds005540,labram_ridge_base,eeg_added_matched_calibration,2,0,-0.024030947894484386,-0.07460863072091599,0.04338796445042187,1985,-0.11788877649568003,0.06982688070671125,0.01454318723499784,0.0021110676883310253,0.026951130347893898
ds005540,labram_ridge_base,eeg_added_matched_calibration,2,1,-0.016137144928415226,-0.05094805660172869,0.02429531037917322,1985,-0.10999497352961086,0.07772068367278041,0.008390611189225794,-0.006427924928958856,0.022946675208563697
ds005540,labram_ridge_base,eeg_added_matched_calibration,2,2,-0.023079343103046712,-0.06517191390915902,0.024705654154700125,1985,-0.11693717170424235,0.07077848549814893,0.011854834435405165,-0.0017970607289082784,0.02523138052562643
ds005540,labram_ridge_base,eeg_added_matched_calibration,2,4,-0.02958396653631501,-0.07098188389174098,0.019359840920913786,1985,-0.12344179513751065,0.06427386206488063,0.012742890546146746,-5.28844401511352e-05,0.025145189117862354
ds005540,labram_ridge_base,eeg_added_matched_calibration,2,8,-0.04301810356513802,-0.09776214711557786,0.023548799456539617,1985,-0.13687593216633365,0.05083972503605762,0.016452290054877028,0.0012090933088441946,0.03125762223673055
ds005540,labram_ridge_base,eeg_added_matched_calibration,4,0,-0.036328548808185035,-0.08351526174956168,0.030295157072630377,1985,-0.13018637740938066,0.057529279793010604,0.01644177809858477,0.0051874976335853865,0.02767007818193905
ds005540,labram_ridge_base,eeg_added_matched_calibration,4,1,-0.01866463260270218,-0.04997589107275437,0.013304492325471628,1985,-0.11252246120389782,0.07519319599849346,0.01227904331544677,-0.00015762981729851568,0.02466319758592433
ds005540,labram_ridge_base,eeg_added_matched_calibration,4,2,-0.0252840818886928,-0.0651529137621121,0.016383601385539893,1985,-0.11914191048988844,0.06857374671250284,0.011360758799955295,0.000189438155771865,0.022018163946257774
ds005540,labram_ridge_base,eeg_added_matched_calibration,4,4,-0.031024834987345762,-0.06798666874264156,0.012798195875032187,1985,-0.1248826635885414,0.06283299361384988,0.013121063595016247,0.002320291441506639,0.023216995231552687
ds005540,labram_ridge_base,eeg_added_matched_calibration,4,8,-0.04948030560099537,-0.10749387695496564,0.007639714868287646,1985,-0.143338134202191,0.04437752300020027,0.018021885844185792,0.004454832641175355,0.031234021809377552
ds005540,labram_ridge_base,eeg_added_matched_calibration,8,0,-0.031789928428429454,-0.08635469081430187,0.04106649065372412,1985,-0.1256477570296251,0.062067900172766186,0.013315671883965319,0.00307064529269922,0.023500571515049837
ds005540,labram_ridge_base,eeg_added_matched_calibration,8,1,-0.015723577968248748,-0.04858904085932978,0.01590395202011744,1985,-0.10958140656944439,0.07813425063294689,0.008361116409864089,-0.002517705065267839,0.019063541200749642
ds005540,labram_ridge_base,eeg_added_matched_calibration,8,2,-0.020651199977625878,-0.06417732165252547,0.02060128018260374,1985,-0.11450902857882152,0.07320662862356976,0.008872307429398735,-0.0016360470473554879,0.01960988945309056
ds005540,labram_ridge_base,eeg_added_matched_calibration,8,4,-0.027890039863413985,-0.07142046089438969,0.016345639582629606,1985,-0.12174786846460962,0.06596778873778165,0.009117086135560143,-0.0005612430373787169,0.018618194618423817
ds005540,labram_ridge_base,eeg_added_matched_calibration,8,8,-0.04586039818143106,-0.10980417264173695,0.013921248450537237,1985,-0.1397182267826267,0.04799743041976458,0.016364852878039515,0.003854514646429935,0.029131721153862686
ds005540,labram_ridge_base,prior_calibration_gain,0,0,0.0,0.0,0.0,1985,-0.12964144783171755,0.12964144783171755,0.0,0.0,0.0
ds005540,labram_ridge_base,prior_calibration_gain,0,1,0.0,0.0,0.0,1985,-0.12964144783171755,0.12964144783171755,0.0,0.0,0.0
ds005540,labram_ridge_base,prior_calibration_gain,0,2,0.0,0.0,0.0,1985,-0.12964144783171755,0.12964144783171755,0.0,0.0,0.0
ds005540,labram_ridge_base,prior_calibration_gain,0,4,0.0,0.0,0.0,1985,-0.12964144783171755,0.12964144783171755,0.0,0.0,0.0
ds005540,labram_ridge_base,prior_calibration_gain,0,8,0.0,0.0,0.0,1985,-0.12964144783171755,0.12964144783171755,0.0,0.0,0.0
ds005540,labram_ridge_base,prior_calibration_gain,1,0,0.13942400367279775,0.030055573349924678,0.22053109619355407,1985,0.009782555841080204,0.26906545150451533,0.03201684061263571,0.0003642588280082461,0.06583769209801325
ds005540,labram_ridge_base,prior_calibration_gain,1,1,0.020243552285919175,-0.04387080338370242,0.10765660979503089,1985,-0.10939789554579837,0.14988500011763672,0.02546006133935047,-0.007499369482641527,0.056155685125902216
ds005540,labram_ridge_base,prior_calibration_gain,1,2,0.005696107559400199,-0.0772000957914773,0.1147210204042904,1985,-0.12394534027231735,0.13533755539111775,0.033865302417263154,0.006495552330808868,0.06217133273679836
ds005540,labram_ridge_base,prior_calibration_gain,1,4,0.0004809728596645302,-0.08484395652285767,0.10703064859921084,1985,-0.12916047497205302,0.13012242069138208,0.03683681285014001,0.008329185213479319,0.06576533600561434
ds005540,labram_ridge_base,prior_calibration_gain,1,8,-0.0051155723635893935,-0.09829679607768674,0.10680977948939302,1985,-0.13475702019530694,0.12452587546812816,0.03864008458672469,0.011599101300524068,0.067840435549861
ds005540,labram_ridge_base,prior_calibration_gain,2,0,0.13636464028270495,0.02962285432234244,0.19991666130958421,1985,0.006723192450987403,0.2660060881144225,-0.0002692030614430685,-0.020287347194004574,0.0185792397167576
ds005540,labram_ridge_base,prior_calibration_gain,2,1,0.04876702860725174,-0.011257399245952704,0.11148509727741061,1985,-0.08087441922446581,0.1784084764389693,0.005938020076857842,-0.016151488723694596,0.02611563098892757
ds005540,labram_ridge_base,prior_calibration_gain,2,2,0.06686990454262631,-0.01157507915955378,0.13190762764012023,1985,-0.06277154328909124,0.19651135237434386,0.00607292469070958,-0.011735057205598292,0.02371962024540457
ds005540,labram_ridge_base,prior_calibration_gain,2,4,0.07111753358757883,-0.015420549331539645,0.14446546114598502,1985,-0.05852391424413872,0.20075898141929638,0.005010298045500239,-0.014118374746985041,0.023603498203891758
ds005540,labram_ridge_base,prior_calibration_gain,2,8,0.06521585154998333,-0.024149019716679508,0.14671562893080706,1985,-0.06442559628173422,0.19485729938170088,0.004622578479073547,-0.015413457954983329,0.022677893732485577
ds005540,labram_ridge_base,prior_calibration_gain,4,0,0.20127149421980242,0.08385164226010731,0.25314271767327406,1985,0.07163004638808487,0.33091294205152,-0.011251346838891368,-0.030089119187609766,0.007087191494812889
ds005540,labram_ridge_base,prior_calibration_gain,4,1,0.08258857941847991,0.018825341582174637,0.1421794345720297,1985,-0.047052868413237636,0.21223002725019746,-0.004407244157308032,-0.02419070422594191,0.014037350759748312
ds005540,labram_ridge_base,prior_calibration_gain,4,2,0.11641943695711388,0.03621173088706679,0.17585161057132867,1985,-0.013222010874603674,0.24606088478883142,-0.005772317024803769,-0.022705765912425596,0.010549081106348277
ds005540,labram_ridge_base,prior_calibration_gain,4,4,0.1352813300886601,0.04703119470619983,0.203735316579548,1985,0.005639882256942563,0.26492277792037766,-0.012757864757073328,-0.031116127334599564,0.005127807430747128
ds005540,labram_ridge_base,prior_calibration_gain,4,8,0.1367388112033453,0.044593283916755856,0.2116597617827632,1985,0.007097363371627752,0.26638025903506285,-0.011765905224174755,-0.03064983779415826,0.005789122667262151
ds005540,labram_ridge_base,prior_calibration_gain,8,0,0.20355097551998702,0.08804728028094955,0.25064802730503327,1985,0.07390952768826947,0.33319242335170457,-0.019993443667244842,-0.037642784111572125,-0.0031981293460006904
ds005540,labram_ridge_base,prior_calibration_gain,8,1,0.08449360488325314,0.02190941046737287,0.13928509149111928,1985,-0.04514784294846441,0.2141350527149707,-0.009241721490872629,-0.026633092547709302,0.0071236835422332926
ds005540,labram_ridge_base,prior_calibration_gain,8,2,0.12036093581954399,0.039603614951706015,0.17279222787698628,1985,-0.009280512012173558,0.25000238365126154,-0.010701759852282056,-0.02660653908130204,0.005194076290189093
ds005540,labram_ridge_base,prior_calibration_gain,8,4,0.1375631677299794,0.049367989301631644,0.19640303499942785,1985,0.007921719898261848,0.26720461556169695,-0.014330020618839284,-0.03139756626168118,0.0024842034215487078
ds005540,labram_ridge_base,prior_calibration_gain,8,8,0.14200573328791455,0.05340804319710259,0.21016516611177943,1985,0.012364285456197,0.2716471811196321,-0.017825760202544838,-0.03491184377932493,-0.0012543020884290242
ds005540,labram_ridge_base,combined_calibration_gain,0,0,0.0,0.0,0.0,1985,-0.15437253609033647,0.15437253609033647,0.0,0.0,0.0
ds005540,labram_ridge_base,combined_calibration_gain,0,1,0.0,0.0,0.0,1985,-0.15437253609033647,0.15437253609033647,0.0,0.0,0.0
ds005540,labram_ridge_base,combined_calibration_gain,0,2,0.0,0.0,0.0,1985,-0.15437253609033647,0.15437253609033647,0.0,0.0,0.0
ds005540,labram_ridge_base,combined_calibration_gain,0,4,0.0,0.0,0.0,1985,-0.15437253609033647,0.15437253609033647,0.0,0.0,0.0
ds005540,labram_ridge_base,combined_calibration_gain,0,8,0.0,0.0,0.0,1985,-0.15437253609033647,0.15437253609033647,0.0,0.0,0.0
ds005540,labram_ridge_base,combined_calibration_gain,1,0,0.16885173688748029,0.01541945594345632,0.26012271752717864,1985,0.01447920079714382,0.32322427297781675,0.03950472165143731,0.004586645724024274,0.07785724037623978
ds005540,labram_ridge_base,combined_calibration_gain,1,1,0.03014324342976782,-0.04731372943643789,0.12690665938316928,1985,-0.12422929266056865,0.18451577952010428,0.032933229989342505,-0.0007587873254691674,0.06632412378957744
ds005540,labram_ridge_base,combined_calibration_gain,1,2,0.02479193284173542,-0.07692270095084432,0.14450409013934987,1985,-0.12958060324860105,0.17916446893207189,0.04062612506796373,0.010296470770228062,0.07386778570115497
ds005540,labram_ridge_base,combined_calibration_gain,1,4,0.0201177949378602,-0.08223331506499744,0.14316925722778398,1985,-0.13425474115247626,0.17449033102819667,0.03660449760438558,0.004960501640877963,0.06943874918586493
ds005540,labram_ridge_base,combined_calibration_gain,1,8,0.029924999271791652,-0.08510034881961061,0.16035788824015568,1985,-0.12444753681854481,0.18429753536212812,0.037099134539309936,0.003660236334805134,0.07439102776678352
ds005540,labram_ridge_base,combined_calibration_gain,2,0,0.15565531812511116,0.02012587592251004,0.23881011613787556,1985,0.0012827820347746932,0.31002785421544765,-0.0009422687275432162,-0.025170473987186304,0.02473732256550389
ds005540,labram_ridge_base,combined_calibration_gain,2,1,0.06368838092200557,-0.00851232652110776,0.13865215640086298,1985,-0.0906841551683309,0.21806091701234204,1.065367312858001e-05,-0.023553716757367938,0.02308513638865919
ds005540,labram_ridge_base,combined_calibration_gain,2,2,0.08930092220141794,-0.010248754145256476,0.17530667816100334,1985,-0.06507161388891852,0.2436734582917544,0.0022666934382638004,-0.01924944546515762,0.025319906508833746
ds005540,labram_ridge_base,combined_calibration_gain,2,4,0.09198971062121702,-0.0130446582070741,0.18925195860364927,1985,-0.06238282546911944,0.2463622467115535,-0.0005445060584403638,-0.024521768453808535,0.023022853206403283
ds005540,labram_ridge_base,combined_calibration_gain,2,8,0.08971543660978726,-0.018354542386684512,0.19845941889870863,1985,-0.06465709948054921,0.24408797270012372,0.0009577921864196148,-0.022727635317205352,0.02436059752919669
ds005540,labram_ridge_base,combined_calibration_gain,4,0,0.208264571148508,0.07190786932423411,0.2755448469967713,1985,0.05389203505817153,0.36263710723884446,-0.010025821641404586,-0.0321103832074839,0.011415156930818343
ds005540,labram_ridge_base,combined_calibration_gain,4,1,0.09498244405894679,0.025478648849311815,0.1572039056957263,1985,-0.059390092031389674,0.24935498014928326,-0.006446178434816319,-0.026678485890639175,0.01346114505592051
ds005540,labram_ridge_base,combined_calibration_gain,4,2,0.13664571583025942,0.043981428196430854,0.21113219321487764,1985,-0.017726820260077047,0.2910182519205959,-0.010072623912699419,-0.028751766568391318,0.009401002101873345
ds005540,labram_ridge_base,combined_calibration_gain,4,4,0.15471263867126755,0.05232863143831903,0.23792709118462863,1985,0.0003401025809310898,0.309085174761604,-0.01793449581214443,-0.03879269088793836,0.0016847076688288147
ds005540,labram_ridge_base,combined_calibration_gain,4,8,0.15477619422729189,0.045181136597457,0.24969640401387455,1985,0.0004036581369554204,0.30914873031762835,-0.013861095727519923,-0.035634803833035765,0.0066717641316807455
ds005540,labram_ridge_base,combined_calibration_gain,8,0,0.21508267282844817,0.08106941747265137,0.2753110496270422,1985,0.06071013673811171,0.36945520891878464,-0.02189402468437751,-0.04183891377103256,-0.0017415277970093588
ds005540,labram_ridge_base,combined_calibration_gain,8,1,0.09982852415817345,0.02715659612177488,0.1612559918569386,1985,-0.05454401193216302,0.2542010602485099,-0.015198582673963595,-0.034115265383922434,0.002342353677832163
ds005540,labram_ridge_base,combined_calibration_gain,8,2,0.14522009660375645,0.04923587245950175,0.20782291897115807,1985,-0.00915243948658001,0.2995926326940929,-0.017490518110734266,-0.03517559794839881,0.0009391645558956151
ds005540,labram_ridge_base,combined_calibration_gain,8,4,0.16012927143651862,0.05552356177040461,0.23097043560347466,1985,0.005756735346182151,0.3145018075268551,-0.02351062913336649,-0.04266180310265094,-0.0046888570387163386
ds005540,labram_ridge_base,combined_calibration_gain,8,8,0.16366302373142544,0.05491184654218382,0.24247937985938178,1985,0.009290487641088974,0.3180355598217619,-0.021577983672036283,-0.041244126038446745,-0.002129270908906376
ds005540,labram_ridge_base,total_minus_uncalibrated_prior,0,0,-0.04332162573689061,-0.10603877292060654,0.043335031255859004,1985,-0.1831903472916514,0.09654709581787019,0.015216252901097987,0.0015543617830386437,0.02900716293946887
ds005540,labram_ridge_base,total_minus_uncalibrated_prior,0,1,-0.03105849724316906,-0.0685537472265188,0.010864821292703346,1985,-0.17092721879792985,0.10881022431159174,0.014317977592955056,0.0007067585650070708,0.02823337467313018
ds005540,labram_ridge_base,total_minus_uncalibrated_prior,0,2,-0.04551036076183834,-0.09396179160923473,0.010155215840346683,1985,-0.18537908231659914,0.09435836079292245,0.015661065687850945,0.0027641575716762013,0.028315876832504482
ds005540,labram_ridge_base,total_minus_uncalibrated_prior,0,4,-0.050456143569953205,-0.10226305949324956,0.007689288000764282,1985,-0.190324865124714,0.08941257798480759,0.01829769465008735,0.005483438830279769,0.03136107214271582
ds005540,labram_ridge_base,total_minus_uncalibrated_prior,0,8,-0.06751768862494195,-0.13715154891866008,0.011056421657004559,1985,-0.20738641017970275,0.07235103292981884,0.02011707634753096,0.005803226114298066,0.03488860355131578
ds005540,labram_ridge_base,total_minus_uncalibrated_prior,1,0,0.12553011115058968,0.012009089390479682,0.2061051610359823,1985,-0.014338610404171115,0.2653988327053505,0.0547209745525353,0.019706803817271922,0.09250065049397937
ds005540,labram_ridge_base,total_minus_uncalibrated_prior,1,1,-0.00091525381340124,-0.0735561087432596,0.09512454636132094,1985,-0.14078397536816203,0.13895346774135955,0.04725120758229756,0.012477572723091291,0.08190859341694114
ds005540,labram_ridge_base,total_minus_uncalibrated_prior,1,2,-0.020718427920102922,-0.1052476151197974,0.09593849326639046,1985,-0.16058714947486372,0.11915029363465787,0.056287190755814676,0.025953147032959673,0.08872211192388611
ds005540,labram_ridge_base,total_minus_uncalibrated_prior,1,4,-0.030338348632093004,-0.11999453729030585,0.08609421304196578,1985,-0.1702070701868538,0.10953037292266779,0.05490219225447293,0.022677524002155336,0.08649892145225817
ds005540,labram_ridge_base,total_minus_uncalibrated_prior,1,8,-0.0375926893531503,-0.13814103573939074,0.08608786452261158,1985,-0.1774614109079111,0.1022760322016105,0.057216210886840896,0.02348679310243639,0.09188056818834595
ds005540,labram_ridge_base,total_minus_uncalibrated_prior,2,0,0.11233369238822055,-0.004185950819120339,0.1926210972760931,1985,-0.027535029166540242,0.2522024139429814,0.014273984173554771,-0.009312578128001535,0.03798773578673212
ds005540,labram_ridge_base,total_minus_uncalibrated_prior,2,1,0.03262988367883651,-0.03497598800962269,0.10566522949170057,1985,-0.10723883787592428,0.1724986052335973,0.014328631266083636,-0.01125313165828119,0.03813742702003096
ds005540,labram_ridge_base,total_minus_uncalibrated_prior,2,2,0.0437905614395796,-0.04148820029821569,0.12154200582532194,1985,-0.0960781601151812,0.1836592829943404,0.017927759126114745,-0.0020664663846388484,0.039301132865628106
ds005540,labram_ridge_base,total_minus_uncalibrated_prior,2,4,0.04153356705126382,-0.049120224708082215,0.12728956692719628,1985,-0.09833515450349697,0.18140228860602461,0.017753188591646984,-0.0038819453159493643,0.03953703359241649
ds005540,labram_ridge_base,total_minus_uncalibrated_prior,2,8,0.022197747984845306,-0.07697067275111705,0.12728503713137704,1985,-0.11767097356991549,0.1620664695396061,0.021074868533950575,-0.001394700497204798,0.042082303829916026
ds005540,labram_ridge_base,total_minus_uncalibrated_prior,4,0,0.1649429454116174,0.04813736949718103,0.22497532851693086,1985,0.025074223856856592,0.3048116669663782,0.005190431259693401,-0.016625068648176734,0.026155447808848598
ds005540,labram_ridge_base,total_minus_uncalibrated_prior,4,1,0.06392394681577773,-0.0035451413708551646,0.12765339461971748,1985,-0.07594477473898306,0.20379266837053853,0.007871799158138737,-0.015858893572057987,0.030494284118534214
ds005540,labram_ridge_base,total_minus_uncalibrated_prior,4,2,0.09113535506842108,0.0062170414400866125,0.1567839077509445,1985,-0.04873336648633972,0.23100407662318187,0.005588441775151526,-0.013014734106396874,0.024913604368296916
ds005540,labram_ridge_base,total_minus_uncalibrated_prior,4,4,0.10425649510131435,0.01254779963615409,0.17676870821139914,1985,-0.035612226453446444,0.24412521665607514,0.0003631988379429185,-0.020606991983625755,0.020731923505816603
ds005540,labram_ridge_base,total_minus_uncalibrated_prior,4,8,0.08725850560234993,-0.021187640629732083,0.16954792420460923,1985,-0.05261021595241086,0.22712722715711073,0.006255980620011037,-0.015427524654311542,0.026477965645426763
ds005540,labram_ridge_base,total_minus_uncalibrated_prior,8,0,0.17176104709155757,0.05225215037302643,0.23484144298148837,1985,0.03189232553679677,0.31162976864631836,-0.006677771783279524,-0.026968455745041704,0.012447464020914893
ds005540,labram_ridge_base,total_minus_uncalibrated_prior,8,1,0.06877002691500439,0.0011588501148910304,0.1300782508493884,1985,-0.0710986946397564,0.20863874846976518,-0.0008806050810085397,-0.022880663229686283,0.0197316129395052
ds005540,labram_ridge_base,total_minus_uncalibrated_prior,8,2,0.09970973584191811,0.012524920474647793,0.15873064495634387,1985,-0.04015898571284268,0.2395784573966789,-0.0018294524228833209,-0.018795556872234685,0.015969777866374237
ds005540,labram_ridge_base,total_minus_uncalibrated_prior,8,4,0.10967312786656541,0.016815481605907602,0.17476636426496267,1985,-0.030195593688195382,0.2495418494213262,-0.005212934483279141,-0.02444179268720692,0.01275828037059947
ds005540,labram_ridge_base,total_minus_uncalibrated_prior,8,8,0.09614533510648349,-0.011612774698071825,0.17571113760242624,1985,-0.04372338644827731,0.23601405666124428,-0.0014609073245053228,-0.02186863965877276,0.017605035811990542
ds005540,labram_ridge_strong,eeg_added_population,0,0,-0.022924548047230653,-0.06880452058283898,0.03813757506095196,1985,-0.08046462057523501,0.03461552448077371,0.00558053457248428,-0.0026555541911633005,0.013983878145270884
ds005540,labram_ridge_strong,eeg_added_population,0,1,-0.01510739114625298,-0.04008411254993619,0.011359375039890495,1985,-0.07264746367425734,0.04243268138175138,0.007449226711165907,-0.0004089427928822331,0.014704630415085016
ds005540,labram_ridge_strong,eeg_added_population,0,2,-0.02178926356318256,-0.05531215762315887,0.014607836493847245,1985,-0.07932933609118692,0.0357508089648218,0.007326770881488226,-0.00028697607506132373,0.014876311627438958
ds005540,labram_ridge_strong,eeg_added_population,0,4,-0.022587737621387993,-0.061337248467286797,0.018945944137815623,1985,-0.08012781014939235,0.03495233490661637,0.00838256246090674,0.0009973664753527677,0.01615331559154093
ds005540,labram_ridge_strong,eeg_added_population,0,8,-0.02720958963509379,-0.07254685757242044,0.020825319882227206,1985,-0.08474966216309815,0.03033048289291057,0.007761556991634139,-0.00022385512111066085,0.015653131816760292
ds005540,labram_ridge_strong,eeg_added_population,1,0,-0.022924548047230653,-0.06880452058283898,0.03813757506095196,1985,-0.08046462057523501,0.03461552448077371,0.00558053457248428,-0.0026555541911633005,0.013983878145270884
ds005540,labram_ridge_strong,eeg_added_population,1,1,-0.01510739114625298,-0.04008411254993619,0.011359375039890495,1985,-0.07264746367425734,0.04243268138175138,0.007449226711165907,-0.0004089427928822331,0.014704630415085016
ds005540,labram_ridge_strong,eeg_added_population,1,2,-0.02178926356318256,-0.05531215762315887,0.014607836493847245,1985,-0.07932933609118692,0.0357508089648218,0.007326770881488226,-0.00028697607506132373,0.014876311627438958
ds005540,labram_ridge_strong,eeg_added_population,1,4,-0.022587737621387993,-0.061337248467286797,0.018945944137815623,1985,-0.08012781014939235,0.03495233490661637,0.00838256246090674,0.0009973664753527677,0.01615331559154093
ds005540,labram_ridge_strong,eeg_added_population,1,8,-0.02720958963509379,-0.07254685757242044,0.020825319882227206,1985,-0.08474966216309815,0.03033048289291057,0.007761556991634139,-0.00022385512111066085,0.015653131816760292
ds005540,labram_ridge_strong,eeg_added_population,2,0,-0.022924548047230653,-0.06880452058283898,0.03813757506095196,1985,-0.08046462057523501,0.03461552448077371,0.00558053457248428,-0.0026555541911633005,0.013983878145270884
ds005540,labram_ridge_strong,eeg_added_population,2,1,-0.01510739114625298,-0.04008411254993619,0.011359375039890495,1985,-0.07264746367425734,0.04243268138175138,0.007449226711165907,-0.0004089427928822331,0.014704630415085016
ds005540,labram_ridge_strong,eeg_added_population,2,2,-0.02178926356318256,-0.05531215762315887,0.014607836493847245,1985,-0.07932933609118692,0.0357508089648218,0.007326770881488226,-0.00028697607506132373,0.014876311627438958
ds005540,labram_ridge_strong,eeg_added_population,2,4,-0.022587737621387993,-0.061337248467286797,0.018945944137815623,1985,-0.08012781014939235,0.03495233490661637,0.00838256246090674,0.0009973664753527677,0.01615331559154093
ds005540,labram_ridge_strong,eeg_added_population,2,8,-0.02720958963509379,-0.07254685757242044,0.020825319882227206,1985,-0.08474966216309815,0.03033048289291057,0.007761556991634139,-0.00022385512111066085,0.015653131816760292
ds005540,labram_ridge_strong,eeg_added_population,4,0,-0.022924548047230653,-0.06880452058283898,0.03813757506095196,1985,-0.08046462057523501,0.03461552448077371,0.00558053457248428,-0.0026555541911633005,0.013983878145270884
ds005540,labram_ridge_strong,eeg_added_population,4,1,-0.01510739114625298,-0.04008411254993619,0.011359375039890495,1985,-0.07264746367425734,0.04243268138175138,0.007449226711165907,-0.0004089427928822331,0.014704630415085016
ds005540,labram_ridge_strong,eeg_added_population,4,2,-0.02178926356318256,-0.05531215762315887,0.014607836493847245,1985,-0.07932933609118692,0.0357508089648218,0.007326770881488226,-0.00028697607506132373,0.014876311627438958
ds005540,labram_ridge_strong,eeg_added_population,4,4,-0.022587737621387993,-0.061337248467286797,0.018945944137815623,1985,-0.08012781014939235,0.03495233490661637,0.00838256246090674,0.0009973664753527677,0.01615331559154093
ds005540,labram_ridge_strong,eeg_added_population,4,8,-0.02720958963509379,-0.07254685757242044,0.020825319882227206,1985,-0.08474966216309815,0.03033048289291057,0.007761556991634139,-0.00022385512111066085,0.015653131816760292
ds005540,labram_ridge_strong,eeg_added_population,8,0,-0.022924548047230653,-0.06880452058283898,0.03813757506095196,1985,-0.08046462057523501,0.03461552448077371,0.00558053457248428,-0.0026555541911633005,0.013983878145270884
ds005540,labram_ridge_strong,eeg_added_population,8,1,-0.01510739114625298,-0.04008411254993619,0.011359375039890495,1985,-0.07264746367425734,0.04243268138175138,0.007449226711165907,-0.0004089427928822331,0.014704630415085016
ds005540,labram_ridge_strong,eeg_added_population,8,2,-0.02178926356318256,-0.05531215762315887,0.014607836493847245,1985,-0.07932933609118692,0.0357508089648218,0.007326770881488226,-0.00028697607506132373,0.014876311627438958
ds005540,labram_ridge_strong,eeg_added_population,8,4,-0.022587737621387993,-0.061337248467286797,0.018945944137815623,1985,-0.08012781014939235,0.03495233490661637,0.00838256246090674,0.0009973664753527677,0.01615331559154093
ds005540,labram_ridge_strong,eeg_added_population,8,8,-0.02720958963509379,-0.07254685757242044,0.020825319882227206,1985,-0.08474966216309815,0.03033048289291057,0.007761556991634139,-0.00022385512111066085,0.015653131816760292
ds005540,labram_ridge_strong,eeg_added_matched_calibration,0,0,-0.022924548047230653,-0.06880452058283898,0.03813757506095196,1985,-0.08252261242580841,0.0366735163313471,0.00558053457248428,-0.0026555541911633005,0.013983878145270884
ds005540,labram_ridge_strong,eeg_added_matched_calibration,0,1,-0.01510739114625298,-0.04008411254993619,0.011359375039890495,1985,-0.07470545552483074,0.04449067323232477,0.007449226711165907,-0.0004089427928822331,0.014704630415085016
ds005540,labram_ridge_strong,eeg_added_matched_calibration,0,2,-0.02178926356318256,-0.05531215762315887,0.014607836493847245,1985,-0.08138732794176032,0.03780880081539519,0.007326770881488226,-0.00028697607506132373,0.014876311627438958
ds005540,labram_ridge_strong,eeg_added_matched_calibration,0,4,-0.022587737621387993,-0.061337248467286797,0.018945944137815623,1985,-0.08218580199996575,0.03701032675718976,0.00838256246090674,0.0009973664753527677,0.01615331559154093
ds005540,labram_ridge_strong,eeg_added_matched_calibration,0,8,-0.02720958963509379,-0.07254685757242044,0.020825319882227206,1985,-0.08680765401367155,0.03238847474348396,0.007761556991634139,-0.00022385512111066085,0.015653131816760292
ds005540,labram_ridge_strong,eeg_added_matched_calibration,1,0,-0.011797631330972808,-0.040394995346422415,0.025789450798264772,1985,-0.07139569570955057,0.047800433047604944,0.010083483158949719,0.001249019989639888,0.019942521068304162
ds005540,labram_ridge_strong,eeg_added_matched_calibration,1,1,-0.012680568410836646,-0.03398816269378009,0.01014548420774139,1985,-0.0722786327894144,0.046917495967741106,0.011186446600918387,0.001459246958708016,0.021027876418071856
ds005540,labram_ridge_strong,eeg_added_matched_calibration,1,2,-0.016428249669573236,-0.039413886964648905,0.01008378889078276,1985,-0.076026314048151,0.043169814709004516,0.012643202446870977,0.0037056231457351096,0.02215763923348617
ds005540,labram_ridge_strong,eeg_added_matched_calibration,1,4,-0.018615094066433024,-0.04303283873760483,0.012198941642659087,1985,-0.07821315844501078,0.04098297031214473,0.00990844479706618,0.0010344465426681327,0.01959879544790398
ds005540,labram_ridge_strong,eeg_added_matched_calibration,1,8,-0.014560728119925426,-0.04353188797448594,0.02020133795369259,1985,-0.07415879249850318,0.045037336258652326,0.008043503603605812,-0.0014458752868614032,0.01765822738560958
ds005540,labram_ridge_strong,eeg_added_matched_calibration,2,0,-0.011426631924432731,-0.04401059091317814,0.029901359911142133,1985,-0.07102469630301048,0.04817143245414502,0.005330359026374104,-0.0018134581816707572,0.012595920906824995
ds005540,labram_ridge_strong,eeg_added_matched_calibration,2,1,-0.007204558653744975,-0.029741313049095473,0.015625927508325563,1985,-0.06680262303232273,0.05239350572483278,0.00444413996159812,-0.00395834666040864,0.013309021011303287
ds005540,labram_ridge_strong,eeg_added_matched_calibration,2,2,-0.008401599952167604,-0.036546288907025194,0.020001985598027877,1985,-0.06799966433074536,0.05119646442641015,0.005493230625636947,-0.0022795494386758986,0.013060579737812284
ds005540,labram_ridge_strong,eeg_added_matched_calibration,2,4,-0.010929516629276548,-0.039292486165297624,0.019844845290164833,1985,-0.0705275810078543,0.048668547749301204,0.005211686159534712,-0.0027167263174834922,0.01323556923627273
ds005540,labram_ridge_strong,eeg_added_matched_calibration,2,8,-0.010420299893674434,-0.040788955856728815,0.02212331631205804,1985,-0.07001836427225219,0.04917776448490332,0.00536440296219487,-0.002761946724756087,0.013571890839137334
ds005540,labram_ridge_strong,eeg_added_matched_calibration,4,0,-0.016616888620110237,-0.04556670802937079,0.025718239406738418,1985,-0.076214952998688,0.042981175758467514,0.006146587461686642,-0.00026883433594016015,0.012465597828877665
ds005540,labram_ridge_strong,eeg_added_matched_calibration,4,1,-0.007824318979356981,-0.027646037735712257,0.010951264846169862,1985,-0.06742238335793474,0.05177374539922077,0.0059828955543453355,-0.000553923406462109,0.012766293060034213
ds005540,labram_ridge_strong,eeg_added_matched_calibration,4,2,-0.009671282934877401,-0.03509986078542819,0.014691723551610237,1985,-0.06926934731345516,0.04992678144370035,0.004147809462132196,-0.0022766726215475317,0.01024897594821358
ds005540,labram_ridge_strong,eeg_added_matched_calibration,4,4,-0.011645816604733628,-0.037865985938045466,0.01628979536123858,1985,-0.07124388098331139,0.047952247773844124,0.005564225632557679,-0.0009537825777906181,0.011437542902428533
ds005540,labram_ridge_strong,eeg_added_matched_calibration,4,8,-0.010139968032789826,-0.04064023688756635,0.020390718738017167,1985,-0.06973803241136758,0.049458096345787926,0.004185486393044391,-0.003302613534215565,0.010893750642494418
ds005540,labram_ridge_strong,eeg_added_matched_calibration,8,0,-0.014678016982402398,-0.048948305606346804,0.029286039772104974,1985,-0.07427608136098016,0.044920047396175354,0.0057729465489844145,8.456830098707015e-05,0.011511944506290095
ds005540,labram_ridge_strong,eeg_added_matched_calibration,8,1,-0.007999862129496438,-0.027491314410520672,0.011949714719419779,1985,-0.0675979265080742,0.051598202249081314,0.004316946014303685,-0.0018463071471172432,0.011246294128682588
ds005540,labram_ridge_strong,eeg_added_matched_calibration,8,2,-0.009603370506472086,-0.03638986505570755,0.016783542343036483,1985,-0.06920143488504985,0.049994693872105665,0.00387790853129677,-0.0017616748371252766,0.009668704858850184
ds005540,labram_ridge_strong,eeg_added_matched_calibration,8,4,-0.012073873994734807,-0.03994566778137003,0.016887514044423648,1985,-0.07167193837331257,0.047524190383842944,0.0037072570683707173,-0.0028014715478586302,0.009926008938217639
ds005540,labram_ridge_strong,eeg_added_matched_calibration,8,8,-0.009546050397113204,-0.041940946357639966,0.02428706349553519,1985,-0.06914411477569096,0.05005201398146455,0.0035395177322550264,-0.0034791796609944746,0.010189282055703169
ds005540,labram_ridge_strong,prior_calibration_gain,0,0,0.0,0.0,0.0,1985,-0.12964144783171755,0.12964144783171755,0.0,0.0,0.0
ds005540,labram_ridge_strong,prior_calibration_gain,0,1,0.0,0.0,0.0,1985,-0.12964144783171755,0.12964144783171755,0.0,0.0,0.0
ds005540,labram_ridge_strong,prior_calibration_gain,0,2,0.0,0.0,0.0,1985,-0.12964144783171755,0.12964144783171755,0.0,0.0,0.0
ds005540,labram_ridge_strong,prior_calibration_gain,0,4,0.0,0.0,0.0,1985,-0.12964144783171755,0.12964144783171755,0.0,0.0,0.0
ds005540,labram_ridge_strong,prior_calibration_gain,0,8,0.0,0.0,0.0,1985,-0.12964144783171755,0.12964144783171755,0.0,0.0,0.0
ds005540,labram_ridge_strong,prior_calibration_gain,1,0,0.13942400367279775,0.030055573349924678,0.22053109619355407,1985,0.009782555841080204,0.26906545150451533,0.03201684061263571,0.0003642588280082461,0.06583769209801325
ds005540,labram_ridge_strong,prior_calibration_gain,1,1,0.020243552285919175,-0.04387080338370242,0.10765660979503089,1985,-0.10939789554579837,0.14988500011763672,0.02546006133935047,-0.007499369482641527,0.056155685125902216
ds005540,labram_ridge_strong,prior_calibration_gain,1,2,0.005696107559400199,-0.0772000957914773,0.1147210204042904,1985,-0.12394534027231735,0.13533755539111775,0.033865302417263154,0.006495552330808868,0.06217133273679836
ds005540,labram_ridge_strong,prior_calibration_gain,1,4,0.0004809728596645302,-0.08484395652285767,0.10703064859921084,1985,-0.12916047497205302,0.13012242069138208,0.03683681285014001,0.008329185213479319,0.06576533600561434
ds005540,labram_ridge_strong,prior_calibration_gain,1,8,-0.0051155723635893935,-0.09829679607768674,0.10680977948939302,1985,-0.13475702019530694,0.12452587546812816,0.03864008458672469,0.011599101300524068,0.067840435549861
ds005540,labram_ridge_strong,prior_calibration_gain,2,0,0.13636464028270495,0.02962285432234244,0.19991666130958421,1985,0.006723192450987403,0.2660060881144225,-0.0002692030614430685,-0.020287347194004574,0.0185792397167576
ds005540,labram_ridge_strong,prior_calibration_gain,2,1,0.04876702860725174,-0.011257399245952704,0.11148509727741061,1985,-0.08087441922446581,0.1784084764389693,0.005938020076857842,-0.016151488723694596,0.02611563098892757
ds005540,labram_ridge_strong,prior_calibration_gain,2,2,0.06686990454262631,-0.01157507915955378,0.13190762764012023,1985,-0.06277154328909124,0.19651135237434386,0.00607292469070958,-0.011735057205598292,0.02371962024540457
ds005540,labram_ridge_strong,prior_calibration_gain,2,4,0.07111753358757883,-0.015420549331539645,0.14446546114598502,1985,-0.05852391424413872,0.20075898141929638,0.005010298045500239,-0.014118374746985041,0.023603498203891758
ds005540,labram_ridge_strong,prior_calibration_gain,2,8,0.06521585154998333,-0.024149019716679508,0.14671562893080706,1985,-0.06442559628173422,0.19485729938170088,0.004622578479073547,-0.015413457954983329,0.022677893732485577
ds005540,labram_ridge_strong,prior_calibration_gain,4,0,0.20127149421980242,0.08385164226010731,0.25314271767327406,1985,0.07163004638808487,0.33091294205152,-0.011251346838891368,-0.030089119187609766,0.007087191494812889
ds005540,labram_ridge_strong,prior_calibration_gain,4,1,0.08258857941847991,0.018825341582174637,0.1421794345720297,1985,-0.047052868413237636,0.21223002725019746,-0.004407244157308032,-0.02419070422594191,0.014037350759748312
ds005540,labram_ridge_strong,prior_calibration_gain,4,2,0.11641943695711388,0.03621173088706679,0.17585161057132867,1985,-0.013222010874603674,0.24606088478883142,-0.005772317024803769,-0.022705765912425596,0.010549081106348277
ds005540,labram_ridge_strong,prior_calibration_gain,4,4,0.1352813300886601,0.04703119470619983,0.203735316579548,1985,0.005639882256942563,0.26492277792037766,-0.012757864757073328,-0.031116127334599564,0.005127807430747128
ds005540,labram_ridge_strong,prior_calibration_gain,4,8,0.1367388112033453,0.044593283916755856,0.2116597617827632,1985,0.007097363371627752,0.26638025903506285,-0.011765905224174755,-0.03064983779415826,0.005789122667262151
ds005540,labram_ridge_strong,prior_calibration_gain,8,0,0.20355097551998702,0.08804728028094955,0.25064802730503327,1985,0.07390952768826947,0.33319242335170457,-0.019993443667244842,-0.037642784111572125,-0.0031981293460006904
ds005540,labram_ridge_strong,prior_calibration_gain,8,1,0.08449360488325314,0.02190941046737287,0.13928509149111928,1985,-0.04514784294846441,0.2141350527149707,-0.009241721490872629,-0.026633092547709302,0.0071236835422332926
ds005540,labram_ridge_strong,prior_calibration_gain,8,2,0.12036093581954399,0.039603614951706015,0.17279222787698628,1985,-0.009280512012173558,0.25000238365126154,-0.010701759852282056,-0.02660653908130204,0.005194076290189093
ds005540,labram_ridge_strong,prior_calibration_gain,8,4,0.1375631677299794,0.049367989301631644,0.19640303499942785,1985,0.007921719898261848,0.26720461556169695,-0.014330020618839284,-0.03139756626168118,0.0024842034215487078
ds005540,labram_ridge_strong,prior_calibration_gain,8,8,0.14200573328791455,0.05340804319710259,0.21016516611177943,1985,0.012364285456197,0.2716471811196321,-0.017825760202544838,-0.03491184377932493,-0.0012543020884290242
ds005540,labram_ridge_strong,combined_calibration_gain,0,0,0.0,0.0,0.0,1985,-0.14329034531963594,0.14329034531963594,0.0,0.0,0.0
ds005540,labram_ridge_strong,combined_calibration_gain,0,1,0.0,0.0,0.0,1985,-0.14329034531963594,0.14329034531963594,0.0,0.0,0.0
ds005540,labram_ridge_strong,combined_calibration_gain,0,2,0.0,0.0,0.0,1985,-0.14329034531963594,0.14329034531963594,0.0,0.0,0.0
ds005540,labram_ridge_strong,combined_calibration_gain,0,4,0.0,0.0,0.0,1985,-0.14329034531963594,0.14329034531963594,0.0,0.0,0.0
ds005540,labram_ridge_strong,combined_calibration_gain,0,8,0.0,0.0,0.0,1985,-0.14329034531963594,0.14329034531963594,0.0,0.0,0.0
ds005540,labram_ridge_strong,combined_calibration_gain,1,0,0.1505509203890556,0.018762119801215775,0.24118434919999088,1985,0.007260575069419656,0.2938412657086915,0.03651978919910115,0.0035814774226567703,0.07224170858842426
ds005540,labram_ridge_strong,combined_calibration_gain,1,1,0.02267037502133551,-0.04984243571923859,0.11857946373636596,1985,-0.12061997029830043,0.16596072034097145,0.02919728122910295,-0.003284763097472065,0.06154499323914441
ds005540,labram_ridge_strong,combined_calibration_gain,1,2,0.011057121453009522,-0.0794669570011006,0.1302539968076029,1985,-0.13223322386662642,0.15434746677264546,0.039181733982645905,0.010556774105733163,0.06959964818985341
ds005540,labram_ridge_strong,combined_calibration_gain,1,4,0.004453616414619499,-0.08828154242325414,0.1242632903212605,1985,-0.13883672890501644,0.14774396173425544,0.03836269518629945,0.008702780051276903,0.06868021464925306
ds005540,labram_ridge_strong,combined_calibration_gain,1,8,0.00753328915157897,-0.0973101955588225,0.1323112731432238,1985,-0.13575705616805697,0.1508236344712149,0.03892203119869636,0.010158605959292766,0.07104927681254303
ds005540,labram_ridge_strong,combined_calibration_gain,2,0,0.14786255640550286,0.01990409933822245,0.2224655344959454,1985,0.004572211085866917,0.2911529017251388,-0.0005193786075532447,-0.023124029985783456,0.02221330666030023
ds005540,labram_ridge_strong,combined_calibration_gain,2,1,0.056669861099759744,-0.011745413876391919,0.12510438803509122,1985,-0.0866204842198762,0.1999602064193957,0.002932933327290055,-0.01927063270593875,0.024336760400362745
ds005540,labram_ridge_strong,combined_calibration_gain,2,2,0.08025756815364127,-0.011003472625872802,0.15551261370606026,1985,-0.06303277716599467,0.2235479134732772,0.004239384434858301,-0.014984794611887276,0.024700754287299776
ds005540,labram_ridge_strong,combined_calibration_gain,2,4,0.08277575457969027,-0.01624943341189631,0.1713513100371613,1985,-0.06051459073994567,0.22606609989932622,0.0018394217441282112,-0.019826624324023694,0.023539041412071762
ds005540,labram_ridge_strong,combined_calibration_gain,2,8,0.08200514129140268,-0.02042288679326174,0.18044959777954372,1985,-0.06128520402823326,0.22529548661103863,0.002225424449634278,-0.018862711454301805,0.022944796051527827
ds005540,labram_ridge_strong,combined_calibration_gain,4,0,0.20757915364692284,0.080426417302474,0.2671507080701216,1985,0.0642888083272869,0.3508694989665588,-0.010685293949689006,-0.030420565351970467,0.00877572287296961
ds005540,labram_ridge_strong,combined_calibration_gain,4,1,0.08987165158537591,0.019311493534443547,0.14997494035511896,1985,-0.05341869373426003,0.23316199690501185,-0.005873575314128604,-0.026080084518993258,0.012941306550548525
ds005540,labram_ridge_strong,combined_calibration_gain,4,2,0.12853741758541903,0.04019414391948489,0.19714607573127158,1985,-0.014752927734216909,0.27182776290505495,-0.0089512784441598,-0.026911965661135396,0.009144413462765217
ds005540,labram_ridge_strong,combined_calibration_gain,4,4,0.14622325110531448,0.04727609444953677,0.22399280115640896,1985,0.0029329057856785357,0.28951359642495045,-0.015576201585422389,-0.035654470835354134,0.003568648113286643
ds005540,labram_ridge_strong,combined_calibration_gain,4,8,0.15380843280564926,0.04990285009652794,0.24282114740082655,1985,0.010518087486013322,0.2970987781252852,-0.015341975822764503,-0.03531193500405093,0.003776984000714139
ds005540,labram_ridge_strong,combined_calibration_gain,8,0,0.21179750658481528,0.08106755710398658,0.2669437380531286,1985,0.06850716126517933,0.35508785190445125,-0.019801031690744708,-0.038509491390491674,-0.001122815482094571
ds005540,labram_ridge_strong,combined_calibration_gain,8,1,0.09160113390000968,0.020750953857094655,0.15124591637909846,1985,-0.05168921141962626,0.23489147921964562,-0.01237400218773485,-0.031286288368846484,0.005198571782042385
ds005540,labram_ridge_strong,combined_calibration_gain,8,2,0.13254682887625446,0.04280665486950438,0.19192081785302736,1985,-0.010743516443381479,0.2758371741958904,-0.014150622202473512,-0.030290290047311368,0.002744582157367598
ds005540,labram_ridge_strong,combined_calibration_gain,8,4,0.14807703135663258,0.04795398171021792,0.21723868504022592,1985,0.00478668603699664,0.29136737667626855,-0.019005326011375306,-0.03750775285282229,-0.0002224324790998597
ds005540,labram_ridge_strong,combined_calibration_gain,8,8,0.15966927252589513,0.0565362383392979,0.23884827806429662,1985,0.016378927206259192,0.30295961784553105,-0.02204779946192395,-0.040682205693734146,-0.0043197872880170575
ds005540,labram_ridge_strong,total_minus_uncalibrated_prior,0,0,-0.022924548047230653,-0.06880452058283898,0.03813757506095196,1985,-0.15398065031646427,0.10813155422200296,0.00558053457248428,-0.0026555541911633005,0.013983878145270884
ds005540,labram_ridge_strong,total_minus_uncalibrated_prior,0,1,-0.01510739114625298,-0.04008411254993619,0.011359375039890495,1985,-0.1461634934154866,0.11594871112298064,0.007449226711165907,-0.0004089427928822331,0.014704630415085016
ds005540,labram_ridge_strong,total_minus_uncalibrated_prior,0,2,-0.02178926356318256,-0.05531215762315887,0.014607836493847245,1985,-0.15284536583241617,0.10926683870605106,0.007326770881488226,-0.00028697607506132373,0.014876311627438958
ds005540,labram_ridge_strong,total_minus_uncalibrated_prior,0,4,-0.022587737621387993,-0.061337248467286797,0.018945944137815623,1985,-0.1536438398906216,0.10846836464784562,0.00838256246090674,0.0009973664753527677,0.01615331559154093
ds005540,labram_ridge_strong,total_minus_uncalibrated_prior,0,8,-0.02720958963509379,-0.07254685757242044,0.020825319882227206,1985,-0.1582656919043274,0.10384651263413983,0.007761556991634139,-0.00022385512111066085,0.015653131816760292
ds005540,labram_ridge_strong,total_minus_uncalibrated_prior,1,0,0.12762637234182495,0.0187396237951269,0.2095867366570566,1985,-0.00342972992740867,0.25868247461105853,0.04210032377158543,0.00923315977212139,0.0768395953674782
ds005540,labram_ridge_strong,total_minus_uncalibrated_prior,1,1,0.0075629838750825296,-0.06006512852057786,0.10151022374156451,1985,-0.12349311839415109,0.13861908614431614,0.03664650794026886,0.003783155329829352,0.069443048762764
ds005540,labram_ridge_strong,total_minus_uncalibrated_prior,1,2,-0.010732142110173037,-0.09349159612999805,0.09856354127410158,1985,-0.14178824437940665,0.12032396015906058,0.04650850486413413,0.018154364779503284,0.0761503640853749
ds005540,labram_ridge_strong,total_minus_uncalibrated_prior,1,4,-0.018134121206768494,-0.10144096709881968,0.09298232528194915,1985,-0.1491902234760021,0.11292198106246512,0.04674525764720619,0.016762006642214507,0.07644891652579658
ds005540,labram_ridge_strong,total_minus_uncalibrated_prior,1,8,-0.01967630048351482,-0.11026357932958916,0.09363672527635167,1985,-0.15073240275274843,0.1113798017857188,0.0466835881903305,0.018036087635982696,0.07636505136393724
ds005540,labram_ridge_strong,total_minus_uncalibrated_prior,2,0,0.1249380083582722,0.016803738706734704,0.1968160766452081,1985,-0.0061180939109614085,0.2559941106275058,0.005061155964931036,-0.016351570180644877,0.026323353548082937
ds005540,labram_ridge_strong,total_minus_uncalibrated_prior,2,1,0.041562469953506764,-0.022455197847092757,0.11144925260900544,1985,-0.08949363231572685,0.17261857222274038,0.010382160038455962,-0.012218725688259846,0.03231281244793601
ds005540,labram_ridge_strong,total_minus_uncalibrated_prior,2,2,0.05846830459045871,-0.023597942612158872,0.12631777455196308,1985,-0.0725877976787749,0.18952440685969232,0.011566155316346527,-0.007276714539901102,0.03211721935667855
ds005540,labram_ridge_strong,total_minus_uncalibrated_prior,2,4,0.06018801695830228,-0.02919880337366395,0.13937987703146293,1985,-0.07086808531093133,0.1912441192275359,0.01022198420503495,-0.010124217842265176,0.030490040873040126
ds005540,labram_ridge_strong,total_minus_uncalibrated_prior,2,8,0.054795551656308894,-0.038746689969784254,0.14214244437490092,1985,-0.07626055061292472,0.1858516539255425,0.009986981441268417,-0.010006436466073054,0.029966149304313128
ds005540,labram_ridge_strong,total_minus_uncalibrated_prior,4,0,0.18465460559969218,0.07039950931703302,0.23902742977950267,1985,0.05359850333045857,0.3157107078689258,-0.005104759377204726,-0.0241279630868322,0.013688824155619908
ds005540,labram_ridge_strong,total_minus_uncalibrated_prior,4,1,0.07476426043912293,0.009605354803163014,0.13609045276342918,1985,-0.056291841830110684,0.20582036270835655,0.0015756513970373032,-0.01974513643598071,0.021401620814401643
ds005540,labram_ridge_strong,total_minus_uncalibrated_prior,4,2,0.10674815402223647,0.024773449726887508,0.16736093046050068,1985,-0.02430794824699714,0.2378042562914701,-0.0016245075626715733,-0.018851476448033734,0.015610878688521174
ds005540,labram_ridge_strong,total_minus_uncalibrated_prior,4,4,0.12363551348392648,0.03628635219854996,0.19163597097354487,1985,-0.007420588785307131,0.2546916157531601,-0.0071936391245156495,-0.026524302895139452,0.011066634073433376
ds005540,labram_ridge_strong,total_minus_uncalibrated_prior,4,8,0.12659884317055548,0.031027755074466624,0.2033892278305144,1985,-0.00445725909867814,0.25765494543978906,-0.007580418831130364,-0.02737923507417016,0.010468056844054862
ds005540,labram_ridge_strong,total_minus_uncalibrated_prior,8,0,0.18887295853758462,0.07578321550447818,0.24124560357812785,1985,0.05781685626835101,0.31992906080681827,-0.014220497118260428,-0.03267376002175868,0.003376790923815164
ds005540,labram_ridge_strong,total_minus_uncalibrated_prior,8,1,0.0764937427537567,0.01288044150663975,0.1334425673635565,1985,-0.054562359515476916,0.20754984502299031,-0.004924775476568943,-0.025047687065343834,0.013759476878846745
ds005540,labram_ridge_strong,total_minus_uncalibrated_prior,8,2,0.1107575653130719,0.029067051671114806,0.16572510303482907,1985,-0.02029853695616171,0.24181366758230552,-0.006823851320985286,-0.022584122890349057,0.00985553284588857
ds005540,labram_ridge_strong,total_minus_uncalibrated_prior,8,4,0.1254892937352446,0.03443978447736991,0.18763875301875652,1985,-0.005566808533989026,0.25654539600447823,-0.010622763550468567,-0.028908239689700077,0.007305537294408832
ds005540,labram_ridge_strong,total_minus_uncalibrated_prior,8,8,0.13245968289080134,0.03902303909410976,0.20278606339759345,1985,0.0014035806215677293,0.26351578516003493,-0.014286242470289812,-0.03256494274863445,0.0020762955171437854
ds006850,bandpower_ridge_base,eeg_added_population,0,0,0.008094316706140707,-0.06302534200909421,0.08473231640309288,2000,-0.0666762266058985,0.08286486001817991,0.012245284484603436,0.0014909855806426453,0.023200529022633382
ds006850,bandpower_ridge_base,eeg_added_population,0,1,-0.004384264367713164,-0.046165788561937336,0.04173454810800471,2000,-0.07915480767975237,0.07038627894432604,0.009850461487617757,-0.0006299335701408147,0.02084482909435605
ds006850,bandpower_ridge_base,eeg_added_population,0,2,-0.015636801869125472,-0.06660511111435548,0.04404188437693479,2000,-0.09040734518116468,0.05913374144291374,0.007589827515775471,-0.0036522581120189334,0.018244605768966107
ds006850,bandpower_ridge_base,eeg_added_population,0,4,-0.005093958581221525,-0.06372249244969742,0.05824860830244048,2000,-0.07986450189326073,0.06967658473081768,0.005968961641062004,-0.005468111263600146,0.017468882147745626
ds006850,bandpower_ridge_base,eeg_added_population,0,8,-0.01791633117407493,-0.07687120746585684,0.04501338523819657,2000,-0.09268687448611414,0.05685421213796428,0.010065216365697599,-0.0009456403980136648,0.021020865495207985
ds006850,bandpower_ridge_base,eeg_added_population,1,0,0.00809431670614111,-0.06302534200909383,0.08473231640309288,2000,-0.0666762266058981,0.08286486001818032,0.012245284484603436,0.0014909855806426453,0.023200529022633382
ds006850,bandpower_ridge_base,eeg_added_population,1,1,-0.004384264367713164,-0.04616578856193734,0.04173454810800471,2000,-0.07915480767975237,0.07038627894432604,0.009850461487617757,-0.0006299335701408147,0.02084482909435605
ds006850,bandpower_ridge_base,eeg_added_population,1,2,-0.015636801869125472,-0.06660511111435542,0.04404188437693474,2000,-0.09040734518116468,0.05913374144291374,0.007589827515775471,-0.0036522581120189334,0.018244605768966107
ds006850,bandpower_ridge_base,eeg_added_population,1,4,-0.005093958581221525,-0.06372249244969776,0.05824860830244065,2000,-0.07986450189326073,0.06967658473081768,0.005968961641062004,-0.005468111263600146,0.017468882147745626
ds006850,bandpower_ridge_base,eeg_added_population,1,8,-0.017916331174075095,-0.07687120746585689,0.04501338523819657,2000,-0.0926868744861143,0.056854212137964114,0.010065216365697627,-0.0009456403980136648,0.021020865495207985
ds006850,bandpower_ridge_base,eeg_added_population,2,0,0.008094316706140832,-0.06302534200909383,0.08473231640309277,2000,-0.06667622660589838,0.08286486001818004,0.012245284484603436,0.0014909855806426453,0.023200529022633382
ds006850,bandpower_ridge_base,eeg_added_population,2,1,-0.004384264367713164,-0.04616578856193751,0.041734548108004685,2000,-0.07915480767975237,0.07038627894432604,0.009850461487617757,-0.0006299335701408147,0.02084482909435605
ds006850,bandpower_ridge_base,eeg_added_population,2,2,-0.01563680186912564,-0.06660511111435564,0.044041884376934744,2000,-0.09040734518116485,0.05913374144291357,0.007589827515775471,-0.0036522581120189334,0.018244605768966107
ds006850,bandpower_ridge_base,eeg_added_population,2,4,-0.005093958581221525,-0.06372249244969776,0.05824860830244076,2000,-0.07986450189326073,0.06967658473081768,0.005968961641062004,-0.0054681112636001455,0.01746888214774557
ds006850,bandpower_ridge_base,eeg_added_population,2,8,-0.017916331174075095,-0.07687120746585684,0.0450133852381964,2000,-0.0926868744861143,0.056854212137964114,0.010065216365697627,-0.0009456403980136648,0.021020865495207985
ds006850,bandpower_ridge_base,eeg_added_population,4,0,0.008094316706140728,-0.06302534200909403,0.0847323164030928,2000,-0.06667622660589848,0.08286486001817994,0.012245284484603436,0.0014909855806426453,0.023200529022633382
ds006850,bandpower_ridge_base,eeg_added_population,4,1,-0.004384264367713303,-0.046165788561937336,0.04173454810800448,2000,-0.07915480767975251,0.0703862789443259,0.009850461487617757,-0.000629933570140816,0.02084482909435605
ds006850,bandpower_ridge_base,eeg_added_population,4,2,-0.015636801869125472,-0.06660511111435594,0.04404188437693479,2000,-0.09040734518116468,0.05913374144291374,0.007589827515775471,-0.0036522581120189074,0.018244605768966107
ds006850,bandpower_ridge_base,eeg_added_population,4,4,-0.005093958581221469,-0.06372249244969765,0.05824860830244076,2000,-0.07986450189326068,0.06967658473081774,0.005968961641062004,-0.005468111263600146,0.01746888214774557
ds006850,bandpower_ridge_base,eeg_added_population,4,8,-0.017916331174074485,-0.07687120746585674,0.045013385238196126,2000,-0.0926868744861137,0.056854212137964724,0.010065216365697627,-0.0009456403980136648,0.021020865495207985
ds006850,bandpower_ridge_base,eeg_added_population,8,0,0.008094316706140728,-0.06302534200909403,0.0847323164030928,2000,-0.06667622660589848,0.08286486001817994,0.012245284484603436,0.0014909855806426453,0.023200529022633382
ds006850,bandpower_ridge_base,eeg_added_population,8,1,-0.004384264367713303,-0.046165788561937336,0.04173454810800448,2000,-0.07915480767975251,0.0703862789443259,0.009850461487617757,-0.000629933570140816,0.02084482909435605
ds006850,bandpower_ridge_base,eeg_added_population,8,2,-0.015636801869125472,-0.06660511111435594,0.04404188437693479,2000,-0.09040734518116468,0.05913374144291374,0.007589827515775471,-0.0036522581120189074,0.018244605768966107
ds006850,bandpower_ridge_base,eeg_added_population,8,4,-0.005093958581221469,-0.06372249244969765,0.05824860830244076,2000,-0.07986450189326068,0.06967658473081774,0.005968961641062004,-0.005468111263600146,0.01746888214774557
ds006850,bandpower_ridge_base,eeg_added_population,8,8,-0.017916331174074485,-0.07687120746585674,0.045013385238196126,2000,-0.0926868744861137,0.056854212137964724,0.010065216365697627,-0.0009456403980136648,0.021020865495207985
ds006850,bandpower_ridge_base,eeg_added_matched_calibration,0,0,0.008094316706140707,-0.06302534200909421,0.08473231640309288,2000,-0.06964777965449702,0.08583641306677843,0.012245284484603436,0.0014909855806426453,0.023200529022633382
ds006850,bandpower_ridge_base,eeg_added_matched_calibration,0,1,-0.004384264367713164,-0.046165788561937336,0.04173454810800471,2000,-0.08212636072835089,0.07335783199292456,0.009850461487617757,-0.0006299335701408147,0.02084482909435605
ds006850,bandpower_ridge_base,eeg_added_matched_calibration,0,2,-0.015636801869125472,-0.06660511111435548,0.04404188437693479,2000,-0.0933788982297632,0.06210529449151225,0.007589827515775471,-0.0036522581120189334,0.018244605768966107
ds006850,bandpower_ridge_base,eeg_added_matched_calibration,0,4,-0.005093958581221525,-0.06372249244969742,0.05824860830244048,2000,-0.08283605494185925,0.0726481377794162,0.005968961641062004,-0.005468111263600146,0.017468882147745626
ds006850,bandpower_ridge_base,eeg_added_matched_calibration,0,8,-0.01791633117407493,-0.07687120746585684,0.04501338523819657,2000,-0.09565842753471265,0.059825765186562796,0.010065216365697599,-0.0009456403980136648,0.021020865495207985
ds006850,bandpower_ridge_base,eeg_added_matched_calibration,1,0,0.0011709982033430294,-0.04316093450899712,0.050548545151415734,2000,-0.0765710981572947,0.07891309456398075,0.006565574936313989,-0.005614750020801346,0.019135612909310252
ds006850,bandpower_ridge_base,eeg_added_matched_calibration,1,1,-0.00785299682417509,-0.03668203390979527,0.027829045104521964,2000,-0.08559509318481281,0.06988909953646263,0.006355969613072221,-0.005041214642914206,0.017313524452900242
ds006850,bandpower_ridge_base,eeg_added_matched_calibration,1,2,-0.00815982427863976,-0.041831723056888676,0.03659210504824881,2000,-0.08590192063927748,0.06958227208199796,0.005831377716593977,-0.006548689455714055,0.0175422673167159
ds006850,bandpower_ridge_base,eeg_added_matched_calibration,1,4,-0.007399979354959174,-0.0431623488376242,0.0385579507436593,2000,-0.0851420757155969,0.07034211700567855,0.008496849263184114,-0.0037314300431099323,0.020450960171154314
ds006850,bandpower_ridge_base,eeg_added_matched_calibration,1,8,-0.009925193868417281,-0.04621442307403388,0.03815527010453538,2000,-0.087667290229055,0.06781690249222044,0.0071696255516651985,-0.005672653390531929,0.019610350311927965
ds006850,bandpower_ridge_base,eeg_added_matched_calibration,2,0,0.006342098426311199,-0.04388983590604125,0.0605503714125475,2000,-0.07139999793432653,0.08408419478694892,0.004677969836025392,-0.00680377354343964,0.017514330787807723
ds006850,bandpower_ridge_base,eeg_added_matched_calibration,2,1,-0.0009187677019689144,-0.032628350977485863,0.033880637469584286,2000,-0.07866086406260664,0.07682332865866881,0.005325677807733187,-0.004944348062075504,0.016240988181818575
ds006850,bandpower_ridge_base,eeg_added_matched_calibration,2,2,-0.0033200430975346973,-0.042997536243147755,0.04162720670921327,2000,-0.08106213945817242,0.07442205326310303,0.0031511186125636192,-0.00799497842066169,0.014290339384153737
ds006850,bandpower_ridge_base,eeg_added_matched_calibration,2,4,-0.003908690562246742,-0.04790278231255347,0.043951852010011616,2000,-0.08165078692288447,0.07383340579839098,0.003397484329642042,-0.008272240035672146,0.015892608795076348
ds006850,bandpower_ridge_base,eeg_added_matched_calibration,2,8,-0.00542869885527314,-0.052931938800495966,0.0439331807861971,2000,-0.08317079521591086,0.07231339750536458,0.004484305685441836,-0.007408747576204267,0.01749985941230238
ds006850,bandpower_ridge_base,eeg_added_matched_calibration,4,0,0.0016621856789808265,-0.052872066391593905,0.05920356578888787,2000,-0.0760799106816569,0.07940428203961855,0.006632021034686603,-0.00324496549996805,0.016806303955875596
ds006850,bandpower_ridge_base,eeg_added_matched_calibration,4,1,-0.0022661943054904654,-0.03455127971374691,0.03355117026610518,2000,-0.08000829066612819,0.07547590205514726,0.005075251627631228,-0.003953388876371017,0.014168901536664107
ds006850,bandpower_ridge_base,eeg_added_matched_calibration,4,2,-0.010111142813276186,-0.049687705416720046,0.03655833760547619,2000,-0.08785323917391391,0.06763095354736154,0.003573082116118703,-0.00560647069212898,0.01321134537595276
ds006850,bandpower_ridge_base,eeg_added_matched_calibration,4,4,-0.007310828306613337,-0.04941548985762296,0.04088453587747852,2000,-0.08505292466725106,0.07043126805402439,0.005386515849065049,-0.0042866365793313745,0.015810194936548574
ds006850,bandpower_ridge_base,eeg_added_matched_calibration,4,8,-0.009787554829121137,-0.05577684505783989,0.03991516545863031,2000,-0.08752965118975886,0.06795454153151659,0.007000600585147371,-0.002896337330902215,0.01768126310275885
ds006850,bandpower_ridge_base,eeg_added_matched_calibration,8,0,-0.004732196124731802,-0.05645478663921751,0.054274622101928155,2000,-0.08247429248536953,0.07300990023590592,0.0071931527906677895,-0.002102945747935493,0.016714438362705242
ds006850,bandpower_ridge_base,eeg_added_matched_calibration,8,1,-0.0048502078226652645,-0.03605253805791212,0.03173241239990505,2000,-0.08259230418330299,0.07289188853797246,0.005015545869875043,-0.003828325895166451,0.013533446369758836
ds006850,bandpower_ridge_base,eeg_added_matched_calibration,8,2,-0.013511485137638723,-0.050507587682837675,0.031947729978339924,2000,-0.09125358149827645,0.064230611222999,0.004149768323136849,-0.0050124625326927645,0.013212307371587918
ds006850,bandpower_ridge_base,eeg_added_matched_calibration,8,4,-0.012212155010660197,-0.05518071621581583,0.03603776643444242,2000,-0.08995425137129792,0.06552994134997753,0.006148430879238442,-0.0032337317584723176,0.015625578336803832
ds006850,bandpower_ridge_base,eeg_added_matched_calibration,8,8,-0.013515906549352141,-0.05610090821709886,0.036154617124295255,2000,-0.09125800290998987,0.06422618981128558,0.0072659697718742144,-0.0025856006177084846,0.016828294928573784
ds006850,bandpower_ridge_base,prior_calibration_gain,0,0,0.0,0.0,0.0,2000,-0.13169041129046133,0.13169041129046133,0.0,0.0,0.0
ds006850,bandpower_ridge_base,prior_calibration_gain,0,1,0.0,0.0,0.0,2000,-0.13169041129046133,0.13169041129046133,0.0,0.0,0.0
ds006850,bandpower_ridge_base,prior_calibration_gain,0,2,0.0,0.0,0.0,2000,-0.13169041129046133,0.13169041129046133,0.0,0.0,0.0
ds006850,bandpower_ridge_base,prior_calibration_gain,0,4,0.0,0.0,0.0,2000,-0.13169041129046133,0.13169041129046133,0.0,0.0,0.0
ds006850,bandpower_ridge_base,prior_calibration_gain,0,8,0.0,0.0,0.0,2000,-0.13169041129046133,0.13169041129046133,0.0,0.0,0.0
ds006850,bandpower_ridge_base,prior_calibration_gain,1,0,0.08274658665210007,-0.024869249961099706,0.19331402684589674,2000,-0.048943824638361264,0.21443699794256138,0.04829210949033019,0.01773394992784451,0.0801655483149553
ds006850,bandpower_ridge_base,prior_calibration_gain,1,1,-0.017840541017210887,-0.10019731966234696,0.07868249859672205,2000,-0.14953095230767222,0.11384987027325044,0.04984485751565715,0.022995204411731984,0.08108440404484486
ds006850,bandpower_ridge_base,prior_calibration_gain,1,2,-0.05445749363486263,-0.13862752710781692,0.05831683773424273,2000,-0.18614790492532396,0.0772329176555987,0.05215490427631708,0.025576802944304193,0.08348080394223446
ds006850,bandpower_ridge_base,prior_calibration_gain,1,4,-0.04634931158613692,-0.14210088676281166,0.07088594646440043,2000,-0.17803972287659825,0.08534109970432441,0.05244606023854048,0.02511275823346166,0.08288849095263572
ds006850,bandpower_ridge_base,prior_calibration_gain,1,8,-0.05573286110738246,-0.15083855980848426,0.062070178382381276,2000,-0.1874232723978438,0.07595755018307887,0.05712164248389051,0.027499393584847463,0.0877243892295031
ds006850,bandpower_ridge_base,prior_calibration_gain,2,0,0.1409623719153005,0.03718961451767345,0.2327148380417304,2000,0.009271960624839176,0.2726527832057618,0.02171333893995578,-0.0004300058112803531,0.04548020564876871
ds006850,bandpower_ridge_base,prior_calibration_gain,2,1,0.03008480655524437,-0.03348369628145518,0.10949282890708745,2000,-0.10160560473521696,0.1617752178457057,0.02113654341703447,0.00139078533617713,0.04405889115131503
ds006850,bandpower_ridge_base,prior_calibration_gain,2,2,0.018033997403535007,-0.053785263527287575,0.10945331544556919,2000,-0.11365641388692632,0.14972440869399634,0.019661663519724953,-0.0019458054388973326,0.04268720659676958
ds006850,bandpower_ridge_base,prior_calibration_gain,2,4,0.031354011727983466,-0.049067331750102895,0.12652306511899422,2000,-0.10033639956247786,0.1630444230184448,0.021985026115436623,0.0011045924559598714,0.045705343123701225
ds006850,bandpower_ridge_base,prior_calibration_gain,2,8,0.03173182574778072,-0.05541443719999212,0.132029792929923,2000,-0.09995858554268061,0.16342223703824205,0.021333222696912374,-0.00026594079206913846,0.04502955835173176
ds006850,bandpower_ridge_base,prior_calibration_gain,4,0,0.15361825253941824,0.039606824634907695,0.24532218993031726,2000,0.021927841248956914,0.28530866382987957,0.0037453044281207104,-0.015023976117092433,0.022587635362589984
ds006850,bandpower_ridge_base,prior_calibration_gain,4,1,0.04990305602774725,-0.010771863650664935,0.11994162867877174,2000,-0.08178735526271408,0.18159346731820858,0.007241785673276158,-0.007648418405697882,0.02322459585338056
ds006850,bandpower_ridge_base,prior_calibration_gain,4,2,0.047808429390673146,-0.026145688049666386,0.13106683742917585,2000,-0.08388198189978818,0.17949884068113447,0.0032053671646432025,-0.013468159139795481,0.020625692213185026
ds006850,bandpower_ridge_base,prior_calibration_gain,4,4,0.06296689395012922,-0.01623474584474112,0.15030867167142298,2000,-0.06872351734033211,0.19465730524059055,0.002973396960041813,-0.013381615584242943,0.020660392294002995
ds006850,bandpower_ridge_base,prior_calibration_gain,4,8,0.06567263606507251,-0.01672964234090195,0.15555778811745016,2000,-0.06601777522538882,0.19736304735553384,0.0024981387496020024,-0.014388972449470013,0.018709811281494654
ds006850,bandpower_ridge_base,prior_calibration_gain,8,0,0.15644082287592032,0.052289277551174164,0.24347735603878864,2000,0.024750411585458987,0.28813123416638164,-0.0024385431923127365,-0.01875988740838394,0.012906984644330393
ds006850,bandpower_ridge_base,prior_calibration_gain,8,1,0.05838563020613474,0.004773233979091123,0.1217845087926029,2000,-0.07330478108432659,0.19007604149659607,0.002948584691531392,-0.008849586400952422,0.01460789223351831
ds006850,bandpower_ridge_base,prior_calibration_gain,8,2,0.05999771846865137,-0.0028653128838640332,0.13522344185828108,2000,-0.07169269282180996,0.1916881297591127,-0.0012767056092662377,-0.015201337470156001,0.012369522038391858
ds006850,bandpower_ridge_base,prior_calibration_gain,8,4,0.07519470815880047,0.0033093603231873774,0.15226365227267052,2000,-0.05649570313166086,0.2068851194492618,-0.0016221975957553258,-0.01574274182877948,0.012338863316176325
ds006850,bandpower_ridge_base,prior_calibration_gain,8,8,0.07736957634443592,0.0025881139430619635,0.15804559213169292,2000,-0.05432083494602541,0.20905998763489725,-0.00304765247792807,-0.017418606151550917,0.010505345823078922
ds006850,bandpower_ridge_base,combined_calibration_gain,0,0,0.0,0.0,0.0,2000,-0.13080371354425735,0.13080371354425735,0.0,0.0,0.0
ds006850,bandpower_ridge_base,combined_calibration_gain,0,1,0.0,0.0,0.0,2000,-0.13080371354425735,0.13080371354425735,0.0,0.0,0.0
ds006850,bandpower_ridge_base,combined_calibration_gain,0,2,0.0,0.0,0.0,2000,-0.13080371354425735,0.13080371354425735,0.0,0.0,0.0
ds006850,bandpower_ridge_base,combined_calibration_gain,0,4,0.0,0.0,0.0,2000,-0.13080371354425735,0.13080371354425735,0.0,0.0,0.0
ds006850,bandpower_ridge_base,combined_calibration_gain,0,8,0.0,0.0,0.0,2000,-0.13080371354425735,0.13080371354425735,0.0,0.0,0.0
ds006850,bandpower_ridge_base,combined_calibration_gain,1,0,0.07582326814930199,-0.04149634582661563,0.18196404470903588,2000,-0.05498044539495536,0.20662698169355934,0.042612399942040746,0.00981579291664365,0.07588489310404842
ds006850,bandpower_ridge_base,combined_calibration_gain,1,1,-0.021309273473672813,-0.10442181302796691,0.07322711586774518,2000,-0.15211298701793016,0.10949444007058454,0.04635036564111161,0.016170673338082586,0.08175430653294555
ds006850,bandpower_ridge_base,combined_calibration_gain,1,2,-0.04698051604437692,-0.13591875005796225,0.0633067145669087,2000,-0.17778422958863427,0.08382319749988043,0.05039645447713559,0.020365123578225716,0.08353258811108935
ds006850,bandpower_ridge_base,combined_calibration_gain,1,4,-0.04865533235987457,-0.14464524069392104,0.06837086963689411,2000,-0.17945904590413192,0.08214838118438278,0.05497394786066259,0.024623613864295284,0.0866936261339652
ds006850,bandpower_ridge_base,combined_calibration_gain,1,8,-0.047741723801724645,-0.14121098516093408,0.07225906118806401,2000,-0.178545437345982,0.0830619897425327,0.05422605166985808,0.023342079280487028,0.08768354228772329
ds006850,bandpower_ridge_base,combined_calibration_gain,2,0,0.13921015363547087,0.03174977946950668,0.22713823844401976,2000,0.008406440091213524,0.2700138671797282,0.014146024291377735,-0.011220927175515863,0.040813320986684436
ds006850,bandpower_ridge_base,combined_calibration_gain,2,1,0.03355030322098862,-0.027709609372430895,0.10968240940919831,2000,-0.09725341032326873,0.16435401676524597,0.0166117597371499,-0.004238891691408835,0.040538800849736524
ds006850,bandpower_ridge_base,combined_calibration_gain,2,2,0.030350756175125948,-0.042881385764153256,0.11859513031836015,2000,-0.1004529573691314,0.1611544697193833,0.015222954616513101,-0.005629352102887105,0.039172450669280365
ds006850,bandpower_ridge_base,combined_calibration_gain,2,4,0.03253927974695825,-0.04698097108852485,0.12706872838971106,2000,-0.0982644337972991,0.1633429932912156,0.01941354880401666,-0.001757064437300001,0.04188831056048786
ds006850,bandpower_ridge_base,combined_calibration_gain,2,8,0.04421945806658267,-0.037361168939598656,0.1433963104658051,2000,-0.08658425547767468,0.17502317161084002,0.015752312016656583,-0.006330210798843595,0.038361420225802675
ds006850,bandpower_ridge_base,combined_calibration_gain,4,0,0.14718612151225835,0.044198419033855144,0.23201448596242308,2000,0.016382407968001,0.2779898350565157,-0.0018679590217961228,-0.02122174001455229,0.018365820815971455
ds006850,bandpower_ridge_base,combined_calibration_gain,4,1,0.05202112608997009,-0.0038171464012914515,0.1156051067961535,2000,-0.07878258745428726,0.18282483963422744,0.0024665758132896287,-0.013603509427317046,0.020558311995055013
ds006850,bandpower_ridge_base,combined_calibration_gain,4,2,0.05333408844652243,-0.014152590687903362,0.12964543974303747,2000,-0.07746962509773492,0.18413780199077978,-0.0008113782350135657,-0.01821533836912937,0.01810352949806821
ds006850,bandpower_ridge_base,combined_calibration_gain,4,4,0.06075002422473735,-0.011021857664741078,0.1419192177317164,2000,-0.07005368931952,0.1915537377689947,0.002390951168044858,-0.01411333691009253,0.020086762598721525
ds006850,bandpower_ridge_base,combined_calibration_gain,4,8,0.07380141241002586,-0.004864668328264238,0.15825427955355692,2000,-0.05700230113423149,0.2046051259542832,-0.0005664770309482536,-0.01833149341594779,0.016724024841302466
ds006850,bandpower_ridge_base,combined_calibration_gain,8,0,0.1436143100450478,0.046410997774974885,0.22143853749627693,2000,0.012810596500790444,0.2744180235893051,-0.007490674886248383,-0.02443089365279856,0.008984763938496388
ds006850,bandpower_ridge_base,combined_calibration_gain,8,1,0.05791968675118278,0.0061798222711660165,0.11943155026736321,2000,-0.07288402679307457,0.18872340029544013,-0.0018863309262113215,-0.015345217570225504,0.012967887698600607
ds006850,bandpower_ridge_base,combined_calibration_gain,8,2,0.06212303520013812,-0.001972737867859696,0.13397165639099204,2000,-0.06868067834411923,0.19292674874439547,-0.00471676480190486,-0.01949413694643173,0.010823376151040995
ds006850,bandpower_ridge_base,combined_calibration_gain,8,4,0.06807651172936174,-0.0007120634180718343,0.1424650434996647,2000,-0.0627272018148956,0.1988802252736191,-0.0014427283575788874,-0.01646479386417797,0.013304400799956935
ds006850,bandpower_ridge_base,combined_calibration_gain,8,8,0.08177000096915826,0.0064072253843703575,0.16235053316401268,2000,-0.04903371257509909,0.2125737145134156,-0.005846899071751482,-0.022061645393074213,0.008700481150192375
ds006850,bandpower_ridge_base,total_minus_uncalibrated_prior,0,0,0.008094316706140707,-0.06302534200909421,0.08473231640309288,2000,-0.13253653140992638,0.14872516482220782,0.012245284484603436,0.0014909855806426453,0.023200529022633382
ds006850,bandpower_ridge_base,total_minus_uncalibrated_prior,0,1,-0.004384264367713164,-0.046165788561937336,0.04173454810800471,2000,-0.14501511248378027,0.13624658374835394,0.009850461487617757,-0.0006299335701408147,0.02084482909435605
ds006850,bandpower_ridge_base,total_minus_uncalibrated_prior,0,2,-0.015636801869125472,-0.06660511111435548,0.04404188437693479,2000,-0.15626764998519257,0.12499404624694163,0.007589827515775471,-0.0036522581120189334,0.018244605768966107
ds006850,bandpower_ridge_base,total_minus_uncalibrated_prior,0,4,-0.005093958581221525,-0.06372249244969742,0.05824860830244048,2000,-0.14572480669728863,0.13553688953484558,0.005968961641062004,-0.005468111263600146,0.017468882147745626
ds006850,bandpower_ridge_base,total_minus_uncalibrated_prior,0,8,-0.01791633117407493,-0.07687120746585684,0.04501338523819657,2000,-0.15854717929014203,0.12271451694199217,0.010065216365697599,-0.0009456403980136648,0.021020865495207985
ds006850,bandpower_ridge_base,total_minus_uncalibrated_prior,1,0,0.0839175848554431,-0.02683038383654108,0.19583655759462157,2000,-0.05671326326062401,0.2245484329715102,0.05485768442664418,0.022953848960441364,0.08787053614322224
ds006850,bandpower_ridge_base,total_minus_uncalibrated_prior,1,1,-0.025693537841385977,-0.10913328794481364,0.07826841348194577,2000,-0.16632438595745308,0.11493731027468113,0.05620082712872937,0.027148870635465786,0.08961262151622623
ds006850,bandpower_ridge_base,total_minus_uncalibrated_prior,1,2,-0.06261731791350239,-0.14943697567394937,0.0583056858657634,2000,-0.2032481660295695,0.07801353020256471,0.05798628199291106,0.029347437668270176,0.0903898684365918
ds006850,bandpower_ridge_base,total_minus_uncalibrated_prior,1,4,-0.053749290941096095,-0.1468611547052134,0.07124028170898065,2000,-0.1943801390571632,0.08688155717497101,0.060942909501724596,0.031954697951862995,0.0915114329901917
ds006850,bandpower_ridge_base,total_minus_uncalibrated_prior,1,8,-0.06565805497579974,-0.15823927652745803,0.05988777219878735,2000,-0.20628890309186684,0.07497279314026736,0.06429126803555571,0.034122692645974395,0.09561193386646186
ds006850,bandpower_ridge_base,total_minus_uncalibrated_prior,2,0,0.1473044703416117,0.03238850745672657,0.24784264272209022,2000,0.006673622225544601,0.28793531845767883,0.02639130877598117,0.0012526941449470873,0.052611609797455626
ds006850,bandpower_ridge_base,total_minus_uncalibrated_prior,2,1,0.029166038853275456,-0.0352282327167727,0.11741929579526522,2000,-0.11146480926279165,0.16979688696934256,0.026462221224767657,0.00545210766946591,0.05026914290148842
ds006850,bandpower_ridge_base,total_minus_uncalibrated_prior,2,2,0.01471395430600031,-0.06345371092623966,0.11725990065655874,2000,-0.1259168938100668,0.1553448024220674,0.022812782132288573,0.0005424314923992272,0.04745255364521284
ds006850,bandpower_ridge_base,total_minus_uncalibrated_prior,2,4,0.027445321165736725,-0.056504169256551245,0.13166480575455225,2000,-0.11318552695033038,0.16807616928180383,0.025382510445078665,0.00349455098267165,0.04927099209272788
ds006850,bandpower_ridge_base,total_minus_uncalibrated_prior,2,8,0.026303126892507578,-0.06366300477203843,0.13383820461408813,2000,-0.11432772122355953,0.16693397500857468,0.02581752838235421,0.002921448944262193,0.05041221058433144
ds006850,bandpower_ridge_base,total_minus_uncalibrated_prior,4,0,0.15528043821839907,0.03626420482223664,0.25841346047530966,2000,0.014649590102331966,0.2959112863344662,0.010377325462807313,-0.01114226410763131,0.03205167295369413
ds006850,bandpower_ridge_base,total_minus_uncalibrated_prior,4,1,0.047636861722256785,-0.020594580210640593,0.13002943938613357,2000,-0.09299398639381032,0.1882677098383239,0.012317037300907385,-0.0042713065325830826,0.03150563869426388
ds006850,bandpower_ridge_base,total_minus_uncalibrated_prior,4,2,0.03769728657739696,-0.03937368396069326,0.1395524775772149,2000,-0.10293356153867014,0.17832813469346406,0.006778449280761906,-0.012140170532720602,0.026697731012664584
ds006850,bandpower_ridge_base,total_minus_uncalibrated_prior,4,4,0.055656065643515884,-0.030001179044266208,0.1539592330263158,2000,-0.08497478247255122,0.196286913759583,0.008359912809106862,-0.010148929441780264,0.027944547604983213
ds006850,bandpower_ridge_base,total_minus_uncalibrated_prior,4,8,0.05588508123595137,-0.03163462248373911,0.1580525960385579,2000,-0.08474576688011573,0.19651592935201848,0.009498739334749373,-0.008690812018690076,0.02815087860825524
ds006850,bandpower_ridge_base,total_minus_uncalibrated_prior,8,0,0.1517086267511885,0.033757801734622825,0.2538767457472087,2000,0.01107777863512141,0.29233947486725564,0.004754609598355053,-0.01479243289169878,0.023251272671950072
ds006850,bandpower_ridge_base,total_minus_uncalibrated_prior,8,1,0.05353542238346948,-0.01297361436773907,0.13130796863822516,2000,-0.08709542573259763,0.19416627049953658,0.007964130561406435,-0.006726661517528916,0.02297464779122002
ds006850,bandpower_ridge_base,total_minus_uncalibrated_prior,8,2,0.04648623333101265,-0.03004276477614243,0.14156653485968118,2000,-0.09414461478505445,0.18711708144707975,0.002873062713870611,-0.013803170931073055,0.019090366894992935
ds006850,bandpower_ridge_base,total_minus_uncalibrated_prior,8,4,0.06298255314814027,-0.023967940168317402,0.1557304649178258,2000,-0.07764829496792683,0.20361340126420738,0.0045262332834831165,-0.01175936204477239,0.020593857218570148
ds006850,bandpower_ridge_base,total_minus_uncalibrated_prior,8,8,0.06385366979508378,-0.024287691505009697,0.15868020620926365,2000,-0.07677717832098332,0.20448451791115088,0.004218317293946144,-0.012895691368010054,0.020232403797560014
ds006850,bandpower_ridge_strong,eeg_added_population,0,0,-0.01212306208983476,-0.06246990141609628,0.044264328778235225,2000,-0.06593546845417733,0.04168934427450781,0.009356150470712643,0.001973312428172893,0.01696596801044847
ds006850,bandpower_ridge_strong,eeg_added_population,0,1,-0.009847838599168046,-0.03822800694941349,0.02228317714742187,2000,-0.06366024496351061,0.043964567765174524,0.00629958852055576,-0.0008484028048752201,0.013386949096486625
ds006850,bandpower_ridge_strong,eeg_added_population,0,2,-0.019742935267859474,-0.056206064819738354,0.022394397642345878,2000,-0.07355534163220204,0.034069471096483096,0.005299103582244363,-0.002418645678071492,0.012946255187698931
ds006850,bandpower_ridge_strong,eeg_added_population,0,4,-0.013151306040382782,-0.0531993356291612,0.02888098669659018,2000,-0.06696371240472535,0.04066110032395979,0.0031516432090174518,-0.004258931422719965,0.010650527066241146
ds006850,bandpower_ridge_strong,eeg_added_population,0,8,-0.016193632085318932,-0.053844864810587464,0.024828757893930898,2000,-0.0700060384496615,0.03761877427902364,0.006450902656092133,-0.000744308241136767,0.013247825191230161
ds006850,bandpower_ridge_strong,eeg_added_population,1,0,-0.01212306208983476,-0.06246990141609587,0.044264328778235225,2000,-0.06593546845417733,0.04168934427450781,0.009356150470712643,0.001973312428172893,0.01696596801044847
ds006850,bandpower_ridge_strong,eeg_added_population,1,1,-0.009847838599168046,-0.03822800694941348,0.02228317714742187,2000,-0.06366024496351061,0.043964567765174524,0.00629958852055576,-0.0008484028048752201,0.013386949096486626
ds006850,bandpower_ridge_strong,eeg_added_population,1,2,-0.019742935267859474,-0.056206064819738354,0.022394397642345985,2000,-0.07355534163220204,0.034069471096483096,0.005299103582244363,-0.002418645678071492,0.012946255187698931
ds006850,bandpower_ridge_strong,eeg_added_population,1,4,-0.013151306040382782,-0.0531993356291612,0.02888098669659018,2000,-0.06696371240472535,0.04066110032395979,0.0031516432090174518,-0.004258931422719965,0.010650527066241146
ds006850,bandpower_ridge_strong,eeg_added_population,1,8,-0.016193632085318932,-0.053844864810587464,0.024828757893930912,2000,-0.0700060384496615,0.03761877427902364,0.006450902656092133,-0.000744308241136767,0.013247825191230161
ds006850,bandpower_ridge_strong,eeg_added_population,2,0,-0.01212306208983476,-0.06246990141609587,0.04426432877823523,2000,-0.06593546845417733,0.04168934427450781,0.009356150470712643,0.001973312428172893,0.01696596801044847
ds006850,bandpower_ridge_strong,eeg_added_population,2,1,-0.00984783859916813,-0.03822800694941348,0.02228317714742187,2000,-0.06366024496351069,0.04396456776517444,0.00629958852055576,-0.0008484028048752201,0.013386949096486626
ds006850,bandpower_ridge_strong,eeg_added_population,2,2,-0.019742935267859474,-0.056206064819738465,0.022394397642345985,2000,-0.07355534163220204,0.034069471096483096,0.005299103582244363,-0.002418645678071492,0.012946255187698931
ds006850,bandpower_ridge_strong,eeg_added_population,2,4,-0.013151306040382782,-0.05319933562916104,0.028880986696590175,2000,-0.06696371240472535,0.04066110032395979,0.0031516432090174518,-0.004258931422719965,0.010650527066241146
ds006850,bandpower_ridge_strong,eeg_added_population,2,8,-0.016193632085318932,-0.053844864810587464,0.024828757893930912,2000,-0.0700060384496615,0.03761877427902364,0.006450902656092133,-0.000744308241136767,0.013247825191230161
ds006850,bandpower_ridge_strong,eeg_added_population,4,0,-0.012123062089834553,-0.06246990141609587,0.04426432877823524,2000,-0.06593546845417712,0.04168934427450802,0.009356150470712643,0.001973312428172893,0.01696596801044847
ds006850,bandpower_ridge_strong,eeg_added_population,4,1,-0.009847838599168268,-0.0382280069494134,0.02228317714742187,2000,-0.06366024496351083,0.0439645677651743,0.006299588520555788,-0.0008484028048752201,0.013386949096486626
ds006850,bandpower_ridge_strong,eeg_added_population,4,2,-0.01974293526785942,-0.05620606481973846,0.022394397642345985,2000,-0.07355534163220198,0.03406947109648315,0.005299103582244363,-0.002418645678071492,0.012946255187698878
ds006850,bandpower_ridge_strong,eeg_added_population,4,4,-0.013151306040382726,-0.0531993356291612,0.028880986696590075,2000,-0.06696371240472529,0.040661100323959844,0.0031516432090174518,-0.004258931422719965,0.010650527066241146
ds006850,bandpower_ridge_strong,eeg_added_population,4,8,-0.016193632085318932,-0.0538448648105873,0.024828757893930915,2000,-0.0700060384496615,0.03761877427902364,0.006450902656092133,-0.000744308241136767,0.013247825191230161
ds006850,bandpower_ridge_strong,eeg_added_population,8,0,-0.012123062089834553,-0.06246990141609587,0.04426432877823524,2000,-0.06593546845417712,0.04168934427450802,0.009356150470712643,0.001973312428172893,0.01696596801044847
ds006850,bandpower_ridge_strong,eeg_added_population,8,1,-0.009847838599168268,-0.0382280069494134,0.02228317714742187,2000,-0.06366024496351083,0.0439645677651743,0.006299588520555788,-0.0008484028048752201,0.013386949096486626
ds006850,bandpower_ridge_strong,eeg_added_population,8,2,-0.01974293526785942,-0.05620606481973846,0.022394397642345985,2000,-0.07355534163220198,0.03406947109648315,0.005299103582244363,-0.002418645678071492,0.012946255187698878
ds006850,bandpower_ridge_strong,eeg_added_population,8,4,-0.013151306040382726,-0.0531993356291612,0.028880986696590075,2000,-0.06696371240472529,0.040661100323959844,0.0031516432090174518,-0.004258931422719965,0.010650527066241146
ds006850,bandpower_ridge_strong,eeg_added_population,8,8,-0.016193632085318932,-0.0538448648105873,0.024828757893930915,2000,-0.0700060384496615,0.03761877427902364,0.006450902656092133,-0.000744308241136767,0.013247825191230161
ds006850,bandpower_ridge_strong,eeg_added_matched_calibration,0,0,-0.01212306208983476,-0.06246990141609628,0.044264328778235225,2000,-0.06636753167953505,0.042121407499865524,0.009356150470712643,0.001973312428172893,0.01696596801044847
ds006850,bandpower_ridge_strong,eeg_added_matched_calibration,0,1,-0.009847838599168046,-0.03822800694941349,0.02228317714742187,2000,-0.06409230818886832,0.04439663099053224,0.00629958852055576,-0.0008484028048752201,0.013386949096486625
ds006850,bandpower_ridge_strong,eeg_added_matched_calibration,0,2,-0.019742935267859474,-0.056206064819738354,0.022394397642345878,2000,-0.07398740485755975,0.03450153432184081,0.005299103582244363,-0.002418645678071492,0.012946255187698931
ds006850,bandpower_ridge_strong,eeg_added_matched_calibration,0,4,-0.013151306040382782,-0.0531993356291612,0.02888098669659018,2000,-0.06739577563008306,0.0410931635493175,0.0031516432090174518,-0.004258931422719965,0.010650527066241146
ds006850,bandpower_ridge_strong,eeg_added_matched_calibration,0,8,-0.016193632085318932,-0.053844864810587464,0.024828757893930898,2000,-0.07043810167501921,0.03805083750438135,0.006450902656092133,-0.000744308241136767,0.013247825191230161
ds006850,bandpower_ridge_strong,eeg_added_matched_calibration,1,0,-0.0017235901781309515,-0.031173250706526767,0.027553019933801177,2000,-0.05596805976783124,0.052520879411569334,0.0036711102847230004,-0.004541687302007371,0.011672744173340837
ds006850,bandpower_ridge_strong,eeg_added_matched_calibration,1,1,-0.005291112284516897,-0.026644249391287365,0.01627122535239023,2000,-0.05953558187421718,0.04895335730518339,0.003768858710719636,-0.00404526273332734,0.011036927284742367
ds006850,bandpower_ridge_strong,eeg_added_matched_calibration,1,2,-0.006273623435891107,-0.029356172363627808,0.02133951511792916,2000,-0.06051809302559139,0.04797084615380918,0.003724613514408226,-0.004214658677411538,0.011142734696067675
ds006850,bandpower_ridge_strong,eeg_added_matched_calibration,1,4,-0.0055675615342137275,-0.029090168422233924,0.02151378201629238,2000,-0.05981203112391401,0.04867690805548656,0.005187143325887378,-0.0031416852961705715,0.012972123110320139
ds006850,bandpower_ridge_strong,eeg_added_matched_calibration,1,8,-0.007516954710745871,-0.03022190652402263,0.021028252202161406,2000,-0.061761424300446156,0.046727514878954414,0.00453484149226932,-0.0037473347292520773,0.012258212578930863
ds006850,bandpower_ridge_strong,eeg_added_matched_calibration,2,0,0.005477591781987784,-0.025771930149028538,0.03840655322399073,2000,-0.0487668778077125,0.05972206137168807,0.0020385475370390815,-0.00477205254116965,0.00887924381498559
ds006850,bandpower_ridge_strong,eeg_added_matched_calibration,2,1,0.00137983947709569,-0.0197225531836494,0.023160410013024258,2000,-0.052864630112604595,0.055624309066795975,0.0014335292712600034,-0.005201914843104562,0.008134867439452374
ds006850,bandpower_ridge_strong,eeg_added_matched_calibration,2,2,0.0003898601039833971,-0.02435290467204581,0.028345631220104913,2000,-0.05385460948571689,0.05463432969368368,0.0006965417923386064,-0.006302548095685126,0.007604670854021502
ds006850,bandpower_ridge_strong,eeg_added_matched_calibration,2,4,0.0018793754156467002,-0.02368771332815777,0.02953841986806915,2000,-0.052365094174053585,0.056123845005346985,0.0006744683518800088,-0.006276373260166886,0.007984693022631176
ds006850,bandpower_ridge_strong,eeg_added_matched_calibration,2,8,0.0015231275481619178,-0.02449782624212052,0.030383666654864087,2000,-0.05272134204153837,0.0557675971378622,0.0006609675633769962,-0.006691322378669648,0.007894714382424952
ds006850,bandpower_ridge_strong,eeg_added_matched_calibration,4,0,-0.0026646502327917487,-0.037560010851516376,0.03743872470336703,2000,-0.056909119822492034,0.051579819356908536,0.004347108655914922,-0.0022029080593688535,0.01097434641767666
ds006850,bandpower_ridge_strong,eeg_added_matched_calibration,4,1,-0.003667501100151682,-0.025797684927882793,0.021652502786888624,2000,-0.05791197068985197,0.0505769684895486,0.0025227087611874865,-0.0033529883964412165,0.008403544462701399
ds006850,bandpower_ridge_strong,eeg_added_matched_calibration,4,2,-0.008709263840271875,-0.03444545030668696,0.02271984702013354,2000,-0.06295373342997215,0.04553520574942841,0.002346846703768002,-0.003970292173759523,0.008761000461744087
ds006850,bandpower_ridge_strong,eeg_added_matched_calibration,4,4,-0.006672687915648401,-0.03375449953398139,0.023642321781746856,2000,-0.060917157505348686,0.047571781674051884,0.0032889444381772603,-0.002788890037642973,0.009449129398118839
ds006850,bandpower_ridge_strong,eeg_added_matched_calibration,4,8,-0.00798650553885727,-0.03552862600645649,0.022971022255412147,2000,-0.062230975128557554,0.046257964050843016,0.004090377310560722,-0.00194838017946546,0.010200387300438126
ds006850,bandpower_ridge_strong,eeg_added_matched_calibration,8,0,-0.0104841674348079,-0.04540931105750321,0.031736835612457444,2000,-0.06472863702450818,0.043760302154892385,0.0051064509479943065,-0.0010200785441167731,0.01110100270166527
ds006850,bandpower_ridge_strong,eeg_added_matched_calibration,8,1,-0.006643046279043829,-0.029499423802659935,0.018731312778490432,2000,-0.060887515868744115,0.047601423310656456,0.002303220335084316,-0.003521021476237553,0.007876922837036724
ds006850,bandpower_ridge_strong,eeg_added_matched_calibration,8,2,-0.012849685791407273,-0.03939552910945545,0.02021468615912977,2000,-0.06709415538110755,0.04139478379829301,0.0026644971999362776,-0.0033367427100939075,0.008829450572664222
ds006850,bandpower_ridge_strong,eeg_added_matched_calibration,8,4,-0.011696835847939457,-0.0399202817722327,0.021662279372236408,2000,-0.06594130543763974,0.04254763374176083,0.003460854291803206,-0.0026413172394966185,0.009302124560967759
ds006850,bandpower_ridge_strong,eeg_added_matched_calibration,8,8,-0.013107322845629987,-0.039761505027110795,0.019912490227515043,2000,-0.06735179243533027,0.0411371467440703,0.004728078331361907,-0.0018088941582865199,0.010573754252257529
ds006850,bandpower_ridge_strong,prior_calibration_gain,0,0,0.0,0.0,0.0,2000,-0.13169041129046133,0.13169041129046133,0.0,0.0,0.0
ds006850,bandpower_ridge_strong,prior_calibration_gain,0,1,0.0,0.0,0.0,2000,-0.13169041129046133,0.13169041129046133,0.0,0.0,0.0
ds006850,bandpower_ridge_strong,prior_calibration_gain,0,2,0.0,0.0,0.0,2000,-0.13169041129046133,0.13169041129046133,0.0,0.0,0.0
ds006850,bandpower_ridge_strong,prior_calibration_gain,0,4,0.0,0.0,0.0,2000,-0.13169041129046133,0.13169041129046133,0.0,0.0,0.0
ds006850,bandpower_ridge_strong,prior_calibration_gain,0,8,0.0,0.0,0.0,2000,-0.13169041129046133,0.13169041129046133,0.0,0.0,0.0
ds006850,bandpower_ridge_strong,prior_calibration_gain,1,0,0.08274658665210007,-0.024869249961099706,0.19331402684589674,2000,-0.048943824638361264,0.21443699794256138,0.04829210949033019,0.01773394992784451,0.0801655483149553
ds006850,bandpower_ridge_strong,prior_calibration_gain,1,1,-0.017840541017210887,-0.10019731966234696,0.07868249859672205,2000,-0.14953095230767222,0.11384987027325044,0.04984485751565715,0.022995204411731984,0.08108440404484486
ds006850,bandpower_ridge_strong,prior_calibration_gain,1,2,-0.05445749363486263,-0.13862752710781692,0.05831683773424273,2000,-0.18614790492532396,0.0772329176555987,0.05215490427631708,0.025576802944304193,0.08348080394223446
ds006850,bandpower_ridge_strong,prior_calibration_gain,1,4,-0.04634931158613692,-0.14210088676281166,0.07088594646440043,2000,-0.17803972287659825,0.08534109970432441,0.05244606023854048,0.02511275823346166,0.08288849095263572
ds006850,bandpower_ridge_strong,prior_calibration_gain,1,8,-0.05573286110738246,-0.15083855980848426,0.062070178382381276,2000,-0.1874232723978438,0.07595755018307887,0.05712164248389051,0.027499393584847463,0.0877243892295031
ds006850,bandpower_ridge_strong,prior_calibration_gain,2,0,0.1409623719153005,0.03718961451767345,0.2327148380417304,2000,0.009271960624839176,0.2726527832057618,0.02171333893995578,-0.0004300058112803531,0.04548020564876871
ds006850,bandpower_ridge_strong,prior_calibration_gain,2,1,0.03008480655524437,-0.03348369628145518,0.10949282890708745,2000,-0.10160560473521696,0.1617752178457057,0.02113654341703447,0.00139078533617713,0.04405889115131503
ds006850,bandpower_ridge_strong,prior_calibration_gain,2,2,0.018033997403535007,-0.053785263527287575,0.10945331544556919,2000,-0.11365641388692632,0.14972440869399634,0.019661663519724953,-0.0019458054388973326,0.04268720659676958
ds006850,bandpower_ridge_strong,prior_calibration_gain,2,4,0.031354011727983466,-0.049067331750102895,0.12652306511899422,2000,-0.10033639956247786,0.1630444230184448,0.021985026115436623,0.0011045924559598714,0.045705343123701225
ds006850,bandpower_ridge_strong,prior_calibration_gain,2,8,0.03173182574778072,-0.05541443719999212,0.132029792929923,2000,-0.09995858554268061,0.16342223703824205,0.021333222696912374,-0.00026594079206913846,0.04502955835173176
ds006850,bandpower_ridge_strong,prior_calibration_gain,4,0,0.15361825253941824,0.039606824634907695,0.24532218993031726,2000,0.021927841248956914,0.28530866382987957,0.0037453044281207104,-0.015023976117092433,0.022587635362589984
ds006850,bandpower_ridge_strong,prior_calibration_gain,4,1,0.04990305602774725,-0.010771863650664935,0.11994162867877174,2000,-0.08178735526271408,0.18159346731820858,0.007241785673276158,-0.007648418405697882,0.02322459585338056
ds006850,bandpower_ridge_strong,prior_calibration_gain,4,2,0.047808429390673146,-0.026145688049666386,0.13106683742917585,2000,-0.08388198189978818,0.17949884068113447,0.0032053671646432025,-0.013468159139795481,0.020625692213185026
ds006850,bandpower_ridge_strong,prior_calibration_gain,4,4,0.06296689395012922,-0.01623474584474112,0.15030867167142298,2000,-0.06872351734033211,0.19465730524059055,0.002973396960041813,-0.013381615584242943,0.020660392294002995
ds006850,bandpower_ridge_strong,prior_calibration_gain,4,8,0.06567263606507251,-0.01672964234090195,0.15555778811745016,2000,-0.06601777522538882,0.19736304735553384,0.0024981387496020024,-0.014388972449470013,0.018709811281494654
ds006850,bandpower_ridge_strong,prior_calibration_gain,8,0,0.15644082287592032,0.052289277551174164,0.24347735603878864,2000,0.024750411585458987,0.28813123416638164,-0.0024385431923127365,-0.01875988740838394,0.012906984644330393
ds006850,bandpower_ridge_strong,prior_calibration_gain,8,1,0.05838563020613474,0.004773233979091123,0.1217845087926029,2000,-0.07330478108432659,0.19007604149659607,0.002948584691531392,-0.008849586400952422,0.01460789223351831
ds006850,bandpower_ridge_strong,prior_calibration_gain,8,2,0.05999771846865137,-0.0028653128838640332,0.13522344185828108,2000,-0.07169269282180996,0.1916881297591127,-0.0012767056092662377,-0.015201337470156001,0.012369522038391858
ds006850,bandpower_ridge_strong,prior_calibration_gain,8,4,0.07519470815880047,0.0033093603231873774,0.15226365227267052,2000,-0.05649570313166086,0.2068851194492618,-0.0016221975957553258,-0.01574274182877948,0.012338863316176325
ds006850,bandpower_ridge_strong,prior_calibration_gain,8,8,0.07736957634443592,0.0025881139430619635,0.15804559213169292,2000,-0.05432083494602541,0.20905998763489725,-0.00304765247792807,-0.017418606151550917,0.010505345823078922
ds006850,bandpower_ridge_strong,combined_calibration_gain,0,0,0.0,0.0,0.0,2000,-0.13175332706022352,0.13175332706022352,0.0,0.0,0.0
ds006850,bandpower_ridge_strong,combined_calibration_gain,0,1,0.0,0.0,0.0,2000,-0.13175332706022352,0.13175332706022352,0.0,0.0,0.0
ds006850,bandpower_ridge_strong,combined_calibration_gain,0,2,0.0,0.0,0.0,2000,-0.13175332706022352,0.13175332706022352,0.0,0.0,0.0
ds006850,bandpower_ridge_strong,combined_calibration_gain,0,4,0.0,0.0,0.0,2000,-0.13175332706022352,0.13175332706022352,0.0,0.0,0.0
ds006850,bandpower_ridge_strong,combined_calibration_gain,0,8,0.0,0.0,0.0,2000,-0.13175332706022352,0.13175332706022352,0.0,0.0,0.0
ds006850,bandpower_ridge_strong,combined_calibration_gain,1,0,0.09314605856380387,-0.024403607932452945,0.20210388772609825,2000,-0.038607268496419656,0.2248993856240274,0.04260706930434055,0.010859172525529134,0.07607608872903918
ds006850,bandpower_ridge_strong,combined_calibration_gain,1,1,-0.013283814702559738,-0.09855981909737992,0.08181467449924273,2000,-0.14503714176278326,0.11846951235766379,0.047314127705821024,0.017654670979945636,0.08013670298210732
ds006850,bandpower_ridge_strong,combined_calibration_gain,1,2,-0.040988181802894263,-0.1312392573426902,0.07094647577936916,2000,-0.1727415088631178,0.09076514525732926,0.050580414208480945,0.02208602091795091,0.08284527467830374
ds006850,bandpower_ridge_strong,combined_calibration_gain,1,4,-0.038765567079967866,-0.13740424028921866,0.0797063224805173,2000,-0.1705188941401914,0.09298775998025566,0.05448156035541041,0.024883110684970067,0.08687865865036282
ds006850,bandpower_ridge_strong,combined_calibration_gain,1,8,-0.0470561837328094,-0.1425900497501673,0.0733284313455625,2000,-0.17880951079303292,0.08469714332741413,0.0552055813200677,0.024464313886083052,0.08730455664491665
ds006850,bandpower_ridge_strong,combined_calibration_gain,2,0,0.15856302578712306,0.050235064910721536,0.2454396575837306,2000,0.026809698726899533,0.2903163528473466,0.014395736006282217,-0.010066870714253176,0.040708281782167066
ds006850,bandpower_ridge_strong,combined_calibration_gain,2,1,0.04131248463150819,-0.0201025390128701,0.1205920523661004,2000,-0.09044084242871533,0.1730658116917317,0.016270484167738714,-0.00400251115723996,0.04001780580032776
ds006850,bandpower_ridge_strong,combined_calibration_gain,2,2,0.03816679277537788,-0.035795141882695974,0.13108672568750482,2000,-0.09358653428484565,0.1699201198356014,0.015059101729819196,-0.006733739112081829,0.038491176784333954
ds006850,bandpower_ridge_strong,combined_calibration_gain,2,4,0.04638469318401295,-0.03844425733258877,0.1444933243247111,2000,-0.08536863387621058,0.17813802024423647,0.01950785125829918,-0.0014652436758228107,0.042750734419335294
ds006850,bandpower_ridge_strong,combined_calibration_gain,2,8,0.04944858538126157,-0.03542316888080288,0.1499046620122726,2000,-0.08230474167896196,0.1812019124414851,0.015543287604197237,-0.006234823288038373,0.0381395745419589
ds006850,bandpower_ridge_strong,combined_calibration_gain,4,0,0.16307666439646104,0.05445861737811686,0.25382393527427644,2000,0.03132333733623752,0.29482999145668454,-0.0012637373866770107,-0.020297544317836765,0.018787158923091504
ds006850,bandpower_ridge_strong,combined_calibration_gain,4,1,0.056083393526763836,-0.002750478062166751,0.12329917589948915,2000,-0.07566993353345969,0.18783672058698736,0.0034649059139078564,-0.012366722744609879,0.02146215049820813
ds006850,bandpower_ridge_strong,combined_calibration_gain,4,2,0.05884210081826069,-0.011664575720095265,0.1397331243534852,2000,-0.07291122624196283,0.1905954278784842,0.00025311028616684106,-0.016530627034783973,0.019287918125043105
ds006850,bandpower_ridge_strong,combined_calibration_gain,4,4,0.06944551207486355,-0.0062220264838291316,0.1541919343769277,2000,-0.06230781498535998,0.20119883913508707,0.0031106981892016217,-0.01332590543117337,0.021317450635124968
ds006850,bandpower_ridge_strong,combined_calibration_gain,4,8,0.07387976261153417,-0.006510367471296139,0.1604415815999591,2000,-0.05787356444868935,0.2056330896717577,0.0001376134040705912,-0.016653716616891873,0.01699568589929719
ds006850,bandpower_ridge_strong,combined_calibration_gain,8,0,0.15807971753094696,0.05707529104345263,0.24097240916064336,2000,0.026326390470723438,0.2898330445911705,-0.006688242715031073,-0.02417998489346088,0.009609772109201038
ds006850,bandpower_ridge_strong,combined_calibration_gain,8,1,0.06159042252625918,0.007446437183808286,0.12671555790244085,2000,-0.07016290453396434,0.1933437495864827,-0.0010477834939400799,-0.013583880363140495,0.013049108546322807
ds006850,bandpower_ridge_strong,combined_calibration_gain,8,2,0.06689096794510352,0.002563157463995718,0.14234043059816703,2000,-0.06486235911512,0.19864429500532704,-0.003911311991574323,-0.018215037013272154,0.011113447439035373
ds006850,bandpower_ridge_strong,combined_calibration_gain,8,4,0.07664917835124374,0.005155817520756683,0.15514757182152128,2000,-0.05510414870897978,0.20840250541146726,-0.0013129865129695717,-0.016424154972277408,0.013307781655658072
ds006850,bandpower_ridge_strong,combined_calibration_gain,8,8,0.08045588558412486,0.007566236653972318,0.1622364980928387,2000,-0.05129744147609866,0.2122092126443484,-0.004770476802658297,-0.02047514900089562,0.009156784487225988
ds006850,bandpower_ridge_strong,total_minus_uncalibrated_prior,0,0,-0.01212306208983476,-0.06246990141609628,0.044264328778235225,2000,-0.15038969168446947,0.12614356750479994,0.009356150470712643,0.001973312428172893,0.01696596801044847
ds006850,bandpower_ridge_strong,total_minus_uncalibrated_prior,0,1,-0.009847838599168046,-0.03822800694941349,0.02228317714742187,2000,-0.14811446819380275,0.12841879099546666,0.00629958852055576,-0.0008484028048752201,0.013386949096486625
ds006850,bandpower_ridge_strong,total_minus_uncalibrated_prior,0,2,-0.019742935267859474,-0.056206064819738354,0.022394397642345878,2000,-0.15800956486249418,0.11852369432677523,0.005299103582244363,-0.002418645678071492,0.012946255187698931
ds006850,bandpower_ridge_strong,total_minus_uncalibrated_prior,0,4,-0.013151306040382782,-0.0531993356291612,0.02888098669659018,2000,-0.1514179356350175,0.12511532355425192,0.0031516432090174518,-0.004258931422719965,0.010650527066241146
ds006850,bandpower_ridge_strong,total_minus_uncalibrated_prior,0,8,-0.016193632085318932,-0.053844864810587464,0.024828757893930898,2000,-0.15446026167995364,0.12207299750931577,0.006450902656092133,-0.000744308241136767,0.013247825191230161
ds006850,bandpower_ridge_strong,total_minus_uncalibrated_prior,1,0,0.08102299647396911,-0.029904715036180397,0.1958820837678041,2000,-0.05724363312066559,0.2192896260686038,0.05196321977505319,0.020521604033106544,0.08448217173712827
ds006850,bandpower_ridge_strong,total_minus_uncalibrated_prior,1,1,-0.023131653301727784,-0.10959614461974103,0.07824703785969134,2000,-0.1613982828963625,0.11513497629290692,0.053613716226376784,0.025434421377714667,0.08597393393126045
ds006850,bandpower_ridge_strong,total_minus_uncalibrated_prior,1,2,-0.06073111707075374,-0.14774512780135815,0.05514011698605693,2000,-0.19899774666538844,0.07753551252388097,0.05587951779072531,0.027860124657206147,0.08728825099400761
ds006850,bandpower_ridge_strong,total_minus_uncalibrated_prior,1,4,-0.05191687312035065,-0.1469267668091213,0.06697072416487204,2000,-0.19018350271498535,0.08634975647428406,0.05763320356442786,0.029177500856514518,0.08772080730379651
ds006850,bandpower_ridge_strong,total_minus_uncalibrated_prior,1,8,-0.06324981581812833,-0.16000349909452483,0.059681938005311345,2000,-0.20151644541276303,0.07501681377650637,0.06165648397615983,0.03267508896575404,0.09271101863771523
ds006850,bandpower_ridge_strong,total_minus_uncalibrated_prior,2,0,0.1464399636972883,0.03300414044335442,0.24055616093692378,2000,0.008173334102653584,0.284706593291923,0.02375188647699486,-0.00019196045695314,0.04893636480782519
ds006850,bandpower_ridge_strong,total_minus_uncalibrated_prior,2,1,0.03146464603234006,-0.03381293117767532,0.11534740565357948,2000,-0.10680198356229464,0.16973127562697476,0.022570072688294474,0.0019980198719023053,0.045558681523174736
ds006850,bandpower_ridge_strong,total_minus_uncalibrated_prior,2,2,0.018423857507518404,-0.05584921687849469,0.11495099722436218,2000,-0.1198427720871163,0.1566904871021531,0.02035820531206356,-0.0009698521754463867,0.0443387746737816
ds006850,bandpower_ridge_strong,total_minus_uncalibrated_prior,2,4,0.033233387143630166,-0.04938717837229351,0.12851226451707595,2000,-0.10503324245100454,0.17150001673826487,0.022659494467316632,0.0016543777985574104,0.0462548129590585
ds006850,bandpower_ridge_strong,total_minus_uncalibrated_prior,2,8,0.033254953295942635,-0.05483222640525909,0.1368113562507812,2000,-0.10501167629869207,0.17152158289057734,0.02199419026028937,0.0006402583968918737,0.04430025470623981
ds006850,bandpower_ridge_strong,total_minus_uncalibrated_prior,4,0,0.1509536023066265,0.033541084911577215,0.25208738977772327,2000,0.01268697271199179,0.2892202319012612,0.008092413084035632,-0.011962685444519361,0.027964999324072003
ds006850,bandpower_ridge_strong,total_minus_uncalibrated_prior,4,1,0.04623555492759557,-0.01945787965744944,0.12299557791910205,2000,-0.09203107466703914,0.18450218452223027,0.009764494434463644,-0.006547404966550979,0.027698122983979494
ds006850,bandpower_ridge_strong,total_minus_uncalibrated_prior,4,2,0.03909916555040127,-0.036298869033000614,0.13379200983721393,2000,-0.09916746404423343,0.17736579514503598,0.005552213868411204,-0.012927271862116682,0.024345364989370996
ds006850,bandpower_ridge_strong,total_minus_uncalibrated_prior,4,4,0.05629420603448082,-0.02715156692511902,0.14619407894194952,2000,-0.08197242356015388,0.19456083562911552,0.006262341398219073,-0.0108256239960218,0.024893101795173404
ds006850,bandpower_ridge_strong,total_minus_uncalibrated_prior,4,8,0.05768613052621524,-0.02856442867748077,0.15242742570474918,2000,-0.08058049906841946,0.19595276012084994,0.006588516060162725,-0.010661381468000507,0.023307332653725824
ds006850,bandpower_ridge_strong,total_minus_uncalibrated_prior,8,0,0.14595665544111242,0.032653111032326786,0.24337608165420183,2000,0.0076900258464777105,0.2842232850357471,0.00266790775568157,-0.015662288503585833,0.019301140942204253
ds006850,bandpower_ridge_strong,total_minus_uncalibrated_prior,8,1,0.05174258392709091,-0.011910419628381309,0.12457829719945838,2000,-0.08652404566754379,0.19000921352172562,0.005251805026615708,-0.008322525815373051,0.018880237011651736
ds006850,bandpower_ridge_strong,total_minus_uncalibrated_prior,8,2,0.0471480326772441,-0.026821899250487773,0.1345329386275325,2000,-0.0911185969173906,0.1854146622718788,0.00138779159067004,-0.014303366064225961,0.016509647859241257
ds006850,bandpower_ridge_strong,total_minus_uncalibrated_prior,8,4,0.06349787231086101,-0.020216773775810753,0.14936584435428168,2000,-0.07476875728377369,0.20176450190549572,0.00183865669604788,-0.013376850828050185,0.01705469806984297
ds006850,bandpower_ridge_strong,total_minus_uncalibrated_prior,8,8,0.06426225349880593,-0.02021059956623275,0.15091823531052104,2000,-0.07400437609582877,0.20252888309344064,0.0016804258534338368,-0.013935686317638892,0.015807159089107858
ds006850,eegnet_lr1e3,eeg_added_population,0,0,0.010144771042118273,-0.014796364538270051,0.03585835853467443,2000,-0.021005008338886695,0.04129455042312324,0.0006942790307700175,-0.0023647644144062347,0.003770076146601015
ds006850,eegnet_lr1e3,eeg_added_population,0,1,0.00609985657066886,-0.005755310173920743,0.01769468555889914,2000,-0.025049922810336106,0.037249635951673826,0.0015644074775408023,-0.0013833028141203574,0.004926969115411562
ds006850,eegnet_lr1e3,eeg_added_population,0,2,0.01451776885449707,-0.008256912104985664,0.04134512509863148,2000,-0.016632010526507895,0.04566754823550204,0.0009349482419072908,-0.00406894458029631,0.006174544701517745
ds006850,eegnet_lr1e3,eeg_added_population,0,4,0.011668172503600915,-0.005408523606472086,0.027344699665754924,2000,-0.01948160687740405,0.04281795188460588,0.0007126398377991228,-0.002347847599184827,0.0038919663312845095
ds006850,eegnet_lr1e3,eeg_added_population,0,8,0.01688419324610252,-0.010553660283250502,0.04692222014322583,2000,-0.014265586134902447,0.048033972627107485,0.00018499045334627318,-0.004094213256216011,0.00454829294595762
ds006850,eegnet_lr1e3,eeg_added_population,1,0,0.010144771042118273,-0.014796364538270051,0.03585835853467443,2000,-0.021005008338886695,0.04129455042312324,0.0006942790307700175,-0.0023647644144062347,0.003770076146601015
ds006850,eegnet_lr1e3,eeg_added_population,1,1,0.00609985657066886,-0.005755310173920743,0.01769468555889914,2000,-0.025049922810336106,0.037249635951673826,0.0015644074775408023,-0.0013833028141203574,0.004926969115411562
ds006850,eegnet_lr1e3,eeg_added_population,1,2,0.01451776885449707,-0.008256912104985664,0.04134512509863148,2000,-0.016632010526507895,0.04566754823550204,0.0009349482419072908,-0.00406894458029631,0.006174544701517745
ds006850,eegnet_lr1e3,eeg_added_population,1,4,0.011668172503600915,-0.005408523606472086,0.027344699665754924,2000,-0.01948160687740405,0.04281795188460588,0.0007126398377991228,-0.002347847599184827,0.0038919663312845095
ds006850,eegnet_lr1e3,eeg_added_population,1,8,0.01688419324610252,-0.010553660283250502,0.04692222014322583,2000,-0.014265586134902447,0.048033972627107485,0.00018499045334627318,-0.004094213256216011,0.00454829294595762
ds006850,eegnet_lr1e3,eeg_added_population,2,0,0.010144771042118273,-0.014796364538270051,0.03585835853467443,2000,-0.021005008338886695,0.04129455042312324,0.0006942790307700175,-0.0023647644144062347,0.003770076146601015
ds006850,eegnet_lr1e3,eeg_added_population,2,1,0.00609985657066886,-0.005755310173920743,0.01769468555889914,2000,-0.025049922810336106,0.037249635951673826,0.0015644074775408023,-0.0013833028141203574,0.004926969115411562
ds006850,eegnet_lr1e3,eeg_added_population,2,2,0.01451776885449707,-0.008256912104985664,0.04134512509863148,2000,-0.016632010526507895,0.04566754823550204,0.0009349482419072908,-0.00406894458029631,0.006174544701517745
ds006850,eegnet_lr1e3,eeg_added_population,2,4,0.011668172503600915,-0.005408523606472086,0.027344699665754924,2000,-0.01948160687740405,0.04281795188460588,0.0007126398377991228,-0.002347847599184827,0.0038919663312845095
ds006850,eegnet_lr1e3,eeg_added_population,2,8,0.01688419324610252,-0.010553660283250502,0.04692222014322583,2000,-0.014265586134902447,0.048033972627107485,0.00018499045334627318,-0.004094213256216011,0.00454829294595762
ds006850,eegnet_lr1e3,eeg_added_population,4,0,0.010144771042118273,-0.014796364538270051,0.03585835853467443,2000,-0.021005008338886695,0.04129455042312324,0.0006942790307700175,-0.0023647644144062347,0.003770076146601015
ds006850,eegnet_lr1e3,eeg_added_population,4,1,0.00609985657066886,-0.005755310173920743,0.01769468555889914,2000,-0.025049922810336106,0.037249635951673826,0.0015644074775408023,-0.0013833028141203574,0.004926969115411562
ds006850,eegnet_lr1e3,eeg_added_population,4,2,0.01451776885449707,-0.008256912104985664,0.04134512509863148,2000,-0.016632010526507895,0.04566754823550204,0.0009349482419072908,-0.00406894458029631,0.006174544701517745
ds006850,eegnet_lr1e3,eeg_added_population,4,4,0.011668172503600915,-0.005408523606472086,0.027344699665754924,2000,-0.01948160687740405,0.04281795188460588,0.0007126398377991228,-0.002347847599184827,0.0038919663312845095
ds006850,eegnet_lr1e3,eeg_added_population,4,8,0.01688419324610252,-0.010553660283250502,0.04692222014322583,2000,-0.014265586134902447,0.048033972627107485,0.00018499045334627318,-0.004094213256216011,0.00454829294595762
ds006850,eegnet_lr1e3,eeg_added_population,8,0,0.010144771042118273,-0.014796364538270051,0.03585835853467443,2000,-0.021005008338886695,0.04129455042312324,0.0006942790307700175,-0.0023647644144062347,0.003770076146601015
ds006850,eegnet_lr1e3,eeg_added_population,8,1,0.00609985657066886,-0.005755310173920743,0.01769468555889914,2000,-0.025049922810336106,0.037249635951673826,0.0015644074775408023,-0.0013833028141203574,0.004926969115411562
ds006850,eegnet_lr1e3,eeg_added_population,8,2,0.01451776885449707,-0.008256912104985664,0.04134512509863148,2000,-0.016632010526507895,0.04566754823550204,0.0009349482419072908,-0.00406894458029631,0.006174544701517745
ds006850,eegnet_lr1e3,eeg_added_population,8,4,0.011668172503600915,-0.005408523606472086,0.027344699665754924,2000,-0.01948160687740405,0.04281795188460588,0.0007126398377991228,-0.002347847599184827,0.0038919663312845095
ds006850,eegnet_lr1e3,eeg_added_population,8,8,0.01688419324610252,-0.010553660283250502,0.04692222014322583,2000,-0.014265586134902447,0.048033972627107485,0.00018499045334627318,-0.004094213256216011,0.00454829294595762
ds006850,eegnet_lr1e3,eeg_added_matched_calibration,0,0,0.010144771042118273,-0.014796364538270051,0.03585835853467443,2000,-0.02828651845474727,0.04857606053898381,0.0006942790307700175,-0.0023647644144062347,0.003770076146601015
ds006850,eegnet_lr1e3,eeg_added_matched_calibration,0,1,0.00609985657066886,-0.005755310173920743,0.01769468555889914,2000,-0.03233143292619668,0.0445311460675344,0.0015644074775408023,-0.0013833028141203574,0.004926969115411562
ds006850,eegnet_lr1e3,eeg_added_matched_calibration,0,2,0.01451776885449707,-0.008256912104985664,0.04134512509863148,2000,-0.02391352064236847,0.05294905835136261,0.0009349482419072908,-0.00406894458029631,0.006174544701517745
ds006850,eegnet_lr1e3,eeg_added_matched_calibration,0,4,0.011668172503600915,-0.005408523606472086,0.027344699665754924,2000,-0.026763116993264627,0.05009946200046646,0.0007126398377991228,-0.002347847599184827,0.0038919663312845095
ds006850,eegnet_lr1e3,eeg_added_matched_calibration,0,8,0.01688419324610252,-0.010553660283250502,0.04692222014322583,2000,-0.021547096250763023,0.05531548274296806,0.00018499045334627318,-0.004094213256216011,0.00454829294595762
ds006850,eegnet_lr1e3,eeg_added_matched_calibration,1,0,0.006642635240918973,-0.006126878875298573,0.021803151441880837,2000,-0.03178865425594657,0.045073924737784515,0.001746846703917948,-0.0027005781719621263,0.006516219177211159
ds006850,eegnet_lr1e3,eeg_added_matched_calibration,1,1,0.005478719804599935,-0.004077546534931844,0.015138786579447408,2000,-0.03295256969226561,0.04391000930146548,0.001653169338489413,-0.002331788800354194,0.006154470552548326
ds006850,eegnet_lr1e3,eeg_added_matched_calibration,1,2,0.0045684498530029205,-0.010317518321689607,0.024156406486314095,2000,-0.03386283964386262,0.04299973934986846,0.004451627285163351,-0.003425210899518273,0.012518816770223136
ds006850,eegnet_lr1e3,eeg_added_matched_calibration,1,4,0.006368433359053516,-0.004740511510507131,0.01784788778197698,2000,-0.032062856137812026,0.04479972285591906,0.0020239908080771918,-0.0032007156047549425,0.0072176019280323165
ds006850,eegnet_lr1e3,eeg_added_matched_calibration,1,8,0.0058274975110577665,-0.008436325507188707,0.023759913339532916,2000,-0.032603791985807776,0.04425878700792331,0.0035043950365630516,-0.0029553624912696703,0.009939040737716391
ds006850,eegnet_lr1e3,eeg_added_matched_calibration,2,0,0.004874953083698841,-0.01740344036959075,0.026412436918640383,2000,-0.0335563364131667,0.04330624258056438,0.003179268273937247,-0.002264673683389786,0.0106510764988273
ds006850,eegnet_lr1e3,eeg_added_matched_calibration,2,1,0.0012669082386456143,-0.01863828109479821,0.015292113495130209,2000,-0.03716438125821993,0.039698197735511156,0.0034701329595447916,-0.0014537293322040025,0.010988942640402294
ds006850,eegnet_lr1e3,eeg_added_matched_calibration,2,2,-0.015724977503565774,-0.04140638160780457,0.02290327549825871,2000,-0.054156267000431316,0.02270631199329977,0.010891751350198431,-0.0012365770375440412,0.030507380552441905
ds006850,eegnet_lr1e3,eeg_added_matched_calibration,2,4,0.005789288377241186,-0.012619785719362824,0.022604288195257838,2000,-0.032642001119624356,0.04422057787410673,0.0031032412939194787,-0.0018286588521000847,0.00928828641702149
ds006850,eegnet_lr1e3,eeg_added_matched_calibration,2,8,-0.0016522689574179905,-0.02838935667257008,0.028642853149236088,2000,-0.04008355845428353,0.03677902053944755,0.006163353515222181,-0.0017195366639355392,0.017738163537886282
ds006850,eegnet_lr1e3,eeg_added_matched_calibration,4,0,0.015427436343913303,-0.007362354885239678,0.03562921147943811,2000,-0.02300385315295224,0.053858725840778846,0.0012077346399259337,-0.002380775000615564,0.005386275933813597
ds006850,eegnet_lr1e3,eeg_added_matched_calibration,4,1,0.007726855492348306,-0.004983126075513903,0.019077107907151704,2000,-0.030704434004517236,0.04615814498921385,0.0017401868445341417,-0.0017023639405035831,0.005768961459653735
ds006850,eegnet_lr1e3,eeg_added_matched_calibration,4,2,0.0029423984744543774,-0.0175181619731738,0.026851086251832808,2000,-0.035488891022411165,0.04137368797131992,0.005282069513357079,-0.0018263914625864844,0.014782433113774954
ds006850,eegnet_lr1e3,eeg_added_matched_calibration,4,4,0.012369962100381549,-0.003846905188371886,0.027006678506131605,2000,-0.026061327396483994,0.05080125159724709,0.0014380389586300113,-0.0020223281568385655,0.005403213810642695
ds006850,eegnet_lr1e3,eeg_added_matched_calibration,4,8,0.010821752961307274,-0.011762924759897007,0.033613103284576694,2000,-0.02760953653555827,0.049253042458172816,0.0034379249608224305,-0.0014709654587926695,0.00951069054890553
ds006850,eegnet_lr1e3,eeg_added_matched_calibration,8,0,0.013795690142492045,-0.008251068370278709,0.03312257117027137,2000,-0.024635599354373497,0.05222697963935759,0.0012021535741676692,-0.0020748737474067256,0.00459975137437655
ds006850,eegnet_lr1e3,eeg_added_matched_calibration,8,1,0.007125240323189896,-0.004881807523757128,0.017984999594284068,2000,-0.031306049173675646,0.04555652982005544,0.001327860616474219,-0.0017723920360170162,0.0049494716092737066
ds006850,eegnet_lr1e3,eeg_added_matched_calibration,8,2,0.008418039668072363,-0.01015030595544407,0.030811514925838963,2000,-0.03001324982879318,0.046849329164937906,0.003066876932902085,-0.002470567172271699,0.009673386148633004
ds006850,eegnet_lr1e3,eeg_added_matched_calibration,8,4,0.010367766063652029,-0.006483456984663227,0.027393010879207855,2000,-0.028063523433213514,0.04879905556051757,0.0017870064856555512,-0.00181453326752102,0.005702913898941949
ds006850,eegnet_lr1e3,eeg_added_matched_calibration,8,8,0.011100095926204867,-0.014686242778438063,0.03598156843320803,2000,-0.027331193570660675,0.04953138542307041,0.003536528774879477,-0.0020954840134814975,0.010312832935420253
ds006850,eegnet_lr1e3,prior_calibration_gain,0,0,0.0,0.0,0.0,2000,-0.13169041129046133,0.13169041129046133,0.0,0.0,0.0
ds006850,eegnet_lr1e3,prior_calibration_gain,0,1,0.0,0.0,0.0,2000,-0.13169041129046133,0.13169041129046133,0.0,0.0,0.0
ds006850,eegnet_lr1e3,prior_calibration_gain,0,2,0.0,0.0,0.0,2000,-0.13169041129046133,0.13169041129046133,0.0,0.0,0.0
ds006850,eegnet_lr1e3,prior_calibration_gain,0,4,0.0,0.0,0.0,2000,-0.13169041129046133,0.13169041129046133,0.0,0.0,0.0
ds006850,eegnet_lr1e3,prior_calibration_gain,0,8,0.0,0.0,0.0,2000,-0.13169041129046133,0.13169041129046133,0.0,0.0,0.0
ds006850,eegnet_lr1e3,prior_calibration_gain,1,0,0.08274658665210007,-0.024869249961099706,0.19331402684589674,2000,-0.048943824638361264,0.21443699794256138,0.04829210949033019,0.01773394992784451,0.0801655483149553
ds006850,eegnet_lr1e3,prior_calibration_gain,1,1,-0.017840541017210887,-0.10019731966234696,0.07868249859672205,2000,-0.14953095230767222,0.11384987027325044,0.04984485751565715,0.022995204411731984,0.08108440404484486
ds006850,eegnet_lr1e3,prior_calibration_gain,1,2,-0.05445749363486263,-0.13862752710781692,0.05831683773424273,2000,-0.18614790492532396,0.0772329176555987,0.05215490427631708,0.025576802944304193,0.08348080394223446
ds006850,eegnet_lr1e3,prior_calibration_gain,1,4,-0.04634931158613692,-0.14210088676281166,0.07088594646440043,2000,-0.17803972287659825,0.08534109970432441,0.05244606023854048,0.02511275823346166,0.08288849095263572
ds006850,eegnet_lr1e3,prior_calibration_gain,1,8,-0.05573286110738246,-0.15083855980848426,0.062070178382381276,2000,-0.1874232723978438,0.07595755018307887,0.05712164248389051,0.027499393584847463,0.0877243892295031
ds006850,eegnet_lr1e3,prior_calibration_gain,2,0,0.1409623719153005,0.03718961451767345,0.2327148380417304,2000,0.009271960624839176,0.2726527832057618,0.02171333893995578,-0.0004300058112803531,0.04548020564876871
ds006850,eegnet_lr1e3,prior_calibration_gain,2,1,0.03008480655524437,-0.03348369628145518,0.10949282890708745,2000,-0.10160560473521696,0.1617752178457057,0.02113654341703447,0.00139078533617713,0.04405889115131503
ds006850,eegnet_lr1e3,prior_calibration_gain,2,2,0.018033997403535007,-0.053785263527287575,0.10945331544556919,2000,-0.11365641388692632,0.14972440869399634,0.019661663519724953,-0.0019458054388973326,0.04268720659676958
ds006850,eegnet_lr1e3,prior_calibration_gain,2,4,0.031354011727983466,-0.049067331750102895,0.12652306511899422,2000,-0.10033639956247786,0.1630444230184448,0.021985026115436623,0.0011045924559598714,0.045705343123701225
ds006850,eegnet_lr1e3,prior_calibration_gain,2,8,0.03173182574778072,-0.05541443719999212,0.132029792929923,2000,-0.09995858554268061,0.16342223703824205,0.021333222696912374,-0.00026594079206913846,0.04502955835173176
ds006850,eegnet_lr1e3,prior_calibration_gain,4,0,0.15361825253941824,0.039606824634907695,0.24532218993031726,2000,0.021927841248956914,0.28530866382987957,0.0037453044281207104,-0.015023976117092433,0.022587635362589984
ds006850,eegnet_lr1e3,prior_calibration_gain,4,1,0.04990305602774725,-0.010771863650664935,0.11994162867877174,2000,-0.08178735526271408,0.18159346731820858,0.007241785673276158,-0.007648418405697882,0.02322459585338056
ds006850,eegnet_lr1e3,prior_calibration_gain,4,2,0.047808429390673146,-0.026145688049666386,0.13106683742917585,2000,-0.08388198189978818,0.17949884068113447,0.0032053671646432025,-0.013468159139795481,0.020625692213185026
ds006850,eegnet_lr1e3,prior_calibration_gain,4,4,0.06296689395012922,-0.01623474584474112,0.15030867167142298,2000,-0.06872351734033211,0.19465730524059055,0.002973396960041813,-0.013381615584242943,0.020660392294002995
ds006850,eegnet_lr1e3,prior_calibration_gain,4,8,0.06567263606507251,-0.01672964234090195,0.15555778811745016,2000,-0.06601777522538882,0.19736304735553384,0.0024981387496020024,-0.014388972449470013,0.018709811281494654
ds006850,eegnet_lr1e3,prior_calibration_gain,8,0,0.15644082287592032,0.052289277551174164,0.24347735603878864,2000,0.024750411585458987,0.28813123416638164,-0.0024385431923127365,-0.01875988740838394,0.012906984644330393
ds006850,eegnet_lr1e3,prior_calibration_gain,8,1,0.05838563020613474,0.004773233979091123,0.1217845087926029,2000,-0.07330478108432659,0.19007604149659607,0.002948584691531392,-0.008849586400952422,0.01460789223351831
ds006850,eegnet_lr1e3,prior_calibration_gain,8,2,0.05999771846865137,-0.0028653128838640332,0.13522344185828108,2000,-0.07169269282180996,0.1916881297591127,-0.0012767056092662377,-0.015201337470156001,0.012369522038391858
ds006850,eegnet_lr1e3,prior_calibration_gain,8,4,0.07519470815880047,0.0033093603231873774,0.15226365227267052,2000,-0.05649570313166086,0.2068851194492618,-0.0016221975957553258,-0.01574274182877948,0.012338863316176325
ds006850,eegnet_lr1e3,prior_calibration_gain,8,8,0.07736957634443592,0.0025881139430619635,0.15804559213169292,2000,-0.05432083494602541,0.20905998763489725,-0.00304765247792807,-0.017418606151550917,0.010505345823078922
ds006850,eegnet_lr1e3,combined_calibration_gain,0,0,0.0,0.0,0.0,2000,-0.13446674305607847,0.13446674305607847,0.0,0.0,0.0
ds006850,eegnet_lr1e3,combined_calibration_gain,0,1,0.0,0.0,0.0,2000,-0.13446674305607847,0.13446674305607847,0.0,0.0,0.0
ds006850,eegnet_lr1e3,combined_calibration_gain,0,2,0.0,0.0,0.0,2000,-0.13446674305607847,0.13446674305607847,0.0,0.0,0.0
ds006850,eegnet_lr1e3,combined_calibration_gain,0,4,0.0,0.0,0.0,2000,-0.13446674305607847,0.13446674305607847,0.0,0.0,0.0
ds006850,eegnet_lr1e3,combined_calibration_gain,0,8,0.0,0.0,0.0,2000,-0.13446674305607847,0.13446674305607847,0.0,0.0,0.0
ds006850,eegnet_lr1e3,combined_calibration_gain,1,0,0.07924445085090076,-0.029682336672908375,0.19138829783692113,2000,-0.055222292205177714,0.21371119390697924,0.04934467716347812,0.019415925812401993,0.080944422918344
ds006850,eegnet_lr1e3,combined_calibration_gain,1,1,-0.018461677783279812,-0.09917608159039598,0.07875635673584874,2000,-0.1529284208393583,0.11600506527279866,0.04993361937660576,0.022571942326108246,0.08141773396181202
ds006850,eegnet_lr1e3,combined_calibration_gain,1,2,-0.06440681263635678,-0.14613759519325306,0.04393818672662263,2000,-0.19887355569243526,0.0700599304197217,0.05567158331957314,0.028272440006692313,0.08830769653671122
ds006850,eegnet_lr1e3,combined_calibration_gain,1,4,-0.05164905073068432,-0.14501301360251517,0.06373041963329762,2000,-0.1861157937867628,0.08281769232539415,0.05375741120881855,0.02705160531917385,0.08340976536789853
ds006850,eegnet_lr1e3,combined_calibration_gain,1,8,-0.06678955684242721,-0.15484315044621408,0.04846303511717145,2000,-0.2012562998985057,0.06767718621365126,0.06044104706710729,0.03139050599337793,0.09100594029708584
ds006850,eegnet_lr1e3,combined_calibration_gain,2,0,0.13569255395688107,0.027046200163956154,0.23533768039948064,2000,0.001225810900802593,0.27015929701295954,0.024198328183123008,-2.4498543088811005e-05,0.04943661132379236
ds006850,eegnet_lr1e3,combined_calibration_gain,2,1,0.025251858223221124,-0.041732801232717553,0.111180055348548,2000,-0.10921488483285735,0.1597186012792996,0.02304226889903846,0.002022358067319094,0.04547291679987702
ds006850,eegnet_lr1e3,combined_calibration_gain,2,2,-0.012208748954527837,-0.09072031741123991,0.09754600499606475,2000,-0.1466754920106063,0.12225799410155064,0.029618466628016094,0.003725975939213481,0.060284480511208945
ds006850,eegnet_lr1e3,combined_calibration_gain,2,4,0.025475127601623737,-0.057571870979521704,0.1231279328440933,2000,-0.10899161545445474,0.1599418706577022,0.02437562757155698,0.0022742479420843507,0.04844047419993666
ds006850,eegnet_lr1e3,combined_calibration_gain,2,8,0.013195363544260208,-0.08290461872692954,0.12279638933957246,2000,-0.12127137951181827,0.14766210660033868,0.02731158575878828,0.0033188905384485823,0.05378032774375185
ds006850,eegnet_lr1e3,combined_calibration_gain,4,0,0.15890091784121327,0.043690179227855855,0.2543398512685268,2000,0.024434174785134793,0.2933676608972917,0.0042587600372766266,-0.01462498988569448,0.023322675625187573
ds006850,eegnet_lr1e3,combined_calibration_gain,4,1,0.051530054949426696,-0.009298810914171873,0.12114838784881668,2000,-0.08293668810665178,0.18599679800550517,0.007417565040269497,-0.007986167328261129,0.023552364844462475
ds006850,eegnet_lr1e3,combined_calibration_gain,4,2,0.03623305901063045,-0.03670016370162887,0.12556958679452207,2000,-0.09823368404544802,0.17069980206670893,0.007552488436092991,-0.010276561752997064,0.026988362810778748
ds006850,eegnet_lr1e3,combined_calibration_gain,4,4,0.06366868354690985,-0.016180800511040594,0.15165834825947175,2000,-0.07079805950916862,0.19813542660298833,0.0036987960808727016,-0.013237937933819548,0.02090778761584028
ds006850,eegnet_lr1e3,combined_calibration_gain,4,8,0.059610195780277264,-0.02380768390256742,0.15123614402851532,2000,-0.07485654727580121,0.19407693883635574,0.00575107325707816,-0.012075516683685313,0.02271278775422459
ds006850,eegnet_lr1e3,combined_calibration_gain,8,0,0.16009174197629408,0.05217078630918283,0.24347854377242145,2000,0.025624998920215608,0.2945584850323726,-0.0019306686489150848,-0.019065903110470597,0.013502953198461747
ds006850,eegnet_lr1e3,combined_calibration_gain,8,1,0.05941101395865578,0.005381771626817571,0.12387762159967684,2000,-0.0750557290974227,0.19387775701473425,0.0027120378304648085,-0.009202033856389222,0.014643983626167506
ds006850,eegnet_lr1e3,combined_calibration_gain,8,2,0.053897989282226666,-0.01033842958330773,0.12950631907621868,2000,-0.08056875377385181,0.18836473233830514,0.0008552230817285567,-0.013158765028106287,0.01601926634451459
ds006850,eegnet_lr1e3,combined_calibration_gain,8,4,0.07389430171885158,0.0013683086916153992,0.15031801300871506,2000,-0.06057244133722689,0.20836104477493006,-0.0005478309478988974,-0.015218539327267777,0.013661814784051398
ds006850,eegnet_lr1e3,combined_calibration_gain,8,8,0.07158547902453827,-0.004872471210028691,0.15491842944315584,2000,-0.06288126403154021,0.20605222208061674,0.00030388584360513393,-0.0147894701647693,0.015489502661024033
ds006850,eegnet_lr1e3,total_minus_uncalibrated_prior,0,0,0.010144771042118273,-0.014796364538270051,0.03585835853467443,2000,-0.12515573258235083,0.14544527466658738,0.0006942790307700175,-0.0023647644144062347,0.003770076146601015
ds006850,eegnet_lr1e3,total_minus_uncalibrated_prior,0,1,0.00609985657066886,-0.005755310173920743,0.01769468555889914,2000,-0.12920064705380024,0.14140036019513796,0.0015644074775408023,-0.0013833028141203574,0.004926969115411562
ds006850,eegnet_lr1e3,total_minus_uncalibrated_prior,0,2,0.01451776885449707,-0.008256912104985664,0.04134512509863148,2000,-0.12078273476997203,0.14981827247896617,0.0009349482419072908,-0.00406894458029631,0.006174544701517745
ds006850,eegnet_lr1e3,total_minus_uncalibrated_prior,0,4,0.011668172503600915,-0.005408523606472086,0.027344699665754924,2000,-0.12363233112086819,0.14696867612807002,0.0007126398377991228,-0.002347847599184827,0.0038919663312845095
ds006850,eegnet_lr1e3,total_minus_uncalibrated_prior,0,8,0.01688419324610252,-0.010553660283250502,0.04692222014322583,2000,-0.11841631037836658,0.15218469687057162,0.00018499045334627318,-0.004094213256216011,0.00454829294595762
ds006850,eegnet_lr1e3,total_minus_uncalibrated_prior,1,0,0.08938922189301904,-0.015531487911869037,0.19884121808599367,2000,-0.045911281731450065,0.22468972551748814,0.05003895619424814,0.02014316831010926,0.08236776828269085
ds006850,eegnet_lr1e3,total_minus_uncalibrated_prior,1,1,-0.012361821212610952,-0.09562737976073966,0.08565158645430664,2000,-0.14766232483708006,0.12293868241185815,0.05149802685414656,0.0241983587256065,0.08367027298523841
ds006850,eegnet_lr1e3,total_minus_uncalibrated_prior,1,2,-0.04988904378185971,-0.13695087693895738,0.06588647361623516,2000,-0.1851895474063288,0.0854114598426094,0.05660653156148043,0.02902164038816585,0.08870279888367585
ds006850,eegnet_lr1e3,total_minus_uncalibrated_prior,1,4,-0.039980878227083405,-0.13376004387184187,0.07582480275933176,2000,-0.1752813818515525,0.0953196253973857,0.054470051046617673,0.0273662264888842,0.08476563787215588
ds006850,eegnet_lr1e3,total_minus_uncalibrated_prior,1,8,-0.04990536359632469,-0.14518355134091532,0.07180659872783804,2000,-0.1852058672207938,0.08539514002814441,0.06062603752045356,0.03150880790764383,0.0916168525917478
ds006850,eegnet_lr1e3,total_minus_uncalibrated_prior,2,0,0.14583732499899935,0.039466858009102886,0.2433152818368889,2000,0.010536821374530242,0.2811378286234685,0.024892607213893025,0.0012188983066017327,0.049838922003333785
ds006850,eegnet_lr1e3,total_minus_uncalibrated_prior,2,1,0.031351714793889984,-0.03682637492641169,0.11520429671969494,2000,-0.10394878883057912,0.1666522184183591,0.024606676376579262,0.0030102170889743022,0.047196351738244616
ds006850,eegnet_lr1e3,total_minus_uncalibrated_prior,2,2,0.0023090198999692335,-0.07328793748942823,0.11019224175528325,2000,-0.13299148372449987,0.13760952352443834,0.030553414869923384,0.003974930489193009,0.06042629952226835
ds006850,eegnet_lr1e3,total_minus_uncalibrated_prior,2,4,0.03714330010522465,-0.04573911283546667,0.13477159760229618,2000,-0.09815720351924445,0.17244380372969376,0.025088267409356102,0.002704339469744834,0.049178456384022386
ds006850,eegnet_lr1e3,total_minus_uncalibrated_prior,2,8,0.030079556790362727,-0.0617743238431405,0.13736303894359017,2000,-0.10522094683410638,0.16538006041483183,0.027496576212134555,0.003195273149908864,0.053905420296814596
ds006850,eegnet_lr1e3,total_minus_uncalibrated_prior,4,0,0.16904568888333155,0.05537998394820712,0.26366590832356784,2000,0.03374518525886244,0.30434619250780065,0.004953039068046644,-0.014248365289696823,0.02412330235023434
ds006850,eegnet_lr1e3,total_minus_uncalibrated_prior,4,1,0.057629911520095556,-0.005067753897320755,0.1284104165968646,2000,-0.07767059210437355,0.19293041514456466,0.0089819725178103,-0.00672724444927862,0.025935091795276272
ds006850,eegnet_lr1e3,total_minus_uncalibrated_prior,4,2,0.050750827865127524,-0.023722106282595936,0.14104604883625382,2000,-0.08454967575934158,0.18605133148959663,0.008487436678000282,-0.010447903489379276,0.027582330391823263
ds006850,eegnet_lr1e3,total_minus_uncalibrated_prior,4,4,0.07533685605051077,-0.00820639220291582,0.16238177602605422,2000,-0.059963647573958334,0.21063735967497987,0.004411435918671824,-0.01278933002381157,0.02188997800459654
ds006850,eegnet_lr1e3,total_minus_uncalibrated_prior,4,8,0.07649438902637978,-0.011309283823339544,0.17083757338125263,2000,-0.05880611459808932,0.2117948926508489,0.005936063710424433,-0.01198481286177094,0.02299500826474916
ds006850,eegnet_lr1e3,total_minus_uncalibrated_prior,8,0,0.17023651301841236,0.062040476693170116,0.25782399454591803,2000,0.03493600939394326,0.30553701664288146,-0.0012363896181450673,-0.018272624080707192,0.014653208471850946
ds006850,eegnet_lr1e3,total_minus_uncalibrated_prior,8,1,0.06551087052932464,0.00916717969055811,0.130325268062527,2000,-0.06978963309514447,0.20081137415379374,0.004276445308005611,-0.008131507415977441,0.016837375356442783
ds006850,eegnet_lr1e3,total_minus_uncalibrated_prior,8,2,0.06841575813672374,0.0002449926079373514,0.1477851577419625,2000,-0.06688474548774537,0.20371626176119284,0.0017901713236358474,-0.01311175001589802,0.016780054592771536
ds006850,eegnet_lr1e3,total_minus_uncalibrated_prior,8,4,0.0855624742224525,0.009037199204366426,0.16530677297172558,2000,-0.049738029402016604,0.2208629778469216,0.00016480888990022535,-0.014670021519615788,0.014706644360403847
ds006850,eegnet_lr1e3,total_minus_uncalibrated_prior,8,8,0.08846967227064079,0.005839531579946484,0.1753928435297531,2000,-0.04683083135382832,0.2237701758951099,0.0004888762969514071,-0.015515187119124472,0.015288101545474676
ds006850,eegnet_lr1e4,eeg_added_population,0,0,0.013586601179739187,-0.0160251170235925,0.0452172883667268,2000,-0.016884268213244402,0.04405747057272277,0.0021800574989605526,-0.001774910167272354,0.006438003836562643
ds006850,eegnet_lr1e4,eeg_added_population,0,1,0.011418933837583078,-0.00557428548359483,0.030028480139878723,2000,-0.01905193555540051,0.041889803230566666,0.0020542343640228555,-0.002411371853040793,0.007062405152486857
ds006850,eegnet_lr1e4,eeg_added_population,0,2,0.003987575374521213,-0.005635667283183041,0.014274942190130018,2000,-0.026483294018462375,0.0344584447675048,-6.946854757836074e-05,-0.0019384933181026457,0.0017830654669986434
ds006850,eegnet_lr1e4,eeg_added_population,0,4,0.009714022640556763,-0.008915223148293894,0.027039829886002852,2000,-0.020756846752426825,0.04018489203354035,-0.00013705550542986167,-0.0035115706448617307,0.0035014182812488875
ds006850,eegnet_lr1e4,eeg_added_population,0,8,0.007582325323279293,-0.006905642783648559,0.023370131956282524,2000,-0.022888544069704295,0.03805319471626288,-0.00014699743422433298,-0.0030048101006983157,0.002493027331570907
ds006850,eegnet_lr1e4,eeg_added_population,1,0,0.013586601179739187,-0.0160251170235925,0.0452172883667268,2000,-0.016884268213244402,0.04405747057272277,0.0021800574989605526,-0.001774910167272354,0.006438003836562643
ds006850,eegnet_lr1e4,eeg_added_population,1,1,0.011418933837583078,-0.00557428548359483,0.030028480139878723,2000,-0.01905193555540051,0.041889803230566666,0.0020542343640228555,-0.002411371853040793,0.007062405152486857
ds006850,eegnet_lr1e4,eeg_added_population,1,2,0.003987575374521213,-0.005635667283183041,0.014274942190130018,2000,-0.026483294018462375,0.0344584447675048,-6.946854757836074e-05,-0.0019384933181026457,0.0017830654669986434
ds006850,eegnet_lr1e4,eeg_added_population,1,4,0.009714022640556763,-0.008915223148293894,0.027039829886002852,2000,-0.020756846752426825,0.04018489203354035,-0.00013705550542986167,-0.0035115706448617307,0.0035014182812488875
ds006850,eegnet_lr1e4,eeg_added_population,1,8,0.007582325323279293,-0.006905642783648559,0.023370131956282524,2000,-0.022888544069704295,0.03805319471626288,-0.00014699743422433298,-0.0030048101006983157,0.002493027331570907
ds006850,eegnet_lr1e4,eeg_added_population,2,0,0.013586601179739187,-0.0160251170235925,0.0452172883667268,2000,-0.016884268213244402,0.04405747057272277,0.0021800574989605526,-0.001774910167272354,0.006438003836562643
ds006850,eegnet_lr1e4,eeg_added_population,2,1,0.011418933837583078,-0.00557428548359483,0.030028480139878723,2000,-0.01905193555540051,0.041889803230566666,0.0020542343640228555,-0.002411371853040793,0.007062405152486857
ds006850,eegnet_lr1e4,eeg_added_population,2,2,0.003987575374521213,-0.005635667283183041,0.014274942190130018,2000,-0.026483294018462375,0.0344584447675048,-6.946854757836074e-05,-0.0019384933181026457,0.0017830654669986434
ds006850,eegnet_lr1e4,eeg_added_population,2,4,0.009714022640556763,-0.008915223148293894,0.027039829886002852,2000,-0.020756846752426825,0.04018489203354035,-0.00013705550542986167,-0.0035115706448617307,0.0035014182812488875
ds006850,eegnet_lr1e4,eeg_added_population,2,8,0.007582325323279293,-0.006905642783648559,0.023370131956282524,2000,-0.022888544069704295,0.03805319471626288,-0.00014699743422433298,-0.0030048101006983157,0.002493027331570907
ds006850,eegnet_lr1e4,eeg_added_population,4,0,0.013586601179739187,-0.0160251170235925,0.0452172883667268,2000,-0.016884268213244402,0.04405747057272277,0.0021800574989605526,-0.001774910167272354,0.006438003836562643
ds006850,eegnet_lr1e4,eeg_added_population,4,1,0.011418933837583078,-0.00557428548359483,0.030028480139878723,2000,-0.01905193555540051,0.041889803230566666,0.0020542343640228555,-0.002411371853040793,0.007062405152486857
ds006850,eegnet_lr1e4,eeg_added_population,4,2,0.003987575374521213,-0.005635667283183041,0.014274942190130018,2000,-0.026483294018462375,0.0344584447675048,-6.946854757836074e-05,-0.0019384933181026457,0.0017830654669986434
ds006850,eegnet_lr1e4,eeg_added_population,4,4,0.009714022640556763,-0.008915223148293894,0.027039829886002852,2000,-0.020756846752426825,0.04018489203354035,-0.00013705550542986167,-0.0035115706448617307,0.0035014182812488875
ds006850,eegnet_lr1e4,eeg_added_population,4,8,0.007582325323279293,-0.006905642783648559,0.023370131956282524,2000,-0.022888544069704295,0.03805319471626288,-0.00014699743422433298,-0.0030048101006983157,0.002493027331570907
ds006850,eegnet_lr1e4,eeg_added_population,8,0,0.013586601179739187,-0.0160251170235925,0.0452172883667268,2000,-0.016884268213244402,0.04405747057272277,0.0021800574989605526,-0.001774910167272354,0.006438003836562643
ds006850,eegnet_lr1e4,eeg_added_population,8,1,0.011418933837583078,-0.00557428548359483,0.030028480139878723,2000,-0.01905193555540051,0.041889803230566666,0.0020542343640228555,-0.002411371853040793,0.007062405152486857
ds006850,eegnet_lr1e4,eeg_added_population,8,2,0.003987575374521213,-0.005635667283183041,0.014274942190130018,2000,-0.026483294018462375,0.0344584447675048,-6.946854757836074e-05,-0.0019384933181026457,0.0017830654669986434
ds006850,eegnet_lr1e4,eeg_added_population,8,4,0.009714022640556763,-0.008915223148293894,0.027039829886002852,2000,-0.020756846752426825,0.04018489203354035,-0.00013705550542986167,-0.0035115706448617307,0.0035014182812488875
ds006850,eegnet_lr1e4,eeg_added_population,8,8,0.007582325323279293,-0.006905642783648559,0.023370131956282524,2000,-0.022888544069704295,0.03805319471626288,-0.00014699743422433298,-0.0030048101006983157,0.002493027331570907
ds006850,eegnet_lr1e4,eeg_added_matched_calibration,0,0,0.013586601179739187,-0.0160251170235925,0.0452172883667268,2000,-0.019802685284252393,0.046975887643730764,0.0021800574989605526,-0.001774910167272354,0.006438003836562643
ds006850,eegnet_lr1e4,eeg_added_matched_calibration,0,1,0.011418933837583078,-0.00557428548359483,0.030028480139878723,2000,-0.0219703526264085,0.04480822030157466,0.0020542343640228555,-0.002411371853040793,0.007062405152486857
ds006850,eegnet_lr1e4,eeg_added_matched_calibration,0,2,0.003987575374521213,-0.005635667283183041,0.014274942190130018,2000,-0.029401711089470366,0.03737686183851279,-6.946854757836074e-05,-0.0019384933181026457,0.0017830654669986434
ds006850,eegnet_lr1e4,eeg_added_matched_calibration,0,4,0.009714022640556763,-0.008915223148293894,0.027039829886002852,2000,-0.023675263823434815,0.04310330910454834,-0.00013705550542986167,-0.0035115706448617307,0.0035014182812488875
ds006850,eegnet_lr1e4,eeg_added_matched_calibration,0,8,0.007582325323279293,-0.006905642783648559,0.023370131956282524,2000,-0.025806961140712285,0.04097161178727087,-0.00014699743422433298,-0.0030048101006983157,0.002493027331570907
ds006850,eegnet_lr1e4,eeg_added_matched_calibration,1,0,0.004548870803525645,-0.011086604693654857,0.025507678647807626,2000,-0.028840415660465933,0.037938157267517224,0.0018034406921567103,-0.004061864425128276,0.008282480517663483
ds006850,eegnet_lr1e4,eeg_added_matched_calibration,1,1,0.006093415990428369,-0.005797140091789915,0.02171998722725265,2000,-0.02729587047356321,0.03948270245441995,0.0028074058349212283,-0.003192203202748575,0.008968198502581253
ds006850,eegnet_lr1e4,eeg_added_matched_calibration,1,2,0.00025943128856326103,-0.0074654926226665795,0.008395162047183914,2000,-0.03312985517542832,0.03364871775255484,0.0012311267112161683,-0.0020829280008331716,0.004740095825436895
ds006850,eegnet_lr1e4,eeg_added_matched_calibration,1,4,0.0023338602081720006,-0.009444121557025852,0.016224599532740927,2000,-0.031055426255819578,0.03572314667216358,0.002556474852821594,-0.0029614128318872328,0.008172988826997863
ds006850,eegnet_lr1e4,eeg_added_matched_calibration,1,8,0.003562699841096695,-0.006884418269131502,0.014541584297053777,2000,-0.029826586622894884,0.03695198630508827,0.0005964752970466503,-0.003342571201767471,0.00463466052336351
ds006850,eegnet_lr1e4,eeg_added_matched_calibration,2,0,0.012430725508560198,-0.007053701789114638,0.030685607354608527,2000,-0.02095856095543138,0.045820011972551776,0.001820678511123941,-0.002708593282401003,0.007101598201516865
ds006850,eegnet_lr1e4,eeg_added_matched_calibration,2,1,0.007905279320786884,-0.010064551099175291,0.02394259044593886,2000,-0.025484007143204694,0.04129456578477846,0.0031188556987030713,-0.0022068489856048915,0.009898457416550903
ds006850,eegnet_lr1e4,eeg_added_matched_calibration,2,2,0.003519944639348127,-0.004082541952141807,0.012320401610826476,2000,-0.02986934182464345,0.036909231103339706,0.0005159727562656646,-0.0016372740556304562,0.002705163141987616
ds006850,eegnet_lr1e4,eeg_added_matched_calibration,2,4,0.007385239336829719,-0.007883145894737206,0.023229759146327817,2000,-0.02600404712716186,0.0407745258008213,0.0020743825640680003,-0.002309621581929025,0.006889598139183914
ds006850,eegnet_lr1e4,eeg_added_matched_calibration,2,8,0.007799383906016311,-0.003810312076206695,0.020887555151726304,2000,-0.025589902557975268,0.04118867037000789,0.0010404373731317806,-0.00198205847248297,0.004228317505322479
ds006850,eegnet_lr1e4,eeg_added_matched_calibration,4,0,0.017657915566191895,-0.006743553386382832,0.042826087732703334,2000,-0.015731370897799683,0.051047202030183474,0.0011833856872902337,-0.002973800796498915,0.0060701685153559115
ds006850,eegnet_lr1e4,eeg_added_matched_calibration,4,1,0.017357454757717106,-0.0005853640810102818,0.03579781212922152,2000,-0.016031831706274473,0.050746741221708684,0.001745336713685014,-0.0029124813362312956,0.007569438405199759
ds006850,eegnet_lr1e4,eeg_added_matched_calibration,4,2,0.006205013480346022,-0.0032894268767025407,0.01693234933015626,2000,-0.027184272983645556,0.0395942999443376,-0.0005015395620227014,-0.0024733340107397387,0.0013242146414613062
ds006850,eegnet_lr1e4,eeg_added_matched_calibration,4,4,0.012554454264337545,-0.00537115548401316,0.030692229687889632,2000,-0.020834832199654034,0.04594374072832912,0.000736560812084841,-0.0029094594930319144,0.004867301063927156
ds006850,eegnet_lr1e4,eeg_added_matched_calibration,4,8,0.010018090139418956,-0.002611892801139995,0.025715902085275626,2000,-0.023371196324572623,0.043407376603410534,2.3663455470834815e-05,-0.002664571898479529,0.0026689394765956925
ds006850,eegnet_lr1e4,eeg_added_matched_calibration,8,0,0.01482481507103417,-0.010167422635806616,0.03858453725148785,2000,-0.01856447139295741,0.04821410153502575,0.002159005067010611,-0.0020866648011711128,0.006866595997768606
ds006850,eegnet_lr1e4,eeg_added_matched_calibration,8,1,0.013191421877887077,-0.0052069740201068524,0.03174675628442975,2000,-0.0201978645861045,0.046580708341878656,0.0024746685091548704,-0.002270803662349574,0.007878947461556396
ds006850,eegnet_lr1e4,eeg_added_matched_calibration,8,2,0.003813510577301893,-0.005996291446971868,0.015215510985034259,2000,-0.029575775886689686,0.03720279704129347,-0.0003490132180843375,-0.002316137352777523,0.0017547980173302652
ds006850,eegnet_lr1e4,eeg_added_matched_calibration,8,4,0.008303819320141625,-0.009756091605964188,0.028061666102234418,2000,-0.025085467143849953,0.041693105784133204,0.001354907243609621,-0.0027130195673662496,0.0059172533195688305
ds006850,eegnet_lr1e4,eeg_added_matched_calibration,8,8,0.007762876511652417,-0.0064441485939088035,0.025192122757294596,2000,-0.02562640995233916,0.041152162975643995,7.758731604620706e-05,-0.002699015860504846,0.002733342781434149
ds006850,eegnet_lr1e4,prior_calibration_gain,0,0,0.0,0.0,0.0,2000,-0.13169041129046133,0.13169041129046133,0.0,0.0,0.0
ds006850,eegnet_lr1e4,prior_calibration_gain,0,1,0.0,0.0,0.0,2000,-0.13169041129046133,0.13169041129046133,0.0,0.0,0.0
ds006850,eegnet_lr1e4,prior_calibration_gain,0,2,0.0,0.0,0.0,2000,-0.13169041129046133,0.13169041129046133,0.0,0.0,0.0
ds006850,eegnet_lr1e4,prior_calibration_gain,0,4,0.0,0.0,0.0,2000,-0.13169041129046133,0.13169041129046133,0.0,0.0,0.0
ds006850,eegnet_lr1e4,prior_calibration_gain,0,8,0.0,0.0,0.0,2000,-0.13169041129046133,0.13169041129046133,0.0,0.0,0.0
ds006850,eegnet_lr1e4,prior_calibration_gain,1,0,0.08274658665210007,-0.024869249961099706,0.19331402684589674,2000,-0.048943824638361264,0.21443699794256138,0.04829210949033019,0.01773394992784451,0.0801655483149553
ds006850,eegnet_lr1e4,prior_calibration_gain,1,1,-0.017840541017210887,-0.10019731966234696,0.07868249859672205,2000,-0.14953095230767222,0.11384987027325044,0.04984485751565715,0.022995204411731984,0.08108440404484486
ds006850,eegnet_lr1e4,prior_calibration_gain,1,2,-0.05445749363486263,-0.13862752710781692,0.05831683773424273,2000,-0.18614790492532396,0.0772329176555987,0.05215490427631708,0.025576802944304193,0.08348080394223446
ds006850,eegnet_lr1e4,prior_calibration_gain,1,4,-0.04634931158613692,-0.14210088676281166,0.07088594646440043,2000,-0.17803972287659825,0.08534109970432441,0.05244606023854048,0.02511275823346166,0.08288849095263572
ds006850,eegnet_lr1e4,prior_calibration_gain,1,8,-0.05573286110738246,-0.15083855980848426,0.062070178382381276,2000,-0.1874232723978438,0.07595755018307887,0.05712164248389051,0.027499393584847463,0.0877243892295031
ds006850,eegnet_lr1e4,prior_calibration_gain,2,0,0.1409623719153005,0.03718961451767345,0.2327148380417304,2000,0.009271960624839176,0.2726527832057618,0.02171333893995578,-0.0004300058112803531,0.04548020564876871
ds006850,eegnet_lr1e4,prior_calibration_gain,2,1,0.03008480655524437,-0.03348369628145518,0.10949282890708745,2000,-0.10160560473521696,0.1617752178457057,0.02113654341703447,0.00139078533617713,0.04405889115131503
ds006850,eegnet_lr1e4,prior_calibration_gain,2,2,0.018033997403535007,-0.053785263527287575,0.10945331544556919,2000,-0.11365641388692632,0.14972440869399634,0.019661663519724953,-0.0019458054388973326,0.04268720659676958
ds006850,eegnet_lr1e4,prior_calibration_gain,2,4,0.031354011727983466,-0.049067331750102895,0.12652306511899422,2000,-0.10033639956247786,0.1630444230184448,0.021985026115436623,0.0011045924559598714,0.045705343123701225
ds006850,eegnet_lr1e4,prior_calibration_gain,2,8,0.03173182574778072,-0.05541443719999212,0.132029792929923,2000,-0.09995858554268061,0.16342223703824205,0.021333222696912374,-0.00026594079206913846,0.04502955835173176
ds006850,eegnet_lr1e4,prior_calibration_gain,4,0,0.15361825253941824,0.039606824634907695,0.24532218993031726,2000,0.021927841248956914,0.28530866382987957,0.0037453044281207104,-0.015023976117092433,0.022587635362589984
ds006850,eegnet_lr1e4,prior_calibration_gain,4,1,0.04990305602774725,-0.010771863650664935,0.11994162867877174,2000,-0.08178735526271408,0.18159346731820858,0.007241785673276158,-0.007648418405697882,0.02322459585338056
ds006850,eegnet_lr1e4,prior_calibration_gain,4,2,0.047808429390673146,-0.026145688049666386,0.13106683742917585,2000,-0.08388198189978818,0.17949884068113447,0.0032053671646432025,-0.013468159139795481,0.020625692213185026
ds006850,eegnet_lr1e4,prior_calibration_gain,4,4,0.06296689395012922,-0.01623474584474112,0.15030867167142298,2000,-0.06872351734033211,0.19465730524059055,0.002973396960041813,-0.013381615584242943,0.020660392294002995
ds006850,eegnet_lr1e4,prior_calibration_gain,4,8,0.06567263606507251,-0.01672964234090195,0.15555778811745016,2000,-0.06601777522538882,0.19736304735553384,0.0024981387496020024,-0.014388972449470013,0.018709811281494654
ds006850,eegnet_lr1e4,prior_calibration_gain,8,0,0.15644082287592032,0.052289277551174164,0.24347735603878864,2000,0.024750411585458987,0.28813123416638164,-0.0024385431923127365,-0.01875988740838394,0.012906984644330393
ds006850,eegnet_lr1e4,prior_calibration_gain,8,1,0.05838563020613474,0.004773233979091123,0.1217845087926029,2000,-0.07330478108432659,0.19007604149659607,0.002948584691531392,-0.008849586400952422,0.01460789223351831
ds006850,eegnet_lr1e4,prior_calibration_gain,8,2,0.05999771846865137,-0.0028653128838640332,0.13522344185828108,2000,-0.07169269282180996,0.1916881297591127,-0.0012767056092662377,-0.015201337470156001,0.012369522038391858
ds006850,eegnet_lr1e4,prior_calibration_gain,8,4,0.07519470815880047,0.0033093603231873774,0.15226365227267052,2000,-0.05649570313166086,0.2068851194492618,-0.0016221975957553258,-0.01574274182877948,0.012338863316176325
ds006850,eegnet_lr1e4,prior_calibration_gain,8,8,0.07736957634443592,0.0025881139430619635,0.15804559213169292,2000,-0.05432083494602541,0.20905998763489725,-0.00304765247792807,-0.017418606151550917,0.010505345823078922
ds006850,eegnet_lr1e4,combined_calibration_gain,0,0,0.0,0.0,0.0,2000,-0.13189771809209025,0.13189771809209025,0.0,0.0,0.0
ds006850,eegnet_lr1e4,combined_calibration_gain,0,1,0.0,0.0,0.0,2000,-0.13189771809209025,0.13189771809209025,0.0,0.0,0.0
ds006850,eegnet_lr1e4,combined_calibration_gain,0,2,0.0,0.0,0.0,2000,-0.13189771809209025,0.13189771809209025,0.0,0.0,0.0
ds006850,eegnet_lr1e4,combined_calibration_gain,0,4,0.0,0.0,0.0,2000,-0.13189771809209025,0.13189771809209025,0.0,0.0,0.0
ds006850,eegnet_lr1e4,combined_calibration_gain,0,8,0.0,0.0,0.0,2000,-0.13189771809209025,0.13189771809209025,0.0,0.0,0.0
ds006850,eegnet_lr1e4,combined_calibration_gain,1,0,0.07370885627588653,-0.030835971928405346,0.18296816103300745,2000,-0.058188861816203724,0.20560657436797677,0.04791549268352635,0.0175149278794057,0.07940983563457657
ds006850,eegnet_lr1e4,combined_calibration_gain,1,1,-0.023166058864365596,-0.10421003210299049,0.07411491197761881,2000,-0.15506377695645585,0.10873165922772465,0.05059802898655552,0.022128279219254976,0.08229300824743924
ds006850,eegnet_lr1e4,combined_calibration_gain,1,2,-0.05818563772082058,-0.14142079471649618,0.0544982264571201,2000,-0.19008335581291083,0.07371208037126967,0.05345549953511161,0.0261049224164138,0.08443639727886851
ds006850,eegnet_lr1e4,combined_calibration_gain,1,4,-0.053729474018521683,-0.1461661529298552,0.06355285185692068,2000,-0.18562719211061193,0.07816824407356857,0.05513959059679194,0.028351843279488417,0.08513032557938514
ds006850,eegnet_lr1e4,combined_calibration_gain,1,8,-0.05975248658956506,-0.15168178780344696,0.05616815995431511,2000,-0.1916502046816553,0.07214523150252519,0.057865115215161494,0.02871697652393349,0.08824682822647048
ds006850,eegnet_lr1e4,combined_calibration_gain,2,0,0.1398064962441215,0.032161699785983815,0.2358305911540667,2000,0.007908778152031254,0.2717042143362117,0.021353959952119167,-0.0014525445163895963,0.04613862527714677
ds006850,eegnet_lr1e4,combined_calibration_gain,2,1,0.026571152038448176,-0.04074146498195302,0.11353357747348547,2000,-0.10532656605364207,0.15846887013053843,0.022201164751714686,0.0008797647796124417,0.044701849484737544
ds006850,eegnet_lr1e4,combined_calibration_gain,2,2,0.01756636666836192,-0.05571288677633791,0.10938085150670564,2000,-0.11433135142372833,0.14946408476045217,0.02024710482356898,-0.0014509706322247621,0.04286732915824465
ds006850,eegnet_lr1e4,combined_calibration_gain,2,4,0.029025228424256422,-0.05305066235782757,0.12640259848618454,2000,-0.10287248966783383,0.16092294651634667,0.024196464184934485,0.002891677174220885,0.04797835698926955
ds006850,eegnet_lr1e4,combined_calibration_gain,2,8,0.031948884330517735,-0.05486572133193922,0.13363279631118585,2000,-0.09994883376157251,0.16384660242260798,0.022520657504268488,0.0009821820943485592,0.04531743972621463
ds006850,eegnet_lr1e4,combined_calibration_gain,4,0,0.15768956692587094,0.04486681308626093,0.25275836014253245,2000,0.02579184883378069,0.28958728501796116,0.0027486326164503916,-0.01640041494078156,0.021720793269446172
ds006850,eegnet_lr1e4,combined_calibration_gain,4,1,0.05584157694788128,-0.008545840153458068,0.12676489213170095,2000,-0.07605614114420897,0.18773929503997153,0.006932888022938316,-0.009001394234836958,0.022850868912479727
ds006850,eegnet_lr1e4,combined_calibration_gain,4,2,0.050025867496497955,-0.024014621374011016,0.13461766706945305,2000,-0.0818718505955923,0.1819235855885882,0.0027732961501988618,-0.013918363583415817,0.019733108129398217
ds006850,eegnet_lr1e4,combined_calibration_gain,4,4,0.06580732557391,-0.014889813114511225,0.1540143449449094,2000,-0.06609039251818025,0.19770504366600025,0.003847013277556516,-0.0128936522772144,0.02065599560056155
ds006850,eegnet_lr1e4,combined_calibration_gain,4,8,0.06810840088121217,-0.015745399047448046,0.16064844094935612,2000,-0.06378931721087808,0.20000611897330242,0.0026687996392971702,-0.01420357437617266,0.018661679125683204
ds006850,eegnet_lr1e4,combined_calibration_gain,8,0,0.15767903676721529,0.0505634786139427,0.24294298846026702,2000,0.025781318675125037,0.28957675485930556,-0.002459595624262678,-0.01964945930014257,0.013109455932246172
ds006850,eegnet_lr1e4,combined_calibration_gain,8,1,0.06015811824643874,0.0035000509047938555,0.1268498804060972,2000,-0.07173959984565151,0.192055836338529,0.0033690188366634066,-0.009392304053865255,0.015824511305631464
ds006850,eegnet_lr1e4,combined_calibration_gain,8,2,0.05982365367143205,-0.0037582513430878465,0.13618695460011188,2000,-0.0720740644206582,0.1917213717635223,-0.0015562502797722144,-0.015612732643250596,0.012109852774879505
ds006850,eegnet_lr1e4,combined_calibration_gain,8,4,0.07378450483838533,0.0019443942542199083,0.15237708932216876,2000,-0.058113213253704915,0.20568222293047558,-0.00013023484671584318,-0.015143553543288377,0.014529455869926355
ds006850,eegnet_lr1e4,combined_calibration_gain,8,8,0.07755012753280904,0.0032397878182802283,0.1587608927688662,2000,-0.054347590559281206,0.2094478456248993,-0.00282306772765753,-0.01752961669463676,0.010868727714483157
ds006850,eegnet_lr1e4,total_minus_uncalibrated_prior,0,0,0.013586601179739187,-0.0160251170235925,0.0452172883667268,2000,-0.12071089591430102,0.1478840982737794,0.0021800574989605526,-0.001774910167272354,0.006438003836562643
ds006850,eegnet_lr1e4,total_minus_uncalibrated_prior,0,1,0.011418933837583078,-0.00557428548359483,0.030028480139878723,2000,-0.12287856325645713,0.1457164309316233,0.0020542343640228555,-0.002411371853040793,0.007062405152486857
ds006850,eegnet_lr1e4,total_minus_uncalibrated_prior,0,2,0.003987575374521213,-0.005635667283183041,0.014274942190130018,2000,-0.130309921719519,0.13828507246856142,-6.946854757836074e-05,-0.0019384933181026457,0.0017830654669986434
ds006850,eegnet_lr1e4,total_minus_uncalibrated_prior,0,4,0.009714022640556763,-0.008915223148293894,0.027039829886002852,2000,-0.12458347445348344,0.14401151973459697,-0.00013705550542986167,-0.0035115706448617307,0.0035014182812488875
ds006850,eegnet_lr1e4,total_minus_uncalibrated_prior,0,8,0.007582325323279293,-0.006905642783648559,0.023370131956282524,2000,-0.12671517177076091,0.1418798224173195,-0.00014699743422433298,-0.0030048101006983157,0.002493027331570907
ds006850,eegnet_lr1e4,total_minus_uncalibrated_prior,1,0,0.08729545745562571,-0.02180927485295815,0.19874374163276526,2000,-0.0470020396384145,0.22159295454966593,0.0500955501824869,0.01900269329344205,0.08306393610445245
ds006850,eegnet_lr1e4,total_minus_uncalibrated_prior,1,1,-0.011747125026782518,-0.0956880326698844,0.08959753642037731,2000,-0.14604462212082273,0.12255037206725769,0.05265226335057838,0.02456266456757076,0.0848898729237403
ds006850,eegnet_lr1e4,total_minus_uncalibrated_prior,1,2,-0.05419806234629937,-0.13875964339310826,0.05953706876228438,2000,-0.18849555944033958,0.08009943474774084,0.05338603098753325,0.026031357402145634,0.08476437870596987
ds006850,eegnet_lr1e4,total_minus_uncalibrated_prior,1,4,-0.04401545137796492,-0.13791746099939825,0.07473710862664094,2000,-0.17831294847200513,0.09028204571607529,0.055002535091362076,0.027807073742008418,0.08592548979781177
ds006850,eegnet_lr1e4,total_minus_uncalibrated_prior,1,8,-0.052170161266285764,-0.14759752077720908,0.06573672687730615,2000,-0.18646765836032597,0.08212733582775444,0.05771811778093716,0.028396151365672997,0.08881599957111946
ds006850,eegnet_lr1e4,total_minus_uncalibrated_prior,2,0,0.1533930974238607,0.04574618802922183,0.24753046321945057,2000,0.019095600329820495,0.2876905945179009,0.02353401745107972,0.0003435339803034811,0.04890605570766278
ds006850,eegnet_lr1e4,total_minus_uncalibrated_prior,2,1,0.037990085876031254,-0.0301883173300488,0.12134115911426777,2000,-0.09630741121800895,0.17228758297007146,0.02425539911573754,0.00267631627442178,0.04699251297013597
ds006850,eegnet_lr1e4,total_minus_uncalibrated_prior,2,2,0.021553942042883134,-0.05002667520454776,0.11367792391250182,2000,-0.11274355505115707,0.15585143913692334,0.020177636275990618,-0.0012020056470807747,0.04295015130124404
ds006850,eegnet_lr1e4,total_minus_uncalibrated_prior,2,4,0.038739251064813185,-0.04532731706441171,0.13611440725777557,2000,-0.09555824602922702,0.1730367481588534,0.024059408679504624,0.002376157387123532,0.04808656277638614
ds006850,eegnet_lr1e4,total_minus_uncalibrated_prior,2,8,0.03953120965379703,-0.048654255259996414,0.14034608550473132,2000,-0.09476628744024318,0.17382870674783724,0.022373660070044155,0.00016796768018958414,0.045710684948588126
ds006850,eegnet_lr1e4,total_minus_uncalibrated_prior,4,0,0.17127616810561014,0.056135042872367785,0.26680948037339847,2000,0.03697867101156993,0.30557366519965035,0.004928690115410944,-0.014333589697356547,0.024199454229505413
ds006850,eegnet_lr1e4,total_minus_uncalibrated_prior,4,1,0.06726051078546436,0.0007548485753690092,0.13794608782691986,2000,-0.06703698630857585,0.20155800787950456,0.008987122386961172,-0.006923305428203834,0.025985115576535635
ds006850,eegnet_lr1e4,total_minus_uncalibrated_prior,4,2,0.05401344287101917,-0.021327766545842567,0.14013475396537278,2000,-0.08028405422302104,0.18831093996505938,0.002703827602620501,-0.01401542169647388,0.019963571700769126
ds006850,eegnet_lr1e4,total_minus_uncalibrated_prior,4,4,0.07552134821446677,-0.008164379054878816,0.16467672722154417,2000,-0.05877614887957344,0.20981884530850697,0.003709957772126654,-0.013454066706058846,0.021134436762000983
ds006850,eegnet_lr1e4,total_minus_uncalibrated_prior,4,8,0.07569072620449147,-0.00942994898344449,0.16867574566286364,2000,-0.05860677088954874,0.20998822329853167,0.0025218022050728373,-0.01496679435058161,0.018866488091266474
ds006850,eegnet_lr1e4,total_minus_uncalibrated_prior,8,0,0.17126563794695449,0.06222559875431969,0.26010581818911976,2000,0.03696814085291428,0.3055631350409947,-0.00027953812530212563,-0.018043837437991025,0.015985030658839446
ds006850,eegnet_lr1e4,total_minus_uncalibrated_prior,8,1,0.07157705208402182,0.011152371494915724,0.13782724976019287,2000,-0.06272044501001839,0.20587454917806203,0.005423253200686262,-0.00742953066354456,0.018507393472116936
ds006850,eegnet_lr1e4,total_minus_uncalibrated_prior,8,2,0.06381122904595327,-0.0010800546319902579,0.14105627902684217,2000,-0.07048626804808694,0.19810872613999347,-0.0016257188273505752,-0.015641820844038805,0.012362160114073534
ds006850,eegnet_lr1e4,total_minus_uncalibrated_prior,8,4,0.0834985274789421,0.007969020560354964,0.16408388894421105,2000,-0.05079896961509811,0.2177960245729823,-0.00026729035214570485,-0.015348021656992443,0.014758437438723479
ds006850,eegnet_lr1e4,total_minus_uncalibrated_prior,8,8,0.08513245285608834,0.006844576385649619,0.16765145931436387,2000,-0.04916504423795187,0.21942994995012854,-0.002970065161881863,-0.017901122948816788,0.011233514268076778
ds006850,labram_ridge_base,eeg_added_population,0,0,-0.018244874066969365,-0.07646955853058068,0.03912514533462992,2000,-0.07646969136244645,0.03997994322850772,0.01170206132273885,0.004441842818394531,0.019517703252431174
ds006850,labram_ridge_base,eeg_added_population,0,1,-0.016287667172347836,-0.04748150974683563,0.01337851418499678,2000,-0.07451248446782492,0.04193715012312925,0.008899405025454804,0.0015053039999154056,0.016541278013770443
ds006850,labram_ridge_base,eeg_added_population,0,2,-0.0226339103163532,-0.0644756830140275,0.01615329771319217,2000,-0.08085872761183029,0.035590906979123885,0.008409367516332922,0.0009676710009105111,0.015948927381281508
ds006850,labram_ridge_base,eeg_added_population,0,4,-0.023247062826827314,-0.06752516556373117,0.016997480872909317,2000,-0.0814718801223044,0.03497775446864977,0.007083086651230863,-0.0004086892531220666,0.0144806265512374
ds006850,labram_ridge_base,eeg_added_population,0,8,-0.03139773009036012,-0.07711362080066633,0.011703241494014398,2000,-0.0896225473858372,0.026827087205116965,0.009299633827295678,0.0021133429684293396,0.016307361795787408
ds006850,labram_ridge_base,eeg_added_population,1,0,-0.018244874066969365,-0.07646955853058068,0.03912514533462988,2000,-0.07646969136244645,0.03997994322850772,0.01170206132273885,0.004441842818394531,0.019517703252431174
ds006850,labram_ridge_base,eeg_added_population,1,1,-0.016287667172347836,-0.04748150974683563,0.013378514184996563,2000,-0.07451248446782492,0.04193715012312925,0.008899405025454804,0.0015053039999154056,0.016541278013770443
ds006850,labram_ridge_base,eeg_added_population,1,2,-0.0226339103163532,-0.06447568301402763,0.01615329771319206,2000,-0.08085872761183029,0.035590906979123885,0.008409367516332922,0.0009676710009105111,0.015948927381281508
ds006850,labram_ridge_base,eeg_added_population,1,4,-0.023247062826827314,-0.06752516556373117,0.016997480872909317,2000,-0.0814718801223044,0.03497775446864977,0.007083086651230863,-0.0004086892531220666,0.0144806265512374
ds006850,labram_ridge_base,eeg_added_population,1,8,-0.03139773009036012,-0.07711362080066633,0.011703241494014782,2000,-0.0896225473858372,0.026827087205116965,0.009299633827295678,0.0021133429684293396,0.016307361795787408
ds006850,labram_ridge_base,eeg_added_population,2,0,-0.018244874066969365,-0.07646955853058024,0.03912514533462988,2000,-0.07646969136244645,0.03997994322850772,0.01170206132273885,0.004441842818394531,0.019517703252431174
ds006850,labram_ridge_base,eeg_added_population,2,1,-0.016287667172347836,-0.04748150974683564,0.013378514184996509,2000,-0.07451248446782492,0.04193715012312925,0.008899405025454804,0.0015053039999154056,0.016541278013770443
ds006850,labram_ridge_base,eeg_added_population,2,2,-0.0226339103163532,-0.06447568301402738,0.01615329771319206,2000,-0.08085872761183029,0.035590906979123885,0.008409367516332922,0.0009676710009105111,0.015948927381281508
ds006850,labram_ridge_base,eeg_added_population,2,4,-0.023247062826827314,-0.06752516556373117,0.016997480872909317,2000,-0.0814718801223044,0.03497775446864977,0.007083086651230863,-0.0004086892531220666,0.0144806265512374
ds006850,labram_ridge_base,eeg_added_population,2,8,-0.03139773009036012,-0.07711362080066644,0.01170324149401462,2000,-0.0896225473858372,0.026827087205116965,0.009299633827295678,0.0021133429684293396,0.016307361795787408
ds006850,labram_ridge_base,eeg_added_population,4,0,-0.018244874066969372,-0.07646955853057984,0.039125145334629866,2000,-0.07646969136244645,0.03997994322850772,0.01170206132273885,0.004441842818394531,0.019517703252431174
ds006850,labram_ridge_base,eeg_added_population,4,1,-0.01628766717234781,-0.04748150974683565,0.013378514184996455,2000,-0.0745124844678249,0.04193715012312928,0.008899405025454804,0.0015053039999154056,0.016541278013770415
ds006850,labram_ridge_base,eeg_added_population,4,2,-0.022633910316353256,-0.06447568301402741,0.016153297713192336,2000,-0.08085872761183034,0.03559090697912383,0.008409367516332922,0.0009676710009105111,0.015948927381281508
ds006850,labram_ridge_base,eeg_added_population,4,4,-0.023247062826827036,-0.06752516556373123,0.01699748087290932,2000,-0.08147188012230412,0.03497775446865005,0.007083086651230919,-0.00040868925312206595,0.0144806265512374
ds006850,labram_ridge_base,eeg_added_population,4,8,-0.03139773009036012,-0.07711362080066639,0.011703241494014352,2000,-0.0896225473858372,0.026827087205116965,0.009299633827295678,0.0021133429684293396,0.016307361795787408
ds006850,labram_ridge_base,eeg_added_population,8,0,-0.018244874066969372,-0.07646955853057984,0.039125145334629866,2000,-0.07646969136244645,0.03997994322850772,0.01170206132273885,0.004441842818394531,0.019517703252431174
ds006850,labram_ridge_base,eeg_added_population,8,1,-0.01628766717234781,-0.04748150974683565,0.013378514184996455,2000,-0.0745124844678249,0.04193715012312928,0.008899405025454804,0.0015053039999154056,0.016541278013770415
ds006850,labram_ridge_base,eeg_added_population,8,2,-0.022633910316353256,-0.06447568301402741,0.016153297713192336,2000,-0.08085872761183034,0.03559090697912383,0.008409367516332922,0.0009676710009105111,0.015948927381281508
ds006850,labram_ridge_base,eeg_added_population,8,4,-0.023247062826827036,-0.06752516556373123,0.01699748087290932,2000,-0.08147188012230412,0.03497775446865005,0.007083086651230919,-0.00040868925312206595,0.0144806265512374
ds006850,labram_ridge_base,eeg_added_population,8,8,-0.03139773009036012,-0.07711362080066639,0.011703241494014352,2000,-0.0896225473858372,0.026827087205116965,0.009299633827295678,0.0021133429684293396,0.016307361795787408
ds006850,labram_ridge_base,eeg_added_matched_calibration,0,0,-0.018244874066969365,-0.07646955853058068,0.03912514533462992,2000,-0.0787391140067643,0.04224936587282556,0.01170206132273885,0.004441842818394531,0.019517703252431174
ds006850,labram_ridge_base,eeg_added_matched_calibration,0,1,-0.016287667172347836,-0.04748150974683563,0.01337851418499678,2000,-0.07678190711214276,0.04420657276744709,0.008899405025454804,0.0015053039999154056,0.016541278013770443
ds006850,labram_ridge_base,eeg_added_matched_calibration,0,2,-0.0226339103163532,-0.0644756830140275,0.01615329771319217,2000,-0.08312815025614813,0.03786032962344173,0.008409367516332922,0.0009676710009105111,0.015948927381281508
ds006850,labram_ridge_base,eeg_added_matched_calibration,0,4,-0.023247062826827314,-0.06752516556373117,0.016997480872909317,2000,-0.08374130276662224,0.037247177112967614,0.007083086651230863,-0.0004086892531220666,0.0144806265512374
ds006850,labram_ridge_base,eeg_added_matched_calibration,0,8,-0.03139773009036012,-0.07711362080066633,0.011703241494014398,2000,-0.09189197003015505,0.029096509849434807,0.009299633827295678,0.0021133429684293396,0.016307361795787408
ds006850,labram_ridge_base,eeg_added_matched_calibration,1,0,-0.02858112299013741,-0.06236385707253731,0.006940147127187275,2000,-0.08907536292993234,0.03191311694965752,0.01712869153306129,0.007245163610600421,0.026938681208287428
ds006850,labram_ridge_base,eeg_added_matched_calibration,1,1,-0.02315931382191655,-0.04634571688867948,0.0013206100668507312,2000,-0.08365355376171148,0.03733492611787838,0.011480411694528292,0.0013970180841881674,0.021618689736150117
ds006850,labram_ridge_base,eeg_added_matched_calibration,1,2,-0.026573285069422636,-0.05395615893521641,0.000552142694231543,2000,-0.08706752500921756,0.03392095487037229,0.0151222940526482,0.00536679925701863,0.024391236529380272
ds006850,labram_ridge_base,eeg_added_matched_calibration,1,4,-0.030980486065814716,-0.05852390592016563,-0.000775711225518313,2000,-0.09147472600560964,0.02951375387398021,0.0161597259365574,0.005812654227425534,0.02667515121245594
ds006850,labram_ridge_base,eeg_added_matched_calibration,1,8,-0.03604996441445832,-0.0651622763076628,-0.005931763761043267,2000,-0.09654420435425325,0.02444427552533661,0.01816349588842256,0.0079404007016616,0.02830058252263451
ds006850,labram_ridge_base,eeg_added_matched_calibration,2,0,-0.01145683102794745,-0.05546795352959535,0.027044065758984673,2000,-0.07195107096774238,0.04903740891184748,0.006331800228163376,-0.0015887609193404692,0.015380406752706584
ds006850,labram_ridge_base,eeg_added_matched_calibration,2,1,-0.007904161497661155,-0.03620371240793881,0.016215451396518824,2000,-0.06839840143745608,0.05259007844213377,0.004003322219960137,-0.004919404760256455,0.012940399486314518
ds006850,labram_ridge_base,eeg_added_matched_calibration,2,2,-0.008804741727675092,-0.04071694563221263,0.020181994866445927,2000,-0.06929898166747002,0.051689498212119836,0.005613583086883672,-0.0037233180197759133,0.014679745670819205
ds006850,labram_ridge_base,eeg_added_matched_calibration,2,4,-0.009389184890320534,-0.04358039217339203,0.021008120223899734,2000,-0.06988342483011546,0.05110505504947439,0.005816855118206787,-0.00326621989586338,0.015010096492896374
ds006850,labram_ridge_base,eeg_added_matched_calibration,2,8,-0.013224752833737252,-0.052244098502721804,0.019085019182441862,2000,-0.07371899277353218,0.047269487106057675,0.007657785266477979,-0.001839950877238021,0.017428646379750622
ds006850,labram_ridge_base,eeg_added_matched_calibration,4,0,-0.010518480925334805,-0.05742189733786037,0.03048655608321437,2000,-0.07101272086512973,0.04997575901446012,0.008086215653078072,0.0003195133523326267,0.016201969515709895
ds006850,labram_ridge_base,eeg_added_matched_calibration,4,1,-0.007430667249146039,-0.03569661499427719,0.017773154600613114,2000,-0.06792490718894097,0.05306357269064889,0.004385172517311381,-0.003675992854250483,0.012333691928311085
ds006850,labram_ridge_base,eeg_added_matched_calibration,4,2,-0.010345764210310027,-0.04261207802629027,0.020543262138268722,2000,-0.07084000415010495,0.0501484757294849,0.00575639909475173,-0.0021770853952727833,0.014011479392735105
ds006850,labram_ridge_base,eeg_added_matched_calibration,4,4,-0.013962663279127097,-0.047634422091810964,0.016121192754924615,2000,-0.07445690321892202,0.04653157666066783,0.006736524986617504,-0.0008576548712292714,0.015410658759877568
ds006850,labram_ridge_base,eeg_added_matched_calibration,4,8,-0.01597777302270914,-0.05484780354579104,0.01759818609745192,2000,-0.07647201296250407,0.04451646691708579,0.00822079361851552,4.7872543305571585e-05,0.016601664324081035
ds006850,labram_ridge_base,eeg_added_matched_calibration,8,0,-0.010905868164061971,-0.05917266394104735,0.032121078826441045,2000,-0.0714001081038569,0.049588371775732956,0.009266105728231555,0.0021289398893451564,0.017000940944436767
ds006850,labram_ridge_base,eeg_added_matched_calibration,8,1,-0.00956562223267482,-0.036620979966194095,0.01502566462887652,2000,-0.07005986217246975,0.05092861770712011,0.0063117247364496976,-0.0011853729603362624,0.014065644092425743
ds006850,labram_ridge_base,eeg_added_matched_calibration,8,2,-0.012014465944434172,-0.04563798954619269,0.01749280901311299,2000,-0.0725087058842291,0.048479773995360756,0.00754902449632594,0.0003553426191285514,0.014902129858114309
ds006850,labram_ridge_base,eeg_added_matched_calibration,8,4,-0.01571701356921995,-0.05076024029900531,0.013366233420934884,2000,-0.07621125350901488,0.04477722637057498,0.009122928949797104,0.0018555529696552581,0.017020841511071094
ds006850,labram_ridge_base,eeg_added_matched_calibration,8,8,-0.018626658651376082,-0.05627812275217903,0.012604467257451558,2000,-0.07912089859117101,0.041867581288418845,0.009749796003370448,0.0026083600518074573,0.01703858264084339
ds006850,labram_ridge_base,prior_calibration_gain,0,0,0.0,0.0,0.0,2000,-0.13169041129046133,0.13169041129046133,0.0,0.0,0.0
ds006850,labram_ridge_base,prior_calibration_gain,0,1,0.0,0.0,0.0,2000,-0.13169041129046133,0.13169041129046133,0.0,0.0,0.0
ds006850,labram_ridge_base,prior_calibration_gain,0,2,0.0,0.0,0.0,2000,-0.13169041129046133,0.13169041129046133,0.0,0.0,0.0
ds006850,labram_ridge_base,prior_calibration_gain,0,4,0.0,0.0,0.0,2000,-0.13169041129046133,0.13169041129046133,0.0,0.0,0.0
ds006850,labram_ridge_base,prior_calibration_gain,0,8,0.0,0.0,0.0,2000,-0.13169041129046133,0.13169041129046133,0.0,0.0,0.0
ds006850,labram_ridge_base,prior_calibration_gain,1,0,0.08274658665210007,-0.024869249961099706,0.19331402684589674,2000,-0.048943824638361264,0.21443699794256138,0.04829210949033019,0.01773394992784451,0.0801655483149553
ds006850,labram_ridge_base,prior_calibration_gain,1,1,-0.017840541017210887,-0.10019731966234696,0.07868249859672205,2000,-0.14953095230767222,0.11384987027325044,0.04984485751565715,0.022995204411731984,0.08108440404484486
ds006850,labram_ridge_base,prior_calibration_gain,1,2,-0.05445749363486263,-0.13862752710781692,0.05831683773424273,2000,-0.18614790492532396,0.0772329176555987,0.05215490427631708,0.025576802944304193,0.08348080394223446
ds006850,labram_ridge_base,prior_calibration_gain,1,4,-0.04634931158613692,-0.14210088676281166,0.07088594646440043,2000,-0.17803972287659825,0.08534109970432441,0.05244606023854048,0.02511275823346166,0.08288849095263572
ds006850,labram_ridge_base,prior_calibration_gain,1,8,-0.05573286110738246,-0.15083855980848426,0.062070178382381276,2000,-0.1874232723978438,0.07595755018307887,0.05712164248389051,0.027499393584847463,0.0877243892295031
ds006850,labram_ridge_base,prior_calibration_gain,2,0,0.1409623719153005,0.03718961451767345,0.2327148380417304,2000,0.009271960624839176,0.2726527832057618,0.02171333893995578,-0.0004300058112803531,0.04548020564876871
ds006850,labram_ridge_base,prior_calibration_gain,2,1,0.03008480655524437,-0.03348369628145518,0.10949282890708745,2000,-0.10160560473521696,0.1617752178457057,0.02113654341703447,0.00139078533617713,0.04405889115131503
ds006850,labram_ridge_base,prior_calibration_gain,2,2,0.018033997403535007,-0.053785263527287575,0.10945331544556919,2000,-0.11365641388692632,0.14972440869399634,0.019661663519724953,-0.0019458054388973326,0.04268720659676958
ds006850,labram_ridge_base,prior_calibration_gain,2,4,0.031354011727983466,-0.049067331750102895,0.12652306511899422,2000,-0.10033639956247786,0.1630444230184448,0.021985026115436623,0.0011045924559598714,0.045705343123701225
ds006850,labram_ridge_base,prior_calibration_gain,2,8,0.03173182574778072,-0.05541443719999212,0.132029792929923,2000,-0.09995858554268061,0.16342223703824205,0.021333222696912374,-0.00026594079206913846,0.04502955835173176
ds006850,labram_ridge_base,prior_calibration_gain,4,0,0.15361825253941824,0.039606824634907695,0.24532218993031726,2000,0.021927841248956914,0.28530866382987957,0.0037453044281207104,-0.015023976117092433,0.022587635362589984
ds006850,labram_ridge_base,prior_calibration_gain,4,1,0.04990305602774725,-0.010771863650664935,0.11994162867877174,2000,-0.08178735526271408,0.18159346731820858,0.007241785673276158,-0.007648418405697882,0.02322459585338056
ds006850,labram_ridge_base,prior_calibration_gain,4,2,0.047808429390673146,-0.026145688049666386,0.13106683742917585,2000,-0.08388198189978818,0.17949884068113447,0.0032053671646432025,-0.013468159139795481,0.020625692213185026
ds006850,labram_ridge_base,prior_calibration_gain,4,4,0.06296689395012922,-0.01623474584474112,0.15030867167142298,2000,-0.06872351734033211,0.19465730524059055,0.002973396960041813,-0.013381615584242943,0.020660392294002995
ds006850,labram_ridge_base,prior_calibration_gain,4,8,0.06567263606507251,-0.01672964234090195,0.15555778811745016,2000,-0.06601777522538882,0.19736304735553384,0.0024981387496020024,-0.014388972449470013,0.018709811281494654
ds006850,labram_ridge_base,prior_calibration_gain,8,0,0.15644082287592032,0.052289277551174164,0.24347735603878864,2000,0.024750411585458987,0.28813123416638164,-0.0024385431923127365,-0.01875988740838394,0.012906984644330393
ds006850,labram_ridge_base,prior_calibration_gain,8,1,0.05838563020613474,0.004773233979091123,0.1217845087926029,2000,-0.07330478108432659,0.19007604149659607,0.002948584691531392,-0.008849586400952422,0.01460789223351831
ds006850,labram_ridge_base,prior_calibration_gain,8,2,0.05999771846865137,-0.0028653128838640332,0.13522344185828108,2000,-0.07169269282180996,0.1916881297591127,-0.0012767056092662377,-0.015201337470156001,0.012369522038391858
ds006850,labram_ridge_base,prior_calibration_gain,8,4,0.07519470815880047,0.0033093603231873774,0.15226365227267052,2000,-0.05649570313166086,0.2068851194492618,-0.0016221975957553258,-0.01574274182877948,0.012338863316176325
ds006850,labram_ridge_base,prior_calibration_gain,8,8,0.07736957634443592,0.0025881139430619635,0.15804559213169292,2000,-0.05432083494602541,0.20905998763489725,-0.00304765247792807,-0.017418606151550917,0.010505345823078922
ds006850,labram_ridge_base,combined_calibration_gain,0,0,0.0,0.0,0.0,2000,-0.13442362291792265,0.13442362291792265,0.0,0.0,0.0
ds006850,labram_ridge_base,combined_calibration_gain,0,1,0.0,0.0,0.0,2000,-0.13442362291792265,0.13442362291792265,0.0,0.0,0.0
ds006850,labram_ridge_base,combined_calibration_gain,0,2,0.0,0.0,0.0,2000,-0.13442362291792265,0.13442362291792265,0.0,0.0,0.0
ds006850,labram_ridge_base,combined_calibration_gain,0,4,0.0,0.0,0.0,2000,-0.13442362291792265,0.13442362291792265,0.0,0.0,0.0
ds006850,labram_ridge_base,combined_calibration_gain,0,8,0.0,0.0,0.0,2000,-0.13442362291792265,0.13442362291792265,0.0,0.0,0.0
ds006850,labram_ridge_base,combined_calibration_gain,1,0,0.07241033772893202,-0.03867062773341975,0.18615753122754186,2000,-0.06201328518899063,0.20683396064685466,0.053718739700652635,0.021708519258722272,0.08534167488516324
ds006850,labram_ridge_base,combined_calibration_gain,1,1,-0.0247121876667796,-0.1087214542016826,0.07762880986110117,2000,-0.15913581058470225,0.10971143525114305,0.052425864184730636,0.022433639988620104,0.08510994242874542
ds006850,labram_ridge_base,combined_calibration_gain,1,2,-0.058396868387932066,-0.1480912908689473,0.057611224870553826,2000,-0.1928204913058547,0.07602675452999058,0.05886783081263236,0.028902082850824257,0.0909811856004229
ds006850,labram_ridge_base,combined_calibration_gain,1,4,-0.05408273482512432,-0.14915286570547373,0.06698677042497786,2000,-0.18850635774304697,0.08034088809279832,0.06152269952386702,0.031164793764471545,0.09436974269660629
ds006850,labram_ridge_base,combined_calibration_gain,1,8,-0.060385095431480657,-0.1534475088853323,0.0619186738138228,2000,-0.1948087183494033,0.07403852748644199,0.06598550454501739,0.03504911027589135,0.09792758702035981
ds006850,labram_ridge_base,combined_calibration_gain,2,0,0.14775041495432242,0.0401440424760633,0.2354689798226023,2000,0.013326792036399776,0.28217403787224504,0.016343077845380305,-0.006408402115466336,0.040233178805187335
ds006850,labram_ridge_base,combined_calibration_gain,2,1,0.03846831222993105,-0.024431863766495455,0.12047614900156224,2000,-0.0959553106879916,0.1728919351478537,0.016240460611539803,-0.0038444720272943302,0.03864781785500121
ds006850,labram_ridge_base,combined_calibration_gain,2,2,0.031863165992213116,-0.03956280617280774,0.12695118241923106,2000,-0.10256045692570953,0.16628678891013576,0.016865879090275704,-0.005330695067359923,0.040271513644826826
ds006850,labram_ridge_base,combined_calibration_gain,2,4,0.045211889664490246,-0.03698621998761255,0.13919799878757003,2000,-0.0892117332534324,0.1796355125824129,0.020718794582412547,-0.0011366020333426305,0.04308448672741292
ds006850,labram_ridge_base,combined_calibration_gain,2,8,0.049904803004403586,-0.035378304654790284,0.1461412817026259,2000,-0.08451881991351906,0.18432842592232623,0.019691374136094675,-0.002960822641178767,0.04151429885875633
ds006850,labram_ridge_base,combined_calibration_gain,4,0,0.1613446456810528,0.052504621915803226,0.24773217388590746,2000,0.02692102276313016,0.2957682685989754,0.0001294587584599327,-0.0184584281423357,0.017552382475937198
ds006850,labram_ridge_base,combined_calibration_gain,4,1,0.05876005595094902,0.0006919194812254555,0.12792707057264954,2000,-0.07566356696697363,0.19318367886887167,0.0027275531651327345,-0.012490563826233706,0.018057031865181553
ds006850,labram_ridge_base,combined_calibration_gain,4,2,0.060096575496716376,-0.010827687207448276,0.1393817731076032,2000,-0.07432704742120627,0.19452019841463902,0.0005523987430620103,-0.016244030721435987,0.017904133061492376
ds006850,labram_ridge_base,combined_calibration_gain,4,4,0.07225129349782916,-0.003651151642823609,0.15454749665026282,2000,-0.062172329420093486,0.2066749164157518,0.002626835295428398,-0.014541042469151201,0.01941093105992515
ds006850,labram_ridge_base,combined_calibration_gain,4,8,0.08109259313272349,-9.48103871295714e-05,0.1654478354526583,2000,-0.05333102978519916,0.21551621605064614,0.001419298540821845,-0.015555945102156436,0.017773250972497164
ds006850,labram_ridge_base,combined_calibration_gain,8,0,0.1637798287788277,0.061656353553613936,0.2486077133752092,2000,0.029356205860905066,0.29820345169675033,-0.004874498786820031,-0.022773125519667706,0.010354047944500677
ds006850,labram_ridge_base,combined_calibration_gain,8,1,0.06510767514580773,0.010807502600376278,0.13104534552665761,2000,-0.06931594777211492,0.19953129806373038,0.0003609044025262853,-0.012194724633372116,0.012316343504089226
ds006850,labram_ridge_base,combined_calibration_gain,8,2,0.07061716284057046,0.005924955993101294,0.14711502886574723,2000,-0.06380646007735219,0.2050407857584931,-0.0021370486292732194,-0.01617482751493591,0.011738803068050772
ds006850,labram_ridge_base,combined_calibration_gain,8,4,0.08272475741640756,0.009210256899855213,0.16034105284508,2000,-0.05169886550151509,0.2171483803343302,0.00041764470281085986,-0.01362595833670556,0.013952718697010683
ds006850,labram_ridge_base,combined_calibration_gain,8,8,0.09014064778341996,0.013608980866109777,0.17128333153335587,2000,-0.04428297513450269,0.2245642707013426,-0.0025974903018533,-0.01818172122114421,0.010876805470611076
ds006850,labram_ridge_base,total_minus_uncalibrated_prior,0,0,-0.018244874066969365,-0.07646955853058068,0.03912514533462992,2000,-0.15614523001489516,0.11965548188095643,0.01170206132273885,0.004441842818394531,0.019517703252431174
ds006850,labram_ridge_base,total_minus_uncalibrated_prior,0,1,-0.016287667172347836,-0.04748150974683563,0.01337851418499678,2000,-0.15418802312027363,0.12161268877557796,0.008899405025454804,0.0015053039999154056,0.016541278013770443
ds006850,labram_ridge_base,total_minus_uncalibrated_prior,0,2,-0.0226339103163532,-0.0644756830140275,0.01615329771319217,2000,-0.160534266264279,0.1152664456315726,0.008409367516332922,0.0009676710009105111,0.015948927381281508
ds006850,labram_ridge_base,total_minus_uncalibrated_prior,0,4,-0.023247062826827314,-0.06752516556373117,0.016997480872909317,2000,-0.1611474187747531,0.11465329312109848,0.007083086651230863,-0.0004086892531220666,0.0144806265512374
ds006850,labram_ridge_base,total_minus_uncalibrated_prior,0,8,-0.03139773009036012,-0.07711362080066633,0.011703241494014398,2000,-0.16929808603828592,0.10650262585756567,0.009299633827295678,0.0021133429684293396,0.016307361795787408
ds006850,labram_ridge_base,total_minus_uncalibrated_prior,1,0,0.054165463661962655,-0.05582605497468607,0.16718080604365354,2000,-0.08373489228596315,0.19206581960988844,0.06542080102339148,0.03252101103847547,0.09781732535852086
ds006850,labram_ridge_base,total_minus_uncalibrated_prior,1,1,-0.040999854839127436,-0.12497488170000594,0.0599585984022489,2000,-0.17890021078705323,0.09690050110879836,0.06132526921018544,0.032236514726576015,0.09457201257637741
ds006850,labram_ridge_base,total_minus_uncalibrated_prior,1,2,-0.08103077870428527,-0.16950561778433498,0.03302392891399763,2000,-0.21893113465221106,0.05686957724364053,0.06727719832896528,0.038531475938430544,0.09907569407105443
ds006850,labram_ridge_base,total_minus_uncalibrated_prior,1,4,-0.07732979765195164,-0.17231583185584626,0.041642104480552784,2000,-0.21523015359987743,0.06057055829597416,0.06860578617509788,0.038878552927630636,0.10068409295932358
ds006850,labram_ridge_base,total_minus_uncalibrated_prior,1,8,-0.09178282552184078,-0.18526382782821826,0.029972845293964878,2000,-0.22968318146976657,0.04611753042608502,0.07528513837231307,0.04489804141882929,0.10714764202974461
ds006850,labram_ridge_base,total_minus_uncalibrated_prior,2,0,0.12950554088735305,0.01665094354499253,0.22464577556922105,2000,-0.008394815060572741,0.2674058968352788,0.028045139168119154,0.0047740907687308255,0.05325180184990804
ds006850,labram_ridge_base,total_minus_uncalibrated_prior,2,1,0.022180645057583215,-0.04603375720553418,0.1045798533176965,2000,-0.11571971089034258,0.160081001005509,0.025139865636994607,0.004512841335080201,0.047116931489551275
ds006850,labram_ridge_base,total_minus_uncalibrated_prior,2,2,0.009229255675859915,-0.06718501091950746,0.10231563498549504,2000,-0.12867110027206588,0.1471296116237857,0.025275246606608626,0.0029479631670086964,0.04859336259566605
ds006850,labram_ridge_base,total_minus_uncalibrated_prior,2,4,0.021964826837662932,-0.06609878506000089,0.11949789619673262,2000,-0.11593552911026286,0.15986518278558873,0.02780188123364341,0.005268016240431482,0.050541010976167394
ds006850,labram_ridge_base,total_minus_uncalibrated_prior,2,8,0.018507072914043465,-0.07624752409766018,0.1178419817933696,2000,-0.11939328303388233,0.15640742886196926,0.028991007963390353,0.00595738065696661,0.05173814453143146
ds006850,labram_ridge_base,total_minus_uncalibrated_prior,4,0,0.14309977161408344,0.014468246984311005,0.2468640354887819,2000,0.005199415666157642,0.2810001275620092,0.011831520081198782,-0.008694724047189597,0.03159532041273797
ds006850,labram_ridge_base,total_minus_uncalibrated_prior,4,1,0.04247238877860121,-0.026468054364323694,0.11939468184059143,2000,-0.09542796716932458,0.180372744726527,0.011626958190587539,-0.005112204930923889,0.0274437940010476
ds006850,labram_ridge_base,total_minus_uncalibrated_prior,4,2,0.03746266518036312,-0.04381626777817993,0.1295463486814564,2000,-0.10043769076756268,0.17536302112828892,0.008961766259394932,-0.00867500486159726,0.026413248030610768
ds006850,labram_ridge_base,total_minus_uncalibrated_prior,4,4,0.049004230671002125,-0.03935058709242191,0.14114395389504092,2000,-0.08889612527692367,0.18690458661892792,0.009709921946659317,-0.00865022505672746,0.028147109546083723
ds006850,labram_ridge_base,total_minus_uncalibrated_prior,4,8,0.04969486304236337,-0.04413644748090658,0.14645508965134507,2000,-0.08820549290556243,0.18759521899028916,0.010718932368117523,-0.007854616387323956,0.027843249239464102
ds006850,labram_ridge_base,total_minus_uncalibrated_prior,8,0,0.14553495471185834,0.024062412389185148,0.24153616595926805,2000,0.0076345987639325485,0.2834353106597841,0.0068275625359188186,-0.011999750347116313,0.02394847124769656
ds006850,labram_ridge_base,total_minus_uncalibrated_prior,8,1,0.04882000797345992,-0.014572563543739332,0.11711783608162395,2000,-0.08908034797446587,0.18672036392138572,0.00926030942798109,-0.004893473037716519,0.02337211311705437
ds006850,labram_ridge_base,total_minus_uncalibrated_prior,8,2,0.0479832525242172,-0.029221275296950684,0.1276000761878856,2000,-0.0899171034237086,0.185883608472143,0.006272318887059702,-0.009296133924170578,0.021693326995953652
ds006850,labram_ridge_base,total_minus_uncalibrated_prior,8,4,0.05947769458958052,-0.026605891345362422,0.1427562414959378,2000,-0.07842266135834527,0.19737805053750632,0.007500731354041779,-0.008133639880816185,0.022762180717703362
ds006850,labram_ridge_base,total_minus_uncalibrated_prior,8,8,0.05874291769305984,-0.02680658962069032,0.14755468313365902,2000,-0.07915743825486596,0.19664327364098563,0.006702143525442378,-0.009455722332834704,0.02221678117507894
ds006850,labram_ridge_strong,eeg_added_population,0,0,-0.0020510741633811003,-0.03932498154728621,0.03375117794195166,2000,-0.04131327392989642,0.03721112560313422,0.0053467000846064705,0.0008512594719325258,0.010259908037823146
ds006850,labram_ridge_strong,eeg_added_population,0,1,-0.003787786849032193,-0.024691073028087842,0.015727340737170657,2000,-0.043049986615547514,0.03547441291748313,0.0043897623160149835,-0.0007150553929017353,0.00934855495119561
ds006850,labram_ridge_strong,eeg_added_population,0,2,-0.005236315339594788,-0.03253780908753858,0.019331170672483206,2000,-0.04449851510611011,0.03402588442692053,0.003404171993391353,-0.0013693430459936055,0.008192403179576296
ds006850,labram_ridge_strong,eeg_added_population,0,4,-0.005172072695635244,-0.03334880040159308,0.021095068244626185,2000,-0.044434272462150565,0.03409012707088008,0.0018343079868249346,-0.003193779583248566,0.006733516364183988
ds006850,labram_ridge_strong,eeg_added_population,0,8,-0.014700579306637984,-0.05168376796572872,0.020821729176956263,2000,-0.053962779073153305,0.024561620459877337,0.004404283396904907,-0.0014230303927571027,0.01027750584686246
ds006850,labram_ridge_strong,eeg_added_population,1,0,-0.0020510741633815817,-0.039324981547286204,0.03375117794195166,2000,-0.0413132739298969,0.03721112560313374,0.0053467000846064705,0.0008512594719325258,0.010259908037823146
ds006850,labram_ridge_strong,eeg_added_population,1,1,-0.003787786849032193,-0.024691073028087842,0.015727340737170657,2000,-0.043049986615547514,0.03547441291748313,0.0043897623160149835,-0.0007150553929017353,0.00934855495119561
ds006850,labram_ridge_strong,eeg_added_population,1,2,-0.005236315339594788,-0.03253780908753858,0.019331170672483213,2000,-0.04449851510611011,0.03402588442692053,0.003404171993391353,-0.0013693430459936055,0.008192403179576296
ds006850,labram_ridge_strong,eeg_added_population,1,4,-0.005172072695635244,-0.03334880040159308,0.021095068244626185,2000,-0.044434272462150565,0.03409012707088008,0.0018343079868249346,-0.003193779583248566,0.006733516364183988
ds006850,labram_ridge_strong,eeg_added_population,1,8,-0.014700579306637984,-0.05168376796572872,0.020821729176956374,2000,-0.053962779073153305,0.024561620459877337,0.004404283396904907,-0.0014230303927571027,0.01027750584686246
ds006850,labram_ridge_strong,eeg_added_population,2,0,-0.002051074163381265,-0.039324981547286204,0.03375117794195166,2000,-0.04131327392989659,0.037211125603134054,0.0053467000846064705,0.0008512594719325258,0.010259908037823146
ds006850,labram_ridge_strong,eeg_added_population,2,1,-0.003787786849032193,-0.024691073028087842,0.015727340737170494,2000,-0.043049986615547514,0.03547441291748313,0.0043897623160149835,-0.0007150553929017353,0.00934855495119561
ds006850,labram_ridge_strong,eeg_added_population,2,2,-0.005236315339594788,-0.03253780908753858,0.019331170672483213,2000,-0.04449851510611011,0.03402588442692053,0.003404171993391353,-0.0013693430459936055,0.008192403179576296
ds006850,labram_ridge_strong,eeg_added_population,2,4,-0.005172072695635244,-0.03334880040159308,0.021095068244626185,2000,-0.044434272462150565,0.03409012707088008,0.0018343079868249346,-0.003193779583248566,0.006733516364183988
ds006850,labram_ridge_strong,eeg_added_population,2,8,-0.014700579306637984,-0.05168376796572872,0.020821729176956374,2000,-0.053962779073153305,0.024561620459877337,0.004404283396904907,-0.0014230303927571027,0.01027750584686246
ds006850,labram_ridge_strong,eeg_added_population,4,0,-0.002051074163381519,-0.039324981547286204,0.03375117794195166,2000,-0.04131327392989684,0.037211125603133804,0.0053467000846064705,0.0008512594719325258,0.010259908037823146
ds006850,labram_ridge_strong,eeg_added_population,4,1,-0.003787786849032193,-0.024691073028087845,0.015727340737170598,2000,-0.043049986615547514,0.03547441291748313,0.0043897623160149835,-0.0007150553929017353,0.00934855495119561
ds006850,labram_ridge_strong,eeg_added_population,4,2,-0.005236315339594788,-0.03253780908753859,0.019331170672483484,2000,-0.04449851510611011,0.03402588442692053,0.003404171993391353,-0.0013693430459936055,0.008192403179576296
ds006850,labram_ridge_strong,eeg_added_population,4,4,-0.005172072695635244,-0.03334880040159308,0.02109506824462602,2000,-0.044434272462150565,0.03409012707088008,0.0018343079868249346,-0.003193779583248566,0.006733516364183988
ds006850,labram_ridge_strong,eeg_added_population,4,8,-0.014700579306637984,-0.05168376796572866,0.020821729176956374,2000,-0.053962779073153305,0.024561620459877337,0.004404283396904907,-0.0014230303927571027,0.01027750584686246
ds006850,labram_ridge_strong,eeg_added_population,8,0,-0.002051074163381519,-0.039324981547286204,0.03375117794195166,2000,-0.04131327392989684,0.037211125603133804,0.0053467000846064705,0.0008512594719325258,0.010259908037823146
ds006850,labram_ridge_strong,eeg_added_population,8,1,-0.003787786849032193,-0.024691073028087845,0.015727340737170598,2000,-0.043049986615547514,0.03547441291748313,0.0043897623160149835,-0.0007150553929017353,0.00934855495119561
ds006850,labram_ridge_strong,eeg_added_population,8,2,-0.005236315339594788,-0.03253780908753859,0.019331170672483484,2000,-0.04449851510611011,0.03402588442692053,0.003404171993391353,-0.0013693430459936055,0.008192403179576296
ds006850,labram_ridge_strong,eeg_added_population,8,4,-0.005172072695635244,-0.03334880040159308,0.02109506824462602,2000,-0.044434272462150565,0.03409012707088008,0.0018343079868249346,-0.003193779583248566,0.006733516364183988
ds006850,labram_ridge_strong,eeg_added_population,8,8,-0.014700579306637984,-0.05168376796572866,0.020821729176956374,2000,-0.053962779073153305,0.024561620459877337,0.004404283396904907,-0.0014230303927571027,0.01027750584686246
ds006850,labram_ridge_strong,eeg_added_matched_calibration,0,0,-0.0020510741633811003,-0.03932498154728621,0.03375117794195166,2000,-0.042083933310376256,0.037981784983614056,0.0053467000846064705,0.0008512594719325258,0.010259908037823146
ds006850,labram_ridge_strong,eeg_added_matched_calibration,0,1,-0.003787786849032193,-0.024691073028087842,0.015727340737170657,2000,-0.04382064599602735,0.03624507229796296,0.0043897623160149835,-0.0007150553929017353,0.00934855495119561
ds006850,labram_ridge_strong,eeg_added_matched_calibration,0,2,-0.005236315339594788,-0.03253780908753858,0.019331170672483206,2000,-0.045269174486589944,0.03479654380740037,0.003404171993391353,-0.0013693430459936055,0.008192403179576296
ds006850,labram_ridge_strong,eeg_added_matched_calibration,0,4,-0.005172072695635244,-0.03334880040159308,0.021095068244626185,2000,-0.0452049318426304,0.03486078645135991,0.0018343079868249346,-0.003193779583248566,0.006733516364183988
ds006850,labram_ridge_strong,eeg_added_matched_calibration,0,8,-0.014700579306637984,-0.05168376796572872,0.020821729176956263,2000,-0.05473343845363314,0.025332279840357172,0.004404283396904907,-0.0014230303927571027,0.01027750584686246
ds006850,labram_ridge_strong,eeg_added_matched_calibration,1,0,-0.004427426567443479,-0.026341660478800613,0.01607169574871036,2000,-0.044460285714438635,0.03560543257955168,0.006194939511368791,9.963951242088494e-05,0.0124241660301352
ds006850,labram_ridge_strong,eeg_added_matched_calibration,1,1,-0.004509056308234338,-0.018834231828326994,0.009746577983224057,2000,-0.044541915455229494,0.03552380283876082,0.0034630317885623874,-0.0021987324346202054,0.009424532770569325
ds006850,labram_ridge_strong,eeg_added_matched_calibration,1,2,-0.005351560861660554,-0.022569326953336733,0.010653670042866492,2000,-0.04538442000865571,0.0346812982853346,0.005374080605280607,-0.00021283310287237623,0.011484132416080158
ds006850,labram_ridge_strong,eeg_added_matched_calibration,1,4,-0.006057040043703388,-0.024248574183760672,0.011937132588612755,2000,-0.046089899190698544,0.03397581910329177,0.005356477895309908,-0.0011179194852698067,0.011860630706040803
ds006850,labram_ridge_strong,eeg_added_matched_calibration,1,8,-0.011805907376782887,-0.0347004821856696,0.009066432626065232,2000,-0.05183876652377804,0.02822695177021227,0.009640540145910453,0.002422437016766736,0.01680379317404514
ds006850,labram_ridge_strong,eeg_added_matched_calibration,2,0,0.0007538379423859543,-0.02428122546175432,0.022472596321044515,2000,-0.0392790212046092,0.04078669708938111,0.002306764497081615,-0.0026680095655584775,0.007612600203735928
ds006850,labram_ridge_strong,eeg_added_matched_calibration,2,1,0.00014913366238722414,-0.01564867654705456,0.01528743439691466,2000,-0.03988372548460793,0.04018199280938238,0.0007057415514507004,-0.004413398451644508,0.005575114395191148
ds006850,labram_ridge_strong,eeg_added_matched_calibration,2,2,0.0007119401498142386,-0.018236287085149024,0.0183177888790858,2000,-0.03932091899718092,0.040744799296809395,0.0018675536595943176,-0.003870241804959939,0.007773590511205114
ds006850,labram_ridge_strong,eeg_added_matched_calibration,2,4,0.0014862433355639082,-0.01942657407839395,0.02036881932364559,2000,-0.03854661581143125,0.041519102482559064,0.002787235824446732,-0.0025978679771619835,0.008253154697582327
ds006850,labram_ridge_strong,eeg_added_matched_calibration,2,8,-0.0034248726880892755,-0.0315782763013439,0.02048037459010531,2000,-0.04345773183508443,0.03660798645890588,0.005322504402162087,-0.001629378300555763,0.012859769013324198
ds006850,labram_ridge_strong,eeg_added_matched_calibration,4,0,-4.552074730773681e-05,-0.02813384447187558,0.025179906731476773,2000,-0.04007837989430289,0.03998733839968742,0.0033383690690438894,-0.0011945013961459493,0.008078058939509235
ds006850,labram_ridge_strong,eeg_added_matched_calibration,4,1,-0.0005183568071319145,-0.016948785018994737,0.015124511136954906,2000,-0.04055121595412707,0.03951450233986324,0.0012145698565144414,-0.003517864568973518,0.00590170571660728
ds006850,labram_ridge_strong,eeg_added_matched_calibration,4,2,-0.0003051984634450666,-0.020303564191887884,0.018858082845138832,2000,-0.04033805761044022,0.03972766068355009,0.0017593854380649476,-0.002923189563455692,0.006739911222146245
ds006850,labram_ridge_strong,eeg_added_matched_calibration,4,4,-0.0018698413425820015,-0.023096960503064128,0.01724113111583145,2000,-0.04190270048957716,0.038163017804413155,0.002751798002721406,-0.002176328683946911,0.00787112323343627
ds006850,labram_ridge_strong,eeg_added_matched_calibration,4,8,-0.006497114286280192,-0.03498088813959781,0.01951984217725634,2000,-0.04652997343327535,0.033535744860714964,0.005372829546264363,-0.0008074899390438803,0.011794114799971556
ds006850,labram_ridge_strong,eeg_added_matched_calibration,8,0,-9.613493776075566e-05,-0.02935836495922261,0.025833869367451138,2000,-0.04012899408475591,0.0399367242092344,0.003968947739182188,-0.0003040526902817607,0.008776521003062393
ds006850,labram_ridge_strong,eeg_added_matched_calibration,8,1,-0.0017594606573910765,-0.01797147316476237,0.013239394024026347,2000,-0.04179231980438623,0.03827339848960408,0.0018134982226347685,-0.0027536818510080713,0.00631189938618161
ds006850,labram_ridge_strong,eeg_added_matched_calibration,8,2,-0.0009022862289031486,-0.021189301853371444,0.017108130145685248,2000,-0.040935145375898305,0.03913057291809201,0.0026310451089674447,-0.0018167591651358005,0.007090830945091114
ds006850,labram_ridge_strong,eeg_added_matched_calibration,8,4,-0.0030243469997758288,-0.024977263253764908,0.015554188321590518,2000,-0.043057206146770985,0.03700851214721933,0.0037946863912606543,-0.0007125114978915145,0.008483148726059705
ds006850,labram_ridge_strong,eeg_added_matched_calibration,8,8,-0.008511227851154823,-0.03730879936278185,0.01721825198867092,2000,-0.04854408699814998,0.03152163129584033,0.005956040460517453,0.0003001808636345513,0.011438578995402625
ds006850,labram_ridge_strong,prior_calibration_gain,0,0,0.0,0.0,0.0,2000,-0.13169041129046133,0.13169041129046133,0.0,0.0,0.0
ds006850,labram_ridge_strong,prior_calibration_gain,0,1,0.0,0.0,0.0,2000,-0.13169041129046133,0.13169041129046133,0.0,0.0,0.0
ds006850,labram_ridge_strong,prior_calibration_gain,0,2,0.0,0.0,0.0,2000,-0.13169041129046133,0.13169041129046133,0.0,0.0,0.0
ds006850,labram_ridge_strong,prior_calibration_gain,0,4,0.0,0.0,0.0,2000,-0.13169041129046133,0.13169041129046133,0.0,0.0,0.0
ds006850,labram_ridge_strong,prior_calibration_gain,0,8,0.0,0.0,0.0,2000,-0.13169041129046133,0.13169041129046133,0.0,0.0,0.0
ds006850,labram_ridge_strong,prior_calibration_gain,1,0,0.08274658665210007,-0.024869249961099706,0.19331402684589674,2000,-0.048943824638361264,0.21443699794256138,0.04829210949033019,0.01773394992784451,0.0801655483149553
ds006850,labram_ridge_strong,prior_calibration_gain,1,1,-0.017840541017210887,-0.10019731966234696,0.07868249859672205,2000,-0.14953095230767222,0.11384987027325044,0.04984485751565715,0.022995204411731984,0.08108440404484486
ds006850,labram_ridge_strong,prior_calibration_gain,1,2,-0.05445749363486263,-0.13862752710781692,0.05831683773424273,2000,-0.18614790492532396,0.0772329176555987,0.05215490427631708,0.025576802944304193,0.08348080394223446
ds006850,labram_ridge_strong,prior_calibration_gain,1,4,-0.04634931158613692,-0.14210088676281166,0.07088594646440043,2000,-0.17803972287659825,0.08534109970432441,0.05244606023854048,0.02511275823346166,0.08288849095263572
ds006850,labram_ridge_strong,prior_calibration_gain,1,8,-0.05573286110738246,-0.15083855980848426,0.062070178382381276,2000,-0.1874232723978438,0.07595755018307887,0.05712164248389051,0.027499393584847463,0.0877243892295031
ds006850,labram_ridge_strong,prior_calibration_gain,2,0,0.1409623719153005,0.03718961451767345,0.2327148380417304,2000,0.009271960624839176,0.2726527832057618,0.02171333893995578,-0.0004300058112803531,0.04548020564876871
ds006850,labram_ridge_strong,prior_calibration_gain,2,1,0.03008480655524437,-0.03348369628145518,0.10949282890708745,2000,-0.10160560473521696,0.1617752178457057,0.02113654341703447,0.00139078533617713,0.04405889115131503
ds006850,labram_ridge_strong,prior_calibration_gain,2,2,0.018033997403535007,-0.053785263527287575,0.10945331544556919,2000,-0.11365641388692632,0.14972440869399634,0.019661663519724953,-0.0019458054388973326,0.04268720659676958
ds006850,labram_ridge_strong,prior_calibration_gain,2,4,0.031354011727983466,-0.049067331750102895,0.12652306511899422,2000,-0.10033639956247786,0.1630444230184448,0.021985026115436623,0.0011045924559598714,0.045705343123701225
ds006850,labram_ridge_strong,prior_calibration_gain,2,8,0.03173182574778072,-0.05541443719999212,0.132029792929923,2000,-0.09995858554268061,0.16342223703824205,0.021333222696912374,-0.00026594079206913846,0.04502955835173176
ds006850,labram_ridge_strong,prior_calibration_gain,4,0,0.15361825253941824,0.039606824634907695,0.24532218993031726,2000,0.021927841248956914,0.28530866382987957,0.0037453044281207104,-0.015023976117092433,0.022587635362589984
ds006850,labram_ridge_strong,prior_calibration_gain,4,1,0.04990305602774725,-0.010771863650664935,0.11994162867877174,2000,-0.08178735526271408,0.18159346731820858,0.007241785673276158,-0.007648418405697882,0.02322459585338056
ds006850,labram_ridge_strong,prior_calibration_gain,4,2,0.047808429390673146,-0.026145688049666386,0.13106683742917585,2000,-0.08388198189978818,0.17949884068113447,0.0032053671646432025,-0.013468159139795481,0.020625692213185026
ds006850,labram_ridge_strong,prior_calibration_gain,4,4,0.06296689395012922,-0.01623474584474112,0.15030867167142298,2000,-0.06872351734033211,0.19465730524059055,0.002973396960041813,-0.013381615584242943,0.020660392294002995
ds006850,labram_ridge_strong,prior_calibration_gain,4,8,0.06567263606507251,-0.01672964234090195,0.15555778811745016,2000,-0.06601777522538882,0.19736304735553384,0.0024981387496020024,-0.014388972449470013,0.018709811281494654
ds006850,labram_ridge_strong,prior_calibration_gain,8,0,0.15644082287592032,0.052289277551174164,0.24347735603878864,2000,0.024750411585458987,0.28813123416638164,-0.0024385431923127365,-0.01875988740838394,0.012906984644330393
ds006850,labram_ridge_strong,prior_calibration_gain,8,1,0.05838563020613474,0.004773233979091123,0.1217845087926029,2000,-0.07330478108432659,0.19007604149659607,0.002948584691531392,-0.008849586400952422,0.01460789223351831
ds006850,labram_ridge_strong,prior_calibration_gain,8,2,0.05999771846865137,-0.0028653128838640332,0.13522344185828108,2000,-0.07169269282180996,0.1916881297591127,-0.0012767056092662377,-0.015201337470156001,0.012369522038391858
ds006850,labram_ridge_strong,prior_calibration_gain,8,4,0.07519470815880047,0.0033093603231873774,0.15226365227267052,2000,-0.05649570313166086,0.2068851194492618,-0.0016221975957553258,-0.01574274182877948,0.012338863316176325
ds006850,labram_ridge_strong,prior_calibration_gain,8,8,0.07736957634443592,0.0025881139430619635,0.15804559213169292,2000,-0.05432083494602541,0.20905998763489725,-0.00304765247792807,-0.017418606151550917,0.010505345823078922
ds006850,labram_ridge_strong,combined_calibration_gain,0,0,0.0,0.0,0.0,2000,-0.1311482049246532,0.1311482049246532,0.0,0.0,0.0
ds006850,labram_ridge_strong,combined_calibration_gain,0,1,0.0,0.0,0.0,2000,-0.1311482049246532,0.1311482049246532,0.0,0.0,0.0
ds006850,labram_ridge_strong,combined_calibration_gain,0,2,0.0,0.0,0.0,2000,-0.1311482049246532,0.1311482049246532,0.0,0.0,0.0
ds006850,labram_ridge_strong,combined_calibration_gain,0,4,0.0,0.0,0.0,2000,-0.1311482049246532,0.1311482049246532,0.0,0.0,0.0
ds006850,labram_ridge_strong,combined_calibration_gain,0,8,0.0,0.0,0.0,2000,-0.1311482049246532,0.1311482049246532,0.0,0.0,0.0
ds006850,labram_ridge_strong,combined_calibration_gain,1,0,0.08037023424803816,-0.03375612625804016,0.19356334606723163,2000,-0.05077797067661505,0.21151843917269136,0.04914034891709251,0.01799847820899304,0.07979063766943023
ds006850,labram_ridge_strong,combined_calibration_gain,1,1,-0.018561810476413032,-0.09898886986402584,0.08126278680305625,2000,-0.14971001540106624,0.11258639444824017,0.04891812698820455,0.021896461994030964,0.0790458978158295
ds006850,labram_ridge_strong,combined_calibration_gain,1,2,-0.054572739156928396,-0.13850146088623325,0.06035820995698326,2000,-0.1857209440815816,0.07657546576772481,0.054124812888206336,0.02626983302367939,0.08563447009754602
ds006850,labram_ridge_strong,combined_calibration_gain,1,4,-0.047234278934205065,-0.14085924809167402,0.07031515325995809,2000,-0.17838248385885827,0.08391392599044814,0.055968230147025455,0.02796223529031602,0.08631603904089548
ds006850,labram_ridge_strong,combined_calibration_gain,1,8,-0.05283818917752736,-0.1491685857553107,0.0656752704684257,2000,-0.18398639410218057,0.07831001574712584,0.06235789923289606,0.03271046014712571,0.09308502355152133
ds006850,labram_ridge_strong,combined_calibration_gain,2,0,0.14376728402106773,0.03881288803757901,0.23120825184262644,2000,0.01261907909641452,0.27491548894572093,0.018673403352430923,-0.004076307341197935,0.042835051296540375
ds006850,labram_ridge_strong,combined_calibration_gain,2,1,0.03402172706666379,-0.02914049348873191,0.11780215163589565,2000,-0.09712647785798942,0.165169931991317,0.017452522652470187,-0.001811473745281466,0.03911055919647408
ds006850,labram_ridge_strong,combined_calibration_gain,2,2,0.023982252892944034,-0.04819531640188967,0.11870652328605613,2000,-0.10716595203170917,0.15513045781759724,0.018125045185927918,-0.0038073766187984802,0.04130320058706274
ds006850,labram_ridge_strong,combined_calibration_gain,2,4,0.03801232775918262,-0.04283149914189386,0.1334589220916556,2000,-0.09313587716547059,0.16916053268383582,0.02293795395305842,0.0021840910268935247,0.04568992184925693
ds006850,labram_ridge_strong,combined_calibration_gain,2,8,0.043007532366329426,-0.04368420202460407,0.1417680081751318,2000,-0.08814067255832378,0.17415573729098263,0.022251443702169554,-0.0007635716022788083,0.04484123290864765
ds006850,labram_ridge_strong,combined_calibration_gain,4,0,0.15562380595549202,0.048420205621121905,0.24413451355688812,2000,0.024475601030838817,0.28677201088014526,0.0017369734125581293,-0.016590362428846803,0.019932449600212856
ds006850,labram_ridge_strong,combined_calibration_gain,4,1,0.05317248606964753,-0.004993546465250503,0.12048590294849511,2000,-0.07797571885500568,0.18432069099430073,0.0040665932137756156,-0.01041980096825997,0.01929694753102295
ds006850,labram_ridge_strong,combined_calibration_gain,4,2,0.05273954626682287,-0.01708154264103101,0.13354848877726713,2000,-0.07840865865783034,0.18388775119147607,0.0015605806093167973,-0.014879783182193023,0.018384308278624573
ds006850,labram_ridge_strong,combined_calibration_gain,4,4,0.06626912530318246,-0.00908949753966091,0.14866323834205294,2000,-0.06487907962147074,0.19741733022783567,0.0038908869759382847,-0.012740107868207754,0.020151293539420446
ds006850,labram_ridge_strong,combined_calibration_gain,4,8,0.0738761010854303,-0.005718222289768654,0.15906602067409834,2000,-0.057272103839222904,0.2050243060100835,0.0034666848989614585,-0.012812723706338819,0.019610443280783593
ds006850,labram_ridge_strong,combined_calibration_gain,8,0,0.15839576210154108,0.05809582155023337,0.2413936489233739,2000,0.02724755717688787,0.2895439670261943,-0.003816295537737019,-0.020713332672789443,0.010566387901245339
ds006850,labram_ridge_strong,combined_calibration_gain,8,1,0.06041395639777586,0.008756628142044174,0.1250517190664947,2000,-0.07073424852687735,0.19156216132242906,0.0003723205981511768,-0.01129723824646344,0.011978578671849996
ds006850,labram_ridge_strong,combined_calibration_gain,8,2,0.06433174757934301,0.0016633945049180675,0.13792666778072632,2000,-0.06681645734531019,0.19547995250399622,-0.0020498324936901458,-0.015799370220878642,0.011476251181785236
ds006850,labram_ridge_strong,combined_calibration_gain,8,4,0.07734243385465989,0.005713231864381241,0.1535226922194415,2000,-0.05380577106999332,0.2084906387793131,0.0003381808086803939,-0.013677099838609139,0.013469259433789467
ds006850,labram_ridge_strong,combined_calibration_gain,8,8,0.08355892779991908,0.010523526696098157,0.16340586488974077,2000,-0.047589277124734125,0.21470713272457229,-0.0014958954143155234,-0.016256843191173858,0.0117082576232256
ds006850,labram_ridge_strong,total_minus_uncalibrated_prior,0,0,-0.0020510741633811003,-0.03932498154728621,0.03375117794195166,2000,-0.1365772213489152,0.132475073022153,0.0053467000846064705,0.0008512594719325258,0.010259908037823146
ds006850,labram_ridge_strong,total_minus_uncalibrated_prior,0,1,-0.003787786849032193,-0.024691073028087842,0.015727340737170657,2000,-0.1383139340345663,0.1307383603365019,0.0043897623160149835,-0.0007150553929017353,0.00934855495119561
ds006850,labram_ridge_strong,total_minus_uncalibrated_prior,0,2,-0.005236315339594788,-0.03253780908753858,0.019331170672483206,2000,-0.1397624625251289,0.1292898318459393,0.003404171993391353,-0.0013693430459936055,0.008192403179576296
ds006850,labram_ridge_strong,total_minus_uncalibrated_prior,0,4,-0.005172072695635244,-0.03334880040159308,0.021095068244626185,2000,-0.13969821988116934,0.12935407448989886,0.0018343079868249346,-0.003193779583248566,0.006733516364183988
ds006850,labram_ridge_strong,total_minus_uncalibrated_prior,0,8,-0.014700579306637984,-0.05168376796572872,0.020821729176956263,2000,-0.14922672649217208,0.11982556787889612,0.004404283396904907,-0.0014230303927571027,0.01027750584686246
ds006850,labram_ridge_strong,total_minus_uncalibrated_prior,1,0,0.07831916008465659,-0.03403553096343748,0.18708194619568375,2000,-0.056206987100877515,0.2128453072701907,0.054487049001698984,0.023163642964280196,0.08637807571526235
ds006850,labram_ridge_strong,total_minus_uncalibrated_prior,1,1,-0.022349597325445225,-0.1057031018649776,0.07408633700528758,2000,-0.15687574451097933,0.11217654986008888,0.053307889304219536,0.0256454189420083,0.08366576464092369
ds006850,labram_ridge_strong,total_minus_uncalibrated_prior,1,2,-0.059809054496523184,-0.1453219851416232,0.053450852784376834,2000,-0.19433520168205728,0.07471709268901092,0.05752898488159769,0.0299199893723307,0.08928592814424945
ds006850,labram_ridge_strong,total_minus_uncalibrated_prior,1,4,-0.05240635162984031,-0.14921489619458544,0.06086277627823208,2000,-0.1869324988153744,0.08211979555569379,0.05780253813385039,0.030382640870514205,0.08826669892423442
ds006850,labram_ridge_strong,total_minus_uncalibrated_prior,1,8,-0.06753876848416535,-0.16155615938921755,0.05007904896868004,2000,-0.20206491566969945,0.06698737870136875,0.06676218262980096,0.038135602594316004,0.09653041049482755
ds006850,labram_ridge_strong,total_minus_uncalibrated_prior,2,0,0.14171620985768646,0.0322900536144596,0.2349137223813163,2000,0.007190062672152359,0.27624235704322053,0.024020103437037393,0.0010431733732172634,0.04855860469788963
ds006850,labram_ridge_strong,total_minus_uncalibrated_prior,2,1,0.030233940217631594,-0.03398584426807617,0.11279123521090724,2000,-0.1042922069679025,0.1647600874031657,0.02184228496848517,0.0017495018701097881,0.044470998373523085
ds006850,labram_ridge_strong,total_minus_uncalibrated_prior,2,2,0.018745937553349246,-0.055828406863784284,0.11182258394210476,2000,-0.11578020963218486,0.15327208473888335,0.02152921717931927,-0.0005343718863310683,0.044202703799634244
ds006850,labram_ridge_strong,total_minus_uncalibrated_prior,2,4,0.032840255063547374,-0.05061035256859335,0.1309031166090435,2000,-0.10168589212198673,0.16736640224908148,0.024772261939883355,0.0026523225180302063,0.04743767667860648
ds006850,labram_ridge_strong,total_minus_uncalibrated_prior,2,8,0.028306953059691442,-0.06297607253802476,0.1287686561559046,2000,-0.10621919412584266,0.16283310024522554,0.02665572709907446,0.0037872511216035637,0.04976083119840362
ds006850,labram_ridge_strong,total_minus_uncalibrated_prior,4,0,0.1535727317921105,0.030741020881504436,0.2497404220694408,2000,0.019046584606576406,0.28809887897764463,0.0070836734971646,-0.01225350153164351,0.02630505930219339
ds006850,labram_ridge_strong,total_minus_uncalibrated_prior,4,1,0.049384699220615336,-0.01656649262122335,0.12363310016771786,2000,-0.08514144796491876,0.18391084640614944,0.008456355529790599,-0.007059316492636078,0.024257661376609174
ds006850,labram_ridge_strong,total_minus_uncalibrated_prior,4,2,0.04750323092722808,-0.030180673805072587,0.13550623548627228,2000,-0.08702291625830602,0.18202937811276218,0.00496475260270815,-0.012122394827041097,0.022483989139199217
ds006850,labram_ridge_strong,total_minus_uncalibrated_prior,4,4,0.06109705260754722,-0.02555765629046277,0.15123603412959616,2000,-0.07342909457798688,0.19562319979308132,0.005725194962763219,-0.012107154242924011,0.023920757281301584
ds006850,labram_ridge_strong,total_minus_uncalibrated_prior,4,8,0.05917552177879232,-0.030993879543799913,0.15264527992894636,2000,-0.07535062540674178,0.19370166896432642,0.007870968295866365,-0.010163711108525788,0.025378916248336547
ds006850,labram_ridge_strong,total_minus_uncalibrated_prior,8,0,0.15634468793815956,0.0424481505839696,0.2440475084013218,2000,0.02181854075262546,0.29087083512369366,0.0015304045468694516,-0.01596910299586772,0.01774215514890569
ds006850,labram_ridge_strong,total_minus_uncalibrated_prior,8,1,0.056626169548743666,-0.0021542616609898754,0.12225293029441431,2000,-0.07789997763679044,0.19115231673427777,0.00476208291416616,-0.008358335996366591,0.017226293086487224
ds006850,labram_ridge_strong,total_minus_uncalibrated_prior,8,2,0.059095432239748225,-0.010886134876112502,0.1357254756988782,2000,-0.07543071494578588,0.19362157942528233,0.001354339499701207,-0.013212985783889651,0.01593933193793474
ds006850,labram_ridge_strong,total_minus_uncalibrated_prior,8,4,0.07217036115902464,-0.008048235376606839,0.15120742987650138,2000,-0.06235578602650946,0.20669650834455874,0.0021724887955053285,-0.012777172063413863,0.016362583547685217
ds006850,labram_ridge_strong,total_minus_uncalibrated_prior,8,8,0.0688583484932811,-0.012431376251780417,0.15417052323313957,2000,-0.065667798692253,0.2033844956788152,0.0029083879825893832,-0.012644438714874175,0.01737724810395572
