dataset_id,representation,participant_dose,stimulus_dose,predictor,macro_ccc,ccc_ci_low,ccc_ci_high,valid_bootstrap,macro_mae
ds005540,de_ridge_base,0,0,prior,-3.0732194575483232e-15,-5.35947477580551e-15,-7.86964139291136e-16,1985,0.21154367944837507
ds005540,de_ridge_base,0,0,prior_personalized,-3.0732194575483232e-15,-5.35947477580551e-15,-7.86964139291136e-16,1985,0.21154367944837507
ds005540,de_ridge_base,0,0,eeg_population,0.015759027475010824,-0.08535316423780229,0.11687121918782392,1985,0.22167952811467492
ds005540,de_ridge_base,0,0,eeg_personalized,0.015759027475010824,-0.08535316423780229,0.11687121918782392,1985,0.22167952811467492
ds005540,de_ridge_base,0,0,combined_population,0.01819748369989487,-0.07282159447297473,0.10921656187276449,1985,0.2201477911141821
ds005540,de_ridge_base,0,0,combined_personalized,0.01819748369989487,-0.07282159447297473,0.10921656187276449,1985,0.2201477911141821
ds005540,de_ridge_base,0,1,prior,0.3897076368081029,0.22019248269857414,0.5592227909176316,1985,0.23195701058201063
ds005540,de_ridge_base,0,1,prior_personalized,0.3897076368081029,0.22019248269857414,0.5592227909176316,1985,0.23195701058201063
ds005540,de_ridge_base,0,1,eeg_population,0.02535990013448732,-0.07560428876834045,0.1263240890373151,1985,0.22120454659587635
ds005540,de_ridge_base,0,1,eeg_personalized,0.02535990013448732,-0.07560428876834045,0.1263240890373151,1985,0.22120454659587635
ds005540,de_ridge_base,0,1,combined_population,0.3797838547972271,0.20915587188809698,0.5504118377063572,1985,0.24258470005488988
ds005540,de_ridge_base,0,1,combined_personalized,0.3797838547972271,0.20915587188809698,0.5504118377063572,1985,0.24258470005488988
ds005540,de_ridge_base,0,2,prior,0.44729263481390646,0.29792925185234065,0.5966560177754723,1985,0.1847556216931217
ds005540,de_ridge_base,0,2,prior_personalized,0.44729263481390646,0.29792925185234065,0.5966560177754723,1985,0.1847556216931217
ds005540,de_ridge_base,0,2,eeg_population,0.019950072383017325,-0.08156420686714841,0.12146435163318306,1985,0.22215386615243485
ds005540,de_ridge_base,0,2,eeg_personalized,0.019950072383017325,-0.08156420686714841,0.12146435163318306,1985,0.22215386615243485
ds005540,de_ridge_base,0,2,combined_population,0.44072046280461485,0.2880707115261991,0.5933702140830306,1985,0.19289488400931384
ds005540,de_ridge_base,0,2,combined_personalized,0.44072046280461485,0.2880707115261991,0.5933702140830306,1985,0.19289488400931384
ds005540,de_ridge_base,0,4,prior,0.472923249015021,0.33595035612695534,0.6098961419030866,1985,0.16945006613756614
ds005540,de_ridge_base,0,4,prior_personalized,0.472923249015021,0.33595035612695534,0.6098961419030866,1985,0.16945006613756614
ds005540,de_ridge_base,0,4,eeg_population,0.024785504312946422,-0.07700597236801297,0.12657698099390582,1985,0.2209799232375293
ds005540,de_ridge_base,0,4,eeg_personalized,0.024785504312946422,-0.07700597236801297,0.12657698099390582,1985,0.2209799232375293
ds005540,de_ridge_base,0,4,combined_population,0.466511774986916,0.32057954593344157,0.6124440040403905,1985,0.1805538836988818
ds005540,de_ridge_base,0,4,combined_personalized,0.466511774986916,0.32057954593344157,0.6124440040403905,1985,0.1805538836988818
ds005540,de_ridge_base,0,8,prior,0.4907012372224836,0.3581098053109186,0.6232926691340486,1985,0.16290261243386245
ds005540,de_ridge_base,0,8,prior_personalized,0.4907012372224836,0.3581098053109186,0.6232926691340486,1985,0.16290261243386245
ds005540,de_ridge_base,0,8,eeg_population,0.02103296255292619,-0.0810440235461515,0.12310994865200389,1985,0.22084475102082296
ds005540,de_ridge_base,0,8,eeg_personalized,0.02103296255292619,-0.0810440235461515,0.12310994865200389,1985,0.22084475102082296
ds005540,de_ridge_base,0,8,combined_population,0.4831928578585477,0.33251203719794653,0.6338736785191489,1985,0.17316146304947932
ds005540,de_ridge_base,0,8,combined_personalized,0.4831928578585477,0.33251203719794653,0.6338736785191489,1985,0.17316146304947932
ds005540,de_ridge_base,1,0,prior,-3.0732194575483232e-15,-5.35947477580551e-15,-7.86964139291136e-16,1985,0.21154367944837507
ds005540,de_ridge_base,1,0,prior_personalized,0.13942400367279467,0.013040248807250798,0.26580775853833855,1985,0.24356052006101078
ds005540,de_ridge_base,1,0,eeg_population,0.015759027475010824,-0.08535316423780229,0.11687121918782392,1985,0.22167952811467492
ds005540,de_ridge_base,1,0,eeg_personalized,0.12278550126788905,-0.0325926893414394,0.2781636918772175,1985,0.25563377638561596
ds005540,de_ridge_base,1,0,combined_population,0.01819748369989487,-0.07282159447297473,0.10921656187276449,1985,0.2201477911141821
ds005540,de_ridge_base,1,0,combined_personalized,0.13485561064151452,0.009913324172314164,0.2597978971107149,1985,0.249447616468836
ds005540,de_ridge_base,1,1,prior,0.3897076368081029,0.22019248269857414,0.5592227909176316,1985,0.23195701058201063
ds005540,de_ridge_base,1,1,prior_personalized,0.40995118909402206,0.25506050459904106,0.5648418735890031,1985,0.2574170719213611
ds005540,de_ridge_base,1,1,eeg_population,0.02535990013448732,-0.07560428876834045,0.1263240890373151,1985,0.22120454659587635
ds005540,de_ridge_base,1,1,eeg_personalized,0.12816387005090024,-0.02585589440384123,0.2821836345056417,1985,0.25662660940521104
ds005540,de_ridge_base,1,1,combined_population,0.3797838547972271,0.20915587188809698,0.5504118377063572,1985,0.24258470005488988
ds005540,de_ridge_base,1,1,combined_personalized,0.4079607145528983,0.2530182129570321,0.5629032161487645,1985,0.26064176278493567
ds005540,de_ridge_base,1,2,prior,0.44729263481390646,0.29792925185234065,0.5966560177754723,1985,0.1847556216931217
ds005540,de_ridge_base,1,2,prior_personalized,0.45298874237330666,0.29819332733382753,0.6077841574127858,1985,0.21862092411038486
ds005540,de_ridge_base,1,2,eeg_population,0.019950072383017325,-0.08156420686714841,0.12146435163318306,1985,0.22215386615243485
ds005540,de_ridge_base,1,2,eeg_personalized,0.12850547826542416,-0.025809329534275394,0.2828202860651237,1985,0.25718664144067743
ds005540,de_ridge_base,1,2,combined_population,0.44072046280461485,0.2880707115261991,0.5933702140830306,1985,0.19289488400931384
ds005540,de_ridge_base,1,2,combined_personalized,0.44906579970845,0.29645789743848244,0.6016737019784175,1985,0.22097757421902484
ds005540,de_ridge_base,1,4,prior,0.472923249015021,0.33595035612695534,0.6098961419030866,1985,0.16945006613756614
ds005540,de_ridge_base,1,4,prior_personalized,0.4734042218746855,0.31624004434605985,0.6305683994033111,1985,0.20628687898770615
ds005540,de_ridge_base,1,4,eeg_population,0.024785504312946422,-0.07700597236801297,0.12657698099390582,1985,0.2209799232375293
ds005540,de_ridge_base,1,4,eeg_personalized,0.13037315767456265,-0.02327039978850637,0.28401671513763166,1985,0.2577187952653156
ds005540,de_ridge_base,1,4,combined_population,0.466511774986916,0.32057954593344157,0.6124440040403905,1985,0.1805538836988818
ds005540,de_ridge_base,1,4,combined_personalized,0.4628223888722262,0.3102471604042345,0.6153976173402179,1985,0.21033361058987463
ds005540,de_ridge_base,1,8,prior,0.4907012372224836,0.3581098053109186,0.6232926691340486,1985,0.16290261243386245
ds005540,de_ridge_base,1,8,prior_personalized,0.4855856648588942,0.33185414082875153,0.6393171888890369,1985,0.20154269702058714
ds005540,de_ridge_base,1,8,eeg_population,0.02103296255292619,-0.0810440235461515,0.12310994865200389,1985,0.22084475102082296
ds005540,de_ridge_base,1,8,eeg_personalized,0.12955113452641645,-0.027529546187465004,0.2866318152402979,1985,0.2567194176665428
ds005540,de_ridge_base,1,8,combined_population,0.4831928578585477,0.33251203719794653,0.6338736785191489,1985,0.17316146304947932
ds005540,de_ridge_base,1,8,combined_personalized,0.4746062349687478,0.32498065683366545,0.6242318131038302,1985,0.20536894538770345
ds005540,de_ridge_base,2,0,prior,-3.0732194575483232e-15,-5.35947477580551e-15,-7.86964139291136e-16,1985,0.21154367944837507
ds005540,de_ridge_base,2,0,prior_personalized,0.13636464028270187,0.024009308660260284,0.24871997190514344,1985,0.211274476386932
ds005540,de_ridge_base,2,0,eeg_population,0.015759027475010824,-0.08535316423780229,0.11687121918782392,1985,0.22167952811467492
ds005540,de_ridge_base,2,0,eeg_personalized,0.13664532860832765,0.0011499751895456822,0.2721406820271096,1985,0.22452488674243543
ds005540,de_ridge_base,2,0,combined_population,0.01819748369989487,-0.07282159447297473,0.10921656187276449,1985,0.2201477911141821
ds005540,de_ridge_base,2,0,combined_personalized,0.13002980299943429,0.009123081847793216,0.25093652415107537,1985,0.21682346973642136
ds005540,de_ridge_base,2,1,prior,0.3897076368081029,0.22019248269857414,0.5592227909176316,1985,0.23195701058201063
ds005540,de_ridge_base,2,1,prior_personalized,0.4384746654153546,0.2762594166162797,0.6006899142144295,1985,0.23789503065886847
ds005540,de_ridge_base,2,1,eeg_population,0.02535990013448732,-0.07560428876834045,0.1263240890373151,1985,0.22120454659587635
ds005540,de_ridge_base,2,1,eeg_personalized,0.1426576997969212,0.007539861154918864,0.27777553843892355,1985,0.22488468485611562
ds005540,de_ridge_base,2,1,combined_population,0.3797838547972271,0.20915587188809698,0.5504118377063572,1985,0.24258470005488988
ds005540,de_ridge_base,2,1,combined_personalized,0.43596942780030307,0.27309060047032385,0.5988482551302823,1985,0.2376275926966615
ds005540,de_ridge_base,2,2,prior,0.44729263481390646,0.29792925185234065,0.5966560177754723,1985,0.1847556216931217
ds005540,de_ridge_base,2,2,prior_personalized,0.5141625393565328,0.3576856671717563,0.6706394115413092,1985,0.1908285463838313
ds005540,de_ridge_base,2,2,eeg_population,0.019950072383017325,-0.08156420686714841,0.12146435163318306,1985,0.22215386615243485
ds005540,de_ridge_base,2,2,eeg_personalized,0.14318727772208653,0.0074792256392446355,0.2788953298049284,1985,0.2256227341613679
ds005540,de_ridge_base,2,2,combined_population,0.44072046280461485,0.2880707115261991,0.5933702140830306,1985,0.19289488400931384
ds005540,de_ridge_base,2,2,combined_personalized,0.506853086767365,0.35275057493774764,0.6609555985969823,1985,0.19477409549054242
ds005540,de_ridge_base,2,4,prior,0.472923249015021,0.33595035612695534,0.6098961419030866,1985,0.16945006613756614
ds005540,de_ridge_base,2,4,prior_personalized,0.5440407826025998,0.38993423543772693,0.6981473297674727,1985,0.17446036418306637
ds005540,de_ridge_base,2,4,eeg_population,0.024785504312946422,-0.07700597236801297,0.12657698099390582,1985,0.2209799232375293
ds005540,de_ridge_base,2,4,eeg_personalized,0.14877422769419268,0.013984315809831588,0.28356413957855375,1985,0.22464524185065135
ds005540,de_ridge_base,2,4,combined_population,0.466511774986916,0.32057954593344157,0.6124440040403905,1985,0.1805538836988818
ds005540,de_ridge_base,2,4,combined_personalized,0.529330765894667,0.37789881023328764,0.6807627215560463,1985,0.1814116724215252
ds005540,de_ridge_base,2,8,prior,0.4907012372224836,0.3581098053109186,0.6232926691340486,1985,0.16290261243386245
ds005540,de_ridge_base,2,8,prior_personalized,0.5559170887724669,0.40730731430094436,0.7045268632439895,1985,0.167525190912936
ds005540,de_ridge_base,2,8,eeg_population,0.02103296255292619,-0.0810440235461515,0.12310994865200389,1985,0.22084475102082296
ds005540,de_ridge_base,2,8,eeg_personalized,0.14804172347762157,0.011401058918296153,0.284682388036947,1985,0.22435874281589538
ds005540,de_ridge_base,2,8,combined_population,0.4831928578585477,0.33251203719794653,0.6338736785191489,1985,0.17316146304947932
ds005540,de_ridge_base,2,8,combined_personalized,0.5374143961924034,0.3867567500348885,0.6880720423499183,1985,0.17362369101115033
ds005540,de_ridge_base,4,0,prior,-3.0732194575483232e-15,-5.35947477580551e-15,-7.86964139291136e-16,1985,0.21154367944837507
ds005540,de_ridge_base,4,0,prior_personalized,0.20127149421979934,0.08973793269364777,0.3128050557459509,1985,0.2002923326094837
ds005540,de_ridge_base,4,0,eeg_population,0.015759027475010824,-0.08535316423780229,0.11687121918782392,1985,0.22167952811467492
ds005540,de_ridge_base,4,0,eeg_personalized,0.1639544514693002,0.043104408674549274,0.28480449426405113,1985,0.21472053699763993
ds005540,de_ridge_base,4,0,combined_population,0.01819748369989487,-0.07282159447297473,0.10921656187276449,1985,0.2201477911141821
ds005540,de_ridge_base,4,0,combined_personalized,0.19039479388035663,0.0693815310937029,0.3114080566670103,1985,0.2031882439954133
ds005540,de_ridge_base,4,1,prior,0.3897076368081029,0.22019248269857414,0.5592227909176316,1985,0.23195701058201063
ds005540,de_ridge_base,4,1,prior_personalized,0.4722962162265828,0.30822469292397975,0.6363677395291858,1985,0.2275497664247026
ds005540,de_ridge_base,4,1,eeg_population,0.02535990013448732,-0.07560428876834045,0.1263240890373151,1985,0.22120454659587635
ds005540,de_ridge_base,4,1,eeg_personalized,0.170531618955712,0.049457668959956444,0.29160556895146755,1985,0.21452104442302353
ds005540,de_ridge_base,4,1,combined_population,0.3797838547972271,0.20915587188809698,0.5504118377063572,1985,0.24258470005488988
ds005540,de_ridge_base,4,1,combined_personalized,0.4686969005546732,0.3026343636547122,0.6347594374546343,1985,0.22924835593816476
ds005540,de_ridge_base,4,2,prior,0.44729263481390646,0.29792925185234065,0.5966560177754723,1985,0.1847556216931217
ds005540,de_ridge_base,4,2,prior_personalized,0.5637120717710203,0.4037313293524031,0.7236928141896376,1985,0.17898330466831794
ds005540,de_ridge_base,4,2,eeg_population,0.019950072383017325,-0.08156420686714841,0.12146435163318306,1985,0.22215386615243485
ds005540,de_ridge_base,4,2,eeg_personalized,0.16869015915237912,0.04534730643206593,0.2920330118726923,1985,0.2152261005082167
ds005540,de_ridge_base,4,2,combined_population,0.44072046280461485,0.2880707115261991,0.5933702140830306,1985,0.19289488400931384
ds005540,de_ridge_base,4,2,combined_personalized,0.5591529860951986,0.40050059392446213,0.717805378265935,1985,0.17946398294419846
ds005540,de_ridge_base,4,4,prior,0.472923249015021,0.33595035612695534,0.6098961419030866,1985,0.16945006613756614
ds005540,de_ridge_base,4,4,prior_personalized,0.6082045791036811,0.4568672220944283,0.7595419361129339,1985,0.1566922013804928
ds005540,de_ridge_base,4,4,eeg_population,0.024785504312946422,-0.07700597236801297,0.12657698099390582,1985,0.2209799232375293
ds005540,de_ridge_base,4,4,eeg_personalized,0.17388444189374264,0.05156069596662696,0.29620818782085834,1985,0.2145616629540484
ds005540,de_ridge_base,4,4,combined_population,0.466511774986916,0.32057954593344157,0.6124440040403905,1985,0.1805538836988818
ds005540,de_ridge_base,4,4,combined_personalized,0.5967262057023158,0.4466781760183966,0.746774235386235,1985,0.1632689083295233
ds005540,de_ridge_base,4,8,prior,0.4907012372224836,0.3581098053109186,0.6232926691340486,1985,0.16290261243386245
ds005540,de_ridge_base,4,8,prior_personalized,0.6274400484258289,0.48057708486153095,0.7743030119901269,1985,0.1511367072096877
ds005540,de_ridge_base,4,8,eeg_population,0.02103296255292619,-0.0810440235461515,0.12310994865200389,1985,0.22084475102082296
ds005540,de_ridge_base,4,8,eeg_personalized,0.17428637049195794,0.04904368404420076,0.2995290569397151,1985,0.2152676923030877
ds005540,de_ridge_base,4,8,combined_population,0.4831928578585477,0.33251203719794653,0.6338736785191489,1985,0.17316146304947932
ds005540,de_ridge_base,4,8,combined_personalized,0.6132964097748961,0.46478731355007363,0.7618055059997185,1985,0.15547993652592376
ds005540,de_ridge_base,8,0,prior,-3.0732194575483232e-15,-5.35947477580551e-15,-7.86964139291136e-16,1985,0.21154367944837507
ds005540,de_ridge_base,8,0,prior_personalized,0.20355097551998394,0.09551784651427711,0.31158410452569074,1985,0.19155023578113023
ds005540,de_ridge_base,8,0,eeg_population,0.015759027475010824,-0.08535316423780229,0.11687121918782392,1985,0.22167952811467492
ds005540,de_ridge_base,8,0,eeg_personalized,0.17427052492313097,0.04555728521164015,0.3029837646346218,1985,0.2014027660620295
ds005540,de_ridge_base,8,0,combined_population,0.01819748369989487,-0.07282159447297473,0.10921656187276449,1985,0.2201477911141821
ds005540,de_ridge_base,8,0,combined_personalized,0.19494063262193956,0.07769444229882082,0.3121868229450583,1985,0.19423535064247172
ds005540,de_ridge_base,8,1,prior,0.3897076368081029,0.22019248269857414,0.5592227909176316,1985,0.23195701058201063
ds005540,de_ridge_base,8,1,prior_personalized,0.474201241691356,0.30612994080107137,0.6422725425816407,1985,0.222715289091138
ds005540,de_ridge_base,8,1,eeg_population,0.02535990013448732,-0.07560428876834045,0.1263240890373151,1985,0.22120454659587635
ds005540,de_ridge_base,8,1,eeg_personalized,0.18223146165534207,0.05385933141712684,0.3106035918935573,1985,0.2014373166020353
ds005540,de_ridge_base,8,1,combined_population,0.3797838547972271,0.20915587188809698,0.5504118377063572,1985,0.24258470005488988
ds005540,de_ridge_base,8,1,combined_personalized,0.47106112864024513,0.30148907656418406,0.6406331807163061,1985,0.22419010420279584
ds005540,de_ridge_base,8,2,prior,0.44729263481390646,0.29792925185234065,0.5966560177754723,1985,0.1847556216931217
ds005540,de_ridge_base,8,2,prior_personalized,0.5676535706334505,0.4032285010690647,0.7320786401978362,1985,0.17405386184083965
ds005540,de_ridge_base,8,2,eeg_population,0.019950072383017325,-0.08156420686714841,0.12146435163318306,1985,0.22215386615243485
ds005540,de_ridge_base,8,2,eeg_personalized,0.1782951584918027,0.047790428901651,0.30879988808195435,1985,0.20207477546170427
ds005540,de_ridge_base,8,2,combined_population,0.44072046280461485,0.2880707115261991,0.5933702140830306,1985,0.19289488400931384
ds005540,de_ridge_base,8,2,combined_personalized,0.5651406505671192,0.40319755663946133,0.727083744494777,1985,0.1739807471732621
ds005540,de_ridge_base,8,4,prior,0.472923249015021,0.33595035612695534,0.6098961419030866,1985,0.16945006613756614
ds005540,de_ridge_base,8,4,prior_personalized,0.6104864167450004,0.4555020779855403,0.7654707555044604,1985,0.15512004551872685
ds005540,de_ridge_base,8,4,eeg_population,0.024785504312946422,-0.07700597236801297,0.12657698099390582,1985,0.2209799232375293
ds005540,de_ridge_base,8,4,eeg_personalized,0.18372997537480482,0.055468407854947555,0.3119915428946621,1985,0.20092192211684465
ds005540,de_ridge_base,8,4,combined_population,0.466511774986916,0.32057954593344157,0.6124440040403905,1985,0.1805538836988818
ds005540,de_ridge_base,8,4,combined_personalized,0.6021260546631938,0.4479737548861913,0.7562783544401963,1985,0.15867394805344942
ds005540,de_ridge_base,8,8,prior,0.4907012372224836,0.3581098053109186,0.6232926691340486,1985,0.16290261243386245
ds005540,de_ridge_base,8,8,prior_personalized,0.6327069705103981,0.48101929380519354,0.7843946472156027,1985,0.1450768522313176
ds005540,de_ridge_base,8,8,eeg_population,0.02103296255292619,-0.0810440235461515,0.12310994865200389,1985,0.22084475102082296
ds005540,de_ridge_base,8,8,eeg_personalized,0.18276811743466775,0.05142609966853953,0.314110135200796,1985,0.2022063547505241
ds005540,de_ridge_base,8,8,combined_population,0.4831928578585477,0.33251203719794653,0.6338736785191489,1985,0.17316146304947932
ds005540,de_ridge_base,8,8,combined_personalized,0.6219198972777702,0.4674385057291883,0.7764012888263521,1985,0.14793197760062157
ds005540,de_ridge_strong,0,0,prior,-3.0732194575483232e-15,-5.35947477580551e-15,-7.86964139291136e-16,1985,0.21154367944837507
ds005540,de_ridge_strong,0,0,prior_personalized,-3.0732194575483232e-15,-5.35947477580551e-15,-7.86964139291136e-16,1985,0.21154367944837507
ds005540,de_ridge_strong,0,0,eeg_population,-0.007512932951889953,-0.06697157555320471,0.0519457096494248,1985,0.21388356428101046
ds005540,de_ridge_strong,0,0,eeg_personalized,-0.007512932951889953,-0.06697157555320471,0.0519457096494248,1985,0.21388356428101046
ds005540,de_ridge_strong,0,0,combined_population,-0.011944173371583867,-0.08665125654679605,0.06276290980362832,1985,0.21905354611969466
ds005540,de_ridge_strong,0,0,combined_personalized,-0.011944173371583867,-0.08665125654679605,0.06276290980362832,1985,0.21905354611969466
ds005540,de_ridge_strong,0,1,prior,0.3897076368081029,0.22019248269857414,0.5592227909176316,1985,0.23195701058201063
ds005540,de_ridge_strong,0,1,prior_personalized,0.3897076368081029,0.22019248269857414,0.5592227909176316,1985,0.23195701058201063
ds005540,de_ridge_strong,0,1,eeg_population,-0.005379629080386623,-0.06605790998358628,0.05529865182281304,1985,0.21393997794154146
ds005540,de_ridge_strong,0,1,eeg_personalized,-0.005379629080386623,-0.06605790998358628,0.05529865182281304,1985,0.21393997794154146
ds005540,de_ridge_strong,0,1,combined_population,0.376861233364779,0.2056683692493912,0.5480540974801669,1985,0.23974648064718534
ds005540,de_ridge_strong,0,1,combined_personalized,0.376861233364779,0.2056683692493912,0.5480540974801669,1985,0.23974648064718534
ds005540,de_ridge_strong,0,2,prior,0.44729263481390646,0.29792925185234065,0.5966560177754723,1985,0.1847556216931217
ds005540,de_ridge_strong,0,2,prior_personalized,0.44729263481390646,0.29792925185234065,0.5966560177754723,1985,0.1847556216931217
ds005540,de_ridge_strong,0,2,eeg_population,-0.00767601113605562,-0.06941777255058426,0.05406575027847302,1985,0.2141972494674262
ds005540,de_ridge_strong,0,2,eeg_personalized,-0.00767601113605562,-0.06941777255058426,0.05406575027847302,1985,0.2141972494674262
ds005540,de_ridge_strong,0,2,combined_population,0.4285407451870228,0.28024448208392927,0.5768370082901163,1985,0.19131676068123643
ds005540,de_ridge_strong,0,2,combined_personalized,0.4285407451870228,0.28024448208392927,0.5768370082901163,1985,0.19131676068123643
ds005540,de_ridge_strong,0,4,prior,0.472923249015021,0.33595035612695534,0.6098961419030866,1985,0.16945006613756614
ds005540,de_ridge_strong,0,4,prior_personalized,0.472923249015021,0.33595035612695534,0.6098961419030866,1985,0.16945006613756614
ds005540,de_ridge_strong,0,4,eeg_population,0.005999429173500359,-0.07345983676153872,0.08545869510853943,1985,0.21872473867009162
ds005540,de_ridge_strong,0,4,eeg_personalized,0.005999429173500359,-0.07345983676153872,0.08545869510853943,1985,0.21872473867009162
ds005540,de_ridge_strong,0,4,combined_population,0.45943545001350783,0.31663309727278727,0.6022378027542283,1985,0.1792622744717695
ds005540,de_ridge_strong,0,4,combined_personalized,0.45943545001350783,0.31663309727278727,0.6022378027542283,1985,0.1792622744717695
ds005540,de_ridge_strong,0,8,prior,0.4907012372224836,0.3581098053109186,0.6232926691340486,1985,0.16290261243386245
ds005540,de_ridge_strong,0,8,prior_personalized,0.4907012372224836,0.3581098053109186,0.6232926691340486,1985,0.16290261243386245
ds005540,de_ridge_strong,0,8,eeg_population,0.002873323675628253,-0.07727072042127768,0.0830173677725342,1985,0.2179324173296381
ds005540,de_ridge_strong,0,8,eeg_personalized,0.002873323675628253,-0.07727072042127768,0.0830173677725342,1985,0.2179324173296381
ds005540,de_ridge_strong,0,8,combined_population,0.4778023180589491,0.3302283414460522,0.6253762946718461,1985,0.17167641118414
ds005540,de_ridge_strong,0,8,combined_personalized,0.4778023180589491,0.3302283414460522,0.6253762946718461,1985,0.17167641118414
ds005540,de_ridge_strong,1,0,prior,-3.0732194575483232e-15,-5.35947477580551e-15,-7.86964139291136e-16,1985,0.21154367944837507
ds005540,de_ridge_strong,1,0,prior_personalized,0.13942400367279467,0.013040248807250798,0.26580775853833855,1985,0.24356052006101078
ds005540,de_ridge_strong,1,0,eeg_population,-0.007512932951889953,-0.06697157555320471,0.0519457096494248,1985,0.21388356428101046
ds005540,de_ridge_strong,1,0,eeg_personalized,0.12566863630305067,-0.026203942628127447,0.2775412152342288,1985,0.25026244745393805
ds005540,de_ridge_strong,1,0,combined_population,-0.011944173371583867,-0.08665125654679605,0.06276290980362832,1985,0.21905354611969466
ds005540,de_ridge_strong,1,0,combined_personalized,0.13600327746253832,0.012334994484983791,0.2596715604400929,1985,0.24841297426115663
ds005540,de_ridge_strong,1,1,prior,0.3897076368081029,0.22019248269857414,0.5592227909176316,1985,0.23195701058201063
ds005540,de_ridge_strong,1,1,prior_personalized,0.40995118909402206,0.25506050459904106,0.5648418735890031,1985,0.2574170719213611
ds005540,de_ridge_strong,1,1,eeg_population,-0.005379629080386623,-0.06605790998358628,0.05529865182281304,1985,0.21393997794154146
ds005540,de_ridge_strong,1,1,eeg_personalized,0.1280557630657948,-0.02297385435783758,0.2790853804894272,1985,0.2507429526152303
ds005540,de_ridge_strong,1,1,combined_population,0.376861233364779,0.2056683692493912,0.5480540974801669,1985,0.23974648064718534
ds005540,de_ridge_strong,1,1,combined_personalized,0.4064769019307469,0.24964091157194251,0.5633128922895514,1985,0.25784922600309496
ds005540,de_ridge_strong,1,2,prior,0.44729263481390646,0.29792925185234065,0.5966560177754723,1985,0.1847556216931217
ds005540,de_ridge_strong,1,2,prior_personalized,0.45298874237330666,0.29819332733382753,0.6077841574127858,1985,0.21862092411038486
ds005540,de_ridge_strong,1,2,eeg_population,-0.00767601113605562,-0.06941777255058426,0.05406575027847302,1985,0.2141972494674262
ds005540,de_ridge_strong,1,2,eeg_personalized,0.1286176466375345,-0.02286637563509819,0.2801016689101672,1985,0.2506953195081445
ds005540,de_ridge_strong,1,2,combined_population,0.4285407451870228,0.28024448208392927,0.5768370082901163,1985,0.19131676068123643
ds005540,de_ridge_strong,1,2,combined_personalized,0.45322342520339803,0.30033975528021395,0.6061070951265821,1985,0.217486273666143
ds005540,de_ridge_strong,1,4,prior,0.472923249015021,0.33595035612695534,0.6098961419030866,1985,0.16945006613756614
ds005540,de_ridge_strong,1,4,prior_personalized,0.4734042218746855,0.31624004434605985,0.6305683994033111,1985,0.20628687898770615
ds005540,de_ridge_strong,1,4,eeg_population,0.005999429173500359,-0.07345983676153872,0.08545869510853943,1985,0.21872473867009162
ds005540,de_ridge_strong,1,4,eeg_personalized,0.13138772384818592,-0.018851598067539277,0.2816270457639111,1985,0.25170940333076686
ds005540,de_ridge_strong,1,4,combined_population,0.45943545001350783,0.31663309727278727,0.6022378027542283,1985,0.1792622744717695
ds005540,de_ridge_strong,1,4,combined_personalized,0.4618665748475409,0.30970419135497984,0.614028958340102,1985,0.2107039052872884
ds005540,de_ridge_strong,1,8,prior,0.4907012372224836,0.3581098053109186,0.6232926691340486,1985,0.16290261243386245
ds005540,de_ridge_strong,1,8,prior_personalized,0.4855856648588942,0.33185414082875153,0.6393171888890369,1985,0.20154269702058714
ds005540,de_ridge_strong,1,8,eeg_population,0.002873323675628253,-0.07727072042127768,0.0830173677725342,1985,0.2179324173296381
ds005540,de_ridge_strong,1,8,eeg_personalized,0.13303295089037714,-0.01728534582685526,0.28335124760760955,1985,0.25060158617099504
ds005540,de_ridge_strong,1,8,combined_population,0.4778023180589491,0.3302283414460522,0.6253762946718461,1985,0.17167641118414
ds005540,de_ridge_strong,1,8,combined_personalized,0.4742004855526509,0.32450177168988115,0.6238991994154206,1985,0.2053440418639219
ds005540,de_ridge_strong,2,0,prior,-3.0732194575483232e-15,-5.35947477580551e-15,-7.86964139291136e-16,1985,0.21154367944837507
ds005540,de_ridge_strong,2,0,prior_personalized,0.13636464028270187,0.024009308660260284,0.24871997190514344,1985,0.211274476386932
ds005540,de_ridge_strong,2,0,eeg_population,-0.007512932951889953,-0.06697157555320471,0.0519457096494248,1985,0.21388356428101046
ds005540,de_ridge_strong,2,0,eeg_personalized,0.13695664902055688,0.01257492253935269,0.2613383755017611,1985,0.2207186665092983
ds005540,de_ridge_strong,2,0,combined_population,-0.011944173371583867,-0.08665125654679605,0.06276290980362832,1985,0.21905354611969466
ds005540,de_ridge_strong,2,0,combined_personalized,0.12691297754629194,0.008700284954958545,0.24512567013762532,1985,0.21597260769752244
ds005540,de_ridge_strong,2,1,prior,0.3897076368081029,0.22019248269857414,0.5592227909176316,1985,0.23195701058201063
ds005540,de_ridge_strong,2,1,prior_personalized,0.4384746654153546,0.2762594166162797,0.6006899142144295,1985,0.23789503065886847
ds005540,de_ridge_strong,2,1,eeg_population,-0.005379629080386623,-0.06605790998358628,0.05529865182281304,1985,0.21393997794154146
ds005540,de_ridge_strong,2,1,eeg_personalized,0.1386601047805652,0.013849866622937287,0.2634703429381931,1985,0.22087471110133108
ds005540,de_ridge_strong,2,1,combined_population,0.376861233364779,0.2056683692493912,0.5480540974801669,1985,0.23974648064718534
ds005540,de_ridge_strong,2,1,combined_personalized,0.4340861846167322,0.26995226798461525,0.5982201012488492,1985,0.2379201762427182
ds005540,de_ridge_strong,2,2,prior,0.44729263481390646,0.29792925185234065,0.5966560177754723,1985,0.1847556216931217
ds005540,de_ridge_strong,2,2,prior_personalized,0.5141625393565328,0.3576856671717563,0.6706394115413092,1985,0.1908285463838313
ds005540,de_ridge_strong,2,2,eeg_population,-0.00767601113605562,-0.06941777255058426,0.05406575027847302,1985,0.2141972494674262
ds005540,de_ridge_strong,2,2,eeg_personalized,0.1394396775108504,0.01476547978484491,0.2641138752368559,1985,0.22093674790592002
ds005540,de_ridge_strong,2,2,combined_population,0.4285407451870228,0.28024448208392927,0.5768370082901163,1985,0.19131676068123643
ds005540,de_ridge_strong,2,2,combined_personalized,0.5084967399771063,0.3538466840519917,0.6631467959022209,1985,0.19276971233506787
ds005540,de_ridge_strong,2,4,prior,0.472923249015021,0.33595035612695534,0.6098961419030866,1985,0.16945006613756614
ds005540,de_ridge_strong,2,4,prior_personalized,0.5440407826025998,0.38993423543772693,0.6981473297674727,1985,0.17446036418306637
ds005540,de_ridge_strong,2,4,eeg_population,0.005999429173500359,-0.07345983676153872,0.08545869510853943,1985,0.21872473867009162
ds005540,de_ridge_strong,2,4,eeg_personalized,0.14979989725557688,0.02307280754762356,0.2765269869635302,1985,0.22053052455684163
ds005540,de_ridge_strong,2,4,combined_population,0.45943545001350783,0.31663309727278727,0.6022378027542283,1985,0.1792622744717695
ds005540,de_ridge_strong,2,4,combined_personalized,0.5289094676680965,0.37825778905965635,0.6795611462765367,1985,0.1813464820979928
ds005540,de_ridge_strong,2,8,prior,0.4907012372224836,0.3581098053109186,0.6232926691340486,1985,0.16290261243386245
ds005540,de_ridge_strong,2,8,prior_personalized,0.5559170887724669,0.40730731430094436,0.7045268632439895,1985,0.167525190912936
ds005540,de_ridge_strong,2,8,eeg_population,0.002873323675628253,-0.07727072042127768,0.0830173677725342,1985,0.2179324173296381
ds005540,de_ridge_strong,2,8,eeg_personalized,0.14891257159846086,0.020216494423093367,0.27760864877382835,1985,0.22014103343067185
ds005540,de_ridge_strong,2,8,combined_population,0.4778023180589491,0.3302283414460522,0.6253762946718461,1985,0.17167641118414
ds005540,de_ridge_strong,2,8,combined_personalized,0.5380022035272852,0.3878989853220568,0.6881054217325137,1985,0.17315581255070098
ds005540,de_ridge_strong,4,0,prior,-3.0732194575483232e-15,-5.35947477580551e-15,-7.86964139291136e-16,1985,0.21154367944837507
ds005540,de_ridge_strong,4,0,prior_personalized,0.20127149421979934,0.08973793269364777,0.3128050557459509,1985,0.2002923326094837
ds005540,de_ridge_strong,4,0,eeg_population,-0.007512932951889953,-0.06697157555320471,0.0519457096494248,1985,0.21388356428101046
ds005540,de_ridge_strong,4,0,eeg_personalized,0.16852635361056162,0.05604586829379439,0.28100683892732886,1985,0.21153293989778996
ds005540,de_ridge_strong,4,0,combined_population,-0.011944173371583867,-0.08665125654679605,0.06276290980362832,1985,0.21905354611969466
ds005540,de_ridge_strong,4,0,combined_personalized,0.18947582896701015,0.07159981484565682,0.3073518430883635,1985,0.20236308989782667
ds005540,de_ridge_strong,4,1,prior,0.3897076368081029,0.22019248269857414,0.5592227909176316,1985,0.23195701058201063
ds005540,de_ridge_strong,4,1,prior_personalized,0.4722962162265828,0.30822469292397975,0.6363677395291858,1985,0.2275497664247026
ds005540,de_ridge_strong,4,1,eeg_population,-0.005379629080386623,-0.06605790998358628,0.05529865182281304,1985,0.21393997794154146
ds005540,de_ridge_strong,4,1,eeg_personalized,0.17059686038363545,0.05778293491061323,0.2834107858566577,1985,0.2115690547330082
ds005540,de_ridge_strong,4,1,combined_population,0.376861233364779,0.2056683692493912,0.5480540974801669,1985,0.23974648064718534
ds005540,de_ridge_strong,4,1,combined_personalized,0.4698103914515947,0.3038499712233299,0.6357708116798595,1985,0.2293378465476545
ds005540,de_ridge_strong,4,2,prior,0.44729263481390646,0.29792925185234065,0.5966560177754723,1985,0.1847556216931217
ds005540,de_ridge_strong,4,2,prior_personalized,0.5637120717710203,0.4037313293524031,0.7236928141896376,1985,0.17898330466831794
ds005540,de_ridge_strong,4,2,eeg_population,-0.00767601113605562,-0.06941777255058426,0.05406575027847302,1985,0.2141972494674262
ds005540,de_ridge_strong,4,2,eeg_personalized,0.17002316136307688,0.056589516938802334,0.28345680578735144,1985,0.21169557030442557
ds005540,de_ridge_strong,4,2,combined_population,0.4285407451870228,0.28024448208392927,0.5768370082901163,1985,0.19131676068123643
ds005540,de_ridge_strong,4,2,combined_personalized,0.5597328676871993,0.39992224008475113,0.7195434952896476,1985,0.179878312473914
ds005540,de_ridge_strong,4,4,prior,0.472923249015021,0.33595035612695534,0.6098961419030866,1985,0.16945006613756614
ds005540,de_ridge_strong,4,4,prior_personalized,0.6082045791036811,0.4568672220944283,0.7595419361129339,1985,0.1566922013804928
ds005540,de_ridge_strong,4,4,eeg_population,0.005999429173500359,-0.07345983676153872,0.08545869510853943,1985,0.21872473867009162
ds005540,de_ridge_strong,4,4,eeg_personalized,0.17903341148664426,0.06236359554832491,0.2957032274249636,1985,0.21167135544715193
ds005540,de_ridge_strong,4,4,combined_population,0.45943545001350783,0.31663309727278727,0.6022378027542283,1985,0.1792622744717695
ds005540,de_ridge_strong,4,4,combined_personalized,0.5971616318423759,0.44680245833257193,0.7475208053521799,1985,0.16274794516753
ds005540,de_ridge_strong,4,8,prior,0.4907012372224836,0.3581098053109186,0.6232926691340486,1985,0.16290261243386245
ds005540,de_ridge_strong,4,8,prior_personalized,0.6274400484258289,0.48057708486153095,0.7743030119901269,1985,0.1511367072096877
ds005540,de_ridge_strong,4,8,eeg_population,0.002873323675628253,-0.07727072042127768,0.0830173677725342,1985,0.2179324173296381
ds005540,de_ridge_strong,4,8,eeg_personalized,0.17839548312016854,0.05862368495225617,0.2981672812880809,1985,0.21197286698462578
ds005540,de_ridge_strong,4,8,combined_population,0.4778023180589491,0.3302283414460522,0.6253762946718461,1985,0.17167641118414
ds005540,de_ridge_strong,4,8,combined_personalized,0.6145955411959848,0.4656032468185255,0.7635878355734441,1985,0.15490062178136593
ds005540,de_ridge_strong,8,0,prior,-3.0732194575483232e-15,-5.35947477580551e-15,-7.86964139291136e-16,1985,0.21154367944837507
ds005540,de_ridge_strong,8,0,prior_personalized,0.20355097551998394,0.09551784651427711,0.31158410452569074,1985,0.19155023578113023
ds005540,de_ridge_strong,8,0,eeg_population,-0.007512932951889953,-0.06697157555320471,0.0519457096494248,1985,0.21388356428101046
ds005540,de_ridge_strong,8,0,eeg_personalized,0.17730299826847168,0.05978055720993164,0.2948254393270117,1985,0.19746029468377438
ds005540,de_ridge_strong,8,0,combined_population,-0.011944173371583867,-0.08665125654679605,0.06276290980362832,1985,0.21905354611969466
ds005540,de_ridge_strong,8,0,combined_personalized,0.19302269866086091,0.07801778449005971,0.30802761283166213,1985,0.19357268518900664
ds005540,de_ridge_strong,8,1,prior,0.3897076368081029,0.22019248269857414,0.5592227909176316,1985,0.23195701058201063
ds005540,de_ridge_strong,8,1,prior_personalized,0.474201241691356,0.30612994080107137,0.6422725425816407,1985,0.222715289091138
ds005540,de_ridge_strong,8,1,eeg_population,-0.005379629080386623,-0.06605790998358628,0.05529865182281304,1985,0.21393997794154146
ds005540,de_ridge_strong,8,1,eeg_personalized,0.18031234978493912,0.0627948947042112,0.29782980486566707,1985,0.19742418544519214
ds005540,de_ridge_strong,8,1,combined_population,0.376861233364779,0.2056683692493912,0.5480540974801669,1985,0.23974648064718534
ds005540,de_ridge_strong,8,1,combined_personalized,0.4716150696119147,0.30225800614139503,0.6409721330824343,1985,0.22466430838757798
ds005540,de_ridge_strong,8,2,prior,0.44729263481390646,0.29792925185234065,0.5966560177754723,1985,0.1847556216931217
ds005540,de_ridge_strong,8,2,prior_personalized,0.5676535706334505,0.4032285010690647,0.7320786401978362,1985,0.17405386184083965
ds005540,de_ridge_strong,8,2,eeg_population,-0.00767601113605562,-0.06941777255058426,0.05406575027847302,1985,0.2141972494674262
ds005540,de_ridge_strong,8,2,eeg_personalized,0.1783862797474487,0.06007989604110174,0.29669266345379564,1985,0.19742285814669763
ds005540,de_ridge_strong,8,2,combined_population,0.4285407451870228,0.28024448208392927,0.5768370082901163,1985,0.19131676068123643
ds005540,de_ridge_strong,8,2,combined_personalized,0.5654026593628655,0.4029649087615383,0.7278404099641926,1985,0.1741936770285682
ds005540,de_ridge_strong,8,4,prior,0.472923249015021,0.33595035612695534,0.6098961419030866,1985,0.16945006613756614
ds005540,de_ridge_strong,8,4,prior_personalized,0.6104864167450004,0.4555020779855403,0.7654707555044604,1985,0.15512004551872685
ds005540,de_ridge_strong,8,4,eeg_population,0.005999429173500359,-0.07345983676153872,0.08545869510853943,1985,0.21872473867009162
ds005540,de_ridge_strong,8,4,eeg_personalized,0.18842354846442855,0.06577651842955737,0.31107057849929975,1985,0.19844149382901954
ds005540,de_ridge_strong,8,4,combined_population,0.45943545001350783,0.31663309727278727,0.6022378027542283,1985,0.1792622744717695
ds005540,de_ridge_strong,8,4,combined_personalized,0.6016821149408258,0.44770233067321735,0.7556618992084343,1985,0.15881266088005433
ds005540,de_ridge_strong,8,8,prior,0.4907012372224836,0.3581098053109186,0.6232926691340486,1985,0.16290261243386245
ds005540,de_ridge_strong,8,8,prior_personalized,0.6327069705103981,0.48101929380519354,0.7843946472156027,1985,0.1450768522313176
ds005540,de_ridge_strong,8,8,eeg_population,0.002873323675628253,-0.07727072042127768,0.0830173677725342,1985,0.2179324173296381
ds005540,de_ridge_strong,8,8,eeg_personalized,0.186549333762572,0.060796608177861866,0.3123020593472821,1985,0.19938452239107846
ds005540,de_ridge_strong,8,8,combined_population,0.4778023180589491,0.3302283414460522,0.6253762946718461,1985,0.17167641118414
ds005540,de_ridge_strong,8,8,combined_personalized,0.622467076042624,0.46776493304555017,0.7771692190396977,1985,0.14792216650629253
ds005540,eegnet_lr1e3,0,0,prior,-3.0732194575483232e-15,-5.35947477580551e-15,-7.86964139291136e-16,1985,0.21154367944837507
ds005540,eegnet_lr1e3,0,0,prior_personalized,-3.0732194575483232e-15,-5.35947477580551e-15,-7.86964139291136e-16,1985,0.21154367944837507
ds005540,eegnet_lr1e3,0,0,eeg_population,0.005012621700976257,-0.03510398574627427,0.045129229148226785,1985,0.21039528357506612
ds005540,eegnet_lr1e3,0,0,eeg_personalized,0.005012627880579412,-0.035103979395999164,0.04512923515715799,1985,0.21039528308111052
ds005540,eegnet_lr1e3,0,0,combined_population,-0.00040099605147748756,-0.02222208806813558,0.02142009596518061,1985,0.21110374318742023
ds005540,eegnet_lr1e3,0,0,combined_personalized,-0.00040099605147748756,-0.02222208806813558,0.02142009596518061,1985,0.21110374318742023
ds005540,eegnet_lr1e3,0,1,prior,0.3897076368081029,0.22019248269857414,0.5592227909176316,1985,0.23195701058201063
ds005540,eegnet_lr1e3,0,1,prior_personalized,0.3897076368081029,0.22019248269857414,0.5592227909176316,1985,0.23195701058201063
ds005540,eegnet_lr1e3,0,1,eeg_population,-0.004917842001770759,-0.03262883575132659,0.022793151747785075,1985,0.21402014238988093
ds005540,eegnet_lr1e3,0,1,eeg_personalized,-0.004917835203852724,-0.03262882773419796,0.022793157326492508,1985,0.21402014203665276
ds005540,eegnet_lr1e3,0,1,combined_population,0.387092168714107,0.21825029450585523,0.5559340429223588,1985,0.23381953017231996
ds005540,eegnet_lr1e3,0,1,combined_personalized,0.387092168714107,0.21825029450585523,0.5559340429223588,1985,0.23381953017231996
ds005540,eegnet_lr1e3,0,2,prior,0.44729263481390646,0.29792925185234065,0.5966560177754723,1985,0.1847556216931217
ds005540,eegnet_lr1e3,0,2,prior_personalized,0.44729263481390646,0.29792925185234065,0.5966560177754723,1985,0.1847556216931217
ds005540,eegnet_lr1e3,0,2,eeg_population,-0.0032937860087992724,-0.02879459308785079,0.022207021070252242,1985,0.2128357267949735
ds005540,eegnet_lr1e3,0,2,eeg_personalized,-0.003293787766574334,-0.02879459255260288,0.02220701701945421,1985,0.21283572696858927
ds005540,eegnet_lr1e3,0,2,combined_population,0.44956708614104074,0.29899360188729784,0.6001405703947836,1985,0.1855103955721338
ds005540,eegnet_lr1e3,0,2,combined_personalized,0.44956708614104074,0.29899360188729784,0.6001405703947836,1985,0.1855103955721338
ds005540,eegnet_lr1e3,0,4,prior,0.472923249015021,0.33595035612695534,0.6098961419030866,1985,0.16945006613756614
ds005540,eegnet_lr1e3,0,4,prior_personalized,0.472923249015021,0.33595035612695534,0.6098961419030866,1985,0.16945006613756614
ds005540,eegnet_lr1e3,0,4,eeg_population,-0.0005278963833165344,-0.016481561974347952,0.015425769207714882,1985,0.21206701064451056
ds005540,eegnet_lr1e3,0,4,eeg_personalized,-0.0005278949934798113,-0.016481559511310185,0.015425769524350564,1985,0.21206701019177676
ds005540,eegnet_lr1e3,0,4,combined_population,0.48281024614796086,0.34735299499253347,0.6182674973033883,1985,0.16870468268990862
ds005540,eegnet_lr1e3,0,4,combined_personalized,0.48281024614796086,0.34735299499253347,0.6182674973033883,1985,0.16870468268990862
ds005540,eegnet_lr1e3,0,8,prior,0.4907012372224836,0.3581098053109186,0.6232926691340486,1985,0.16290261243386245
ds005540,eegnet_lr1e3,0,8,prior_personalized,0.4907012372224836,0.3581098053109186,0.6232926691340486,1985,0.16290261243386245
ds005540,eegnet_lr1e3,0,8,eeg_population,0.0019186794170957336,-0.03148148728243429,0.03531884611662575,1985,0.20915107414451056
ds005540,eegnet_lr1e3,0,8,eeg_personalized,0.0019186805611115672,-0.03148148682255838,0.03531884794478151,1985,0.20915107382494935
ds005540,eegnet_lr1e3,0,8,combined_population,0.48279012253137077,0.35208610215510483,0.6134941429076367,1985,0.1644614030667833
ds005540,eegnet_lr1e3,0,8,combined_personalized,0.48279012253137077,0.35208610215510483,0.6134941429076367,1985,0.1644614030667833
ds005540,eegnet_lr1e3,1,0,prior,-3.0732194575483232e-15,-5.35947477580551e-15,-7.86964139291136e-16,1985,0.21154367944837507
ds005540,eegnet_lr1e3,1,0,prior_personalized,0.13942400367279467,0.013040248807250798,0.26580775853833855,1985,0.24356052006101078
ds005540,eegnet_lr1e3,1,0,eeg_population,0.005012621700976257,-0.03510398574627427,0.045129229148226785,1985,0.21039528357506612
ds005540,eegnet_lr1e3,1,0,eeg_personalized,0.12146192973916206,-0.03305702002050226,0.2759808794988264,1985,0.2543085523293841
ds005540,eegnet_lr1e3,1,0,combined_population,-0.00040099605147748756,-0.02222208806813558,0.02142009596518061,1985,0.21110374318742023
ds005540,eegnet_lr1e3,1,0,combined_personalized,0.1426599350461797,0.016001256101859068,0.2693186139905003,1985,0.24329632808751805
ds005540,eegnet_lr1e3,1,1,prior,0.3897076368081029,0.22019248269857414,0.5592227909176316,1985,0.23195701058201063
ds005540,eegnet_lr1e3,1,1,prior_personalized,0.40995118909402206,0.25506050459904106,0.5648418735890031,1985,0.2574170719213611
ds005540,eegnet_lr1e3,1,1,eeg_population,-0.004917842001770759,-0.03262883575132659,0.022793151747785075,1985,0.21402014238988093
ds005540,eegnet_lr1e3,1,1,eeg_personalized,0.13410972149862133,-0.020776521921306385,0.28899596491854906,1985,0.24879817008219224
ds005540,eegnet_lr1e3,1,1,combined_population,0.387092168714107,0.21825029450585523,0.5559340429223588,1985,0.23381953017231996
ds005540,eegnet_lr1e3,1,1,combined_personalized,0.40938205946548567,0.25454624439978013,0.5642178745311912,1985,0.25817285266534784
ds005540,eegnet_lr1e3,1,2,prior,0.44729263481390646,0.29792925185234065,0.5966560177754723,1985,0.1847556216931217
ds005540,eegnet_lr1e3,1,2,prior_personalized,0.45298874237330666,0.29819332733382753,0.6077841574127858,1985,0.21862092411038486
ds005540,eegnet_lr1e3,1,2,eeg_population,-0.0032937860087992724,-0.02879459308785079,0.022207021070252242,1985,0.2128357267949735
ds005540,eegnet_lr1e3,1,2,eeg_personalized,0.13126862679809298,-0.02323862570527893,0.28577587930146486,1985,0.2501923175999727
ds005540,eegnet_lr1e3,1,2,combined_population,0.44956708614104074,0.29899360188729784,0.6001405703947836,1985,0.1855103955721338
ds005540,eegnet_lr1e3,1,2,combined_personalized,0.4552325262183,0.29777503437123426,0.6126900180653658,1985,0.2181659746408798
ds005540,eegnet_lr1e3,1,4,prior,0.472923249015021,0.33595035612695534,0.6098961419030866,1985,0.16945006613756614
ds005540,eegnet_lr1e3,1,4,prior_personalized,0.4734042218746855,0.31624004434605985,0.6305683994033111,1985,0.20628687898770615
ds005540,eegnet_lr1e3,1,4,eeg_population,-0.0005278963833165344,-0.016481561974347952,0.015425769207714882,1985,0.21206701064451056
ds005540,eegnet_lr1e3,1,4,eeg_personalized,0.13520818958076142,-0.01788777966180649,0.2883041588233293,1985,0.2480071757622654
ds005540,eegnet_lr1e3,1,4,combined_population,0.48281024614796086,0.34735299499253347,0.6182674973033883,1985,0.16870468268990862
ds005540,eegnet_lr1e3,1,4,combined_personalized,0.476583757660393,0.31892949753694616,0.6342380177838398,1985,0.20649311949006982
ds005540,eegnet_lr1e3,1,8,prior,0.4907012372224836,0.3581098053109186,0.6232926691340486,1985,0.16290261243386245
ds005540,eegnet_lr1e3,1,8,prior_personalized,0.4855856648588942,0.33185414082875153,0.6393171888890369,1985,0.20154269702058714
ds005540,eegnet_lr1e3,1,8,eeg_population,0.0019186794170957336,-0.03148148728243429,0.03531884611662575,1985,0.20915107414451056
ds005540,eegnet_lr1e3,1,8,eeg_personalized,0.12661860808908557,-0.029670534511255536,0.28290775068942664,1985,0.25046451775666584
ds005540,eegnet_lr1e3,1,8,combined_population,0.48279012253137077,0.35208610215510483,0.6134941429076367,1985,0.1644614030667833
ds005540,eegnet_lr1e3,1,8,combined_personalized,0.48373259730412854,0.3304812169291128,0.6369839776791443,1985,0.20185034013885045
ds005540,eegnet_lr1e3,2,0,prior,-3.0732194575483232e-15,-5.35947477580551e-15,-7.86964139291136e-16,1985,0.21154367944837507
ds005540,eegnet_lr1e3,2,0,prior_personalized,0.13636464028270187,0.024009308660260284,0.24871997190514344,1985,0.211274476386932
ds005540,eegnet_lr1e3,2,0,eeg_population,0.005012621700976257,-0.03510398574627427,0.045129229148226785,1985,0.21039528357506612
ds005540,eegnet_lr1e3,2,0,eeg_personalized,0.1318016228098458,0.010943219983447494,0.2526600256362441,1985,0.2196066803514721
ds005540,eegnet_lr1e3,2,0,combined_population,-0.00040099605147748756,-0.02222208806813558,0.02142009596518061,1985,0.21110374318742023
ds005540,eegnet_lr1e3,2,0,combined_personalized,0.13703936822049606,0.024364822491653906,0.24971391394933823,1985,0.21159035998752143
ds005540,eegnet_lr1e3,2,1,prior,0.3897076368081029,0.22019248269857414,0.5592227909176316,1985,0.23195701058201063
ds005540,eegnet_lr1e3,2,1,prior_personalized,0.4384746654153546,0.2762594166162797,0.6006899142144295,1985,0.23789503065886847
ds005540,eegnet_lr1e3,2,1,eeg_population,-0.004917842001770759,-0.03262883575132659,0.022793151747785075,1985,0.21402014238988093
ds005540,eegnet_lr1e3,2,1,eeg_personalized,0.14292110726308743,0.019648664066655178,0.2661935504595197,1985,0.21981670070431694
ds005540,eegnet_lr1e3,2,1,combined_population,0.387092168714107,0.21825029450585523,0.5559340429223588,1985,0.23381953017231996
ds005540,eegnet_lr1e3,2,1,combined_personalized,0.43714630666579446,0.2752015326154225,0.5990910807161665,1985,0.2381243674989455
ds005540,eegnet_lr1e3,2,2,prior,0.44729263481390646,0.29792925185234065,0.5966560177754723,1985,0.1847556216931217
ds005540,eegnet_lr1e3,2,2,prior_personalized,0.5141625393565328,0.3576856671717563,0.6706394115413092,1985,0.1908285463838313
ds005540,eegnet_lr1e3,2,2,eeg_population,-0.0032937860087992724,-0.02879459308785079,0.022207021070252242,1985,0.2128357267949735
ds005540,eegnet_lr1e3,2,2,eeg_personalized,0.14336163374749467,0.022820888823692778,0.26390237867129657,1985,0.21904117715957933
ds005540,eegnet_lr1e3,2,2,combined_population,0.44956708614104074,0.29899360188729784,0.6001405703947836,1985,0.1855103955721338
ds005540,eegnet_lr1e3,2,2,combined_personalized,0.5122898396022464,0.3541342868463646,0.6704453923581282,1985,0.19060810285112298
ds005540,eegnet_lr1e3,2,4,prior,0.472923249015021,0.33595035612695534,0.6098961419030866,1985,0.16945006613756614
ds005540,eegnet_lr1e3,2,4,prior_personalized,0.5440407826025998,0.38993423543772693,0.6981473297674727,1985,0.17446036418306637
ds005540,eegnet_lr1e3,2,4,eeg_population,-0.0005278963833165344,-0.016481561974347952,0.015425769207714882,1985,0.21206701064451056
ds005540,eegnet_lr1e3,2,4,eeg_personalized,0.1444443111746111,0.023198313410844523,0.26569030893837764,1985,0.21876065393501803
ds005540,eegnet_lr1e3,2,4,combined_population,0.48281024614796086,0.34735299499253347,0.6182674973033883,1985,0.16870468268990862
ds005540,eegnet_lr1e3,2,4,combined_personalized,0.543775941728184,0.3899004438637518,0.6976514395926162,1985,0.17473344273951624
ds005540,eegnet_lr1e3,2,8,prior,0.4907012372224836,0.3581098053109186,0.6232926691340486,1985,0.16290261243386245
ds005540,eegnet_lr1e3,2,8,prior_personalized,0.5559170887724669,0.40730731430094436,0.7045268632439895,1985,0.167525190912936
ds005540,eegnet_lr1e3,2,8,eeg_population,0.0019186794170957336,-0.03148148728243429,0.03531884611662575,1985,0.20915107414451056
ds005540,eegnet_lr1e3,2,8,eeg_personalized,0.13859989158185293,0.01543212538339056,0.2617676577803153,1985,0.2193102373151631
ds005540,eegnet_lr1e3,2,8,combined_population,0.48279012253137077,0.35208610215510483,0.6134941429076367,1985,0.1644614030667833
ds005540,eegnet_lr1e3,2,8,combined_personalized,0.5531892521280698,0.404882022849021,0.7014964814071186,1985,0.16813897696080293
ds005540,eegnet_lr1e3,4,0,prior,-3.0732194575483232e-15,-5.35947477580551e-15,-7.86964139291136e-16,1985,0.21154367944837507
ds005540,eegnet_lr1e3,4,0,prior_personalized,0.20127149421979934,0.08973793269364777,0.3128050557459509,1985,0.2002923326094837
ds005540,eegnet_lr1e3,4,0,eeg_population,0.005012621700976257,-0.03510398574627427,0.045129229148226785,1985,0.21039528357506612
ds005540,eegnet_lr1e3,4,0,eeg_personalized,0.16417909518003043,0.05321979370781814,0.2751383966522427,1985,0.21017712469611846
ds005540,eegnet_lr1e3,4,0,combined_population,-0.00040099605147748756,-0.02222208806813558,0.02142009596518061,1985,0.21110374318742023
ds005540,eegnet_lr1e3,4,0,combined_personalized,0.20304502948558642,0.090131841761784,0.3159582172093888,1985,0.19991757133342136
ds005540,eegnet_lr1e3,4,1,prior,0.3897076368081029,0.22019248269857414,0.5592227909176316,1985,0.23195701058201063
ds005540,eegnet_lr1e3,4,1,prior_personalized,0.4722962162265828,0.30822469292397975,0.6363677395291858,1985,0.2275497664247026
ds005540,eegnet_lr1e3,4,1,eeg_population,-0.004917842001770759,-0.03262883575132659,0.022793151747785075,1985,0.21402014238988093
ds005540,eegnet_lr1e3,4,1,eeg_personalized,0.17311378672398317,0.061796452697146925,0.28443112075081944,1985,0.2088432740325492
ds005540,eegnet_lr1e3,4,1,combined_population,0.387092168714107,0.21825029450585523,0.5559340429223588,1985,0.23381953017231996
ds005540,eegnet_lr1e3,4,1,combined_personalized,0.47143895096638666,0.30690587622267407,0.6359720257100993,1985,0.22799995461104325
ds005540,eegnet_lr1e3,4,2,prior,0.44729263481390646,0.29792925185234065,0.5966560177754723,1985,0.1847556216931217
ds005540,eegnet_lr1e3,4,2,prior_personalized,0.5637120717710203,0.4037313293524031,0.7236928141896376,1985,0.17898330466831794
ds005540,eegnet_lr1e3,4,2,eeg_population,-0.0032937860087992724,-0.02879459308785079,0.022207021070252242,1985,0.2128357267949735
ds005540,eegnet_lr1e3,4,2,eeg_personalized,0.17558125221476964,0.06718138292377362,0.28398112150576565,1985,0.20849213309771325
ds005540,eegnet_lr1e3,4,2,combined_population,0.44956708614104074,0.29899360188729784,0.6001405703947836,1985,0.1855103955721338
ds005540,eegnet_lr1e3,4,2,combined_personalized,0.5633060182838866,0.4011571703273826,0.7254548662403906,1985,0.178700032313475
ds005540,eegnet_lr1e3,4,4,prior,0.472923249015021,0.33595035612695534,0.6098961419030866,1985,0.16945006613756614
ds005540,eegnet_lr1e3,4,4,prior_personalized,0.6082045791036811,0.4568672220944283,0.7595419361129339,1985,0.1566922013804928
ds005540,eegnet_lr1e3,4,4,eeg_population,-0.0005278963833165344,-0.016481561974347952,0.015425769207714882,1985,0.21206701064451056
ds005540,eegnet_lr1e3,4,4,eeg_personalized,0.17576318871610916,0.06576201603237475,0.28576436139984357,1985,0.20761352422659987
ds005540,eegnet_lr1e3,4,4,combined_population,0.48281024614796086,0.34735299499253347,0.6182674973033883,1985,0.16870468268990862
ds005540,eegnet_lr1e3,4,4,combined_personalized,0.6071386818144365,0.4556067977088466,0.7586705659200265,1985,0.15700946490492754
ds005540,eegnet_lr1e3,4,8,prior,0.4907012372224836,0.3581098053109186,0.6232926691340486,1985,0.16290261243386245
ds005540,eegnet_lr1e3,4,8,prior_personalized,0.6274400484258289,0.48057708486153095,0.7743030119901269,1985,0.1511367072096877
ds005540,eegnet_lr1e3,4,8,eeg_population,0.0019186794170957336,-0.03148148728243429,0.03531884611662575,1985,0.20915107414451056
ds005540,eegnet_lr1e3,4,8,eeg_personalized,0.17089603600876807,0.05988166021274083,0.2819104118047953,1985,0.20939050320665986
ds005540,eegnet_lr1e3,4,8,combined_population,0.48279012253137077,0.35208610215510483,0.6134941429076367,1985,0.1644614030667833
ds005540,eegnet_lr1e3,4,8,combined_personalized,0.6259832620763847,0.4791658764550624,0.772800647697707,1985,0.15128532669088074
ds005540,eegnet_lr1e3,8,0,prior,-3.0732194575483232e-15,-5.35947477580551e-15,-7.86964139291136e-16,1985,0.21154367944837507
ds005540,eegnet_lr1e3,8,0,prior_personalized,0.20355097551998394,0.09551784651427711,0.31158410452569074,1985,0.19155023578113023
ds005540,eegnet_lr1e3,8,0,eeg_population,0.005012621700976257,-0.03510398574627427,0.045129229148226785,1985,0.21039528357506612
ds005540,eegnet_lr1e3,8,0,eeg_personalized,0.17177947429173418,0.055675665836311714,0.28788328274715663,1985,0.19920127783776825
ds005540,eegnet_lr1e3,8,0,combined_population,-0.00040099605147748756,-0.02222208806813558,0.02142009596518061,1985,0.21110374318742023
ds005540,eegnet_lr1e3,8,0,combined_personalized,0.20655346077515988,0.09648648813794568,0.31662043341237406,1985,0.1910359046824806
ds005540,eegnet_lr1e3,8,1,prior,0.3897076368081029,0.22019248269857414,0.5592227909176316,1985,0.23195701058201063
ds005540,eegnet_lr1e3,8,1,prior_personalized,0.474201241691356,0.30612994080107137,0.6422725425816407,1985,0.222715289091138
ds005540,eegnet_lr1e3,8,1,eeg_population,-0.004917842001770759,-0.03262883575132659,0.022793151747785075,1985,0.21402014238988093
ds005540,eegnet_lr1e3,8,1,eeg_personalized,0.1834576890608825,0.06752971295741422,0.2993856651643508,1985,0.196756971747915
ds005540,eegnet_lr1e3,8,1,combined_population,0.387092168714107,0.21825029450585523,0.5559340429223588,1985,0.23381953017231996
ds005540,eegnet_lr1e3,8,1,combined_personalized,0.47362530123596314,0.3052513225314033,0.641999279940523,1985,0.22310929094931717
ds005540,eegnet_lr1e3,8,2,prior,0.44729263481390646,0.29792925185234065,0.5966560177754723,1985,0.1847556216931217
ds005540,eegnet_lr1e3,8,2,prior_personalized,0.5676535706334505,0.4032285010690647,0.7320786401978362,1985,0.17405386184083965
ds005540,eegnet_lr1e3,8,2,eeg_population,-0.0032937860087992724,-0.02879459308785079,0.022207021070252242,1985,0.2128357267949735
ds005540,eegnet_lr1e3,8,2,eeg_personalized,0.18457564148620537,0.0718389101893496,0.2973123727830611,1985,0.196482992457423
ds005540,eegnet_lr1e3,8,2,combined_population,0.44956708614104074,0.29899360188729784,0.6001405703947836,1985,0.1855103955721338
ds005540,eegnet_lr1e3,8,2,combined_personalized,0.5670358837031422,0.39997775134735714,0.7340940160589272,1985,0.1740807499892888
ds005540,eegnet_lr1e3,8,4,prior,0.472923249015021,0.33595035612695534,0.6098961419030866,1985,0.16945006613756614
ds005540,eegnet_lr1e3,8,4,prior_personalized,0.6104864167450004,0.4555020779855403,0.7654707555044604,1985,0.15512004551872685
ds005540,eegnet_lr1e3,8,4,eeg_population,-0.0005278963833165344,-0.016481561974347952,0.015425769207714882,1985,0.21206701064451056
ds005540,eegnet_lr1e3,8,4,eeg_personalized,0.18518101995219344,0.07154949880403855,0.29881254110034833,1985,0.1959621608084038
ds005540,eegnet_lr1e3,8,4,combined_population,0.48281024614796086,0.34735299499253347,0.6182674973033883,1985,0.16870468268990862
ds005540,eegnet_lr1e3,8,4,combined_personalized,0.609305405576605,0.4537721084538655,0.7648387026993444,1985,0.1556775820068698
ds005540,eegnet_lr1e3,8,8,prior,0.4907012372224836,0.3581098053109186,0.6232926691340486,1985,0.16290261243386245
ds005540,eegnet_lr1e3,8,8,prior_personalized,0.6327069705103981,0.48101929380519354,0.7843946472156027,1985,0.1450768522313176
ds005540,eegnet_lr1e3,8,8,eeg_population,0.0019186794170957336,-0.03148148728243429,0.03531884611662575,1985,0.20915107414451056
ds005540,eegnet_lr1e3,8,8,eeg_personalized,0.1818709123660529,0.06645908014274222,0.2972827445893636,1985,0.19765973800047246
ds005540,eegnet_lr1e3,8,8,combined_population,0.48279012253137077,0.35208610215510483,0.6134941429076367,1985,0.1644614030667833
ds005540,eegnet_lr1e3,8,8,combined_personalized,0.6307208532493085,0.4792890310653022,0.7821526754333148,1985,0.14541505984465442
ds005540,eegnet_lr1e4,0,0,prior,-3.0732194575483232e-15,-5.35947477580551e-15,-7.86964139291136e-16,1985,0.21154367944837507
ds005540,eegnet_lr1e4,0,0,prior_personalized,-3.0732194575483232e-15,-5.35947477580551e-15,-7.86964139291136e-16,1985,0.21154367944837507
ds005540,eegnet_lr1e4,0,0,eeg_population,0.00019363384265401825,-0.011099334022982351,0.011486601708290387,1985,0.2114764597486772
ds005540,eegnet_lr1e4,0,0,eeg_personalized,0.000193632202121922,-0.011099335533738652,0.011486599937982497,1985,0.21147645992308695
ds005540,eegnet_lr1e4,0,0,combined_population,9.45160194897451e-05,-0.009688965147719698,0.00987799718669919,1985,0.21135321669549337
ds005540,eegnet_lr1e4,0,0,combined_personalized,9.45160194897451e-05,-0.009688965147719698,0.00987799718669919,1985,0.21135321669549337
ds005540,eegnet_lr1e4,0,1,prior,0.3897076368081029,0.22019248269857414,0.5592227909176316,1985,0.23195701058201063
ds005540,eegnet_lr1e4,0,1,prior_personalized,0.3897076368081029,0.22019248269857414,0.5592227909176316,1985,0.23195701058201063
ds005540,eegnet_lr1e4,0,1,eeg_population,-0.00031218150919389356,-0.010531102194583104,0.009906739176195316,1985,0.21159247957738098
ds005540,eegnet_lr1e4,0,1,eeg_personalized,-0.0003121798465615472,-0.010531104201928642,0.009906744508805547,1985,0.2115924791292775
ds005540,eegnet_lr1e4,0,1,combined_population,0.38856408999931763,0.21955636853998053,0.5575718114586548,1985,0.2328309548281881
ds005540,eegnet_lr1e4,0,1,combined_personalized,0.38856408999931763,0.21955636853998053,0.5575718114586548,1985,0.2328309548281881
ds005540,eegnet_lr1e4,0,2,prior,0.44729263481390646,0.29792925185234065,0.5966560177754723,1985,0.1847556216931217
ds005540,eegnet_lr1e4,0,2,prior_personalized,0.44729263481390646,0.29792925185234065,0.5966560177754723,1985,0.1847556216931217
ds005540,eegnet_lr1e4,0,2,eeg_population,-0.0010241312969914765,-0.011896409143185599,0.009848146549202647,1985,0.21160421186210318
ds005540,eegnet_lr1e4,0,2,eeg_personalized,-0.0010241306696917886,-0.011896411153788193,0.009848149814404617,1985,0.21160421177930142
ds005540,eegnet_lr1e4,0,2,combined_population,0.4461007338186408,0.29753069749180483,0.5946707701454768,1985,0.1848672276470665
ds005540,eegnet_lr1e4,0,2,combined_personalized,0.4461007338186408,0.29753069749180483,0.5946707701454768,1985,0.1848672276470665
ds005540,eegnet_lr1e4,0,4,prior,0.472923249015021,0.33595035612695534,0.6098961419030866,1985,0.16945006613756614
ds005540,eegnet_lr1e4,0,4,prior_personalized,0.472923249015021,0.33595035612695534,0.6098961419030866,1985,0.16945006613756614
ds005540,eegnet_lr1e4,0,4,eeg_population,0.0004136714381552621,-0.012731664175764542,0.013559007052075064,1985,0.2113792398806217
ds005540,eegnet_lr1e4,0,4,eeg_personalized,0.0004136754476212298,-0.012731658866642261,0.013559009761884722,1985,0.21137923949259144
ds005540,eegnet_lr1e4,0,4,combined_population,0.4738187214173501,0.337492348096028,0.6101450947386722,1985,0.16946484002227435
ds005540,eegnet_lr1e4,0,4,combined_personalized,0.4738187214173501,0.337492348096028,0.6101450947386722,1985,0.16946484002227435
ds005540,eegnet_lr1e4,0,8,prior,0.4907012372224836,0.3581098053109186,0.6232926691340486,1985,0.16290261243386245
ds005540,eegnet_lr1e4,0,8,prior_personalized,0.4907012372224836,0.3581098053109186,0.6232926691340486,1985,0.16290261243386245
ds005540,eegnet_lr1e4,0,8,eeg_population,-0.0006746942589774063,-0.01152642558598721,0.010177037068032399,1985,0.2111492048690476
ds005540,eegnet_lr1e4,0,8,eeg_personalized,-0.0006746957296865705,-0.01152642617140003,0.010177034712026889,1985,0.21114920498781578
ds005540,eegnet_lr1e4,0,8,combined_population,0.4912029972755912,0.35822732899865095,0.6241786655525314,1985,0.16251895880062456
ds005540,eegnet_lr1e4,0,8,combined_personalized,0.4912029972755912,0.35822732899865095,0.6241786655525314,1985,0.16251895880062456
ds005540,eegnet_lr1e4,1,0,prior,-3.0732194575483232e-15,-5.35947477580551e-15,-7.86964139291136e-16,1985,0.21154367944837507
ds005540,eegnet_lr1e4,1,0,prior_personalized,0.13942400367279467,0.013040248807250798,0.26580775853833855,1985,0.24356052006101078
ds005540,eegnet_lr1e4,1,0,eeg_population,0.00019363384265401825,-0.011099334022982351,0.011486601708290387,1985,0.2114764597486772
ds005540,eegnet_lr1e4,1,0,eeg_personalized,0.13134577878602297,-0.021152779581864595,0.28384433715391055,1985,0.24955598295278966
ds005540,eegnet_lr1e4,1,0,combined_population,9.45160194897451e-05,-0.009688965147719698,0.00987799718669919,1985,0.21135321669549337
ds005540,eegnet_lr1e4,1,0,combined_personalized,0.1404027651178606,0.014899725303490846,0.26590580493223037,1985,0.24452201602246598
ds005540,eegnet_lr1e4,1,1,prior,0.3897076368081029,0.22019248269857414,0.5592227909176316,1985,0.23195701058201063
ds005540,eegnet_lr1e4,1,1,prior_personalized,0.40995118909402206,0.25506050459904106,0.5648418735890031,1985,0.2574170719213611
ds005540,eegnet_lr1e4,1,1,eeg_population,-0.00031218150919389356,-0.010531102194583104,0.009906739176195316,1985,0.21159247957738098
ds005540,eegnet_lr1e4,1,1,eeg_personalized,0.13132462828177896,-0.02105822539558569,0.28370748195914364,1985,0.24933527409332612
ds005540,eegnet_lr1e4,1,1,combined_population,0.38856408999931763,0.21955636853998053,0.5575718114586548,1985,0.2328309548281881
ds005540,eegnet_lr1e4,1,1,combined_personalized,0.40965982498407805,0.25492610006223215,0.5643935499059239,1985,0.25792913596550593
ds005540,eegnet_lr1e4,1,2,prior,0.44729263481390646,0.29792925185234065,0.5966560177754723,1985,0.1847556216931217
ds005540,eegnet_lr1e4,1,2,prior_personalized,0.45298874237330666,0.29819332733382753,0.6077841574127858,1985,0.21862092411038486
ds005540,eegnet_lr1e4,1,2,eeg_population,-0.0010241312969914765,-0.011896409143185599,0.009848146549202647,1985,0.21160421186210318
ds005540,eegnet_lr1e4,1,2,eeg_personalized,0.13122759494370498,-0.021259818310701922,0.2837150081981119,1985,0.24935536360925942
ds005540,eegnet_lr1e4,1,2,combined_population,0.4461007338186408,0.29753069749180483,0.5946707701454768,1985,0.1848672276470665
ds005540,eegnet_lr1e4,1,2,combined_personalized,0.45336638928630074,0.2990356232813622,0.6076971552912394,1985,0.2192309795949678
ds005540,eegnet_lr1e4,1,4,prior,0.472923249015021,0.33595035612695534,0.6098961419030866,1985,0.16945006613756614
ds005540,eegnet_lr1e4,1,4,prior_personalized,0.4734042218746855,0.31624004434605985,0.6305683994033111,1985,0.20628687898770615
ds005540,eegnet_lr1e4,1,4,eeg_population,0.0004136714381552621,-0.012731664175764542,0.013559007052075064,1985,0.2113792398806217
ds005540,eegnet_lr1e4,1,4,eeg_personalized,0.13166836771571036,-0.02059153835851843,0.2839282737899391,1985,0.24976476259990815
ds005540,eegnet_lr1e4,1,4,combined_population,0.4738187214173501,0.337492348096028,0.6101450947386722,1985,0.16946484002227435
ds005540,eegnet_lr1e4,1,4,combined_personalized,0.4737911476950066,0.31756506408571583,0.6300172313042973,1985,0.20728152333932903
ds005540,eegnet_lr1e4,1,8,prior,0.4907012372224836,0.3581098053109186,0.6232926691340486,1985,0.16290261243386245
ds005540,eegnet_lr1e4,1,8,prior_personalized,0.4855856648588942,0.33185414082875153,0.6393171888890369,1985,0.20154269702058714
ds005540,eegnet_lr1e4,1,8,eeg_population,-0.0006746942589774063,-0.01152642558598721,0.010177037068032399,1985,0.2111492048690476
ds005540,eegnet_lr1e4,1,8,eeg_personalized,0.13099955195734664,-0.021298151853628156,0.28329725576832143,1985,0.24960070794233413
ds005540,eegnet_lr1e4,1,8,combined_population,0.4912029972755912,0.35822732899865095,0.6241786655525314,1985,0.16251895880062456
ds005540,eegnet_lr1e4,1,8,combined_personalized,0.485011541550233,0.33180536464048216,0.6382177184599839,1985,0.20234561327522532
ds005540,eegnet_lr1e4,2,0,prior,-3.0732194575483232e-15,-5.35947477580551e-15,-7.86964139291136e-16,1985,0.21154367944837507
ds005540,eegnet_lr1e4,2,0,prior_personalized,0.13636464028270187,0.024009308660260284,0.24871997190514344,1985,0.211274476386932
ds005540,eegnet_lr1e4,2,0,eeg_population,0.00019363384265401825,-0.011099334022982351,0.011486601708290387,1985,0.2114764597486772
ds005540,eegnet_lr1e4,2,0,eeg_personalized,0.14440234036174032,0.024639107822925957,0.2641655729005547,1985,0.21908346324323347
ds005540,eegnet_lr1e4,2,0,combined_population,9.45160194897451e-05,-0.009688965147719698,0.00987799718669919,1985,0.21135321669549337
ds005540,eegnet_lr1e4,2,0,combined_personalized,0.1378055727579998,0.025611183969927592,0.24999996154607199,1985,0.21139712696550866
ds005540,eegnet_lr1e4,2,1,prior,0.3897076368081029,0.22019248269857414,0.5592227909176316,1985,0.23195701058201063
ds005540,eegnet_lr1e4,2,1,prior_personalized,0.4384746654153546,0.2762594166162797,0.6006899142144295,1985,0.23789503065886847
ds005540,eegnet_lr1e4,2,1,eeg_population,-0.00031218150919389356,-0.010531102194583104,0.009906739176195316,1985,0.21159247957738098
ds005540,eegnet_lr1e4,2,1,eeg_personalized,0.143708475092153,0.023752077116963782,0.2636648730673422,1985,0.21905986837482955
ds005540,eegnet_lr1e4,2,1,combined_population,0.38856408999931763,0.21955636853998053,0.5575718114586548,1985,0.2328309548281881
ds005540,eegnet_lr1e4,2,1,combined_personalized,0.43841738852517187,0.27652274047755965,0.6003120365727841,1985,0.23806607725611678
ds005540,eegnet_lr1e4,2,2,prior,0.44729263481390646,0.29792925185234065,0.5966560177754723,1985,0.1847556216931217
ds005540,eegnet_lr1e4,2,2,prior_personalized,0.5141625393565328,0.3576856671717563,0.6706394115413092,1985,0.1908285463838313
ds005540,eegnet_lr1e4,2,2,eeg_population,-0.0010241312969914765,-0.011896409143185599,0.009848146549202647,1985,0.21160421186210318
ds005540,eegnet_lr1e4,2,2,eeg_personalized,0.14366738462543757,0.023711418528429715,0.2636233507224454,1985,0.21914259024646388
ds005540,eegnet_lr1e4,2,2,combined_population,0.4461007338186408,0.29753069749180483,0.5946707701454768,1985,0.1848672276470665
ds005540,eegnet_lr1e4,2,2,combined_personalized,0.514608450962071,0.35899937111262453,0.6702175308115175,1985,0.19057413555597888
ds005540,eegnet_lr1e4,2,4,prior,0.472923249015021,0.33595035612695534,0.6098961419030866,1985,0.16945006613756614
ds005540,eegnet_lr1e4,2,4,prior_personalized,0.5440407826025998,0.38993423543772693,0.6981473297674727,1985,0.17446036418306637
ds005540,eegnet_lr1e4,2,4,eeg_population,0.0004136714381552621,-0.012731664175764542,0.013559007052075064,1985,0.2113792398806217
ds005540,eegnet_lr1e4,2,4,eeg_personalized,0.1445302996055417,0.025168425689626586,0.26389217352145683,1985,0.21923266167489305
ds005540,eegnet_lr1e4,2,4,combined_population,0.4738187214173501,0.337492348096028,0.6101450947386722,1985,0.16946484002227435
ds005540,eegnet_lr1e4,2,4,combined_personalized,0.5449335251745329,0.3917195601331489,0.6981474902159168,1985,0.17447478213902737
ds005540,eegnet_lr1e4,2,8,prior,0.4907012372224836,0.3581098053109186,0.6232926691340486,1985,0.16290261243386245
ds005540,eegnet_lr1e4,2,8,prior_personalized,0.5559170887724669,0.40730731430094436,0.7045268632439895,1985,0.167525190912936
ds005540,eegnet_lr1e4,2,8,eeg_population,-0.0006746942589774063,-0.01152642558598721,0.010177037068032399,1985,0.2111492048690476
ds005540,eegnet_lr1e4,2,8,eeg_personalized,0.14359643094360325,0.023996570971890147,0.2631962909153164,1985,0.2194429362100899
ds005540,eegnet_lr1e4,2,8,combined_population,0.4912029972755912,0.35822732899865095,0.6241786655525314,1985,0.16251895880062456
ds005540,eegnet_lr1e4,2,8,combined_personalized,0.5564350714281676,0.40791323424497844,0.7049569086113567,1985,0.16723931971216033
ds005540,eegnet_lr1e4,4,0,prior,-3.0732194575483232e-15,-5.35947477580551e-15,-7.86964139291136e-16,1985,0.21154367944837507
ds005540,eegnet_lr1e4,4,0,prior_personalized,0.20127149421979934,0.08973793269364777,0.3128050557459509,1985,0.2002923326094837
ds005540,eegnet_lr1e4,4,0,eeg_population,0.00019363384265401825,-0.011099334022982351,0.011486601708290387,1985,0.2114764597486772
ds005540,eegnet_lr1e4,4,0,eeg_personalized,0.1754859972533134,0.06673974422101987,0.28423225028560695,1985,0.20805107037232268
ds005540,eegnet_lr1e4,4,0,combined_population,9.45160194897451e-05,-0.009688965147719698,0.00987799718669919,1985,0.21135321669549337
ds005540,eegnet_lr1e4,4,0,combined_personalized,0.20190590654815796,0.09064315953551695,0.313168653560799,1985,0.20039870207172106
ds005540,eegnet_lr1e4,4,1,prior,0.3897076368081029,0.22019248269857414,0.5592227909176316,1985,0.23195701058201063
ds005540,eegnet_lr1e4,4,1,prior_personalized,0.4722962162265828,0.30822469292397975,0.6363677395291858,1985,0.2275497664247026
ds005540,eegnet_lr1e4,4,1,eeg_population,-0.00031218150919389356,-0.010531102194583104,0.009906739176195316,1985,0.21159247957738098
ds005540,eegnet_lr1e4,4,1,eeg_personalized,0.17483291639290396,0.06608395475134943,0.2835818780344585,1985,0.20812927237986809
ds005540,eegnet_lr1e4,4,1,combined_population,0.38856408999931763,0.21955636853998053,0.5575718114586548,1985,0.2328309548281881
ds005540,eegnet_lr1e4,4,1,combined_personalized,0.4722409565624942,0.3083471927880629,0.6361347203369255,1985,0.22784430544627474
ds005540,eegnet_lr1e4,4,2,prior,0.44729263481390646,0.29792925185234065,0.5966560177754723,1985,0.1847556216931217
ds005540,eegnet_lr1e4,4,2,prior_personalized,0.5637120717710203,0.4037313293524031,0.7236928141896376,1985,0.17898330466831794
ds005540,eegnet_lr1e4,4,2,eeg_population,-0.0010241312969914765,-0.011896409143185599,0.009848146549202647,1985,0.21160421186210318
ds005540,eegnet_lr1e4,4,2,eeg_personalized,0.17470997846426725,0.06599279908550686,0.28342715784302763,1985,0.2081811181383316
ds005540,eegnet_lr1e4,4,2,combined_population,0.4461007338186408,0.29753069749180483,0.5946707701454768,1985,0.1848672276470665
ds005540,eegnet_lr1e4,4,2,combined_personalized,0.5642539617755491,0.40484899864787605,0.7236589249032221,1985,0.1788135280511663
ds005540,eegnet_lr1e4,4,4,prior,0.472923249015021,0.33595035612695534,0.6098961419030866,1985,0.16945006613756614
ds005540,eegnet_lr1e4,4,4,prior_personalized,0.6082045791036811,0.4568672220944283,0.7595419361129339,1985,0.1566922013804928
ds005540,eegnet_lr1e4,4,4,eeg_population,0.0004136714381552621,-0.012731664175764542,0.013559007052075064,1985,0.2113792398806217
ds005540,eegnet_lr1e4,4,4,eeg_personalized,0.17529006762244706,0.06695527310006376,0.28362486214483035,1985,0.20815924272457603
ds005540,eegnet_lr1e4,4,4,combined_population,0.4738187214173501,0.337492348096028,0.6101450947386722,1985,0.16946484002227435
ds005540,eegnet_lr1e4,4,4,combined_personalized,0.6091759882691934,0.4590524326984799,0.7592995438399068,1985,0.15702471120767186
ds005540,eegnet_lr1e4,4,8,prior,0.4907012372224836,0.3581098053109186,0.6232926691340486,1985,0.16290261243386245
ds005540,eegnet_lr1e4,4,8,prior_personalized,0.6274400484258289,0.48057708486153095,0.7743030119901269,1985,0.1511367072096877
ds005540,eegnet_lr1e4,4,8,eeg_population,-0.0006746942589774063,-0.01152642558598721,0.010177037068032399,1985,0.2111492048690476
ds005540,eegnet_lr1e4,4,8,eeg_personalized,0.17445376893601808,0.06620229796679115,0.282705239905245,1985,0.20819367998071683
ds005540,eegnet_lr1e4,4,8,combined_population,0.4912029972755912,0.35822732899865095,0.6241786655525314,1985,0.16251895880062456
ds005540,eegnet_lr1e4,4,8,combined_personalized,0.6277150450835169,0.48138027188526017,0.7740498182817737,1985,0.1512531102102292
ds005540,eegnet_lr1e4,8,0,prior,-3.0732194575483232e-15,-5.35947477580551e-15,-7.86964139291136e-16,1985,0.21154367944837507
ds005540,eegnet_lr1e4,8,0,prior_personalized,0.20355097551998394,0.09551784651427711,0.31158410452569074,1985,0.19155023578113023
ds005540,eegnet_lr1e4,8,0,eeg_population,0.00019363384265401825,-0.011099334022982351,0.011486601708290387,1985,0.2114764597486772
ds005540,eegnet_lr1e4,8,0,eeg_personalized,0.18323658307226176,0.07183427701251037,0.29463888913201314,1985,0.19643475142948172
ds005540,eegnet_lr1e4,8,0,combined_population,9.45160194897451e-05,-0.009688965147719698,0.00987799718669919,1985,0.21135321669549337
ds005540,eegnet_lr1e4,8,0,combined_personalized,0.20410796841749318,0.09639348003060554,0.3118224568043808,1985,0.1914774976524138
ds005540,eegnet_lr1e4,8,1,prior,0.3897076368081029,0.22019248269857414,0.5592227909176316,1985,0.23195701058201063
ds005540,eegnet_lr1e4,8,1,prior_personalized,0.474201241691356,0.30612994080107137,0.6422725425816407,1985,0.222715289091138
ds005540,eegnet_lr1e4,8,1,eeg_population,-0.00031218150919389356,-0.010531102194583104,0.009906739176195316,1985,0.21159247957738098
ds005540,eegnet_lr1e4,8,1,eeg_personalized,0.1826405371753081,0.07120176256351676,0.29407931178709945,1985,0.19650082839003435
ds005540,eegnet_lr1e4,8,1,combined_population,0.38856408999931763,0.21955636853998053,0.5575718114586548,1985,0.2328309548281881
ds005540,eegnet_lr1e4,8,1,combined_personalized,0.47414890985617647,0.30626879106934424,0.6420290286430087,1985,0.2229434741153274
ds005540,eegnet_lr1e4,8,2,prior,0.44729263481390646,0.29792925185234065,0.5966560177754723,1985,0.1847556216931217
ds005540,eegnet_lr1e4,8,2,prior_personalized,0.5676535706334505,0.4032285010690647,0.7320786401978362,1985,0.17405386184083965
ds005540,eegnet_lr1e4,8,2,eeg_population,-0.0010241312969914765,-0.011896409143185599,0.009848146549202647,1985,0.21160421186210318
ds005540,eegnet_lr1e4,8,2,eeg_personalized,0.182291431112845,0.07094591536037598,0.293636946865314,1985,0.19654719052462782
ds005540,eegnet_lr1e4,8,2,combined_population,0.4461007338186408,0.29753069749180483,0.5946707701454768,1985,0.1848672276470665
ds005540,eegnet_lr1e4,8,2,combined_personalized,0.5680948690677259,0.40453980707315296,0.7316499310622988,1985,0.17389627535545205
ds005540,eegnet_lr1e4,8,4,prior,0.472923249015021,0.33595035612695534,0.6098961419030866,1985,0.16945006613756614
ds005540,eegnet_lr1e4,8,4,prior_personalized,0.6104864167450004,0.4555020779855403,0.7654707555044604,1985,0.15512004551872685
ds005540,eegnet_lr1e4,8,4,eeg_population,0.0004136714381552621,-0.012731664175764542,0.013559007052075064,1985,0.2113792398806217
ds005540,eegnet_lr1e4,8,4,eeg_personalized,0.18314970508563616,0.07219926195277555,0.2941001482184968,1985,0.19662004609211844
ds005540,eegnet_lr1e4,8,4,combined_population,0.4738187214173501,0.337492348096028,0.6101450947386722,1985,0.16946484002227435
ds005540,eegnet_lr1e4,8,4,combined_personalized,0.6111284841747666,0.45754602973580083,0.7647109386137324,1985,0.15537388804777813
ds005540,eegnet_lr1e4,8,8,prior,0.4907012372224836,0.3581098053109186,0.6232926691340486,1985,0.16290261243386245
ds005540,eegnet_lr1e4,8,8,prior_personalized,0.6327069705103981,0.48101929380519354,0.7843946472156027,1985,0.1450768522313176
ds005540,eegnet_lr1e4,8,8,eeg_population,-0.0006746942589774063,-0.01152642558598721,0.010177037068032399,1985,0.2111492048690476
ds005540,eegnet_lr1e4,8,8,eeg_personalized,0.18202005242256056,0.07108252685556701,0.29295757798955413,1985,0.19663261641809351
ds005540,eegnet_lr1e4,8,8,combined_population,0.4912029972755912,0.35822732899865095,0.6241786655525314,1985,0.16251895880062456
ds005540,eegnet_lr1e4,8,8,combined_personalized,0.6327476148151502,0.48157114033012405,0.7839240893001763,1985,0.14521346447636058
ds005540,labram_ridge_base,0,0,prior,-3.0732194575483232e-15,-5.35947477580551e-15,-7.86964139291136e-16,1985,0.21154367944837507
ds005540,labram_ridge_base,0,0,prior_personalized,-3.0732194575483232e-15,-5.35947477580551e-15,-7.86964139291136e-16,1985,0.21154367944837507
ds005540,labram_ridge_base,0,0,eeg_population,-0.05742180163057677,-0.159729187644354,0.04488558438320047,1985,0.22760533583310782
ds005540,labram_ridge_base,0,0,eeg_personalized,-0.05742180163057677,-0.159729187644354,0.04488558438320047,1985,0.22760533583310782
ds005540,labram_ridge_base,0,0,combined_population,-0.04332162573689368,-0.14188337473499993,0.05524012326121256,1985,0.22675993234947306
ds005540,labram_ridge_base,0,0,combined_personalized,-0.04332162573689368,-0.14188337473499993,0.05524012326121256,1985,0.22675993234947306
ds005540,labram_ridge_base,0,1,prior,0.3897076368081029,0.22019248269857414,0.5592227909176316,1985,0.23195701058201063
ds005540,labram_ridge_base,0,1,prior_personalized,0.3897076368081029,0.22019248269857414,0.5592227909176316,1985,0.23195701058201063
ds005540,labram_ridge_base,0,1,eeg_population,-0.04798358641506265,-0.15070783896537845,0.05474066613525314,1985,0.22627949469580608
ds005540,labram_ridge_base,0,1,eeg_personalized,-0.04798358641506265,-0.15070783896537845,0.05474066613525314,1985,0.22627949469580608
ds005540,labram_ridge_base,0,1,combined_population,0.3586491395649338,0.19326717826721096,0.5240311008626567,1985,0.24627498817496568
ds005540,labram_ridge_base,0,1,combined_personalized,0.3586491395649338,0.19326717826721096,0.5240311008626567,1985,0.24627498817496568
ds005540,labram_ridge_base,0,2,prior,0.44729263481390646,0.29792925185234065,0.5966560177754723,1985,0.1847556216931217
ds005540,labram_ridge_base,0,2,prior_personalized,0.44729263481390646,0.29792925185234065,0.5966560177754723,1985,0.1847556216931217
ds005540,labram_ridge_base,0,2,eeg_population,-0.049632488681125506,-0.15080110923492274,0.05153613187267171,1985,0.22681384317334877
ds005540,labram_ridge_base,0,2,eeg_personalized,-0.049632488681125506,-0.15080110923492274,0.05153613187267171,1985,0.22681384317334877
ds005540,labram_ridge_base,0,2,combined_population,0.4017822740520681,0.25004990187728726,0.553514646226849,1985,0.20041668738097265
ds005540,labram_ridge_base,0,2,combined_personalized,0.4017822740520681,0.25004990187728726,0.553514646226849,1985,0.20041668738097265
ds005540,labram_ridge_base,0,4,prior,0.472923249015021,0.33595035612695534,0.6098961419030866,1985,0.16945006613756614
ds005540,labram_ridge_base,0,4,prior_personalized,0.472923249015021,0.33595035612695534,0.6098961419030866,1985,0.16945006613756614
ds005540,labram_ridge_base,0,4,eeg_population,-0.03876505467603898,-0.13801472365281686,0.0604846143007389,1985,0.22547328789859383
ds005540,labram_ridge_base,0,4,eeg_personalized,-0.03876505467603898,-0.13801472365281686,0.0604846143007389,1985,0.22547328789859383
ds005540,labram_ridge_base,0,4,combined_population,0.42246710544506777,0.28124720714121826,0.5636870037489172,1985,0.18774776078765348
ds005540,labram_ridge_base,0,4,combined_personalized,0.42246710544506777,0.28124720714121826,0.5636870037489172,1985,0.18774776078765348
ds005540,labram_ridge_base,0,8,prior,0.4907012372224836,0.3581098053109186,0.6232926691340486,1985,0.16290261243386245
ds005540,labram_ridge_base,0,8,prior_personalized,0.4907012372224836,0.3581098053109186,0.6232926691340486,1985,0.16290261243386245
ds005540,labram_ridge_base,0,8,eeg_population,-0.043041078573263475,-0.15266686364125173,0.06658470649472478,1985,0.2251499127104181
ds005540,labram_ridge_base,0,8,eeg_personalized,-0.043041078573263475,-0.15266686364125173,0.06658470649472478,1985,0.2251499127104181
ds005540,labram_ridge_base,0,8,combined_population,0.42318354859754165,0.2769184132912046,0.5694486839038787,1985,0.1830196887813934
ds005540,labram_ridge_base,0,8,combined_personalized,0.42318354859754165,0.2769184132912046,0.5694486839038787,1985,0.1830196887813934
ds005540,labram_ridge_base,1,0,prior,-3.0732194575483232e-15,-5.35947477580551e-15,-7.86964139291136e-16,1985,0.21154367944837507
ds005540,labram_ridge_base,1,0,prior_personalized,0.13942400367279467,0.013040248807250798,0.26580775853833855,1985,0.24356052006101078
ds005540,labram_ridge_base,1,0,eeg_population,-0.05742180163057677,-0.159729187644354,0.04488558438320047,1985,0.22760533583310782
ds005540,labram_ridge_base,1,0,eeg_personalized,0.12143315586696415,-0.028951525672717665,0.271817837406646,1985,0.2743084149486374
ds005540,labram_ridge_base,1,0,combined_population,-0.04332162573689368,-0.14188337473499993,0.05524012326121256,1985,0.22675993234947306
ds005540,labram_ridge_base,1,0,combined_personalized,0.1255301111505866,0.0005102373533908133,0.25054998494778236,1985,0.2662646540009104
ds005540,labram_ridge_base,1,1,prior,0.3897076368081029,0.22019248269857414,0.5592227909176316,1985,0.23195701058201063
ds005540,labram_ridge_base,1,1,prior_personalized,0.40995118909402206,0.25506050459904106,0.5648418735890031,1985,0.2574170719213611
ds005540,labram_ridge_base,1,1,eeg_population,-0.04798358641506265,-0.15070783896537845,0.05474066613525314,1985,0.22627949469580608
ds005540,labram_ridge_base,1,1,eeg_personalized,0.12616248191609314,-0.023022559635054923,0.27534752346724123,1985,0.27365651896204374
ds005540,labram_ridge_base,1,1,combined_population,0.3586491395649338,0.19326717826721096,0.5240311008626567,1985,0.24627498817496568
ds005540,labram_ridge_base,1,1,combined_personalized,0.38879238299470165,0.2426602492318219,0.5349245167575813,1985,0.2792082181643082
ds005540,labram_ridge_base,1,2,prior,0.44729263481390646,0.29792925185234065,0.5966560177754723,1985,0.1847556216931217
ds005540,labram_ridge_base,1,2,prior_personalized,0.45298874237330666,0.29819332733382753,0.6077841574127858,1985,0.21862092411038486
ds005540,labram_ridge_base,1,2,eeg_population,-0.049632488681125506,-0.15080110923492274,0.05153613187267171,1985,0.22681384317334877
ds005540,labram_ridge_base,1,2,eeg_personalized,0.12576375856948907,-0.02316687676373594,0.2746943939027141,1985,0.2715679123935564
ds005540,labram_ridge_base,1,2,combined_population,0.4017822740520681,0.25004990187728726,0.553514646226849,1985,0.20041668738097265
ds005540,labram_ridge_base,1,2,combined_personalized,0.42657420689380354,0.283313803574274,0.5698346102133331,1985,0.24104281244893638
ds005540,labram_ridge_base,1,4,prior,0.472923249015021,0.33595035612695534,0.6098961419030866,1985,0.16945006613756614
ds005540,labram_ridge_base,1,4,prior_personalized,0.4734042218746855,0.31624004434605985,0.6305683994033111,1985,0.20628687898770615
ds005540,labram_ridge_base,1,4,eeg_population,-0.03876505467603898,-0.13801472365281686,0.0604846143007389,1985,0.22547328789859383
ds005540,labram_ridge_base,1,4,eeg_personalized,0.13204390655246354,-0.01799063787077812,0.28207845097570516,1985,0.27044738055088885
ds005540,labram_ridge_base,1,4,combined_population,0.42246710544506777,0.28124720714121826,0.5636870037489172,1985,0.18774776078765348
ds005540,labram_ridge_base,1,4,combined_personalized,0.44258490038292797,0.2961425703176322,0.5890272304482238,1985,0.22435225839203907
ds005540,labram_ridge_base,1,8,prior,0.4907012372224836,0.3581098053109186,0.6232926691340486,1985,0.16290261243386245
ds005540,labram_ridge_base,1,8,prior_personalized,0.4855856648588942,0.33185414082875153,0.6393171888890369,1985,0.20154269702058714
ds005540,labram_ridge_base,1,8,eeg_population,-0.043041078573263475,-0.15266686364125173,0.06658470649472478,1985,0.2251499127104181
ds005540,labram_ridge_base,1,8,eeg_personalized,0.13935883112479514,-0.009778872159636492,0.28849653440922673,1985,0.266811630166958
ds005540,labram_ridge_base,1,8,combined_population,0.42318354859754165,0.2769184132912046,0.5694486839038787,1985,0.1830196887813934
ds005540,labram_ridge_base,1,8,combined_personalized,0.4531085478693333,0.3063739662649216,0.599843129473745,1985,0.22011882332070334
ds005540,labram_ridge_base,2,0,prior,-3.0732194575483232e-15,-5.35947477580551e-15,-7.86964139291136e-16,1985,0.21154367944837507
ds005540,labram_ridge_base,2,0,prior_personalized,0.13636464028270187,0.024009308660260284,0.24871997190514344,1985,0.211274476386932
ds005540,labram_ridge_base,2,0,eeg_population,-0.05742180163057677,-0.159729187644354,0.04488558438320047,1985,0.22760533583310782
ds005540,labram_ridge_base,2,0,eeg_personalized,0.11735209843947318,-0.005744440784516261,0.24044863766346264,1985,0.23073198164998762
ds005540,labram_ridge_base,2,0,combined_population,-0.04332162573689368,-0.14188337473499993,0.05524012326121256,1985,0.22675993234947306
ds005540,labram_ridge_base,2,0,combined_personalized,0.11233369238821748,-0.014605474986680758,0.23927285976311574,1985,0.22581766362192984
ds005540,labram_ridge_base,2,1,prior,0.3897076368081029,0.22019248269857414,0.5592227909176316,1985,0.23195701058201063
ds005540,labram_ridge_base,2,1,prior_personalized,0.4384746654153546,0.2762594166162797,0.6006899142144295,1985,0.23789503065886847
ds005540,labram_ridge_base,2,1,eeg_population,-0.04798358641506265,-0.15070783896537845,0.05474066613525314,1985,0.22627949469580608
ds005540,labram_ridge_base,2,1,eeg_personalized,0.12557294742485742,0.0031565237874897206,0.24798937106222513,1985,0.229944838800616
ds005540,labram_ridge_base,2,1,combined_population,0.3586491395649338,0.19326717826721096,0.5240311008626567,1985,0.24627498817496568
ds005540,labram_ridge_base,2,1,combined_personalized,0.4223375204869394,0.2682789151506352,0.5763961258232436,1985,0.24628564184809426
ds005540,labram_ridge_base,2,2,prior,0.44729263481390646,0.29792925185234065,0.5966560177754723,1985,0.1847556216931217
ds005540,labram_ridge_base,2,2,prior_personalized,0.5141625393565328,0.3576856671717563,0.6706394115413092,1985,0.1908285463838313
ds005540,labram_ridge_base,2,2,eeg_population,-0.049632488681125506,-0.15080110923492274,0.05153613187267171,1985,0.22681384317334877
ds005540,labram_ridge_base,2,2,eeg_personalized,0.1264101128415512,0.005046969518854388,0.24777325616424803,1985,0.2301167430950403
ds005540,labram_ridge_base,2,2,combined_population,0.4017822740520681,0.25004990187728726,0.553514646226849,1985,0.20041668738097265
ds005540,labram_ridge_base,2,2,combined_personalized,0.49108319625348607,0.3441153702645523,0.6380510222424198,1985,0.20268338081923645
ds005540,labram_ridge_base,2,4,prior,0.472923249015021,0.33595035612695534,0.6098961419030866,1985,0.16945006613756614
ds005540,labram_ridge_base,2,4,prior_personalized,0.5440407826025998,0.38993423543772693,0.6981473297674727,1985,0.17446036418306637
ds005540,labram_ridge_base,2,4,eeg_population,-0.03876505467603898,-0.13801472365281686,0.0604846143007389,1985,0.22547328789859383
ds005540,labram_ridge_base,2,4,eeg_personalized,0.13581481512885304,0.015520073962959735,0.25610955629474635,1985,0.22792562651837703
ds005540,labram_ridge_base,2,4,combined_population,0.42246710544506777,0.28124720714121826,0.5636870037489172,1985,0.18774776078765348
ds005540,labram_ridge_base,2,4,combined_personalized,0.5144568160662848,0.3690352888912738,0.6598783432412958,1985,0.18720325472921312
ds005540,labram_ridge_base,2,8,prior,0.4907012372224836,0.3581098053109186,0.6232926691340486,1985,0.16290261243386245
ds005540,labram_ridge_base,2,8,prior_personalized,0.5559170887724669,0.40730731430094436,0.7045268632439895,1985,0.167525190912936
ds005540,labram_ridge_base,2,8,eeg_population,-0.043041078573263475,-0.15266686364125173,0.06658470649472478,1985,0.2251499127104181
ds005540,labram_ridge_base,2,8,eeg_personalized,0.14699583324503482,0.023105741058083135,0.27088592543198653,1985,0.22712086453391173
ds005540,labram_ridge_base,2,8,combined_population,0.42318354859754165,0.2769184132912046,0.5694486839038787,1985,0.1830196887813934
ds005540,labram_ridge_base,2,8,combined_personalized,0.5128989852073289,0.36550289133469427,0.6602950790799635,1985,0.18397748096781302
ds005540,labram_ridge_base,4,0,prior,-3.0732194575483232e-15,-5.35947477580551e-15,-7.86964139291136e-16,1985,0.21154367944837507
ds005540,labram_ridge_base,4,0,prior_personalized,0.20127149421979934,0.08973793269364777,0.3128050557459509,1985,0.2002923326094837
ds005540,labram_ridge_base,4,0,eeg_population,-0.05742180163057677,-0.159729187644354,0.04488558438320047,1985,0.22760533583310782
ds005540,labram_ridge_base,4,0,eeg_personalized,0.13633361000266125,0.02211279371461214,0.25055442629071034,1985,0.22528409866823482
ds005540,labram_ridge_base,4,0,combined_population,-0.04332162573689368,-0.14188337473499993,0.05524012326121256,1985,0.22675993234947306
ds005540,labram_ridge_base,4,0,combined_personalized,0.1649429454116143,0.04778917597959245,0.2820967148436362,1985,0.21673411070806847
ds005540,labram_ridge_base,4,1,prior,0.3897076368081029,0.22019248269857414,0.5592227909176316,1985,0.23195701058201063
ds005540,labram_ridge_base,4,1,prior_personalized,0.4722962162265828,0.30822469292397975,0.6363677395291858,1985,0.2275497664247026
ds005540,labram_ridge_base,4,1,eeg_population,-0.04798358641506265,-0.15070783896537845,0.05474066613525314,1985,0.22627949469580608
ds005540,labram_ridge_base,4,1,eeg_personalized,0.14365968778848578,0.030233580440781282,0.2570857951361903,1985,0.22433232711389062
ds005540,labram_ridge_base,4,1,combined_population,0.3586491395649338,0.19326717826721096,0.5240311008626567,1985,0.24627498817496568
ds005540,labram_ridge_base,4,1,combined_personalized,0.4536315836238806,0.29772644316780883,0.6095367240799524,1985,0.23982880974014936
ds005540,labram_ridge_base,4,2,prior,0.44729263481390646,0.29792925185234065,0.5966560177754723,1985,0.1847556216931217
ds005540,labram_ridge_base,4,2,prior_personalized,0.5637120717710203,0.4037313293524031,0.7236928141896376,1985,0.17898330466831794
ds005540,labram_ridge_base,4,2,eeg_population,-0.049632488681125506,-0.15080110923492274,0.05153613187267171,1985,0.22681384317334877
ds005540,labram_ridge_base,4,2,eeg_personalized,0.14436867785397992,0.031978183625048354,0.2567591720829115,1985,0.22476434447316446
ds005540,labram_ridge_base,4,2,combined_population,0.4017822740520681,0.25004990187728726,0.553514646226849,1985,0.20041668738097265
ds005540,labram_ridge_base,4,2,combined_personalized,0.5384279898823275,0.3862684862309097,0.6905874935337454,1985,0.19034406346827323
ds005540,labram_ridge_base,4,4,prior,0.472923249015021,0.33595035612695534,0.6098961419030866,1985,0.16945006613756614
ds005540,labram_ridge_base,4,4,prior_personalized,0.6082045791036811,0.4568672220944283,0.7595419361129339,1985,0.1566922013804928
ds005540,labram_ridge_base,4,4,eeg_population,-0.03876505467603898,-0.13801472365281686,0.0604846143007389,1985,0.22547328789859383
ds005540,labram_ridge_base,4,4,eeg_personalized,0.15377934272801702,0.04255254037770341,0.26500614507833065,1985,0.2222584254036603
ds005540,labram_ridge_base,4,4,combined_population,0.42246710544506777,0.28124720714121826,0.5636870037489172,1985,0.18774776078765348
ds005540,labram_ridge_base,4,4,combined_personalized,0.5771797441163353,0.4322324623180608,0.7221270259146099,1985,0.16981326497550905
ds005540,labram_ridge_base,4,8,prior,0.4907012372224836,0.3581098053109186,0.6232926691340486,1985,0.16290261243386245
ds005540,labram_ridge_base,4,8,prior_personalized,0.6274400484258289,0.48057708486153095,0.7743030119901269,1985,0.1511367072096877
ds005540,labram_ridge_base,4,8,eeg_population,-0.043041078573263475,-0.15266686364125173,0.06658470649472478,1985,0.2251499127104181
ds005540,labram_ridge_base,4,8,eeg_personalized,0.16382496496063795,0.04830623107935868,0.27934369884191723,1985,0.22008284768408934
ds005540,labram_ridge_base,4,8,combined_population,0.42318354859754165,0.2769184132912046,0.5694486839038787,1985,0.1830196887813934
ds005540,labram_ridge_base,4,8,combined_personalized,0.5779597428248335,0.43211000973200403,0.723809475917663,1985,0.16915859305387348
ds005540,labram_ridge_base,8,0,prior,-3.0732194575483232e-15,-5.35947477580551e-15,-7.86964139291136e-16,1985,0.21154367944837507
ds005540,labram_ridge_base,8,0,prior_personalized,0.20355097551998394,0.09551784651427711,0.31158410452569074,1985,0.19155023578113023
ds005540,labram_ridge_base,8,0,eeg_population,-0.05742180163057677,-0.159729187644354,0.04488558438320047,1985,0.22760533583310782
ds005540,labram_ridge_base,8,0,eeg_personalized,0.1472332206810274,0.023951191260171076,0.2705152501018837,1985,0.21046451078749392
ds005540,labram_ridge_base,8,0,combined_population,-0.04332162573689368,-0.14188337473499993,0.05524012326121256,1985,0.22675993234947306
ds005540,labram_ridge_base,8,0,combined_personalized,0.1717610470915545,0.052414030684187915,0.29110806349892104,1985,0.20486590766509555
ds005540,labram_ridge_base,8,1,prior,0.3897076368081029,0.22019248269857414,0.5592227909176316,1985,0.23195701058201063
ds005540,labram_ridge_base,8,1,prior_personalized,0.474201241691356,0.30612994080107137,0.6422725425816407,1985,0.222715289091138
ds005540,labram_ridge_base,8,1,eeg_population,-0.04798358641506265,-0.15070783896537845,0.05474066613525314,1985,0.22627949469580608
ds005540,labram_ridge_base,8,1,eeg_personalized,0.15411874920198027,0.03058738580087078,0.27765011260308975,1985,0.21022315385876675
ds005540,labram_ridge_base,8,1,combined_population,0.3586491395649338,0.19326717826721096,0.5240311008626567,1985,0.24627498817496568
ds005540,labram_ridge_base,8,1,combined_personalized,0.4584776637231073,0.2971790477963898,0.6197762796498247,1985,0.23107640550100209
ds005540,labram_ridge_base,8,2,prior,0.44729263481390646,0.29792925185234065,0.5966560177754723,1985,0.1847556216931217
ds005540,labram_ridge_base,8,2,prior_personalized,0.5676535706334505,0.4032285010690647,0.7320786401978362,1985,0.17405386184083965
ds005540,labram_ridge_base,8,2,eeg_population,-0.049632488681125506,-0.15080110923492274,0.05153613187267171,1985,0.22681384317334877
ds005540,labram_ridge_base,8,2,eeg_personalized,0.1529896137112357,0.030004225557530906,0.2759750018649405,1985,0.2106440542652793
ds005540,labram_ridge_base,8,2,combined_population,0.4017822740520681,0.25004990187728726,0.553514646226849,1985,0.20041668738097265
ds005540,labram_ridge_base,8,2,combined_personalized,0.5470023706558246,0.3910149171235827,0.7029898241880664,1985,0.1829261692702384
ds005540,labram_ridge_base,8,4,prior,0.472923249015021,0.33595035612695534,0.6098961419030866,1985,0.16945006613756614
ds005540,labram_ridge_base,8,4,prior_personalized,0.6104864167450004,0.4555020779855403,0.7654707555044604,1985,0.15512004551872685
ds005540,labram_ridge_base,8,4,eeg_population,-0.03876505467603898,-0.13801472365281686,0.0604846143007389,1985,0.22547328789859383
ds005540,labram_ridge_base,8,4,eeg_personalized,0.16226731209328163,0.04011488728421422,0.284419736902349,1985,0.208673173928024
ds005540,labram_ridge_base,8,4,combined_population,0.42246710544506777,0.28124720714121826,0.5636870037489172,1985,0.18774776078765348
ds005540,labram_ridge_base,8,4,combined_personalized,0.5825963768815864,0.4336192238082019,0.7315735299549708,1985,0.164237131654287
ds005540,labram_ridge_base,8,8,prior,0.4907012372224836,0.3581098053109186,0.6232926691340486,1985,0.16290261243386245
ds005540,labram_ridge_base,8,8,prior_personalized,0.6327069705103981,0.48101929380519354,0.7843946472156027,1985,0.1450768522313176
ds005540,labram_ridge_base,8,8,eeg_population,-0.043041078573263475,-0.15266686364125173,0.06658470649472478,1985,0.2251499127104181
ds005540,labram_ridge_base,8,8,eeg_personalized,0.17267871062803178,0.04469573527408599,0.30066168598197757,1985,0.2066076652345657
ds005540,labram_ridge_base,8,8,combined_population,0.42318354859754165,0.2769184132912046,0.5694486839038787,1985,0.1830196887813934
ds005540,labram_ridge_base,8,8,combined_personalized,0.5868465723289671,0.43642055719157635,0.7372725874663578,1985,0.16144170510935713
ds005540,labram_ridge_strong,0,0,prior,-3.0732194575483232e-15,-5.35947477580551e-15,-7.86964139291136e-16,1985,0.21154367944837507
ds005540,labram_ridge_strong,0,0,prior_personalized,-3.0732194575483232e-15,-5.35947477580551e-15,-7.86964139291136e-16,1985,0.21154367944837507
ds005540,labram_ridge_strong,0,0,eeg_population,-0.02530823491870557,-0.0910157165537005,0.04039924671628936,1985,0.21613344626210945
ds005540,labram_ridge_strong,0,0,eeg_personalized,-0.02530823491870557,-0.0910157165537005,0.04039924671628936,1985,0.21613344626210945
ds005540,labram_ridge_strong,0,0,combined_population,-0.022924548047233727,-0.09182188138824321,0.04597278529377576,1985,0.21712421402085935
ds005540,labram_ridge_strong,0,0,combined_personalized,-0.022924548047233727,-0.09182188138824321,0.04597278529377576,1985,0.21712421402085935
ds005540,labram_ridge_strong,0,1,prior,0.3897076368081029,0.22019248269857414,0.5592227909176316,1985,0.23195701058201063
ds005540,labram_ridge_strong,0,1,prior_personalized,0.3897076368081029,0.22019248269857414,0.5592227909176316,1985,0.23195701058201063
ds005540,labram_ridge_strong,0,1,eeg_population,-0.021362087425751727,-0.0875896994468982,0.04486552459539475,1985,0.2159238199203485
ds005540,labram_ridge_strong,0,1,eeg_personalized,-0.021362087425751727,-0.0875896994468982,0.04486552459539475,1985,0.2159238199203485
ds005540,labram_ridge_strong,0,1,combined_population,0.3746002456618499,0.20708271088733832,0.5421177804363615,1985,0.23940623729317653
ds005540,labram_ridge_strong,0,1,combined_personalized,0.3746002456618499,0.20708271088733832,0.5421177804363615,1985,0.23940623729317653
ds005540,labram_ridge_strong,0,2,prior,0.44729263481390646,0.29792925185234065,0.5966560177754723,1985,0.1847556216931217
ds005540,labram_ridge_strong,0,2,prior_personalized,0.44729263481390646,0.29792925185234065,0.5966560177754723,1985,0.1847556216931217
ds005540,labram_ridge_strong,0,2,eeg_population,-0.024258350371614435,-0.08988513871572487,0.04136843797249601,1985,0.21640576399653888
ds005540,labram_ridge_strong,0,2,eeg_personalized,-0.024258350371614435,-0.08988513871572487,0.04136843797249601,1985,0.21640576399653888
ds005540,labram_ridge_strong,0,2,combined_population,0.4255033712507239,0.2727027408774054,0.5783040016240424,1985,0.19208239257460993
ds005540,labram_ridge_strong,0,2,combined_personalized,0.4255033712507239,0.2727027408774054,0.5783040016240424,1985,0.19208239257460993
ds005540,labram_ridge_strong,0,4,prior,0.472923249015021,0.33595035612695534,0.6098961419030866,1985,0.16945006613756614
ds005540,labram_ridge_strong,0,4,prior_personalized,0.472923249015021,0.33595035612695534,0.6098961419030866,1985,0.16945006613756614
ds005540,labram_ridge_strong,0,4,eeg_population,-0.018518864901488068,-0.08450957830686781,0.04747184850389168,1985,0.21605031447436662
ds005540,labram_ridge_strong,0,4,eeg_personalized,-0.018518864901488068,-0.08450957830686781,0.04747184850389168,1985,0.21605031447436662
ds005540,labram_ridge_strong,0,4,combined_population,0.450335511393633,0.30746989759094073,0.5932011251963252,1985,0.17783262859847287
ds005540,labram_ridge_strong,0,4,combined_personalized,0.450335511393633,0.30746989759094073,0.5932011251963252,1985,0.17783262859847287
ds005540,labram_ridge_strong,0,8,prior,0.4907012372224836,0.3581098053109186,0.6232926691340486,1985,0.16290261243386245
ds005540,labram_ridge_strong,0,8,prior_personalized,0.4907012372224836,0.3581098053109186,0.6232926691340486,1985,0.16290261243386245
ds005540,labram_ridge_strong,0,8,eeg_population,-0.020465009838597482,-0.09053884954916375,0.049608829871968775,1985,0.2153389338490884
ds005540,labram_ridge_strong,0,8,eeg_personalized,-0.020465009838597482,-0.09053884954916375,0.049608829871968775,1985,0.2153389338490884
ds005540,labram_ridge_strong,0,8,combined_population,0.4634916475873898,0.32346367641223794,0.6035196187625417,1985,0.1706641694254966
ds005540,labram_ridge_strong,0,8,combined_personalized,0.4634916475873898,0.32346367641223794,0.6035196187625417,1985,0.1706641694254966
ds005540,labram_ridge_strong,1,0,prior,-3.0732194575483232e-15,-5.35947477580551e-15,-7.86964139291136e-16,1985,0.21154367944837507
ds005540,labram_ridge_strong,1,0,prior_personalized,0.13942400367279467,0.013040248807250798,0.26580775853833855,1985,0.24356052006101078
ds005540,labram_ridge_strong,1,0,eeg_population,-0.02530823491870557,-0.0910157165537005,0.04039924671628936,1985,0.21613344626210945
ds005540,labram_ridge_strong,1,0,eeg_personalized,0.12489867540127601,-0.027908649501744945,0.277706000304297,1985,0.25811489531549525
ds005540,labram_ridge_strong,1,0,combined_population,-0.022924548047233727,-0.09182188138824321,0.04597278529377576,1985,0.21712421402085935
ds005540,labram_ridge_strong,1,0,combined_personalized,0.12762637234182186,0.0032442802104711566,0.2520084644731726,1985,0.2536440032199605
ds005540,labram_ridge_strong,1,1,prior,0.3897076368081029,0.22019248269857414,0.5592227909176316,1985,0.23195701058201063
ds005540,labram_ridge_strong,1,1,prior_personalized,0.40995118909402206,0.25506050459904106,0.5648418735890031,1985,0.2574170719213611
ds005540,labram_ridge_strong,1,1,eeg_population,-0.021362087425751727,-0.0875896994468982,0.04486552459539475,1985,0.2159238199203485
ds005540,labram_ridge_strong,1,1,eeg_personalized,0.1270487893548919,-0.025219787996505483,0.27931736670628926,1985,0.2585064307274249
ds005540,labram_ridge_strong,1,1,combined_population,0.3746002456618499,0.20708271088733832,0.5421177804363615,1985,0.23940623729317653
ds005540,labram_ridge_strong,1,1,combined_personalized,0.3972706206831854,0.2471119359264122,0.5474293054399586,1985,0.2686035185222795
ds005540,labram_ridge_strong,1,2,prior,0.44729263481390646,0.29792925185234065,0.5966560177754723,1985,0.1847556216931217
ds005540,labram_ridge_strong,1,2,prior_personalized,0.45298874237330666,0.29819332733382753,0.6077841574127858,1985,0.21862092411038486
ds005540,labram_ridge_strong,1,2,eeg_population,-0.024258350371614435,-0.08988513871572487,0.04136843797249601,1985,0.21640576399653888
ds005540,labram_ridge_strong,1,2,eeg_personalized,0.12680232306439537,-0.025848582063898867,0.2794532281926896,1985,0.25789393532748855
ds005540,labram_ridge_strong,1,2,combined_population,0.4255033712507239,0.2727027408774054,0.5783040016240424,1985,0.19208239257460993
ds005540,labram_ridge_strong,1,2,combined_personalized,0.4365604927037334,0.2884164248017157,0.5847045606057512,1985,0.23126412655725584
ds005540,labram_ridge_strong,1,4,prior,0.472923249015021,0.33595035612695534,0.6098961419030866,1985,0.16945006613756614
ds005540,labram_ridge_strong,1,4,prior_personalized,0.4734042218746855,0.31624004434605985,0.6305683994033111,1985,0.20628687898770615
ds005540,labram_ridge_strong,1,4,eeg_population,-0.018518864901488068,-0.08450957830686781,0.04747184850389168,1985,0.21605031447436662
ds005540,labram_ridge_strong,1,4,eeg_personalized,0.13002953212231588,-0.02286198281835919,0.2829210470629909,1985,0.2575171861206479
ds005540,labram_ridge_strong,1,4,combined_population,0.450335511393633,0.30746989759094073,0.5932011251963252,1985,0.17783262859847287
ds005540,labram_ridge_strong,1,4,combined_personalized,0.4547891278082525,0.3043184128028604,0.6052598428136445,1985,0.21619532378477233
ds005540,labram_ridge_strong,1,8,prior,0.4907012372224836,0.3581098053109186,0.6232926691340486,1985,0.16290261243386245
ds005540,labram_ridge_strong,1,8,prior_personalized,0.4855856648588942,0.33185414082875153,0.6393171888890369,1985,0.20154269702058714
ds005540,labram_ridge_strong,1,8,eeg_population,-0.020465009838597482,-0.09053884954916375,0.049608829871968775,1985,0.2153389338490884
ds005540,labram_ridge_strong,1,8,eeg_personalized,0.13480523966301236,-0.01621948942600973,0.2858299687520345,1985,0.25620613521390967
ds005540,labram_ridge_strong,1,8,combined_population,0.4634916475873898,0.32346367641223794,0.6035196187625417,1985,0.1706641694254966
ds005540,labram_ridge_strong,1,8,combined_personalized,0.4710249367389688,0.3238512902479167,0.6181985832300209,1985,0.20958620062419295
ds005540,labram_ridge_strong,2,0,prior,-3.0732194575483232e-15,-5.35947477580551e-15,-7.86964139291136e-16,1985,0.21154367944837507
ds005540,labram_ridge_strong,2,0,prior_personalized,0.13636464028270187,0.024009308660260284,0.24871997190514344,1985,0.211274476386932
ds005540,labram_ridge_strong,2,0,eeg_population,-0.02530823491870557,-0.0910157165537005,0.04039924671628936,1985,0.21613344626210945
ds005540,labram_ridge_strong,2,0,eeg_personalized,0.1355914905200881,0.01545770362866443,0.25572527741151174,1985,0.22260790352962645
ds005540,labram_ridge_strong,2,0,combined_population,-0.022924548047233727,-0.09182188138824321,0.04597278529377576,1985,0.21712421402085935
ds005540,labram_ridge_strong,2,0,combined_personalized,0.12493800835826914,0.00755853531524725,0.24231748140129103,1985,0.2166048354133061
ds005540,labram_ridge_strong,2,1,prior,0.3897076368081029,0.22019248269857414,0.5592227909176316,1985,0.23195701058201063
ds005540,labram_ridge_strong,2,1,prior_personalized,0.4384746654153546,0.2762594166162797,0.6006899142144295,1985,0.23789503065886847
ds005540,labram_ridge_strong,2,1,eeg_population,-0.021362087425751727,-0.0875896994468982,0.04486552459539475,1985,0.2159238199203485
ds005540,labram_ridge_strong,2,1,eeg_personalized,0.1390289400004104,0.018539940731537988,0.25951793926928285,1985,0.2227301815656034
ds005540,labram_ridge_strong,2,1,combined_population,0.3746002456618499,0.20708271088733832,0.5421177804363615,1985,0.23940623729317653
ds005540,labram_ridge_strong,2,1,combined_personalized,0.43127010676160965,0.2722758172203342,0.5902643963028851,1985,0.2423391706204666
ds005540,labram_ridge_strong,2,2,prior,0.44729263481390646,0.29792925185234065,0.5966560177754723,1985,0.1847556216931217
ds005540,labram_ridge_strong,2,2,prior_personalized,0.5141625393565328,0.3576856671717563,0.6706394115413092,1985,0.1908285463838313
ds005540,labram_ridge_strong,2,2,eeg_population,-0.024258350371614435,-0.08988513871572487,0.04136843797249601,1985,0.21640576399653888
ds005540,labram_ridge_strong,2,2,eeg_personalized,0.1390513131632825,0.01906504497983197,0.25903758134673305,1985,0.22294530122590248
ds005540,labram_ridge_strong,2,2,combined_population,0.4255033712507239,0.2727027408774054,0.5783040016240424,1985,0.19208239257460993
ds005540,labram_ridge_strong,2,2,combined_personalized,0.5057609394043652,0.3533700108608802,0.6581518679478502,1985,0.19632177700946823
ds005540,labram_ridge_strong,2,4,prior,0.472923249015021,0.33595035612695534,0.6098961419030866,1985,0.16945006613756614
ds005540,labram_ridge_strong,2,4,prior_personalized,0.5440407826025998,0.38993423543772693,0.6981473297674727,1985,0.17446036418306637
ds005540,labram_ridge_strong,2,4,eeg_population,-0.018518864901488068,-0.08450957830686781,0.04747184850389168,1985,0.21605031447436662
ds005540,labram_ridge_strong,2,4,eeg_personalized,0.14285395362123085,0.023715928663408437,0.26199197857905326,1985,0.22220762619774273
ds005540,labram_ridge_strong,2,4,combined_population,0.450335511393633,0.30746989759094073,0.5932011251963252,1985,0.17783262859847287
ds005540,labram_ridge_strong,2,4,combined_personalized,0.5331112659733233,0.3826915499322652,0.6835309820143813,1985,0.1796720503426011
ds005540,labram_ridge_strong,2,8,prior,0.4907012372224836,0.3581098053109186,0.6232926691340486,1985,0.16290261243386245
ds005540,labram_ridge_strong,2,8,prior_personalized,0.5559170887724669,0.40730731430094436,0.7045268632439895,1985,0.167525190912936
ds005540,labram_ridge_strong,2,8,eeg_population,-0.020465009838597482,-0.09053884954916375,0.049608829871968775,1985,0.2153389338490884
ds005540,labram_ridge_strong,2,8,eeg_personalized,0.14659697769268104,0.0252733672163339,0.2679205881690282,1985,0.22177829872465854
ds005540,labram_ridge_strong,2,8,combined_population,0.4634916475873898,0.32346367641223794,0.6035196187625417,1985,0.1706641694254966
ds005540,labram_ridge_strong,2,8,combined_personalized,0.5454967888787925,0.39890424960703563,0.6920893281505494,1985,0.17288959387513086
ds005540,labram_ridge_strong,4,0,prior,-3.0732194575483232e-15,-5.35947477580551e-15,-7.86964139291136e-16,1985,0.21154367944837507
ds005540,labram_ridge_strong,4,0,prior_personalized,0.20127149421979934,0.08973793269364777,0.3128050557459509,1985,0.2002923326094837
ds005540,labram_ridge_strong,4,0,eeg_population,-0.02530823491870557,-0.0910157165537005,0.04039924671628936,1985,0.21613344626210945
ds005540,labram_ridge_strong,4,0,eeg_personalized,0.16149446102154832,0.0545022942712889,0.26848662777180776,1985,0.21363336741595393
ds005540,labram_ridge_strong,4,0,combined_population,-0.022924548047233727,-0.09182188138824321,0.04597278529377576,1985,0.21712421402085935
ds005540,labram_ridge_strong,4,0,combined_personalized,0.1846546055996891,0.07455882955595096,0.29475038164342726,1985,0.20643892007117035
ds005540,labram_ridge_strong,4,1,prior,0.3897076368081029,0.22019248269857414,0.5592227909176316,1985,0.23195701058201063
ds005540,labram_ridge_strong,4,1,prior_personalized,0.4722962162265828,0.30822469292397975,0.6363677395291858,1985,0.2275497664247026
ds005540,labram_ridge_strong,4,1,eeg_population,-0.021362087425751727,-0.0875896994468982,0.04486552459539475,1985,0.2159238199203485
ds005540,labram_ridge_strong,4,1,eeg_personalized,0.1646518392184926,0.05745763556496847,0.27184604287201675,1985,0.21386646511201315
ds005540,labram_ridge_strong,4,1,combined_population,0.3746002456618499,0.20708271088733832,0.5421177804363615,1985,0.23940623729317653
ds005540,labram_ridge_strong,4,1,combined_personalized,0.4644718972472258,0.30384043959262275,0.6251033549018289,1985,0.23353266197904793
ds005540,labram_ridge_strong,4,2,prior,0.44729263481390646,0.29792925185234065,0.5966560177754723,1985,0.1847556216931217
ds005540,labram_ridge_strong,4,2,prior_personalized,0.5637120717710203,0.4037313293524031,0.7236928141896376,1985,0.17898330466831794
ds005540,labram_ridge_strong,4,2,eeg_population,-0.024258350371614435,-0.08988513871572487,0.04136843797249601,1985,0.21640576399653888
ds005540,labram_ridge_strong,4,2,eeg_personalized,0.16453426626491674,0.057509916276983514,0.27155861625284994,1985,0.21390597420182664
ds005540,labram_ridge_strong,4,2,combined_population,0.4255033712507239,0.2727027408774054,0.5783040016240424,1985,0.19208239257460993
ds005540,labram_ridge_strong,4,2,combined_personalized,0.5540407888361429,0.3978888005777418,0.7101927770945441,1985,0.18313111413045013
ds005540,labram_ridge_strong,4,4,prior,0.472923249015021,0.33595035612695534,0.6098961419030866,1985,0.16945006613756614
ds005540,labram_ridge_strong,4,4,prior_personalized,0.6082045791036811,0.4568672220944283,0.7595419361129339,1985,0.1566922013804928
ds005540,labram_ridge_strong,4,4,eeg_population,-0.018518864901488068,-0.08450957830686781,0.04747184850389168,1985,0.21605031447436662
ds005540,labram_ridge_strong,4,4,eeg_personalized,0.16866671979033127,0.06170025914666534,0.2756331804339972,1985,0.2131554966197739
ds005540,labram_ridge_strong,4,4,combined_population,0.450335511393633,0.30746989759094073,0.5932011251963252,1985,0.17783262859847287
ds005540,labram_ridge_strong,4,4,combined_personalized,0.5965587624989475,0.4478717257192038,0.7452457992786912,1985,0.16225642701305049
ds005540,labram_ridge_strong,4,8,prior,0.4907012372224836,0.3581098053109186,0.6232926691340486,1985,0.16290261243386245
ds005540,labram_ridge_strong,4,8,prior_personalized,0.6274400484258289,0.48057708486153095,0.7743030119901269,1985,0.1511367072096877
ds005540,labram_ridge_strong,4,8,eeg_population,-0.020465009838597482,-0.09053884954916375,0.049608829871968775,1985,0.2153389338490884
ds005540,labram_ridge_strong,4,8,eeg_personalized,0.17330715997072235,0.06390150705669097,0.28271281288475375,1985,0.21188883056372226
ds005540,labram_ridge_strong,4,8,combined_population,0.4634916475873898,0.32346367641223794,0.6035196187625417,1985,0.1706641694254966
ds005540,labram_ridge_strong,4,8,combined_personalized,0.6173000803930391,0.47418261367418346,0.7604175471118947,1985,0.15532219360273208
ds005540,labram_ridge_strong,8,0,prior,-3.0732194575483232e-15,-5.35947477580551e-15,-7.86964139291136e-16,1985,0.21154367944837507
ds005540,labram_ridge_strong,8,0,prior_personalized,0.20355097551998394,0.09551784651427711,0.31158410452569074,1985,0.19155023578113023
ds005540,labram_ridge_strong,8,0,eeg_population,-0.02530823491870557,-0.0910157165537005,0.04039924671628936,1985,0.21613344626210945
ds005540,labram_ridge_strong,8,0,eeg_personalized,0.17243041791625538,0.056285270250091696,0.28857556558241904,1985,0.20007401725557677
ds005540,labram_ridge_strong,8,0,combined_population,-0.022924548047233727,-0.09182188138824321,0.04597278529377576,1985,0.21712421402085935
ds005540,labram_ridge_strong,8,0,combined_personalized,0.18887295853758154,0.078582445326906,0.2991634717482571,1985,0.19732318233011464
ds005540,labram_ridge_strong,8,1,prior,0.3897076368081029,0.22019248269857414,0.5592227909176316,1985,0.23195701058201063
ds005540,labram_ridge_strong,8,1,prior_personalized,0.474201241691356,0.30612994080107137,0.6422725425816407,1985,0.222715289091138
ds005540,labram_ridge_strong,8,1,eeg_population,-0.021362087425751727,-0.0875896994468982,0.04486552459539475,1985,0.2159238199203485
ds005540,labram_ridge_strong,8,1,eeg_personalized,0.17519534738325984,0.058751967043145475,0.2916387277233742,1985,0.20039724583571633
ds005540,labram_ridge_strong,8,1,combined_population,0.3746002456618499,0.20708271088733832,0.5421177804363615,1985,0.23940623729317653
ds005540,labram_ridge_strong,8,1,combined_personalized,0.4662013795618596,0.30169220576899897,0.6307105533547201,1985,0.22703223510544168
ds005540,labram_ridge_strong,8,2,prior,0.44729263481390646,0.29792925185234065,0.5966560177754723,1985,0.1847556216931217
ds005540,labram_ridge_strong,8,2,prior_personalized,0.5676535706334505,0.4032285010690647,0.7320786401978362,1985,0.17405386184083965
ds005540,labram_ridge_strong,8,2,eeg_population,-0.024258350371614435,-0.08988513871572487,0.04136843797249601,1985,0.21640576399653888
ds005540,labram_ridge_strong,8,2,eeg_personalized,0.17406456291820677,0.05756618127020638,0.2905629445662071,1985,0.200581368330678
ds005540,labram_ridge_strong,8,2,combined_population,0.4255033712507239,0.2727027408774054,0.5783040016240424,1985,0.19208239257460993
ds005540,labram_ridge_strong,8,2,combined_personalized,0.5580502001269784,0.39864960095481516,0.7174507992991416,1985,0.17793177037213642
ds005540,labram_ridge_strong,8,4,prior,0.472923249015021,0.33595035612695534,0.6098961419030866,1985,0.16945006613756614
ds005540,labram_ridge_strong,8,4,prior_personalized,0.6104864167450004,0.4555020779855403,0.7654707555044604,1985,0.15512004551872685
ds005540,labram_ridge_strong,8,4,eeg_population,-0.018518864901488068,-0.08450957830686781,0.04747184850389168,1985,0.21605031447436662
ds005540,labram_ridge_strong,8,4,eeg_personalized,0.17790231651725122,0.061344838688053765,0.29445979434644864,1985,0.199997695513783
ds005540,labram_ridge_strong,8,4,combined_population,0.450335511393633,0.30746989759094073,0.5932011251963252,1985,0.17783262859847287
ds005540,labram_ridge_strong,8,4,combined_personalized,0.5984125427502656,0.44631130989544315,0.7505137756050879,1985,0.15882730258709757
ds005540,labram_ridge_strong,8,8,prior,0.4907012372224836,0.3581098053109186,0.6232926691340486,1985,0.16290261243386245
ds005540,labram_ridge_strong,8,8,prior_personalized,0.6327069705103981,0.48101929380519354,0.7843946472156027,1985,0.1450768522313176
ds005540,labram_ridge_strong,8,8,eeg_population,-0.020465009838597482,-0.09053884954916375,0.049608829871968775,1985,0.2153389338490884
ds005540,labram_ridge_strong,8,8,eeg_personalized,0.18268523820092075,0.06351342949713762,0.3018570469047039,1985,0.1984099239147677
ds005540,labram_ridge_strong,8,8,combined_population,0.4634916475873898,0.32346367641223794,0.6035196187625417,1985,0.1706641694254966
ds005540,labram_ridge_strong,8,8,combined_personalized,0.6231609201132849,0.4738807330743589,0.772441107152211,1985,0.14861636996357264
ds006850,bandpower_ridge_base,0,0,prior,-6.635784198480622e-16,-5.58136890893139e-15,4.2542120692352654e-15,2000,0.20432291577740386
ds006850,bandpower_ridge_base,0,0,prior_personalized,-6.635784198480622e-16,-5.58136890893139e-15,4.2542120692352654e-15,2000,0.20432291577740386
ds006850,bandpower_ridge_base,0,0,eeg_population,0.010564283319343667,-0.08130958463160415,0.10243815127029149,2000,0.21862456227357976
ds006850,bandpower_ridge_base,0,0,eeg_personalized,0.010564283319343667,-0.08130958463160415,0.10243815127029149,2000,0.21862456227357976
ds006850,bandpower_ridge_base,0,0,combined_population,0.008094316706140043,-0.07502264822953757,0.09121128164181765,2000,0.2165682002620073
ds006850,bandpower_ridge_base,0,0,combined_personalized,0.008094316706140043,-0.07502264822953757,0.09121128164181765,2000,0.2165682002620073
ds006850,bandpower_ridge_base,0,1,prior,0.2524773125728417,0.09943658166152508,0.40551804348415826,2000,0.23557692307692296
ds006850,bandpower_ridge_base,0,1,prior_personalized,0.2524773125728417,0.09943658166152508,0.40551804348415826,2000,0.23557692307692296
ds006850,bandpower_ridge_base,0,1,eeg_population,0.012086719656647107,-0.07861881909175512,0.10279225840504934,2000,0.21868075845204843
ds006850,bandpower_ridge_base,0,1,eeg_personalized,0.012086719656647107,-0.07861881909175512,0.10279225840504934,2000,0.21868075845204843
ds006850,bandpower_ridge_base,0,1,combined_population,0.2480930482051285,0.09709536144364755,0.39909073496660946,2000,0.24542738456454072
ds006850,bandpower_ridge_base,0,1,combined_personalized,0.2480930482051285,0.09709536144364755,0.39909073496660946,2000,0.24542738456454072
ds006850,bandpower_ridge_base,0,2,prior,0.3327785294901091,0.18930871812632624,0.476248340853892,2000,0.2026005244755245
ds006850,bandpower_ridge_base,0,2,prior_personalized,0.3327785294901091,0.18930871812632624,0.476248340853892,2000,0.2026005244755245
ds006850,bandpower_ridge_base,0,2,eeg_population,0.015126090641383311,-0.07667888597308288,0.10693106725584951,2000,0.21829654765226675
ds006850,bandpower_ridge_base,0,2,eeg_personalized,0.015126090641383311,-0.07667888597308288,0.10693106725584951,2000,0.21829654765226675
ds006850,bandpower_ridge_base,0,2,combined_population,0.31714172762098364,0.1762664141203388,0.45801704112162844,2000,0.21019035199129998
ds006850,bandpower_ridge_base,0,2,combined_personalized,0.31714172762098364,0.1762664141203388,0.45801704112162844,2000,0.21019035199129998
ds006850,bandpower_ridge_base,0,4,prior,0.3122403043035985,0.18179532944905982,0.44268527915813716,2000,0.19083260489510495
ds006850,bandpower_ridge_base,0,4,prior_personalized,0.3122403043035985,0.18179532944905982,0.44268527915813716,2000,0.19083260489510495
ds006850,bandpower_ridge_base,0,4,eeg_population,0.02620057469973816,-0.06786971248514703,0.12027086188462335,2000,0.21739113645915675
ds006850,bandpower_ridge_base,0,4,eeg_personalized,0.02620057469973816,-0.06786971248514703,0.12027086188462335,2000,0.21739113645915675
ds006850,bandpower_ridge_base,0,4,combined_population,0.307146345722377,0.17375426665780103,0.44053842478695293,2000,0.19680156653616696
ds006850,bandpower_ridge_base,0,4,combined_personalized,0.307146345722377,0.17375426665780103,0.44053842478695293,2000,0.19680156653616696
ds006850,bandpower_ridge_base,0,8,prior,0.34077330322157423,0.21607675819576388,0.4654698482473846,2000,0.18296729312354318
ds006850,bandpower_ridge_base,0,8,prior_personalized,0.34077330322157423,0.21607675819576388,0.4654698482473846,2000,0.18296729312354318
ds006850,bandpower_ridge_base,0,8,eeg_population,0.008278705497996643,-0.07740490928651507,0.09396232028250835,2000,0.21957182436812164
ds006850,bandpower_ridge_base,0,8,eeg_personalized,0.008278705497996643,-0.07740490928651507,0.09396232028250835,2000,0.21957182436812164
ds006850,bandpower_ridge_base,0,8,combined_population,0.3228569720474993,0.19452875418534354,0.45118518990965506,2000,0.19303250948924078
ds006850,bandpower_ridge_base,0,8,combined_personalized,0.3228569720474993,0.19452875418534354,0.45118518990965506,2000,0.19303250948924078
ds006850,bandpower_ridge_base,1,0,prior,-6.635784198480622e-16,-5.58136890893139e-15,4.2542120692352654e-15,2000,0.20432291577740386
ds006850,bandpower_ridge_base,1,0,prior_personalized,0.0827465866520994,-0.042535461921800646,0.20802863522599946,2000,0.25261502526773405
ds006850,bandpower_ridge_base,1,0,eeg_population,0.010564283319343665,-0.08130958463160415,0.10243815127029149,2000,0.21862456227357976
ds006850,bandpower_ridge_base,1,0,eeg_personalized,0.08533921168313026,-0.045416977526913135,0.21609540089317364,2000,0.28460261318688723
ds006850,bandpower_ridge_base,1,0,combined_population,0.008094316706140445,-0.07502264822953716,0.09121128164181805,2000,0.2165682002620073
ds006850,bandpower_ridge_base,1,0,combined_personalized,0.08391758485544243,-0.04286387954849033,0.2106990492593752,2000,0.25918060020404804
ds006850,bandpower_ridge_base,1,1,prior,0.2524773125728417,0.09943658166152508,0.40551804348415826,2000,0.23557692307692296
ds006850,bandpower_ridge_base,1,1,prior_personalized,0.23463677155563079,0.08797915064996781,0.38129439246129376,2000,0.2854217805925801
ds006850,bandpower_ridge_base,1,1,eeg_population,0.012086719656647107,-0.07861881909175512,0.10279225840504934,2000,0.21868075845204843
ds006850,bandpower_ridge_base,1,1,eeg_personalized,0.08498943914705415,-0.045679935566229096,0.2156588138603374,2000,0.2849421768863073
ds006850,bandpower_ridge_base,1,1,combined_population,0.2480930482051285,0.09709536144364753,0.3990907349666095,2000,0.24542738456454072
ds006850,bandpower_ridge_base,1,1,combined_personalized,0.2267837747314557,0.08170650059001577,0.3718610488728956,2000,0.29177775020565233
ds006850,bandpower_ridge_base,1,2,prior,0.3327785294901091,0.18930871812632624,0.476248340853892,2000,0.2026005244755245
ds006850,bandpower_ridge_base,1,2,prior_personalized,0.2783210358552465,0.1320318256143272,0.42461024609616577,2000,0.2547554287518416
ds006850,bandpower_ridge_base,1,2,eeg_population,0.0151260906413829,-0.07667888597308324,0.10693106725584904,2000,0.21829654765226675
ds006850,bandpower_ridge_base,1,2,eeg_personalized,0.08446080462192541,-0.047254296668702137,0.21617590591255298,2000,0.2844743730600109
ds006850,bandpower_ridge_base,1,2,combined_population,0.31714172762098364,0.1762664141203388,0.45801704112162844,2000,0.21019035199129998
ds006850,bandpower_ridge_base,1,2,combined_personalized,0.2701612115766067,0.12574160637674905,0.4145808167764644,2000,0.2605868064684356
ds006850,bandpower_ridge_base,1,4,prior,0.3122403043035985,0.18179532944905982,0.44268527915813716,2000,0.19083260489510495
ds006850,bandpower_ridge_base,1,4,prior_personalized,0.2658909927174616,0.12185601516534636,0.4099259702695768,2000,0.24327866513364543
ds006850,bandpower_ridge_base,1,4,eeg_population,0.026200574699738154,-0.06786971248514703,0.12027086188462333,2000,0.21739113645915675
ds006850,bandpower_ridge_base,1,4,eeg_personalized,0.08710183255293048,-0.04356010036210349,0.21776376546796444,2000,0.2874308573341649
ds006850,bandpower_ridge_base,1,4,combined_population,0.307146345722377,0.17375426665780103,0.44053842478695293,2000,0.19680156653616696
ds006850,bandpower_ridge_base,1,4,combined_personalized,0.2584910133625024,0.11660178081020425,0.4003802459148006,2000,0.25177551439682955
ds006850,bandpower_ridge_base,1,8,prior,0.34077330322157423,0.21607675819576388,0.4654698482473846,2000,0.18296729312354318
ds006850,bandpower_ridge_base,1,8,prior_personalized,0.28504044211419177,0.14320165232675544,0.42687923190162813,2000,0.2400889356074337
ds006850,bandpower_ridge_base,1,8,eeg_population,0.008278705497996643,-0.07740490928651507,0.09396232028250835,2000,0.21957182436812167
ds006850,bandpower_ridge_base,1,8,eeg_personalized,0.0853449113447751,-0.044545811016166684,0.2152356337057169,2000,0.2887934795975524
ds006850,bandpower_ridge_base,1,8,combined_population,0.32285697204749914,0.19452875418534338,0.4511851899096549,2000,0.1930325094892408
ds006850,bandpower_ridge_base,1,8,combined_personalized,0.2751152482457745,0.1335030814403624,0.4167274150511866,2000,0.2472585611590989
ds006850,bandpower_ridge_base,2,0,prior,-6.635784198480622e-16,-5.58136890893139e-15,4.2542120692352654e-15,2000,0.20432291577740386
ds006850,bandpower_ridge_base,2,0,prior_personalized,0.14096237191529984,0.02700998472098852,0.25491475910961114,2000,0.22603625471735964
ds006850,bandpower_ridge_base,2,0,eeg_population,0.010564283319343665,-0.08130958463160415,0.10243815127029149,2000,0.21862456227357976
ds006850,bandpower_ridge_base,2,0,eeg_personalized,0.12467257157212723,0.0029662294889816337,0.2463789136552728,2000,0.2458340448713238
ds006850,bandpower_ridge_base,2,0,combined_population,0.008094316706140168,-0.07502264822953746,0.09121128164181778,2000,0.2165682002620073
ds006850,bandpower_ridge_base,2,0,combined_personalized,0.14730447034161104,0.026073177232142947,0.2685357634510791,2000,0.23071422455338503
ds006850,bandpower_ridge_base,2,1,prior,0.2524773125728417,0.09943658166152508,0.40551804348415826,2000,0.23557692307692296
ds006850,bandpower_ridge_base,2,1,prior_personalized,0.28256211912808604,0.1352252995638066,0.4298989386923655,2000,0.25671346649395743
ds006850,bandpower_ridge_base,2,1,eeg_population,0.012086719656647107,-0.07861881909175515,0.10279225840504937,2000,0.21868075845204843
ds006850,bandpower_ridge_base,2,1,eeg_personalized,0.1271482957626678,0.005990307030900435,0.2483062844944352,2000,0.2445903553677038
ds006850,bandpower_ridge_base,2,1,combined_population,0.2480930482051285,0.0970953614436475,0.3990907349666095,2000,0.24542738456454072
ds006850,bandpower_ridge_base,2,1,combined_personalized,0.28164335142611713,0.13634688346892285,0.4269398193833114,2000,0.2620391443016906
ds006850,bandpower_ridge_base,2,2,prior,0.3327785294901091,0.18930871812632624,0.476248340853892,2000,0.2026005244755245
ds006850,bandpower_ridge_base,2,2,prior_personalized,0.3508125268936441,0.20851285014193882,0.4931122036453494,2000,0.22226218799524947
ds006850,bandpower_ridge_base,2,2,eeg_population,0.015126090641382631,-0.07667888597308353,0.1069310672558488,2000,0.21829654765226675
ds006850,bandpower_ridge_base,2,2,eeg_personalized,0.12380302431240409,0.001366779864360776,0.24623926876044738,2000,0.2446470734557753
ds006850,bandpower_ridge_base,2,2,combined_population,0.31714172762098347,0.17626641412033864,0.45801704112162833,2000,0.21019035199129998
ds006850,bandpower_ridge_base,2,2,combined_personalized,0.3474924837961094,0.20902277792141236,0.4859621896708065,2000,0.22541330660781309
ds006850,bandpower_ridge_base,2,4,prior,0.3122403043035985,0.18179532944905982,0.44268527915813716,2000,0.19083260489510495
ds006850,bandpower_ridge_base,2,4,prior_personalized,0.34359431603158197,0.20987779289021605,0.4773108391729479,2000,0.21281763101054157
ds006850,bandpower_ridge_base,2,4,eeg_population,0.026200574699738154,-0.06786971248514703,0.12027086188462333,2000,0.21739113645915675
ds006850,bandpower_ridge_base,2,4,eeg_personalized,0.12766347150762655,0.005248719025711418,0.2500782239895417,2000,0.24553717923546042
ds006850,bandpower_ridge_base,2,4,combined_population,0.307146345722377,0.173754266657801,0.44053842478695293,2000,0.19680156653616696
ds006850,bandpower_ridge_base,2,4,combined_personalized,0.33968562546933523,0.20691252455150105,0.4724587263871694,2000,0.21621511534018362
ds006850,bandpower_ridge_base,2,8,prior,0.34077330322157423,0.21607675819576388,0.4654698482473846,2000,0.18296729312354318
ds006850,bandpower_ridge_base,2,8,prior_personalized,0.37250512896935495,0.24378532018658064,0.5012249377521293,2000,0.20430051582045555
ds006850,bandpower_ridge_base,2,8,eeg_population,0.008278705497996643,-0.07740490928651507,0.09396232028250835,2000,0.21957182436812164
ds006850,bandpower_ridge_base,2,8,eeg_personalized,0.12665537513328246,0.005634041757585917,0.247676708508979,2000,0.24579998924701235
ds006850,bandpower_ridge_base,2,8,combined_population,0.32285697204749914,0.19452875418534338,0.4511851899096549,2000,0.1930325094892408
ds006850,bandpower_ridge_base,2,8,combined_personalized,0.3670764301140818,0.23883577705776599,0.49531708317039763,2000,0.2087848215058974
ds006850,bandpower_ridge_base,4,0,prior,-6.635784198480622e-16,-5.58136890893139e-15,4.2542120692352654e-15,2000,0.20432291577740386
ds006850,bandpower_ridge_base,4,0,prior_personalized,0.15361825253941758,0.0370976837378645,0.27013882134097067,2000,0.20806822020552457
ds006850,bandpower_ridge_base,4,0,eeg_population,0.01056428331934384,-0.08130958463160398,0.10243815127029166,2000,0.21862456227357976
ds006850,bandpower_ridge_base,4,0,eeg_personalized,0.14901799252414416,0.01659334498398579,0.28144264006430253,2000,0.22297627133294468
ds006850,bandpower_ridge_base,4,0,combined_population,0.008094316706140064,-0.07502264822953757,0.0912112816418177,2000,0.2165682002620073
ds006850,bandpower_ridge_base,4,0,combined_personalized,0.1552804382183984,0.027327663777833716,0.28323321265896306,2000,0.21470024124021117
ds006850,bandpower_ridge_base,4,1,prior,0.2524773125728417,0.09943658166152508,0.40551804348415826,2000,0.23557692307692296
ds006850,bandpower_ridge_base,4,1,prior_personalized,0.3023803686005889,0.15051493443430722,0.45424580276687065,2000,0.24281870875019912
ds006850,bandpower_ridge_base,4,1,eeg_population,0.012086719656647085,-0.07861881909175521,0.10279225840504937,2000,0.21868075845204848
ds006850,bandpower_ridge_base,4,1,eeg_personalized,0.1507848076715679,0.018893747154847207,0.2826758681882886,2000,0.22262363350476239
ds006850,bandpower_ridge_base,4,1,combined_population,0.24809304820512837,0.09709536144364736,0.3990907349666094,2000,0.24542738456454072
ds006850,bandpower_ridge_base,4,1,combined_personalized,0.30011417429509846,0.14980994406796058,0.45041840452223636,2000,0.24789396037783035
ds006850,bandpower_ridge_base,4,2,prior,0.3327785294901091,0.18930871812632624,0.476248340853892,2000,0.2026005244755245
ds006850,bandpower_ridge_base,4,2,prior_personalized,0.38058695888078226,0.23466706170945872,0.5265068560521058,2000,0.20580589164016772
ds006850,bandpower_ridge_base,4,2,eeg_population,0.015126090641382478,-0.07667888597308369,0.10693106725584865,2000,0.21829654765226675
ds006850,bandpower_ridge_base,4,2,eeg_personalized,0.14548725109402316,0.012139352820009053,0.27883514936803727,2000,0.22320394140654876
ds006850,bandpower_ridge_base,4,2,combined_population,0.31714172762098364,0.1762664141203388,0.45801704112162844,2000,0.21019035199129998
ds006850,bandpower_ridge_base,4,2,combined_personalized,0.37047581606750607,0.22666780404149792,0.5142838280935143,2000,0.20937897375628642
ds006850,bandpower_ridge_base,4,4,prior,0.3122403043035985,0.18179532944905982,0.44268527915813716,2000,0.19083260489510495
ds006850,bandpower_ridge_base,4,4,prior_personalized,0.3752071982537277,0.23625296868119108,0.5141614278262644,2000,0.19380600185514676
ds006850,bandpower_ridge_base,4,4,eeg_population,0.026200574699737755,-0.0678697124851474,0.12027086188462291,2000,0.21739113645915675
ds006850,bandpower_ridge_base,4,4,eeg_personalized,0.15112920900396956,0.01845742731042138,0.28380099069751774,2000,0.22312893388115224
ds006850,bandpower_ridge_base,4,4,combined_population,0.30714634572237703,0.17375426665780105,0.44053842478695304,2000,0.19680156653616696
ds006850,bandpower_ridge_base,4,4,combined_personalized,0.3678963699471144,0.22873246080382267,0.5070602790904061,2000,0.1991925177042118
ds006850,bandpower_ridge_base,4,8,prior,0.34077330322157423,0.21607675819576388,0.4654698482473846,2000,0.18296729312354318
ds006850,bandpower_ridge_base,4,8,prior_personalized,0.40644593928664674,0.2734856376771213,0.5394062408961722,2000,0.18546543187314518
ds006850,bandpower_ridge_base,4,8,eeg_population,0.008278705497996681,-0.07740490928651501,0.09396232028250838,2000,0.21957182436812167
ds006850,bandpower_ridge_base,4,8,eeg_personalized,0.15004738626982425,0.01777241270611446,0.28232235983353404,2000,0.22368333995440395
ds006850,bandpower_ridge_base,4,8,combined_population,0.32285697204749975,0.19452875418534402,0.4511851899096555,2000,0.1930325094892408
ds006850,bandpower_ridge_base,4,8,combined_personalized,0.3966583844575256,0.26246949667888464,0.5308472722361666,2000,0.19246603245829255
ds006850,bandpower_ridge_base,8,0,prior,-6.635784198480622e-16,-5.58136890893139e-15,4.2542120692352654e-15,2000,0.20432291577740386
ds006850,bandpower_ridge_base,8,0,prior_personalized,0.15644082287591965,0.04918720344839622,0.2636944423034431,2000,0.20188437258509112
ds006850,bandpower_ridge_base,8,0,eeg_population,0.01056428331934384,-0.08130958463160398,0.10243815127029166,2000,0.21862456227357976
ds006850,bandpower_ridge_base,8,0,eeg_personalized,0.14550027493389778,0.0156009402156565,0.27539960965213905,2000,0.21141875111856973
ds006850,bandpower_ridge_base,8,0,combined_population,0.008094316706140064,-0.07502264822953757,0.0912112816418177,2000,0.2165682002620073
ds006850,bandpower_ridge_base,8,0,combined_personalized,0.15170862675118785,0.029002558812958643,0.27441469468941704,2000,0.2090775253757589
ds006850,bandpower_ridge_base,8,1,prior,0.2524773125728417,0.09943658166152508,0.40551804348415826,2000,0.23557692307692296
ds006850,bandpower_ridge_base,8,1,prior_personalized,0.3108629427789764,0.16350147148291203,0.4582244140750408,2000,0.23852550776845435
ds006850,bandpower_ridge_base,8,1,eeg_population,0.012086719656647085,-0.07861881909175521,0.10279225840504937,2000,0.21868075845204848
ds006850,bandpower_ridge_base,8,1,eeg_personalized,0.14869700392657412,0.019233708649544018,0.2781602992036042,2000,0.21081861341228153
ds006850,bandpower_ridge_base,8,1,combined_population,0.24809304820512837,0.09709536144364736,0.3990907349666094,2000,0.24542738456454072
ds006850,bandpower_ridge_base,8,1,combined_personalized,0.30601273495631115,0.15951184868771887,0.45251362122490346,2000,0.2435410536383294
ds006850,bandpower_ridge_base,8,2,prior,0.3327785294901091,0.18930871812632624,0.476248340853892,2000,0.2026005244755245
ds006850,bandpower_ridge_base,8,2,prior_personalized,0.3927762479587605,0.2514966184385673,0.5340558774789537,2000,0.20132381886625828
ds006850,bandpower_ridge_base,8,2,eeg_population,0.015126090641382478,-0.07667888597308369,0.10693106725584865,2000,0.21829654765226675
ds006850,bandpower_ridge_base,8,2,eeg_personalized,0.14542331313424833,0.014411086025039738,0.27643554024345696,2000,0.21143038986463214
ds006850,bandpower_ridge_base,8,2,combined_population,0.31714172762098364,0.1762664141203388,0.45801704112162844,2000,0.21019035199129998
ds006850,bandpower_ridge_base,8,2,combined_personalized,0.37926476282112176,0.23881870806132885,0.5197108175809146,2000,0.20547358718939512
ds006850,bandpower_ridge_base,8,4,prior,0.3122403043035985,0.18179532944905982,0.44268527915813716,2000,0.19083260489510495
ds006850,bandpower_ridge_base,8,4,prior_personalized,0.387435012462399,0.2561385280432227,0.5187314968815753,2000,0.18921040729934963
ds006850,bandpower_ridge_base,8,4,eeg_population,0.026200574699737755,-0.0678697124851474,0.12027086188462291,2000,0.21739113645915675
ds006850,bandpower_ridge_base,8,4,eeg_personalized,0.15107894596081378,0.020371262237093707,0.28178662968453383,2000,0.21151785217978877
ds006850,bandpower_ridge_base,8,4,combined_population,0.30714634572237703,0.17375426665780105,0.44053842478695304,2000,0.19680156653616696
ds006850,bandpower_ridge_base,8,4,combined_personalized,0.3752228574517388,0.24116152582624112,0.5092841890772364,2000,0.19535883817858807
ds006850,bandpower_ridge_base,8,8,prior,0.34077330322157423,0.21607675819576388,0.4654698482473846,2000,0.18296729312354318
ds006850,bandpower_ridge_base,8,8,prior_personalized,0.41814287956601015,0.2927700025510962,0.5435157565809241,2000,0.1799196406456151
ds006850,bandpower_ridge_base,8,8,eeg_population,0.008278705497996681,-0.07740490928651501,0.09396232028250838,2000,0.21957182436812167
ds006850,bandpower_ridge_base,8,8,eeg_personalized,0.15003196614355516,0.021643333063316894,0.2784205992237934,2000,0.21190416949786509
ds006850,bandpower_ridge_base,8,8,combined_population,0.32285697204749975,0.19452875418534402,0.4511851899096555,2000,0.1930325094892408
ds006850,bandpower_ridge_base,8,8,combined_personalized,0.404626973016658,0.2766486315475501,0.5326053144857659,2000,0.18718561041748932
ds006850,bandpower_ridge_strong,0,0,prior,-6.635784198480622e-16,-5.58136890893139e-15,4.2542120692352654e-15,2000,0.20432291577740386
ds006850,bandpower_ridge_strong,0,0,prior_personalized,-6.635784198480622e-16,-5.58136890893139e-15,4.2542120692352654e-15,2000,0.20432291577740386
ds006850,bandpower_ridge_strong,0,0,eeg_population,-0.005174736366955383,-0.07181870263071045,0.06146922989679969,2000,0.21561115454595417
ds006850,bandpower_ridge_strong,0,0,eeg_personalized,-0.005174736366955383,-0.07181870263071045,0.06146922989679969,2000,0.21561115454595417
ds006850,bandpower_ridge_strong,0,0,combined_population,-0.012123062089835424,-0.07076446658983676,0.046518342410165905,2000,0.2136790662481165
ds006850,bandpower_ridge_strong,0,0,combined_personalized,-0.012123062089835424,-0.07076446658983676,0.046518342410165905,2000,0.2136790662481165
ds006850,bandpower_ridge_strong,0,1,prior,0.2524773125728417,0.09943658166152508,0.40551804348415826,2000,0.23557692307692296
ds006850,bandpower_ridge_strong,0,1,prior_personalized,0.2524773125728417,0.09943658166152508,0.40551804348415826,2000,0.23557692307692296
ds006850,bandpower_ridge_strong,0,1,eeg_population,-0.003037706620635818,-0.06939101107413655,0.0633155978328649,2000,0.21551548189379077
ds006850,bandpower_ridge_strong,0,1,eeg_personalized,-0.003037706620635818,-0.06939101107413655,0.0633155978328649,2000,0.21551548189379077
ds006850,bandpower_ridge_strong,0,1,combined_population,0.24262947397367363,0.08911549510295444,0.3961434528443928,2000,0.24187651159747872
ds006850,bandpower_ridge_strong,0,1,combined_personalized,0.24262947397367363,0.08911549510295444,0.3961434528443928,2000,0.24187651159747872
ds006850,bandpower_ridge_strong,0,2,prior,0.3327785294901091,0.18930871812632624,0.476248340853892,2000,0.2026005244755245
ds006850,bandpower_ridge_strong,0,2,prior_personalized,0.3327785294901091,0.18930871812632624,0.476248340853892,2000,0.2026005244755245
ds006850,bandpower_ridge_strong,0,2,eeg_population,-0.002080799483007185,-0.06850561074805338,0.06434401178203901,2000,0.21559535651692974
ds006850,bandpower_ridge_strong,0,2,eeg_personalized,-0.002080799483007185,-0.06850561074805338,0.06434401178203901,2000,0.21559535651692974
ds006850,bandpower_ridge_strong,0,2,combined_population,0.31303559422224964,0.16830268313340507,0.4577685053110942,2000,0.20789962805776888
ds006850,bandpower_ridge_strong,0,2,combined_personalized,0.31303559422224964,0.16830268313340507,0.4577685053110942,2000,0.20789962805776888
ds006850,bandpower_ridge_strong,0,4,prior,0.3122403043035985,0.18179532944905982,0.44268527915813716,2000,0.19083260489510495
ds006850,bandpower_ridge_strong,0,4,prior_personalized,0.3122403043035985,0.18179532944905982,0.44268527915813716,2000,0.19083260489510495
ds006850,bandpower_ridge_strong,0,4,eeg_population,0.0070342028741832655,-0.060869841067477705,0.07493824681584424,2000,0.21468434500902892
ds006850,bandpower_ridge_strong,0,4,eeg_personalized,0.0070342028741832655,-0.060869841067477705,0.07493824681584424,2000,0.21468434500902892
ds006850,bandpower_ridge_strong,0,4,combined_population,0.2990889982632157,0.16359641530594496,0.4345815812204865,2000,0.1939842481041224
ds006850,bandpower_ridge_strong,0,4,combined_personalized,0.2990889982632157,0.16359641530594496,0.4345815812204865,2000,0.1939842481041224
ds006850,bandpower_ridge_strong,0,8,prior,0.34077330322157423,0.21607675819576388,0.4654698482473846,2000,0.18296729312354318
ds006850,bandpower_ridge_strong,0,8,prior_personalized,0.34077330322157423,0.21607675819576388,0.4654698482473846,2000,0.18296729312354318
ds006850,bandpower_ridge_strong,0,8,eeg_population,-0.0008398697905440428,-0.062276691869684105,0.060596952288596025,2000,0.21477597095323472
ds006850,bandpower_ridge_strong,0,8,eeg_personalized,-0.0008398697905440428,-0.062276691869684105,0.060596952288596025,2000,0.21477597095323472
ds006850,bandpower_ridge_strong,0,8,combined_population,0.3245796711362553,0.196478233579748,0.45268110869276257,2000,0.1894181957796353
ds006850,bandpower_ridge_strong,0,8,combined_personalized,0.3245796711362553,0.196478233579748,0.45268110869276257,2000,0.1894181957796353
ds006850,bandpower_ridge_strong,1,0,prior,-6.635784198480622e-16,-5.58136890893139e-15,4.2542120692352654e-15,2000,0.20432291577740386
ds006850,bandpower_ridge_strong,1,0,prior_personalized,0.0827465866520994,-0.042535461921800646,0.20802863522599946,2000,0.25261502526773405
ds006850,bandpower_ridge_strong,1,0,eeg_population,-0.005174736366955383,-0.07181870263071045,0.06146922989679969,2000,0.21561115454595417
ds006850,bandpower_ridge_strong,1,0,eeg_personalized,0.08893222604694931,-0.043323137773457226,0.22118758986735584,2000,0.2769655997717706
ds006850,bandpower_ridge_strong,1,0,combined_population,-0.012123062089835424,-0.07076446658983676,0.046518342410165905,2000,0.2136790662481165
ds006850,bandpower_ridge_strong,1,0,combined_personalized,0.08102299647396845,-0.04692781052883123,0.20897380347676814,2000,0.25628613555245705
ds006850,bandpower_ridge_strong,1,1,prior,0.2524773125728417,0.09943658166152508,0.40551804348415826,2000,0.23557692307692296
ds006850,bandpower_ridge_strong,1,1,prior_personalized,0.23463677155563079,0.08797915064996781,0.38129439246129376,2000,0.2854217805925801
ds006850,bandpower_ridge_strong,1,1,eeg_population,-0.003037706620635818,-0.06939101107413656,0.06331559783286492,2000,0.21551548189379077
ds006850,bandpower_ridge_strong,1,1,eeg_personalized,0.08921416029010619,-0.04299107628035907,0.22141939686057144,2000,0.2772261162249202
ds006850,bandpower_ridge_strong,1,1,combined_population,0.24262947397367363,0.08911549510295444,0.3961434528443928,2000,0.24187651159747872
ds006850,bandpower_ridge_strong,1,1,combined_personalized,0.2293456592711139,0.0822917025489247,0.37639961599330307,2000,0.28919063930329975
ds006850,bandpower_ridge_strong,1,2,prior,0.3327785294901091,0.18930871812632624,0.476248340853892,2000,0.2026005244755245
ds006850,bandpower_ridge_strong,1,2,prior_personalized,0.2783210358552465,0.1320318256143272,0.42461024609616577,2000,0.2547554287518416
ds006850,bandpower_ridge_strong,1,2,eeg_population,-0.002080799483007185,-0.06850561074805336,0.064344011782039,2000,0.21559535651692974
ds006850,bandpower_ridge_strong,1,2,eeg_personalized,0.08845589442363054,-0.043964968940860924,0.220876757788122,2000,0.2773529967762736
ds006850,bandpower_ridge_strong,1,2,combined_population,0.31303559422224964,0.16830268313340507,0.4577685053110942,2000,0.20789962805776888
ds006850,bandpower_ridge_strong,1,2,combined_personalized,0.27204741241935537,0.12595469304795423,0.4181401317907565,2000,0.2584800422662498
ds006850,bandpower_ridge_strong,1,4,prior,0.3122403043035985,0.18179532944905982,0.44268527915813716,2000,0.19083260489510495
ds006850,bandpower_ridge_strong,1,4,prior_personalized,0.2658909927174616,0.12185601516534636,0.4099259702695768,2000,0.24327866513364543
ds006850,bandpower_ridge_strong,1,4,eeg_population,0.007034202874183734,-0.06086984106747723,0.0749382468158447,2000,0.21468434500902892
ds006850,bandpower_ridge_strong,1,4,eeg_personalized,0.09158431004577902,-0.04032013498710374,0.22348875507866178,2000,0.2785648368411036
ds006850,bandpower_ridge_strong,1,4,combined_population,0.2990889982632157,0.16359641530594496,0.4345815812204865,2000,0.1939842481041224
ds006850,bandpower_ridge_strong,1,4,combined_personalized,0.26032343118324786,0.11602168054046513,0.4046251818260306,2000,0.2484658084595328
ds006850,bandpower_ridge_strong,1,8,prior,0.34077330322157423,0.21607675819576388,0.4654698482473846,2000,0.18296729312354318
ds006850,bandpower_ridge_strong,1,8,prior_personalized,0.28504044211419177,0.14320165232675544,0.42687923190162813,2000,0.2400889356074337
ds006850,bandpower_ridge_strong,1,8,eeg_population,-0.0008398697905440428,-0.06227669186968411,0.06059695228859603,2000,0.21477597095323472
ds006850,bandpower_ridge_strong,1,8,eeg_personalized,0.08993647575734062,-0.04184298849409343,0.22171594000877468,2000,0.2803323871033353
ds006850,bandpower_ridge_strong,1,8,combined_population,0.3245796711362553,0.196478233579748,0.45268110869276257,2000,0.1894181957796353
ds006850,bandpower_ridge_strong,1,8,combined_personalized,0.2775234874034459,0.13411376396191524,0.4209332108449766,2000,0.244623777099703
ds006850,bandpower_ridge_strong,2,0,prior,-6.635784198480622e-16,-5.58136890893139e-15,4.2542120692352654e-15,2000,0.20432291577740386
ds006850,bandpower_ridge_strong,2,0,prior_personalized,0.14096237191529984,0.02700998472098852,0.25491475910961114,2000,0.22603625471735964
ds006850,bandpower_ridge_strong,2,0,eeg_population,-0.005174736366955383,-0.07181870263071045,0.06146922989679969,2000,0.21561115454595417
ds006850,bandpower_ridge_strong,2,0,eeg_personalized,0.13110365900282256,0.012108004444076365,0.2500993135615688,2000,0.2411625028851327
ds006850,bandpower_ridge_strong,2,0,combined_population,-0.012123062089835424,-0.07076446658983676,0.046518342410165905,2000,0.2136790662481165
ds006850,bandpower_ridge_strong,2,0,combined_personalized,0.14643996369728762,0.02727814298114424,0.265601784413431,2000,0.22807480225439872
ds006850,bandpower_ridge_strong,2,1,prior,0.2524773125728417,0.09943658166152508,0.40551804348415826,2000,0.23557692307692296
ds006850,bandpower_ridge_strong,2,1,prior_personalized,0.28256211912808604,0.1352252995638066,0.4298989386923655,2000,0.25671346649395743
ds006850,bandpower_ridge_strong,2,1,eeg_population,-0.0030377066206358156,-0.06939101107413655,0.0633155978328649,2000,0.21551548189379077
ds006850,bandpower_ridge_strong,2,1,eeg_personalized,0.1327008244299567,0.013955160327411398,0.251446488532502,2000,0.24071810945042257
ds006850,bandpower_ridge_strong,2,1,combined_population,0.24262947397367354,0.08911549510295436,0.39614345284439273,2000,0.24187651159747872
ds006850,bandpower_ridge_strong,2,1,combined_personalized,0.28394195860518173,0.13588492480617456,0.43199899240418893,2000,0.25814699576521744
ds006850,bandpower_ridge_strong,2,2,prior,0.3327785294901091,0.18930871812632624,0.476248340853892,2000,0.2026005244755245
ds006850,bandpower_ridge_strong,2,2,prior_personalized,0.3508125268936441,0.20851285014193882,0.4931122036453494,2000,0.22226218799524947
ds006850,bandpower_ridge_strong,2,2,eeg_population,-0.002080799483006881,-0.06850561074805307,0.06434401178203931,2000,0.21559535651692974
ds006850,bandpower_ridge_strong,2,2,eeg_personalized,0.13038776858037698,0.011538267869633537,0.24923726929112044,2000,0.24093463734701506
ds006850,bandpower_ridge_strong,2,2,combined_population,0.31303559422224964,0.1683026831334051,0.45776850531109414,2000,0.20789962805776888
ds006850,bandpower_ridge_strong,2,2,combined_personalized,0.3512023869976275,0.20961115254656873,0.4927936214486863,2000,0.22295872978758807
ds006850,bandpower_ridge_strong,2,4,prior,0.3122403043035985,0.18179532944905982,0.44268527915813716,2000,0.19083260489510495
ds006850,bandpower_ridge_strong,2,4,prior_personalized,0.34359431603158197,0.20987779289021605,0.4773108391729479,2000,0.21281763101054157
ds006850,bandpower_ridge_strong,2,4,eeg_population,0.007034202874183729,-0.06086984106747724,0.0749382468158447,2000,0.21468434500902892
ds006850,bandpower_ridge_strong,2,4,eeg_personalized,0.13401738858728146,0.01564040350848217,0.25239437366608075,2000,0.24106168491334215
ds006850,bandpower_ridge_strong,2,4,combined_population,0.2990889982632157,0.16359641530594496,0.4345815812204865,2000,0.1939842481041224
ds006850,bandpower_ridge_strong,2,4,combined_personalized,0.34547369144722867,0.21150480722559103,0.4794425756688663,2000,0.21349209936242158
ds006850,bandpower_ridge_strong,2,8,prior,0.34077330322157423,0.21607675819576388,0.4654698482473846,2000,0.18296729312354318
ds006850,bandpower_ridge_strong,2,8,prior_personalized,0.37250512896935495,0.24378532018658064,0.5012249377521293,2000,0.20430051582045555
ds006850,bandpower_ridge_strong,2,8,eeg_population,-0.0008398697905440428,-0.062276691869684105,0.060596952288596025,2000,0.21477597095323472
ds006850,bandpower_ridge_strong,2,8,eeg_personalized,0.13328243751019336,0.015186193661836891,0.25137868135854985,2000,0.2412388415208287
ds006850,bandpower_ridge_strong,2,8,combined_population,0.3245796711362553,0.196478233579748,0.45268110869276257,2000,0.1894181957796353
ds006850,bandpower_ridge_strong,2,8,combined_personalized,0.37402825651751687,0.24507727048644584,0.502979242548588,2000,0.20496148338383255
ds006850,bandpower_ridge_strong,4,0,prior,-6.635784198480622e-16,-5.58136890893139e-15,4.2542120692352654e-15,2000,0.20432291577740386
ds006850,bandpower_ridge_strong,4,0,prior_personalized,0.15361825253941758,0.0370976837378645,0.27013882134097067,2000,0.20806822020552457
ds006850,bandpower_ridge_strong,4,0,eeg_population,-0.005174736366955207,-0.07181870263071029,0.06146922989679988,2000,0.21561115454595411
ds006850,bandpower_ridge_strong,4,0,eeg_personalized,0.15097964411188972,0.02119830113141774,0.2807609870923617,2000,0.2191184562570955
ds006850,bandpower_ridge_strong,4,0,combined_population,-0.012123062089835218,-0.07076446658983655,0.046518342410166114,2000,0.2136790662481165
ds006850,bandpower_ridge_strong,4,0,combined_personalized,0.15095360230662583,0.025763288548834723,0.2761439160644169,2000,0.2124153288614395
ds006850,bandpower_ridge_strong,4,1,prior,0.2524773125728417,0.09943658166152508,0.40551804348415826,2000,0.23557692307692296
ds006850,bandpower_ridge_strong,4,1,prior_personalized,0.3023803686005889,0.15051493443430722,0.45424580276687065,2000,0.24281870875019912
ds006850,bandpower_ridge_strong,4,1,eeg_population,-0.0030377066206358294,-0.06939101107413657,0.0633155978328649,2000,0.21551548189379077
ds006850,bandpower_ridge_strong,4,1,eeg_personalized,0.15194830073101379,0.022450929454499807,0.2814456720075278,2000,0.21913709444869373
ds006850,bandpower_ridge_strong,4,1,combined_population,0.2426294739736734,0.08911549510295422,0.39614345284439256,2000,0.24187651159747875
ds006850,bandpower_ridge_strong,4,1,combined_personalized,0.29871286750043724,0.14620860830071625,0.45121712670015823,2000,0.2453414175113866
ds006850,bandpower_ridge_strong,4,2,prior,0.3327785294901091,0.18930871812632624,0.476248340853892,2000,0.2026005244755245
ds006850,bandpower_ridge_strong,4,2,prior_personalized,0.38058695888078226,0.23466706170945872,0.5265068560521058,2000,0.20580589164016772
ds006850,bandpower_ridge_strong,4,2,eeg_population,-0.0020807994830070392,-0.06850561074805325,0.06434401178203916,2000,0.21559535651692974
ds006850,bandpower_ridge_strong,4,2,eeg_personalized,0.14885966530568204,0.01903715070598047,0.2786821799053836,2000,0.2194699488856798
ds006850,bandpower_ridge_strong,4,2,combined_population,0.3130355942222497,0.16830268313340516,0.45776850531109425,2000,0.20789962805776888
ds006850,bandpower_ridge_strong,4,2,combined_personalized,0.3718776950405104,0.2252649078704782,0.5184904822105425,2000,0.20815273834393572
ds006850,bandpower_ridge_strong,4,4,prior,0.3122403043035985,0.18179532944905982,0.44268527915813716,2000,0.19083260489510495
ds006850,bandpower_ridge_strong,4,4,prior_personalized,0.3752071982537277,0.23625296868119108,0.5141614278262644,2000,0.19380600185514676
ds006850,bandpower_ridge_strong,4,4,eeg_population,0.007034202874183571,-0.060869841067477386,0.07493824681584453,2000,0.21468434500902886
ds006850,bandpower_ridge_strong,4,4,eeg_personalized,0.15362013184336315,0.02446136173381583,0.28277890195291044,2000,0.21934688031955357
ds006850,bandpower_ridge_strong,4,4,combined_population,0.2990889982632158,0.16359641530594501,0.4345815812204865,2000,0.1939842481041224
ds006850,bandpower_ridge_strong,4,4,combined_personalized,0.3685345103380793,0.2275219289017793,0.5095470917743794,2000,0.19709494629332402
ds006850,bandpower_ridge_strong,4,8,prior,0.34077330322157423,0.21607675819576388,0.4654698482473846,2000,0.18296729312354318
ds006850,bandpower_ridge_strong,4,8,prior_personalized,0.40644593928664674,0.2734856376771213,0.5394062408961722,2000,0.18546543187314518
ds006850,bandpower_ridge_strong,4,8,eeg_population,-0.0008398697905442218,-0.0622766918696843,0.06059695228859586,2000,0.21477597095323472
ds006850,bandpower_ridge_strong,4,8,eeg_personalized,0.1527216164560171,0.02387041879388266,0.2815728141181515,2000,0.21907510620866058
ds006850,bandpower_ridge_strong,4,8,combined_population,0.3245796711362553,0.196478233579748,0.45268110869276257,2000,0.1894181957796353
ds006850,bandpower_ridge_strong,4,8,combined_personalized,0.39845943374778947,0.2632661244043446,0.5336527430912343,2000,0.1895558091837059
ds006850,bandpower_ridge_strong,8,0,prior,-6.635784198480622e-16,-5.58136890893139e-15,4.2542120692352654e-15,2000,0.20432291577740386
ds006850,bandpower_ridge_strong,8,0,prior_personalized,0.15644082287591965,0.04918720344839622,0.2636944423034431,2000,0.20188437258509112
ds006850,bandpower_ridge_strong,8,0,eeg_population,-0.005174736366955207,-0.07181870263071029,0.06146922989679988,2000,0.21561115454595411
ds006850,bandpower_ridge_strong,8,0,eeg_personalized,0.14636730757101418,0.022962412077630445,0.2697722030643979,2000,0.20779230999060125
ds006850,bandpower_ridge_strong,8,0,combined_population,-0.012123062089835218,-0.07076446658983655,0.046518342410166114,2000,0.2136790662481165
ds006850,bandpower_ridge_strong,8,0,combined_personalized,0.14595665544111175,0.028442815887267228,0.2634704949949563,2000,0.20699082353308543
ds006850,bandpower_ridge_strong,8,1,prior,0.2524773125728417,0.09943658166152508,0.40551804348415826,2000,0.23557692307692296
ds006850,bandpower_ridge_strong,8,1,prior_personalized,0.3108629427789764,0.16350147148291203,0.4582244140750408,2000,0.23852550776845435
ds006850,bandpower_ridge_strong,8,1,eeg_population,-0.0030377066206358294,-0.06939101107413657,0.0633155978328649,2000,0.21551548189379077
ds006850,bandpower_ridge_strong,8,1,eeg_personalized,0.1480658965195783,0.024708721359885708,0.2714230716792709,2000,0.20747407000716117
ds006850,bandpower_ridge_strong,8,1,combined_population,0.2426294739736734,0.08911549510295422,0.39614345284439256,2000,0.24187651159747875
ds006850,bandpower_ridge_strong,8,1,combined_personalized,0.3042198964999326,0.1560782512333852,0.45236154176647997,2000,0.24082872810353867
ds006850,bandpower_ridge_strong,8,2,prior,0.3327785294901091,0.18930871812632624,0.476248340853892,2000,0.2026005244755245
ds006850,bandpower_ridge_strong,8,2,prior_personalized,0.3927762479587605,0.2514966184385673,0.5340558774789537,2000,0.20132381886625828
ds006850,bandpower_ridge_strong,8,2,eeg_population,-0.0020807994830070392,-0.06850561074805325,0.06434401178203916,2000,0.21559535651692974
ds006850,bandpower_ridge_strong,8,2,eeg_personalized,0.1465744811298457,0.022983777674445455,0.27016518458524597,2000,0.20789350164809065
ds006850,bandpower_ridge_strong,8,2,combined_population,0.3130355942222497,0.16830268313340516,0.45776850531109425,2000,0.20789962805776888
ds006850,bandpower_ridge_strong,8,2,combined_personalized,0.3799265621673532,0.23760094144624178,0.5222521828884646,2000,0.20398831606619455
ds006850,bandpower_ridge_strong,8,4,prior,0.3122403043035985,0.18179532944905982,0.44268527915813716,2000,0.19083260489510495
ds006850,bandpower_ridge_strong,8,4,prior_personalized,0.387435012462399,0.2561385280432227,0.5187314968815753,2000,0.18921040729934963
ds006850,bandpower_ridge_strong,8,4,eeg_population,0.007034202874183571,-0.060869841067477386,0.07493824681584453,2000,0.21468434500902886
ds006850,bandpower_ridge_strong,8,4,eeg_personalized,0.15208446638369635,0.028953426161289167,0.27521550660610355,2000,0.2078949403885067
ds006850,bandpower_ridge_strong,8,4,combined_population,0.2990889982632158,0.16359641530594501,0.4345815812204865,2000,0.1939842481041224
ds006850,bandpower_ridge_strong,8,4,combined_personalized,0.3757381766144595,0.24127560514096863,0.5102007480879505,2000,0.19267126159115283
ds006850,bandpower_ridge_strong,8,8,prior,0.34077330322157423,0.21607675819576388,0.4654698482473846,2000,0.18296729312354318
ds006850,bandpower_ridge_strong,8,8,prior_personalized,0.41814287956601015,0.2927700025510962,0.5435157565809241,2000,0.1799196406456151
ds006850,bandpower_ridge_strong,8,8,eeg_population,-0.0008398697905442218,-0.0622766918696843,0.06059695228859586,2000,0.21477597095323472
ds006850,bandpower_ridge_strong,8,8,eeg_personalized,0.150577339897529,0.028672229230909382,0.2724824505641486,2000,0.20731943073340214
ds006850,bandpower_ridge_strong,8,8,combined_population,0.3245796711362553,0.196478233579748,0.45268110869276257,2000,0.1894181957796353
ds006850,bandpower_ridge_strong,8,8,combined_personalized,0.40503555672038016,0.27663073419331774,0.5334403792474426,2000,0.18464771897697702
ds006850,eegnet_lr1e3,0,0,prior,-6.635784198480622e-16,-5.58136890893139e-15,4.2542120692352654e-15,2000,0.20432291577740386
ds006850,eegnet_lr1e3,0,0,prior_personalized,-6.635784198480622e-16,-5.58136890893139e-15,4.2542120692352654e-15,2000,0.20432291577740386
ds006850,eegnet_lr1e3,0,0,eeg_population,0.019172480506750033,-0.01427664821203731,0.05262160922553738,2000,0.207306459030303
ds006850,eegnet_lr1e3,0,0,eeg_personalized,0.019172482014608846,-0.014276647251408377,0.05262161128062607,2000,0.20730645863951502
ds006850,eegnet_lr1e3,0,0,combined_population,0.010144771042117608,-0.018058993355087472,0.03834853543932269,2000,0.20501719480817387
ds006850,eegnet_lr1e3,0,0,combined_personalized,0.010144771042117608,-0.018058993355087472,0.03834853543932269,2000,0.20501719480817387
ds006850,eegnet_lr1e3,0,1,prior,0.2524773125728417,0.09943658166152508,0.40551804348415826,2000,0.23557692307692296
ds006850,eegnet_lr1e3,0,1,prior_personalized,0.2524773125728417,0.09943658166152508,0.40551804348415826,2000,0.23557692307692296
ds006850,eegnet_lr1e3,0,1,eeg_population,0.009980592924219968,-0.016266725579693803,0.03622791142813374,2000,0.2054196462097902
ds006850,eegnet_lr1e3,0,1,eeg_personalized,0.009980590120208811,-0.016266730247816483,0.03622791048823411,2000,0.20541964619309755
ds006850,eegnet_lr1e3,0,1,combined_population,0.25857716914351053,0.10721724519524642,0.4099370930917746,2000,0.23714133055446376
ds006850,eegnet_lr1e3,0,1,combined_personalized,0.25857716914351053,0.10721724519524642,0.4099370930917746,2000,0.23714133055446376
ds006850,eegnet_lr1e3,0,2,prior,0.3327785294901091,0.18930871812632624,0.476248340853892,2000,0.2026005244755245
ds006850,eegnet_lr1e3,0,2,prior_personalized,0.3327785294901091,0.18930871812632624,0.476248340853892,2000,0.2026005244755245
ds006850,eegnet_lr1e3,0,2,eeg_population,0.018706713555152556,-0.01173092940843553,0.04914435651874064,2000,0.2065882863006993
ds006850,eegnet_lr1e3,0,2,eeg_personalized,0.01870671745887382,-0.011730924329992332,0.049144359247739966,2000,0.20658828550146452
ds006850,eegnet_lr1e3,0,2,combined_population,0.3472962983446062,0.20560923033427134,0.488983366354941,2000,0.2035354727174318
ds006850,eegnet_lr1e3,0,2,combined_personalized,0.3472962983446062,0.20560923033427134,0.488983366354941,2000,0.2035354727174318
ds006850,eegnet_lr1e3,0,4,prior,0.3122403043035985,0.18179532944905982,0.44268527915813716,2000,0.19083260489510495
ds006850,eegnet_lr1e3,0,4,prior_personalized,0.3122403043035985,0.18179532944905982,0.44268527915813716,2000,0.19083260489510495
ds006850,eegnet_lr1e3,0,4,eeg_population,0.011937288225114527,-0.025433643764007405,0.04930822021423646,2000,0.20605187901864802
ds006850,eegnet_lr1e3,0,4,eeg_personalized,0.011937290166231625,-0.02543364168615991,0.04930822201862316,2000,0.20605187866237618
ds006850,eegnet_lr1e3,0,4,combined_population,0.3239084768071994,0.19423383365377983,0.453583119960619,2000,0.19154524473290407
ds006850,eegnet_lr1e3,0,4,combined_personalized,0.3239084768071994,0.19423383365377983,0.453583119960619,2000,0.19154524473290407
ds006850,eegnet_lr1e3,0,8,prior,0.34077330322157423,0.21607675819576388,0.4654698482473846,2000,0.18296729312354318
ds006850,eegnet_lr1e3,0,8,prior_personalized,0.34077330322157423,0.21607675819576388,0.4654698482473846,2000,0.18296729312354318
ds006850,eegnet_lr1e3,0,8,eeg_population,0.018921326290052873,-0.018069124916252115,0.05591177749635786,2000,0.2059638683356643
ds006850,eegnet_lr1e3,0,8,eeg_personalized,0.018921326592309003,-0.018069125332976894,0.0559117785175949,2000,0.2059638679166496
ds006850,eegnet_lr1e3,0,8,combined_population,0.35765749646767675,0.232027705326916,0.48328728760843753,2000,0.18315228357688945
ds006850,eegnet_lr1e3,0,8,combined_personalized,0.35765749646767675,0.232027705326916,0.48328728760843753,2000,0.18315228357688945
ds006850,eegnet_lr1e3,1,0,prior,-6.635784198480622e-16,-5.58136890893139e-15,4.2542120692352654e-15,2000,0.20432291577740386
ds006850,eegnet_lr1e3,1,0,prior_personalized,0.0827465866520994,-0.042535461921800646,0.20802863522599946,2000,0.25261502526773405
ds006850,eegnet_lr1e3,1,0,eeg_population,0.019172480506750033,-0.01427664821203731,0.05262160922553738,2000,0.207306459030303
ds006850,eegnet_lr1e3,1,0,eeg_personalized,0.09240764663371315,-0.03512423739490672,0.21993953066233302,2000,0.2751119487039693
ds006850,eegnet_lr1e3,1,0,combined_population,0.010144771042117608,-0.018058993355087472,0.03834853543932269,2000,0.20501719480817387
ds006850,eegnet_lr1e3,1,0,combined_personalized,0.08938922189301837,-0.035878459075742386,0.21465690286177913,2000,0.254361871971652
ds006850,eegnet_lr1e3,1,1,prior,0.2524773125728417,0.09943658166152508,0.40551804348415826,2000,0.23557692307692296
ds006850,eegnet_lr1e3,1,1,prior_personalized,0.23463677155563079,0.08797915064996781,0.38129439246129376,2000,0.2854217805925801
ds006850,eegnet_lr1e3,1,1,eeg_population,0.009980592924219968,-0.016266725579693803,0.03622791142813374,2000,0.2054196462097902
ds006850,eegnet_lr1e3,1,1,eeg_personalized,0.09246909304963424,-0.036389928675315236,0.22132811477458372,2000,0.2734749799008137
ds006850,eegnet_lr1e3,1,1,combined_population,0.25857716914351053,0.10721724519524642,0.4099370930917746,2000,0.23714133055446376
ds006850,eegnet_lr1e3,1,1,combined_personalized,0.24011549136023072,0.09457054324546019,0.3856604394750013,2000,0.2870749499310695
ds006850,eegnet_lr1e3,1,2,prior,0.3327785294901091,0.18930871812632624,0.476248340853892,2000,0.2026005244755245
ds006850,eegnet_lr1e3,1,2,prior_personalized,0.2783210358552465,0.1320318256143272,0.42461024609616577,2000,0.2547554287518416
ds006850,eegnet_lr1e3,1,2,eeg_population,0.018706713555152556,-0.01173092940843553,0.04914435651874064,2000,0.2065882863006993
ds006850,eegnet_lr1e3,1,2,eeg_personalized,0.09088144209960468,-0.03614909928992523,0.2179119834891346,2000,0.2753643104038038
ds006850,eegnet_lr1e3,1,2,combined_population,0.3472962983446062,0.20560923033427134,0.488983366354941,2000,0.2035354727174318
ds006850,eegnet_lr1e3,1,2,combined_personalized,0.2828894857082494,0.1382200441858212,0.42755892723067757,2000,0.25920705603700495
ds006850,eegnet_lr1e3,1,4,prior,0.3122403043035985,0.18179532944905982,0.44268527915813716,2000,0.19083260489510495
ds006850,eegnet_lr1e3,1,4,prior_personalized,0.2658909927174616,0.12185601516534636,0.4099259702695768,2000,0.24327866513364543
ds006850,eegnet_lr1e3,1,4,eeg_population,0.011937288225114527,-0.025433643764007405,0.04930822021423646,2000,0.20605187901864802
ds006850,eegnet_lr1e3,1,4,eeg_personalized,0.09074674077218893,-0.03730603707279727,0.21879951861717511,2000,0.2764846388901864
ds006850,eegnet_lr1e3,1,4,combined_population,0.3239084768071994,0.19423383365377983,0.453583119960619,2000,0.19154524473290407
ds006850,eegnet_lr1e3,1,4,combined_personalized,0.2722594260765151,0.1290511715073637,0.4154676806456665,2000,0.24530265594172262
ds006850,eegnet_lr1e3,1,8,prior,0.34077330322157423,0.21607675819576388,0.4654698482473846,2000,0.18296729312354318
ds006850,eegnet_lr1e3,1,8,prior_personalized,0.28504044211419177,0.14320165232675544,0.42687923190162813,2000,0.2400889356074337
ds006850,eegnet_lr1e3,1,8,eeg_population,0.018921326290052873,-0.018069124916252115,0.05591177749635786,2000,0.2059638683356643
ds006850,eegnet_lr1e3,1,8,eeg_personalized,0.0940441711326855,-0.03391852998423052,0.22200687224960153,2000,0.2748436027195626
ds006850,eegnet_lr1e3,1,8,combined_population,0.35765749646767675,0.232027705326916,0.48328728760843753,2000,0.18315228357688945
ds006850,eegnet_lr1e3,1,8,combined_personalized,0.29086793962524954,0.149998646314861,0.43173723293563804,2000,0.24359333064399674
ds006850,eegnet_lr1e3,2,0,prior,-6.635784198480622e-16,-5.58136890893139e-15,4.2542120692352654e-15,2000,0.20432291577740386
ds006850,eegnet_lr1e3,2,0,prior_personalized,0.14096237191529984,0.02700998472098852,0.25491475910961114,2000,0.22603625471735964
ds006850,eegnet_lr1e3,2,0,eeg_population,0.019172480506750033,-0.01427664821203731,0.05262160922553738,2000,0.207306459030303
ds006850,eegnet_lr1e3,2,0,eeg_personalized,0.13705562078308048,0.024948980729252168,0.2491622608369088,2000,0.2411264154929798
ds006850,eegnet_lr1e3,2,0,combined_population,0.010144771042117608,-0.018058993355087472,0.03834853543932269,2000,0.20501719480817387
ds006850,eegnet_lr1e3,2,0,combined_personalized,0.14583732499899868,0.0281383175033625,0.2635363324946349,2000,0.22921552299129688
ds006850,eegnet_lr1e3,2,1,prior,0.2524773125728417,0.09943658166152508,0.40551804348415826,2000,0.23557692307692296
ds006850,eegnet_lr1e3,2,1,prior_personalized,0.28256211912808604,0.1352252995638066,0.4298989386923655,2000,0.25671346649395743
ds006850,eegnet_lr1e3,2,1,eeg_population,0.009980592924219968,-0.016266725579693803,0.03622791142813374,2000,0.2054196462097902
ds006850,eegnet_lr1e3,2,1,eeg_personalized,0.13088465495306306,0.016286752541705987,0.24548255736442015,2000,0.2405829765440978
ds006850,eegnet_lr1e3,2,1,combined_population,0.25857716914351053,0.10721724519524642,0.4099370930917746,2000,0.23714133055446376
ds006850,eegnet_lr1e3,2,1,combined_personalized,0.28382902736673166,0.13759942190802557,0.43005863282543777,2000,0.2601835994535022
ds006850,eegnet_lr1e3,2,2,prior,0.3327785294901091,0.18930871812632624,0.476248340853892,2000,0.2026005244755245
ds006850,eegnet_lr1e3,2,2,prior_personalized,0.3508125268936441,0.20851285014193882,0.4931122036453494,2000,0.22226218799524947
ds006850,eegnet_lr1e3,2,2,eeg_population,0.018706713555152556,-0.01173092940843553,0.04914435651874064,2000,0.2065882863006993
ds006850,eegnet_lr1e3,2,2,eeg_personalized,0.12701852707817546,0.011809300851200966,0.24222775330514995,2000,0.24278740440006863
ds006850,eegnet_lr1e3,2,2,combined_population,0.3472962983446062,0.20560923033427134,0.488983366354941,2000,0.2035354727174318
ds006850,eegnet_lr1e3,2,2,combined_personalized,0.33508754939007834,0.18812577283103227,0.4820493259491244,2000,0.2331539393454479
ds006850,eegnet_lr1e3,2,4,prior,0.3122403043035985,0.18179532944905982,0.44268527915813716,2000,0.19083260489510495
ds006850,eegnet_lr1e3,2,4,prior_personalized,0.34359431603158197,0.20987779289021605,0.4773108391729479,2000,0.21281763101054157
ds006850,eegnet_lr1e3,2,4,eeg_population,0.011937288225114527,-0.025433643764007405,0.04930822021423646,2000,0.20605187901864802
ds006850,eegnet_lr1e3,2,4,eeg_personalized,0.13300244657720825,0.0190720747172331,0.2469328184371834,2000,0.2419455371085025
ds006850,eegnet_lr1e3,2,4,combined_population,0.3239084768071994,0.19423383365377983,0.453583119960619,2000,0.19154524473290407
ds006850,eegnet_lr1e3,2,4,combined_personalized,0.34938360440882316,0.21520419625979575,0.48356301255785056,2000,0.21592087230446105
ds006850,eegnet_lr1e3,2,8,prior,0.34077330322157423,0.21607675819576388,0.4654698482473846,2000,0.18296729312354318
ds006850,eegnet_lr1e3,2,8,prior_personalized,0.37250512896935495,0.24378532018658064,0.5012249377521293,2000,0.20430051582045555
ds006850,eegnet_lr1e3,2,8,eeg_population,0.018921326290052873,-0.018069124916252115,0.05591177749635786,2000,0.2059638683356643
ds006850,eegnet_lr1e3,2,8,eeg_personalized,0.1324308021350194,0.018292412991756504,0.2465691912782823,2000,0.24238117821948793
ds006850,eegnet_lr1e3,2,8,combined_population,0.35765749646767675,0.232027705326916,0.48328728760843753,2000,0.18315228357688945
ds006850,eegnet_lr1e3,2,8,combined_personalized,0.37085286001193696,0.23788580836435771,0.5038199116595162,2000,0.21046386933567773
ds006850,eegnet_lr1e3,4,0,prior,-6.635784198480622e-16,-5.58136890893139e-15,4.2542120692352654e-15,2000,0.20432291577740386
ds006850,eegnet_lr1e3,4,0,prior_personalized,0.15361825253941758,0.0370976837378645,0.27013882134097067,2000,0.20806822020552457
ds006850,eegnet_lr1e3,4,0,eeg_population,0.019172480506750033,-0.01427664821203731,0.05262160922553738,2000,0.207306459030303
ds006850,eegnet_lr1e3,4,0,eeg_personalized,0.16818209904272557,0.05108631912122687,0.2852778789642243,2000,0.21521144824706034
ds006850,eegnet_lr1e3,4,0,combined_population,0.010144771042117608,-0.018058993355087472,0.03834853543932269,2000,0.20501719480817387
ds006850,eegnet_lr1e3,4,0,combined_personalized,0.16904568888333088,0.05075531189988543,0.28733606586677635,2000,0.2092759548454505
ds006850,eegnet_lr1e3,4,1,prior,0.2524773125728417,0.09943658166152508,0.40551804348415826,2000,0.23557692307692296
ds006850,eegnet_lr1e3,4,1,prior_personalized,0.3023803686005889,0.15051493443430722,0.45424580276687065,2000,0.24281870875019912
ds006850,eegnet_lr1e3,4,1,eeg_population,0.009980592924219968,-0.016266725579693803,0.03622791142813374,2000,0.2054196462097902
ds006850,eegnet_lr1e3,4,1,eeg_personalized,0.16146194362242036,0.04208874623364203,0.28083514101119866,2000,0.21505417720455947
ds006850,eegnet_lr1e3,4,1,combined_population,0.25857716914351053,0.10721724519524642,0.4099370930917746,2000,0.23714133055446376
ds006850,eegnet_lr1e3,4,1,combined_personalized,0.31010722409293723,0.160281215794158,0.45993323239171646,2000,0.24455889559473326
ds006850,eegnet_lr1e3,4,2,prior,0.3327785294901091,0.18930871812632624,0.476248340853892,2000,0.2026005244755245
ds006850,eegnet_lr1e3,4,2,prior_personalized,0.38058695888078226,0.23466706170945872,0.5265068560521058,2000,0.20580589164016772
ds006850,eegnet_lr1e3,4,2,eeg_population,0.018706713555152556,-0.01173092940843553,0.04914435651874064,2000,0.2065882863006993
ds006850,eegnet_lr1e3,4,2,eeg_personalized,0.1641858031505327,0.04599749875849826,0.2823741075425671,2000,0.2151447847798154
ds006850,eegnet_lr1e3,4,2,combined_population,0.3472962983446062,0.20560923033427134,0.488983366354941,2000,0.2035354727174318
ds006850,eegnet_lr1e3,4,2,combined_personalized,0.38352935735523663,0.23722299183258136,0.5298357228778919,2000,0.2110879611535248
ds006850,eegnet_lr1e3,4,4,prior,0.3122403043035985,0.18179532944905982,0.44268527915813716,2000,0.19083260489510495
ds006850,eegnet_lr1e3,4,4,prior_personalized,0.3752071982537277,0.23625296868119108,0.5141614278262644,2000,0.19380600185514676
ds006850,eegnet_lr1e3,4,4,eeg_population,0.011937288225114527,-0.025433643764007405,0.04930822021423646,2000,0.20605187901864802
ds006850,eegnet_lr1e3,4,4,eeg_personalized,0.16255913350238843,0.042946819781156165,0.2821714472236207,2000,0.2153822106133391
ds006850,eegnet_lr1e3,4,4,combined_population,0.3239084768071994,0.19423383365377983,0.453583119960619,2000,0.19154524473290407
ds006850,eegnet_lr1e3,4,4,combined_personalized,0.3875771603541093,0.24931419189172443,0.5258401288164941,2000,0.19524404081377678
ds006850,eegnet_lr1e3,4,8,prior,0.34077330322157423,0.21607675819576388,0.4654698482473846,2000,0.18296729312354318
ds006850,eegnet_lr1e3,4,8,prior_personalized,0.40644593928664674,0.2734856376771213,0.5394062408961722,2000,0.18546543187314518
ds006850,eegnet_lr1e3,4,8,eeg_population,0.018921326290052873,-0.018069124916252115,0.05591177749635786,2000,0.2059638683356643
ds006850,eegnet_lr1e3,4,8,eeg_personalized,0.16221117728834938,0.04445484135736216,0.2799675132193366,2000,0.21586807689657714
ds006850,eegnet_lr1e3,4,8,combined_population,0.35765749646767675,0.232027705326916,0.48328728760843753,2000,0.18315228357688945
ds006850,eegnet_lr1e3,4,8,combined_personalized,0.417267692247954,0.2834376529522089,0.5510977315436991,2000,0.1889033568339676
ds006850,eegnet_lr1e3,8,0,prior,-6.635784198480622e-16,-5.58136890893139e-15,4.2542120692352654e-15,2000,0.20432291577740386
ds006850,eegnet_lr1e3,8,0,prior_personalized,0.15644082287591965,0.04918720344839622,0.2636944423034431,2000,0.20188437258509112
ds006850,eegnet_lr1e3,8,0,eeg_population,0.019172480506750033,-0.01427664821203731,0.05262160922553738,2000,0.207306459030303
ds006850,eegnet_lr1e3,8,0,eeg_personalized,0.1743613488186026,0.06768427445124668,0.2810384231859585,2000,0.20367290571349345
ds006850,eegnet_lr1e3,8,0,combined_population,0.010144771042117608,-0.018058993355087472,0.03834853543932269,2000,0.20501719480817387
ds006850,eegnet_lr1e3,8,0,combined_personalized,0.1702365130184117,0.06076982874809933,0.27970319728872406,2000,0.2030865261592588
ds006850,eegnet_lr1e3,8,1,prior,0.2524773125728417,0.09943658166152508,0.40551804348415826,2000,0.23557692307692296
ds006850,eegnet_lr1e3,8,1,prior_personalized,0.3108629427789764,0.16350147148291203,0.4582244140750408,2000,0.23852550776845435
ds006850,eegnet_lr1e3,8,1,eeg_population,0.009980592924219968,-0.016266725579693803,0.03622791142813374,2000,0.2054196462097902
ds006850,eegnet_lr1e3,8,1,eeg_personalized,0.16579989295259256,0.0571439448259317,0.2744558410792534,2000,0.202684602489161
ds006850,eegnet_lr1e3,8,1,combined_population,0.25857716914351053,0.10721724519524642,0.4099370930917746,2000,0.23714133055446376
ds006850,eegnet_lr1e3,8,1,combined_personalized,0.3179881831021663,0.1721559763569533,0.46382038984737933,2000,0.23985336838492857
ds006850,eegnet_lr1e3,8,2,prior,0.3327785294901091,0.18930871812632624,0.476248340853892,2000,0.2026005244755245
ds006850,eegnet_lr1e3,8,2,prior_personalized,0.3927762479587605,0.2514966184385673,0.5340558774789537,2000,0.20132381886625828
ds006850,eegnet_lr1e3,8,2,eeg_population,0.018706713555152556,-0.01173092940843553,0.04914435651874064,2000,0.2065882863006993
ds006850,eegnet_lr1e3,8,2,eeg_personalized,0.17540883194257587,0.06923405780442218,0.2815836060807295,2000,0.20271877018270237
ds006850,eegnet_lr1e3,8,2,combined_population,0.3472962983446062,0.20560923033427134,0.488983366354941,2000,0.2035354727174318
ds006850,eegnet_lr1e3,8,2,combined_personalized,0.40119428762683285,0.25993341981844903,0.5424551554352166,2000,0.20439069579916036
ds006850,eegnet_lr1e3,8,4,prior,0.3122403043035985,0.18179532944905982,0.44268527915813716,2000,0.19083260489510495
ds006850,eegnet_lr1e3,8,4,prior_personalized,0.387435012462399,0.2561385280432227,0.5187314968815753,2000,0.18921040729934963
ds006850,eegnet_lr1e3,8,4,eeg_population,0.011937288225114527,-0.025433643764007405,0.04930822021423646,2000,0.20605187901864802
ds006850,eegnet_lr1e3,8,4,eeg_personalized,0.164155606355772,0.05523383918876784,0.27307737352277617,2000,0.20340166379955957
ds006850,eegnet_lr1e3,8,4,combined_population,0.3239084768071994,0.19423383365377983,0.453583119960619,2000,0.19154524473290407
ds006850,eegnet_lr1e3,8,4,combined_personalized,0.397802778526051,0.2670565955368023,0.5285489615152997,2000,0.19099741378500518
ds006850,eegnet_lr1e3,8,8,prior,0.34077330322157423,0.21607675819576388,0.4654698482473846,2000,0.18296729312354318
ds006850,eegnet_lr1e3,8,8,prior_personalized,0.41814287956601015,0.2927700025510962,0.5435157565809241,2000,0.1799196406456151
ds006850,eegnet_lr1e3,8,8,eeg_population,0.018921326290052873,-0.018069124916252115,0.05591177749635786,2000,0.2059638683356643
ds006850,eegnet_lr1e3,8,8,eeg_personalized,0.1701598814246037,0.059958880507807844,0.28036088234139955,2000,0.20365489859585506
ds006850,eegnet_lr1e3,8,8,combined_population,0.35765749646767675,0.232027705326916,0.48328728760843753,2000,0.18315228357688945
ds006850,eegnet_lr1e3,8,8,combined_personalized,0.429242975492215,0.30204563635684795,0.556440314627582,2000,0.18345616942049459
ds006850,eegnet_lr1e4,0,0,prior,-6.635784198480622e-16,-5.58136890893139e-15,4.2542120692352654e-15,2000,0.20432291577740386
ds006850,eegnet_lr1e4,0,0,prior_personalized,-6.635784198480622e-16,-5.58136890893139e-15,4.2542120692352654e-15,2000,0.20432291577740386
ds006850,eegnet_lr1e4,0,0,eeg_population,0.015982621787752494,-0.018333214313875527,0.05029845788938052,2000,0.2064017360967366
ds006850,eegnet_lr1e4,0,0,eeg_personalized,0.0159826313694154,-0.018333205096608452,0.05029846783543926,2000,0.2064017351134952
ds006850,eegnet_lr1e4,0,0,combined_population,0.013586601179738523,-0.02091102423673497,0.04808422659621202,2000,0.2065029732763644
ds006850,eegnet_lr1e4,0,0,combined_personalized,0.013586601179738523,-0.02091102423673497,0.04808422659621202,2000,0.2065029732763644
ds006850,eegnet_lr1e4,0,1,prior,0.2524773125728417,0.09943658166152508,0.40551804348415826,2000,0.23557692307692296
ds006850,eegnet_lr1e4,0,1,prior_personalized,0.2524773125728417,0.09943658166152508,0.40551804348415826,2000,0.23557692307692296
ds006850,eegnet_lr1e4,0,1,eeg_population,0.012449201480700459,-0.023671891938921143,0.04857029490032206,2000,0.2063932743951049
ds006850,eegnet_lr1e4,0,1,eeg_personalized,0.012449203186792495,-0.02367189004726797,0.04857029642085296,2000,0.20639327461625037
ds006850,eegnet_lr1e4,0,1,combined_population,0.26389624641042475,0.11317104080381293,0.4146214520170366,2000,0.23763115744094582
ds006850,eegnet_lr1e4,0,1,combined_personalized,0.26389624641042475,0.11317104080381293,0.4146214520170366,2000,0.23763115744094582
ds006850,eegnet_lr1e4,0,2,prior,0.3327785294901091,0.18930871812632624,0.476248340853892,2000,0.2026005244755245
ds006850,eegnet_lr1e4,0,2,prior_personalized,0.3327785294901091,0.18930871812632624,0.476248340853892,2000,0.2026005244755245
ds006850,eegnet_lr1e4,0,2,eeg_population,0.006080263645307122,-0.02138717794561616,0.0335477052362304,2000,0.20642763976689976
ds006850,eegnet_lr1e4,0,2,eeg_personalized,0.006080257517649625,-0.021387184555558283,0.03354769959085753,2000,0.20642764031678645
ds006850,eegnet_lr1e4,0,2,combined_population,0.3367661048646303,0.19424187154198458,0.47929033818727607,2000,0.20253105592794615
ds006850,eegnet_lr1e4,0,2,combined_personalized,0.3367661048646303,0.19424187154198458,0.47929033818727607,2000,0.20253105592794615
ds006850,eegnet_lr1e4,0,4,prior,0.3122403043035985,0.18179532944905982,0.44268527915813716,2000,0.19083260489510495
ds006850,eegnet_lr1e4,0,4,prior_personalized,0.3122403043035985,0.18179532944905982,0.44268527915813716,2000,0.19083260489510495
ds006850,eegnet_lr1e4,0,4,eeg_population,0.011345571442289159,-0.02198244914346849,0.04467359202804681,2000,0.2064993626165501
ds006850,eegnet_lr1e4,0,4,eeg_personalized,0.011345572359465941,-0.021982448404812657,0.04467359312374454,2000,0.20649936287761572
ds006850,eegnet_lr1e4,0,4,combined_population,0.32195432694415527,0.1920786071446503,0.45183004674366023,2000,0.1906955493896751
ds006850,eegnet_lr1e4,0,4,combined_personalized,0.32195432694415527,0.1920786071446503,0.45183004674366023,2000,0.1906955493896751
ds006850,eegnet_lr1e4,0,8,prior,0.34077330322157423,0.21607675819576388,0.4654698482473846,2000,0.18296729312354318
ds006850,eegnet_lr1e4,0,8,prior_personalized,0.34077330322157423,0.21607675819576388,0.4654698482473846,2000,0.18296729312354318
ds006850,eegnet_lr1e4,0,8,eeg_population,0.007650379302037523,-0.016069695910040167,0.031370454514115215,2000,0.2056497511538462
ds006850,eegnet_lr1e4,0,8,eeg_personalized,0.007650373594796647,-0.016069699689862636,0.03137044687945593,2000,0.20564975182076434
ds006850,eegnet_lr1e4,0,8,combined_population,0.3483556285448535,0.22365251586902238,0.4730587412206847,2000,0.18282029568931885
ds006850,eegnet_lr1e4,0,8,combined_personalized,0.3483556285448535,0.22365251586902238,0.4730587412206847,2000,0.18282029568931885
ds006850,eegnet_lr1e4,1,0,prior,-6.635784198480622e-16,-5.58136890893139e-15,4.2542120692352654e-15,2000,0.20432291577740386
ds006850,eegnet_lr1e4,1,0,prior_personalized,0.0827465866520994,-0.042535461921800646,0.20802863522599946,2000,0.25261502526773405
ds006850,eegnet_lr1e4,1,0,eeg_population,0.015982621787752494,-0.018333214313875527,0.05029845788938052,2000,0.2064017360967366
ds006850,eegnet_lr1e4,1,0,eeg_personalized,0.08973531009677845,-0.037379915189177174,0.21685053538273408,2000,0.27612475815700205
ds006850,eegnet_lr1e4,1,0,combined_population,0.013586601179738523,-0.02091102423673497,0.04808422659621202,2000,0.2065029732763644
ds006850,eegnet_lr1e4,1,0,combined_personalized,0.08729545745562504,-0.037096836660931276,0.21168775157218137,2000,0.25441846595989076
ds006850,eegnet_lr1e4,1,1,prior,0.2524773125728417,0.09943658166152508,0.40551804348415826,2000,0.23557692307692296
ds006850,eegnet_lr1e4,1,1,prior_personalized,0.23463677155563079,0.08797915064996781,0.38129439246129376,2000,0.2854217805925801
ds006850,eegnet_lr1e4,1,1,eeg_population,0.012449201480700459,-0.023671891938921143,0.04857029490032206,2000,0.2063932743951049
ds006850,eegnet_lr1e4,1,1,eeg_personalized,0.09091378700317276,-0.036977872850229576,0.2188054468565751,2000,0.27549556832769245
ds006850,eegnet_lr1e4,1,1,combined_population,0.26389624641042475,0.11317104080381293,0.4146214520170366,2000,0.23763115744094582
ds006850,eegnet_lr1e4,1,1,combined_personalized,0.24073018754605915,0.0958434332001957,0.38561694189192264,2000,0.28822918642750134
ds006850,eegnet_lr1e4,1,2,prior,0.3327785294901091,0.18930871812632624,0.476248340853892,2000,0.2026005244755245
ds006850,eegnet_lr1e4,1,2,prior_personalized,0.2783210358552465,0.1320318256143272,0.42461024609616577,2000,0.2547554287518416
ds006850,eegnet_lr1e4,1,2,eeg_population,0.006080263645307122,-0.02138717794561616,0.0335477052362304,2000,0.20642763976689976
ds006850,eegnet_lr1e4,1,2,eeg_personalized,0.08768543257271014,-0.040339319064582824,0.2157101842100031,2000,0.2754989838718256
ds006850,eegnet_lr1e4,1,2,combined_population,0.3367661048646303,0.19424187154198458,0.47929033818727607,2000,0.20253105592794615
ds006850,eegnet_lr1e4,1,2,combined_personalized,0.27858046714380974,0.13311091927536858,0.4240500150122509,2000,0.25598655546305776
ds006850,eegnet_lr1e4,1,4,prior,0.3122403043035985,0.18179532944905982,0.44268527915813716,2000,0.19083260489510495
ds006850,eegnet_lr1e4,1,4,prior_personalized,0.2658909927174616,0.12185601516534636,0.4099259702695768,2000,0.24327866513364543
ds006850,eegnet_lr1e4,1,4,eeg_population,0.011345571442289159,-0.02198244914346849,0.04467359202804681,2000,0.2064993626165501
ds006850,eegnet_lr1e4,1,4,eeg_personalized,0.08767079637850557,-0.039945439043380424,0.21528703180039155,2000,0.27606098136771257
ds006850,eegnet_lr1e4,1,4,combined_population,0.32195432694415527,0.1920786071446503,0.45183004674366023,2000,0.1906955493896751
ds006850,eegnet_lr1e4,1,4,combined_personalized,0.2682248529256336,0.12540182499197436,0.4110478808592928,2000,0.24583513998646703
ds006850,eegnet_lr1e4,1,8,prior,0.34077330322157423,0.21607675819576388,0.4654698482473846,2000,0.18296729312354318
ds006850,eegnet_lr1e4,1,8,prior_personalized,0.28504044211419177,0.14320165232675544,0.42687923190162813,2000,0.2400889356074337
ds006850,eegnet_lr1e4,1,8,eeg_population,0.007650379302037523,-0.016069695910040167,0.031370454514115215,2000,0.2056497511538462
ds006850,eegnet_lr1e4,1,8,eeg_personalized,0.08843868900373156,-0.04007456897979117,0.21695194698725428,2000,0.2740888492210762
ds006850,eegnet_lr1e4,1,8,combined_population,0.3483556285448535,0.22365251586902238,0.4730587412206847,2000,0.18282029568931885
ds006850,eegnet_lr1e4,1,8,combined_personalized,0.28860314195528847,0.1478978271277122,0.4293084567828647,2000,0.24068541090448034
ds006850,eegnet_lr1e4,2,0,prior,-6.635784198480622e-16,-5.58136890893139e-15,4.2542120692352654e-15,2000,0.20432291577740386
ds006850,eegnet_lr1e4,2,0,prior_personalized,0.14096237191529984,0.02700998472098852,0.25491475910961114,2000,0.22603625471735964
ds006850,eegnet_lr1e4,2,0,eeg_population,0.015982621787752494,-0.018333214313875527,0.05029845788938052,2000,0.2064017360967366
ds006850,eegnet_lr1e4,2,0,eeg_personalized,0.137801567684667,0.02498799372715743,0.2506151416421766,2000,0.23997100266195956
ds006850,eegnet_lr1e4,2,0,combined_population,0.013586601179738523,-0.02091102423673497,0.04808422659621202,2000,0.2065029732763644
ds006850,eegnet_lr1e4,2,0,combined_personalized,0.15339309742386004,0.03762632597563571,0.2691598688720844,2000,0.22785693322848358
ds006850,eegnet_lr1e4,2,1,prior,0.2524773125728417,0.09943658166152508,0.40551804348415826,2000,0.23557692307692296
ds006850,eegnet_lr1e4,2,1,prior_personalized,0.28256211912808604,0.1352252995638066,0.4298989386923655,2000,0.25671346649395743
ds006850,eegnet_lr1e4,2,1,eeg_population,0.012449201480700459,-0.023671891938921143,0.04857029490032206,2000,0.2063932743951049
ds006850,eegnet_lr1e4,2,1,eeg_personalized,0.13737459467703125,0.0236436167727595,0.251105572581303,2000,0.2395477131286979
ds006850,eegnet_lr1e4,2,1,combined_population,0.26389624641042475,0.11317104080381293,0.4146214520170366,2000,0.23763115744094582
ds006850,eegnet_lr1e4,2,1,combined_personalized,0.2904673984488729,0.14493818256249696,0.4359966143352489,2000,0.2598323221926605
ds006850,eegnet_lr1e4,2,2,prior,0.3327785294901091,0.18930871812632624,0.476248340853892,2000,0.2026005244755245
ds006850,eegnet_lr1e4,2,2,prior_personalized,0.3508125268936441,0.20851285014193882,0.4931122036453494,2000,0.22226218799524947
ds006850,eegnet_lr1e4,2,2,eeg_population,0.006080263645307122,-0.02138717794561616,0.0335477052362304,2000,0.20642763976689976
ds006850,eegnet_lr1e4,2,2,eeg_personalized,0.13261406152355923,0.020066867739928926,0.24516125530718952,2000,0.23935303442822747
ds006850,eegnet_lr1e4,2,2,combined_population,0.3367661048646303,0.19424187154198458,0.47929033818727607,2000,0.20253105592794615
ds006850,eegnet_lr1e4,2,2,combined_personalized,0.35433247153299224,0.21211690092673938,0.4965480421392451,2000,0.22277816075151513
ds006850,eegnet_lr1e4,2,4,prior,0.3122403043035985,0.18179532944905982,0.44268527915813716,2000,0.19083260489510495
ds006850,eegnet_lr1e4,2,4,prior_personalized,0.34359431603158197,0.20987779289021605,0.4773108391729479,2000,0.21281763101054157
ds006850,eegnet_lr1e4,2,4,eeg_population,0.011345571442289159,-0.02198244914346849,0.04467359202804681,2000,0.2064993626165501
ds006850,eegnet_lr1e4,2,4,eeg_personalized,0.1351996271262049,0.021972514269884127,0.24842673998252568,2000,0.24018023777536027
ds006850,eegnet_lr1e4,2,4,combined_population,0.32195432694415527,0.1920786071446503,0.45183004674366023,2000,0.1906955493896751
ds006850,eegnet_lr1e4,2,4,combined_personalized,0.3509795553684117,0.21730581161240425,0.4846532991244191,2000,0.21489201357460957
ds006850,eegnet_lr1e4,2,8,prior,0.34077330322157423,0.21607675819576388,0.4654698482473846,2000,0.18296729312354318
ds006850,eegnet_lr1e4,2,8,prior_personalized,0.37250512896935495,0.24378532018658064,0.5012249377521293,2000,0.20430051582045555
ds006850,eegnet_lr1e4,2,8,eeg_population,0.007650379302037523,-0.016069695910040167,0.031370454514115215,2000,0.2056497511538462
ds006850,eegnet_lr1e4,2,8,eeg_personalized,0.13311819201752728,0.01967158059694042,0.24656480343811416,2000,0.23937374837088693
ds006850,eegnet_lr1e4,2,8,combined_population,0.3483556285448535,0.22365251586902238,0.4730587412206847,2000,0.18282029568931885
ds006850,eegnet_lr1e4,2,8,combined_personalized,0.38030451287537126,0.2507984495247292,0.5098105762260133,2000,0.20534095319358733
ds006850,eegnet_lr1e4,4,0,prior,-6.635784198480622e-16,-5.58136890893139e-15,4.2542120692352654e-15,2000,0.20432291577740386
ds006850,eegnet_lr1e4,4,0,prior_personalized,0.15361825253941758,0.0370976837378645,0.27013882134097067,2000,0.20806822020552457
ds006850,eegnet_lr1e4,4,0,eeg_population,0.015982621787752494,-0.018333214313875527,0.05029845788938052,2000,0.2064017360967366
ds006850,eegnet_lr1e4,4,0,eeg_personalized,0.16645057190303156,0.047805309751396116,0.285095834054667,2000,0.2149201112870987
ds006850,eegnet_lr1e4,4,0,combined_population,0.013586601179738523,-0.02091102423673497,0.04808422659621202,2000,0.2065029732763644
ds006850,eegnet_lr1e4,4,0,combined_personalized,0.17127616810560947,0.05281545638027331,0.28973687983094565,2000,0.2092516058928148
ds006850,eegnet_lr1e4,4,1,prior,0.2524773125728417,0.09943658166152508,0.40551804348415826,2000,0.23557692307692296
ds006850,eegnet_lr1e4,4,1,prior_personalized,0.3023803686005889,0.15051493443430722,0.45424580276687065,2000,0.24281870875019912
ds006850,eegnet_lr1e4,4,1,eeg_population,0.012449201480700459,-0.023671891938921143,0.04857029490032206,2000,0.2063932743951049
ds006850,eegnet_lr1e4,4,1,eeg_personalized,0.16552046555828506,0.045546058279666096,0.285494872836904,2000,0.21588878028164243
ds006850,eegnet_lr1e4,4,1,combined_population,0.26389624641042475,0.11317104080381293,0.4146214520170366,2000,0.23763115744094582
ds006850,eegnet_lr1e4,4,1,combined_personalized,0.31973782335830603,0.17033587759948987,0.4691397691171222,2000,0.24456404546388413
ds006850,eegnet_lr1e4,4,2,prior,0.3327785294901091,0.18930871812632624,0.476248340853892,2000,0.2026005244755245
ds006850,eegnet_lr1e4,4,2,prior_personalized,0.38058695888078226,0.23466706170945872,0.5265068560521058,2000,0.20580589164016772
ds006850,eegnet_lr1e4,4,2,eeg_population,0.006080263645307122,-0.02138717794561616,0.0335477052362304,2000,0.20642763976689976
ds006850,eegnet_lr1e4,4,2,eeg_personalized,0.15991025703343484,0.04003533839093318,0.2797851756759365,2000,0.21536565908167887
ds006850,eegnet_lr1e4,4,2,combined_population,0.3367661048646303,0.19424187154198458,0.47929033818727607,2000,0.20253105592794615
ds006850,eegnet_lr1e4,4,2,combined_personalized,0.3867919723611283,0.24118811396277284,0.5323958307594837,2000,0.205304352078145
ds006850,eegnet_lr1e4,4,4,prior,0.3122403043035985,0.18179532944905982,0.44268527915813716,2000,0.19083260489510495
ds006850,eegnet_lr1e4,4,4,prior_personalized,0.3752071982537277,0.23625296868119108,0.5141614278262644,2000,0.19380600185514676
ds006850,eegnet_lr1e4,4,4,eeg_population,0.011345571442289159,-0.02198244914346849,0.04467359202804681,2000,0.2064993626165501
ds006850,eegnet_lr1e4,4,4,eeg_personalized,0.16318666666371665,0.043996367172248835,0.2823769661551845,2000,0.21486929144910022
ds006850,eegnet_lr1e4,4,4,combined_population,0.32195432694415527,0.1920786071446503,0.45183004674366023,2000,0.1906955493896751
ds006850,eegnet_lr1e4,4,4,combined_personalized,0.38776165251806527,0.24869367723440866,0.5268296278017219,2000,0.1945425626672316
ds006850,eegnet_lr1e4,4,8,prior,0.34077330322157423,0.21607675819576388,0.4654698482473846,2000,0.18296729312354318
ds006850,eegnet_lr1e4,4,8,prior_personalized,0.40644593928664674,0.2734856376771213,0.5394062408961722,2000,0.18546543187314518
ds006850,eegnet_lr1e4,4,8,eeg_population,0.007650379302037523,-0.016069695910040167,0.031370454514115215,2000,0.2056497511538462
ds006850,eegnet_lr1e4,4,8,eeg_personalized,0.15963254266822455,0.0399844240164417,0.2792806613200074,2000,0.21499291427155617
ds006850,eegnet_lr1e4,4,8,combined_population,0.3483556285448535,0.22365251586902238,0.4730587412206847,2000,0.18282029568931885
ds006850,eegnet_lr1e4,4,8,combined_personalized,0.4164640294260657,0.28267601659830677,0.5502520422538246,2000,0.18548909532861602
ds006850,eegnet_lr1e4,8,0,prior,-6.635784198480622e-16,-5.58136890893139e-15,4.2542120692352654e-15,2000,0.20432291577740386
ds006850,eegnet_lr1e4,8,0,prior_personalized,0.15644082287591965,0.04918720344839622,0.2636944423034431,2000,0.20188437258509112
ds006850,eegnet_lr1e4,8,0,eeg_population,0.015982621787752494,-0.018333214313875527,0.05029845788938052,2000,0.2064017360967366
ds006850,eegnet_lr1e4,8,0,eeg_personalized,0.17064208125359834,0.061538605987804834,0.2797455565193918,2000,0.2038487429268189
ds006850,eegnet_lr1e4,8,0,combined_population,0.013586601179738523,-0.02091102423673497,0.04808422659621202,2000,0.2065029732763644
ds006850,eegnet_lr1e4,8,0,combined_personalized,0.17126563794695382,0.060805179159475364,0.2817260967344323,2000,0.20404337765210173
ds006850,eegnet_lr1e4,8,1,prior,0.2524773125728417,0.09943658166152508,0.40551804348415826,2000,0.23557692307692296
ds006850,eegnet_lr1e4,8,1,prior_personalized,0.3108629427789764,0.16350147148291203,0.4582244140750408,2000,0.23852550776845435
ds006850,eegnet_lr1e4,8,1,eeg_population,0.012449201480700459,-0.023671891938921143,0.04857029490032206,2000,0.2063932743951049
ds006850,eegnet_lr1e4,8,1,eeg_personalized,0.1691720906451711,0.058806486289405546,0.27953769500093667,2000,0.20391628414844026
ds006850,eegnet_lr1e4,8,1,combined_population,0.26389624641042475,0.11317104080381293,0.4146214520170366,2000,0.23763115744094582
ds006850,eegnet_lr1e4,8,1,combined_personalized,0.3240543646568635,0.17861974295222421,0.46948898636150277,2000,0.24100017627760922
ds006850,eegnet_lr1e4,8,2,prior,0.3327785294901091,0.18930871812632624,0.476248340853892,2000,0.2026005244755245
ds006850,eegnet_lr1e4,8,2,prior_personalized,0.3927762479587605,0.2514966184385673,0.5340558774789537,2000,0.20132381886625828
ds006850,eegnet_lr1e4,8,2,eeg_population,0.006080263645307122,-0.02138717794561616,0.0335477052362304,2000,0.20642763976689976
ds006850,eegnet_lr1e4,8,2,eeg_personalized,0.1614347466809524,0.05304540096228397,0.2698240923996208,2000,0.20371801716716206
ds006850,eegnet_lr1e4,8,2,combined_population,0.3367661048646303,0.19424187154198458,0.47929033818727607,2000,0.20253105592794615
ds006850,eegnet_lr1e4,8,2,combined_personalized,0.3965897585360624,0.2555201479204604,0.5376593691516643,2000,0.20097480564817394
ds006850,eegnet_lr1e4,8,4,prior,0.3122403043035985,0.18179532944905982,0.44268527915813716,2000,0.19083260489510495
ds006850,eegnet_lr1e4,8,4,prior_personalized,0.387435012462399,0.2561385280432227,0.5187314968815753,2000,0.18921040729934963
ds006850,eegnet_lr1e4,8,4,eeg_population,0.011345571442289159,-0.02198244914346849,0.04467359202804681,2000,0.2064993626165501
ds006850,eegnet_lr1e4,8,4,eeg_personalized,0.16546181535758037,0.05662447826034962,0.2742991524548111,2000,0.204050771389721
ds006850,eegnet_lr1e4,8,4,combined_population,0.32195432694415527,0.1920786071446503,0.45183004674366023,2000,0.1906955493896751
ds006850,eegnet_lr1e4,8,4,combined_personalized,0.3957388317825406,0.26440312217992124,0.52707454138516,2000,0.19056531454295925
ds006850,eegnet_lr1e4,8,8,prior,0.34077330322157423,0.21607675819576388,0.4654698482473846,2000,0.18296729312354318
ds006850,eegnet_lr1e4,8,8,prior_personalized,0.41814287956601015,0.2927700025510962,0.5435157565809241,2000,0.1799196406456151
ds006850,eegnet_lr1e4,8,8,eeg_population,0.007650379302037523,-0.016069695910040167,0.031370454514115215,2000,0.2056497511538462
ds006850,eegnet_lr1e4,8,8,eeg_personalized,0.16216692711328773,0.05326373766894339,0.2710701165576321,2000,0.20337212862781223
ds006850,eegnet_lr1e4,8,8,combined_population,0.3483556285448535,0.22365251586902238,0.4730587412206847,2000,0.18282029568931885
ds006850,eegnet_lr1e4,8,8,combined_personalized,0.42590575607766257,0.29930925028823363,0.5525022618670915,2000,0.17999722796166132
ds006850,labram_ridge_base,0,0,prior,-6.635784198480622e-16,-5.58136890893139e-15,4.2542120692352654e-15,2000,0.20432291577740386
ds006850,labram_ridge_base,0,0,prior_personalized,-6.635784198480622e-16,-5.58136890893139e-15,4.2542120692352654e-15,2000,0.20432291577740386
ds006850,labram_ridge_base,0,0,eeg_population,-0.01253946961387174,-0.08896638918499125,0.06388744995724777,2000,0.21763904316558644
ds006850,labram_ridge_base,0,0,eeg_personalized,-0.01253946961387174,-0.08896638918499125,0.06388744995724777,2000,0.21763904316558644
ds006850,labram_ridge_base,0,0,combined_population,-0.018244874066970028,-0.08408236349001186,0.047592615356071795,2000,0.2160249771001427
ds006850,labram_ridge_base,0,0,combined_personalized,-0.018244874066970028,-0.08408236349001186,0.047592615356071795,2000,0.2160249771001427
ds006850,labram_ridge_base,0,1,prior,0.2524773125728417,0.09943658166152508,0.40551804348415826,2000,0.23557692307692296
ds006850,labram_ridge_base,0,1,prior_personalized,0.2524773125728417,0.09943658166152508,0.40551804348415826,2000,0.23557692307692296
ds006850,labram_ridge_base,0,1,eeg_population,-0.014999062552209463,-0.09083839147802308,0.06084026637360415,2000,0.21789189358109437
ds006850,labram_ridge_base,0,1,eeg_personalized,-0.014999062552209463,-0.09083839147802308,0.06084026637360415,2000,0.21789189358109437
ds006850,labram_ridge_base,0,1,combined_population,0.23618964540049384,0.07770128851053967,0.394678002290448,2000,0.24447632810237777
ds006850,labram_ridge_base,0,1,combined_personalized,0.23618964540049384,0.07770128851053967,0.394678002290448,2000,0.24447632810237777
ds006850,labram_ridge_base,0,2,prior,0.3327785294901091,0.18930871812632624,0.476248340853892,2000,0.2026005244755245
ds006850,labram_ridge_base,0,2,prior_personalized,0.3327785294901091,0.18930871812632624,0.476248340853892,2000,0.2026005244755245
ds006850,labram_ridge_base,0,2,eeg_population,-0.012694528463150589,-0.08955575885798021,0.06416670193167905,2000,0.21780354904358062
ds006850,labram_ridge_base,0,2,eeg_personalized,-0.012694528463150589,-0.08955575885798021,0.06416670193167905,2000,0.21780354904358062
ds006850,labram_ridge_base,0,2,combined_population,0.3101446191737559,0.1567175220526532,0.4635717162948586,2000,0.21100989199185743
ds006850,labram_ridge_base,0,2,combined_personalized,0.3101446191737559,0.1567175220526532,0.4635717162948586,2000,0.21100989199185743
ds006850,labram_ridge_base,0,4,prior,0.3122403043035985,0.18179532944905982,0.44268527915813716,2000,0.19083260489510495
ds006850,labram_ridge_base,0,4,prior_personalized,0.3122403043035985,0.18179532944905982,0.44268527915813716,2000,0.19083260489510495
ds006850,labram_ridge_base,0,4,eeg_population,-0.012337837244347317,-0.08744086817155863,0.06276519368286398,2000,0.2179966306616688
ds006850,labram_ridge_base,0,4,eeg_personalized,-0.012337837244347317,-0.08744086817155863,0.06276519368286398,2000,0.2179966306616688
ds006850,labram_ridge_base,0,4,combined_population,0.2889932414767712,0.1483475669871781,0.4296389159663643,2000,0.19791569154633581
ds006850,labram_ridge_base,0,4,combined_personalized,0.2889932414767712,0.1483475669871781,0.4296389159663643,2000,0.19791569154633581
ds006850,labram_ridge_base,0,8,prior,0.34077330322157423,0.21607675819576388,0.4654698482473846,2000,0.18296729312354318
ds006850,labram_ridge_base,0,8,prior_personalized,0.34077330322157423,0.21607675819576388,0.4654698482473846,2000,0.18296729312354318
ds006850,labram_ridge_base,0,8,eeg_population,-0.016208897646812243,-0.09298549966328191,0.06056770436965743,2000,0.21803871016542214
ds006850,labram_ridge_base,0,8,eeg_personalized,-0.016208897646812243,-0.09298549966328191,0.06056770436965743,2000,0.21803871016542214
ds006850,labram_ridge_base,0,8,combined_population,0.3093755731312141,0.17254079184629584,0.4462103544161324,2000,0.19226692695083886
ds006850,labram_ridge_base,0,8,combined_personalized,0.3093755731312141,0.17254079184629584,0.4462103544161324,2000,0.19226692695083886
ds006850,labram_ridge_base,1,0,prior,-6.635784198480622e-16,-5.58136890893139e-15,4.2542120692352654e-15,2000,0.20432291577740386
ds006850,labram_ridge_base,1,0,prior_personalized,0.0827465866520994,-0.042535461921800646,0.20802863522599946,2000,0.25261502526773405
ds006850,labram_ridge_base,1,0,eeg_population,-0.01253946961387129,-0.0889663891849908,0.06388744995724822,2000,0.21763904316558644
ds006850,labram_ridge_base,1,0,eeg_personalized,0.06198094128278566,-0.06431054368411207,0.1882724262496834,2000,0.29220765803455634
ds006850,labram_ridge_base,1,0,combined_population,-0.018244874066970028,-0.08408236349001186,0.047592615356071795,2000,0.2160249771001427
ds006850,labram_ridge_base,1,0,combined_personalized,0.05416546366196199,-0.0713265932451071,0.17965752056903106,2000,0.26974371680079534
ds006850,labram_ridge_base,1,1,prior,0.2524773125728417,0.09943658166152508,0.40551804348415826,2000,0.23557692307692296
ds006850,labram_ridge_base,1,1,prior_personalized,0.23463677155563079,0.08797915064996781,0.38129439246129376,2000,0.2854217805925801
ds006850,labram_ridge_base,1,1,eeg_population,-0.014999062552209463,-0.0908383914780231,0.060840266373604165,2000,0.21789189358109434
ds006850,labram_ridge_base,1,1,eeg_personalized,0.061955994030164455,-0.06393469141339027,0.1878466794737192,2000,0.29097454490048347
ds006850,labram_ridge_base,1,1,combined_population,0.23618964540049384,0.07770128851053967,0.394678002290448,2000,0.24447632810237777
ds006850,labram_ridge_base,1,1,combined_personalized,0.21147745773371424,0.06456602299948899,0.3583888924679395,2000,0.2969021922871084
ds006850,labram_ridge_base,1,2,prior,0.3327785294901091,0.18930871812632624,0.476248340853892,2000,0.2026005244755245
ds006850,labram_ridge_base,1,2,prior_personalized,0.2783210358552465,0.1320318256143272,0.42461024609616577,2000,0.2547554287518416
ds006850,labram_ridge_base,1,2,eeg_population,-0.012694528463150589,-0.08955575885798021,0.06416670193167905,2000,0.21780354904358062
ds006850,labram_ridge_base,1,2,eeg_personalized,0.06017394938688856,-0.06508963674775878,0.18543753552153588,2000,0.29297828802337417
ds006850,labram_ridge_base,1,2,combined_population,0.3101446191737559,0.1567175220526532,0.4635717162948586,2000,0.21100989199185743
ds006850,labram_ridge_base,1,2,combined_personalized,0.25174775078582384,0.10585757752040723,0.39763792405124043,2000,0.2698777228044898
ds006850,labram_ridge_base,1,4,prior,0.3122403043035985,0.18179532944905982,0.44268527915813716,2000,0.19083260489510495
ds006850,labram_ridge_base,1,4,prior_personalized,0.2658909927174616,0.12185601516534636,0.4099259702695768,2000,0.24327866513364543
ds006850,labram_ridge_base,1,4,eeg_population,-0.012337837244347317,-0.08744086817155863,0.06276519368286401,2000,0.2179966306616688
ds006850,labram_ridge_base,1,4,eeg_personalized,0.06253358372336755,-0.06502849822568647,0.1900956656724216,2000,0.29117994263922153
ds006850,labram_ridge_base,1,4,combined_population,0.2889932414767712,0.1483475669871781,0.4296389159663643,2000,0.19791569154633581
ds006850,labram_ridge_base,1,4,combined_personalized,0.23491050665164687,0.0905303738224065,0.37929063948088726,2000,0.25943839107020283
ds006850,labram_ridge_base,1,8,prior,0.34077330322157423,0.21607675819576388,0.4654698482473846,2000,0.18296729312354318
ds006850,labram_ridge_base,1,8,prior_personalized,0.28504044211419177,0.14320165232675544,0.42687923190162813,2000,0.2400889356074337
ds006850,labram_ridge_base,1,8,eeg_population,-0.016208897646812232,-0.09298549966328189,0.06056770436965743,2000,0.21803871016542214
ds006850,labram_ridge_base,1,8,eeg_personalized,0.06013567267464669,-0.0658859495407383,0.1861572948900317,2000,0.2933960957281461
ds006850,labram_ridge_base,1,8,combined_population,0.3093755731312141,0.1725407918462958,0.44621035441613244,2000,0.19226692695083886
ds006850,labram_ridge_base,1,8,combined_personalized,0.24899047769973345,0.1075995012058969,0.39038145419357,2000,0.25825243149585625
ds006850,labram_ridge_base,2,0,prior,-6.635784198480622e-16,-5.58136890893139e-15,4.2542120692352654e-15,2000,0.20432291577740386
ds006850,labram_ridge_base,2,0,prior_personalized,0.14096237191529984,0.02700998472098852,0.25491475910961114,2000,0.22603625471735964
ds006850,labram_ridge_base,2,0,eeg_population,-0.01253946961387129,-0.0889663891849908,0.06388744995724822,2000,0.21763904316558644
ds006850,labram_ridge_base,2,0,eeg_personalized,0.11464714129470402,-0.0035554142619911994,0.23284969685139922,2000,0.24715991139170698
ds006850,labram_ridge_base,2,0,combined_population,-0.018244874066970028,-0.08408236349001186,0.047592615356071795,2000,0.2160249771001427
ds006850,labram_ridge_base,2,0,combined_personalized,0.1295055408873524,0.008797639591334297,0.2502134421833705,2000,0.232368054945523
ds006850,labram_ridge_base,2,1,prior,0.2524773125728417,0.09943658166152508,0.40551804348415826,2000,0.23557692307692296
ds006850,labram_ridge_base,2,1,prior_personalized,0.28256211912808604,0.1352252995638066,0.4298989386923655,2000,0.25671346649395743
ds006850,labram_ridge_base,2,1,eeg_population,-0.014999062552209763,-0.09083839147802338,0.06084026637360385,2000,0.21789189358109434
ds006850,labram_ridge_base,2,1,eeg_personalized,0.11364225317204432,-0.004170275554203823,0.23145478189829247,2000,0.2470184494229038
ds006850,labram_ridge_base,2,1,combined_population,0.23618964540049384,0.07770128851053967,0.394678002290448,2000,0.24447632810237777
ds006850,labram_ridge_base,2,1,combined_personalized,0.2746579576304249,0.1245763941106092,0.4247395211502406,2000,0.26071678871391757
ds006850,labram_ridge_base,2,2,prior,0.3327785294901091,0.18930871812632624,0.476248340853892,2000,0.2026005244755245
ds006850,labram_ridge_base,2,2,prior_personalized,0.3508125268936441,0.20851285014193882,0.4931122036453494,2000,0.22226218799524947
ds006850,labram_ridge_base,2,2,eeg_population,-0.012694528463150589,-0.0895557588579802,0.06416670193167903,2000,0.21780354904358062
ds006850,labram_ridge_base,2,2,eeg_personalized,0.11397248595109014,-0.003568845884384733,0.231513817786565,2000,0.24775917690345356
ds006850,labram_ridge_base,2,2,combined_population,0.3101446191737559,0.1567175220526532,0.4635717162948586,2000,0.21100989199185743
ds006850,labram_ridge_base,2,2,combined_personalized,0.342007785165969,0.19604298051121113,0.4879725898207269,2000,0.22787577108213314
ds006850,labram_ridge_base,2,4,prior,0.3122403043035985,0.18179532944905982,0.44268527915813716,2000,0.19083260489510495
ds006850,labram_ridge_base,2,4,prior_personalized,0.34359431603158197,0.20987779289021605,0.4773108391729479,2000,0.21281763101054157
ds006850,labram_ridge_base,2,4,eeg_population,-0.012337837244347618,-0.08744086817155894,0.0627651936828637,2000,0.2179966306616688
ds006850,labram_ridge_base,2,4,eeg_personalized,0.11564721659196271,-0.0035058899311130876,0.2348003231150385,2000,0.24754647639672478
ds006850,labram_ridge_base,2,4,combined_population,0.2889932414767712,0.1483475669871781,0.4296389159663643,2000,0.19791569154633581
ds006850,labram_ridge_base,2,4,combined_personalized,0.33420513114126144,0.1967273544262452,0.47168290785627764,2000,0.21863448612874836
ds006850,labram_ridge_base,2,8,prior,0.34077330322157423,0.21607675819576388,0.4654698482473846,2000,0.18296729312354318
ds006850,labram_ridge_base,2,8,prior_personalized,0.37250512896935495,0.24378532018658064,0.5012249377521293,2000,0.20430051582045555
ds006850,labram_ridge_base,2,8,eeg_population,-0.016208897646812232,-0.09298549966328193,0.06056770436965747,2000,0.21803871016542214
ds006850,labram_ridge_base,2,8,eeg_personalized,0.11189853813755542,-0.006388425274108461,0.2301855015492193,2000,0.24733706700758776
ds006850,labram_ridge_base,2,8,combined_population,0.3093755731312141,0.1725407918462958,0.44621035441613244,2000,0.19226692695083886
ds006850,labram_ridge_base,2,8,combined_personalized,0.3592803761356177,0.22541464642274955,0.49314610584848584,2000,0.21195830108693353
ds006850,labram_ridge_base,4,0,prior,-6.635784198480622e-16,-5.58136890893139e-15,4.2542120692352654e-15,2000,0.20432291577740386
ds006850,labram_ridge_base,4,0,prior_personalized,0.15361825253941758,0.0370976837378645,0.27013882134097067,2000,0.20806822020552457
ds006850,labram_ridge_base,4,0,eeg_population,-0.012539469613871295,-0.08896638918499081,0.06388744995724821,2000,0.21763904316558644
ds006850,labram_ridge_base,4,0,eeg_personalized,0.14642508406587745,0.01594159325728775,0.2769085748744672,2000,0.2226024882162087
ds006850,labram_ridge_base,4,0,combined_population,-0.018244874066970035,-0.08408236349001187,0.0475926153560718,2000,0.2160249771001427
ds006850,labram_ridge_base,4,0,combined_personalized,0.14309977161408277,0.014522965039119373,0.27167657818904617,2000,0.21615443585860264
ds006850,labram_ridge_base,4,1,prior,0.2524773125728417,0.09943658166152508,0.40551804348415826,2000,0.23557692307692296
ds006850,labram_ridge_base,4,1,prior_personalized,0.3023803686005889,0.15051493443430722,0.45424580276687065,2000,0.24281870875019912
ds006850,labram_ridge_base,4,1,eeg_population,-0.014999062552209752,-0.0908383914780234,0.060840266373603895,2000,0.21789189358109434
ds006850,labram_ridge_base,4,1,eeg_personalized,0.14557445664347024,0.015594050979440971,0.2755548623074995,2000,0.2223798977384314
ds006850,labram_ridge_base,4,1,combined_population,0.23618964540049386,0.0777012885105397,0.394678002290448,2000,0.24447632810237777
ds006850,labram_ridge_base,4,1,combined_personalized,0.2949497013514429,0.1402721705349425,0.44962723216794326,2000,0.2472038812675105
ds006850,labram_ridge_base,4,2,prior,0.3327785294901091,0.18930871812632624,0.476248340853892,2000,0.2026005244755245
ds006850,labram_ridge_base,4,2,prior_personalized,0.38058695888078226,0.23466706170945872,0.5265068560521058,2000,0.20580589164016772
ds006850,labram_ridge_base,4,2,eeg_population,-0.012694528463150381,-0.08955575885797999,0.06416670193167924,2000,0.21780354904358062
ds006850,labram_ridge_base,4,2,eeg_personalized,0.14651954070753462,0.016396110915661177,0.27664297049940806,2000,0.2228090692735094
ds006850,labram_ridge_base,4,2,combined_population,0.31014461917375585,0.15671752205265316,0.46357171629485855,2000,0.21100989199185743
ds006850,labram_ridge_base,4,2,combined_personalized,0.37024119467047223,0.2184428417176921,0.5220395476232523,2000,0.21156229073491944
ds006850,labram_ridge_base,4,4,prior,0.3122403043035985,0.18179532944905982,0.44268527915813716,2000,0.19083260489510495
ds006850,labram_ridge_base,4,4,prior_personalized,0.3752071982537277,0.23625296868119108,0.5141614278262644,2000,0.19380600185514676
ds006850,labram_ridge_base,4,4,eeg_population,-0.012337837244347765,-0.08744086817155909,0.06276519368286355,2000,0.2179966306616688
ds006850,labram_ridge_base,4,4,eeg_personalized,0.14554321787808783,0.014574532280340807,0.2765119034758349,2000,0.2228946774404037
ds006850,labram_ridge_base,4,4,combined_population,0.28899324147677147,0.14834756698717838,0.42963891596636455,2000,0.19791569154633587
ds006850,labram_ridge_base,4,4,combined_personalized,0.36124453497460063,0.21691502048394684,0.5055740494652544,2000,0.20054252684176427
ds006850,labram_ridge_base,4,8,prior,0.34077330322157423,0.21607675819576388,0.4654698482473846,2000,0.18296729312354318
ds006850,labram_ridge_base,4,8,prior_personalized,0.40644593928664674,0.2734856376771213,0.5394062408961722,2000,0.18546543187314518
ds006850,labram_ridge_base,4,8,eeg_population,-0.01620889764681229,-0.09298549966328198,0.06056770436965741,2000,0.21803871016542214
ds006850,labram_ridge_base,4,8,eeg_personalized,0.14368664702891817,0.013345383914388859,0.2740279101434475,2000,0.22319991243072587
ds006850,labram_ridge_base,4,8,combined_population,0.3093755731312141,0.17254079184629584,0.4462103544161324,2000,0.19226692695083886
ds006850,labram_ridge_base,4,8,combined_personalized,0.3904681662639376,0.2505850595038811,0.5303512730239941,2000,0.1936862254916607
ds006850,labram_ridge_base,8,0,prior,-6.635784198480622e-16,-5.58136890893139e-15,4.2542120692352654e-15,2000,0.20432291577740386
ds006850,labram_ridge_base,8,0,prior_personalized,0.15644082287591965,0.04918720344839622,0.2636944423034431,2000,0.20188437258509112
ds006850,labram_ridge_base,8,0,eeg_population,-0.012539469613871295,-0.08896638918499081,0.06388744995724821,2000,0.21763904316558644
ds006850,labram_ridge_base,8,0,eeg_personalized,0.15117631325010938,0.026541089933246637,0.2758115365669721,2000,0.21185725026290533
ds006850,labram_ridge_base,8,0,combined_population,-0.018244874066970035,-0.08408236349001187,0.0475926153560718,2000,0.2160249771001427
ds006850,labram_ridge_base,8,0,combined_personalized,0.14553495471185768,0.023784231112019813,0.26728567831169553,2000,0.21115047831332268
ds006850,labram_ridge_base,8,1,prior,0.2524773125728417,0.09943658166152508,0.40551804348415826,2000,0.23557692307692296
ds006850,labram_ridge_base,8,1,prior_personalized,0.3108629427789764,0.16350147148291203,0.4582244140750408,2000,0.23852550776845435
ds006850,labram_ridge_base,8,1,eeg_population,-0.014999062552209752,-0.0908383914780234,0.060840266373603895,2000,0.21789189358109434
ds006850,labram_ridge_base,8,1,eeg_personalized,0.14908657301434453,0.025174719934580064,0.27299842609410896,2000,0.21192237953963006
ds006850,labram_ridge_base,8,1,combined_population,0.23618964540049386,0.0777012885105397,0.394678002290448,2000,0.24447632810237777
ds006850,labram_ridge_base,8,1,combined_personalized,0.3012973205463016,0.15128059539916783,0.45131404569343536,2000,0.24483723250490405
ds006850,labram_ridge_base,8,2,prior,0.3327785294901091,0.18930871812632624,0.476248340853892,2000,0.2026005244755245
ds006850,labram_ridge_base,8,2,prior_personalized,0.3927762479587605,0.2514966184385673,0.5340558774789537,2000,0.20132381886625828
ds006850,labram_ridge_base,8,2,eeg_population,-0.012694528463150381,-0.08955575885797999,0.06416670193167924,2000,0.21780354904358062
ds006850,labram_ridge_base,8,2,eeg_personalized,0.15243043880722165,0.028342466143095157,0.27651841147134815,2000,0.21219035544632064
ds006850,labram_ridge_base,8,2,combined_population,0.31014461917375585,0.15671752205265316,0.46357171629485855,2000,0.21100989199185743
ds006850,labram_ridge_base,8,2,combined_personalized,0.3807617820143263,0.2342879524700132,0.5272356115586394,2000,0.20887284336258422
ds006850,labram_ridge_base,8,4,prior,0.3122403043035985,0.18179532944905982,0.44268527915813716,2000,0.19083260489510495
ds006850,labram_ridge_base,8,4,prior_personalized,0.387435012462399,0.2561385280432227,0.5187314968815753,2000,0.18921040729934963
ds006850,labram_ridge_base,8,4,eeg_population,-0.012337837244347765,-0.08744086817155909,0.06276519368286355,2000,0.2179966306616688
ds006850,labram_ridge_base,8,4,eeg_personalized,0.14835756738525568,0.024157200738023618,0.27255793403248774,2000,0.21222946204649973
ds006850,labram_ridge_base,8,4,combined_population,0.28899324147677147,0.14834756698717838,0.42963891596636455,2000,0.19791569154633587
ds006850,labram_ridge_base,8,4,combined_personalized,0.371717998893179,0.23547267675232156,0.5079633210340365,2000,0.19833333624914673
ds006850,labram_ridge_base,8,8,prior,0.34077330322157423,0.21607675819576388,0.4654698482473846,2000,0.18296729312354318
ds006850,labram_ridge_base,8,8,prior_personalized,0.41814287956601015,0.2927700025510962,0.5435157565809241,2000,0.1799196406456151
ds006850,labram_ridge_base,8,8,eeg_population,-0.01620889764681229,-0.09298549966328198,0.06056770436965741,2000,0.21803871016542214
ds006850,labram_ridge_base,8,8,eeg_personalized,0.1483814174717034,0.023962340724856965,0.2728004942185498,2000,0.2125767442492455
ds006850,labram_ridge_base,8,8,combined_population,0.3093755731312141,0.17254079184629584,0.4462103544161324,2000,0.19226692695083886
ds006850,labram_ridge_base,8,8,combined_personalized,0.39951622091463407,0.26696831985009806,0.5320641219791701,2000,0.18966943664898556
ds006850,labram_ridge_strong,0,0,prior,-6.635784198480622e-16,-5.58136890893139e-15,4.2542120692352654e-15,2000,0.20432291577740386
ds006850,labram_ridge_strong,0,0,prior_personalized,-6.635784198480622e-16,-5.58136890893139e-15,4.2542120692352654e-15,2000,0.20432291577740386
ds006850,labram_ridge_strong,0,0,eeg_population,0.006437608391429417,-0.04392746078699351,0.056802677569852335,2000,0.2100093979620406
ds006850,labram_ridge_strong,0,0,eeg_personalized,0.006437608391429417,-0.04392746078699351,0.056802677569852335,2000,0.2100093979620406
ds006850,labram_ridge_strong,0,0,combined_population,-0.002051074163381764,-0.04480766727937238,0.04070551895260885,2000,0.20966961586201033
ds006850,labram_ridge_strong,0,0,combined_personalized,-0.002051074163381764,-0.04480766727937238,0.04070551895260885,2000,0.20966961586201033
ds006850,labram_ridge_strong,0,1,prior,0.2524773125728417,0.09943658166152508,0.40551804348415826,2000,0.23557692307692296
ds006850,labram_ridge_strong,0,1,prior_personalized,0.2524773125728417,0.09943658166152508,0.40551804348415826,2000,0.23557692307692296
ds006850,labram_ridge_strong,0,1,eeg_population,0.00535015737166652,-0.04498562550058526,0.0556859402439183,2000,0.21017179046825488
ds006850,labram_ridge_strong,0,1,eeg_personalized,0.00535015737166652,-0.04498562550058526,0.0556859402439183,2000,0.21017179046825488
ds006850,labram_ridge_strong,0,1,combined_population,0.24868952572380948,0.09256251963188081,0.4048165318157382,2000,0.23996668539293795
ds006850,labram_ridge_strong,0,1,combined_personalized,0.24868952572380948,0.09256251963188081,0.4048165318157382,2000,0.23996668539293795
ds006850,labram_ridge_strong,0,2,prior,0.3327785294901091,0.18930871812632624,0.476248340853892,2000,0.2026005244755245
ds006850,labram_ridge_strong,0,2,prior_personalized,0.3327785294901091,0.18930871812632624,0.476248340853892,2000,0.2026005244755245
ds006850,labram_ridge_strong,0,2,eeg_population,0.007252856606170398,-0.04398197789017453,0.05848769110251533,2000,0.21006321223998398
ds006850,labram_ridge_strong,0,2,eeg_personalized,0.007252856606170398,-0.04398197789017453,0.05848769110251533,2000,0.21006321223998398
ds006850,labram_ridge_strong,0,2,combined_population,0.3275422141505143,0.17846095851903107,0.47662346978199754,2000,0.20600469646891587
ds006850,labram_ridge_strong,0,2,combined_personalized,0.3275422141505143,0.17846095851903107,0.47662346978199754,2000,0.20600469646891587
ds006850,labram_ridge_strong,0,4,prior,0.3122403043035985,0.18179532944905982,0.44268527915813716,2000,0.19083260489510495
ds006850,labram_ridge_strong,0,4,prior_personalized,0.3122403043035985,0.18179532944905982,0.44268527915813716,2000,0.19083260489510495
ds006850,labram_ridge_strong,0,4,eeg_population,0.007961512008500869,-0.04248582964805403,0.05840885366505577,2000,0.21011011891948767
ds006850,labram_ridge_strong,0,4,eeg_personalized,0.007961512008500869,-0.04248582964805403,0.05840885366505577,2000,0.21011011891948767
ds006850,labram_ridge_strong,0,4,combined_population,0.30706823160796326,0.1703540905211766,0.44378237269474996,2000,0.19266691288192989
ds006850,labram_ridge_strong,0,4,combined_personalized,0.30706823160796326,0.1703540905211766,0.44378237269474996,2000,0.19266691288192989
ds006850,labram_ridge_strong,0,8,prior,0.34077330322157423,0.21607675819576388,0.4654698482473846,2000,0.18296729312354318
ds006850,labram_ridge_strong,0,8,prior_personalized,0.34077330322157423,0.21607675819576388,0.4654698482473846,2000,0.18296729312354318
ds006850,labram_ridge_strong,0,8,eeg_population,0.004514995088380819,-0.04654254546586442,0.055572535642626056,2000,0.21016240324617125
ds006850,labram_ridge_strong,0,8,eeg_personalized,0.004514995088380819,-0.04654254546586442,0.055572535642626056,2000,0.21016240324617125
ds006850,labram_ridge_strong,0,8,combined_population,0.32607272391493625,0.19264923533316353,0.45949621249670897,2000,0.18737157652044809
ds006850,labram_ridge_strong,0,8,combined_personalized,0.32607272391493625,0.19264923533316353,0.45949621249670897,2000,0.18737157652044809
ds006850,labram_ridge_strong,1,0,prior,-6.635784198480622e-16,-5.58136890893139e-15,4.2542120692352654e-15,2000,0.20432291577740386
ds006850,labram_ridge_strong,1,0,prior_personalized,0.0827465866520994,-0.042535461921800646,0.20802863522599946,2000,0.25261502526773405
ds006850,labram_ridge_strong,1,0,eeg_population,0.006437608391429417,-0.04392746078699351,0.056802677569852335,2000,0.2100093979620406
ds006850,labram_ridge_strong,1,0,eeg_personalized,0.08454370329307626,-0.0441726270518113,0.2132600336379638,2000,0.27924926225599034
ds006850,labram_ridge_strong,1,0,combined_population,-0.002051074163382245,-0.044807667279372874,0.040705518952608384,2000,0.20966961586201033
ds006850,labram_ridge_strong,1,0,combined_personalized,0.07831916008465592,-0.04653944244389488,0.20317776261320672,2000,0.25880996477910284
ds006850,labram_ridge_strong,1,1,prior,0.2524773125728417,0.09943658166152508,0.40551804348415826,2000,0.23557692307692296
ds006850,labram_ridge_strong,1,1,prior_personalized,0.23463677155563079,0.08797915064996781,0.38129439246129376,2000,0.2854217805925801
ds006850,labram_ridge_strong,1,1,eeg_population,0.00535015737166653,-0.044985625500585234,0.0556859402439183,2000,0.21017179046825488
ds006850,labram_ridge_strong,1,1,eeg_personalized,0.08484941784830181,-0.043671548040032246,0.21337038373663586,2000,0.27842462939946433
ds006850,labram_ridge_strong,1,1,combined_population,0.24868952572380948,0.09256251963188084,0.4048165318157381,2000,0.23996668539293795
ds006850,labram_ridge_strong,1,1,combined_personalized,0.23012771524739645,0.08353932793776583,0.37671610255702703,2000,0.2888848123811425
ds006850,labram_ridge_strong,1,2,prior,0.3327785294901091,0.18930871812632624,0.476248340853892,2000,0.2026005244755245
ds006850,labram_ridge_strong,1,2,prior_personalized,0.2783210358552465,0.1320318256143272,0.42461024609616577,2000,0.2547554287518416
ds006850,labram_ridge_strong,1,2,eeg_population,0.007252856606170398,-0.04398197789017453,0.05848769110251533,2000,0.21006321223998398
ds006850,labram_ridge_strong,1,2,eeg_personalized,0.08499828849358264,-0.043300961650413486,0.21329753863757878,2000,0.2794157454815981
ds006850,labram_ridge_strong,1,2,combined_population,0.3275422141505143,0.17846095851903107,0.47662346978199754,2000,0.20600469646891587
ds006850,labram_ridge_strong,1,2,combined_personalized,0.2729694749935859,0.12790034749753187,0.41803860248964,2000,0.2601295093571222
ds006850,labram_ridge_strong,1,4,prior,0.3122403043035985,0.18179532944905982,0.44268527915813716,2000,0.19083260489510495
ds006850,labram_ridge_strong,1,4,prior_personalized,0.2658909927174616,0.12185601516534636,0.4099259702695768,2000,0.24327866513364543
ds006850,labram_ridge_strong,1,4,eeg_population,0.007961512008500869,-0.042485829648054,0.05840885366505574,2000,0.21011011891948767
ds006850,labram_ridge_strong,1,4,eeg_personalized,0.08624419870719169,-0.043218230263004614,0.215706627677388,2000,0.27854749399584594
ds006850,labram_ridge_strong,1,4,combined_population,0.30706823160796326,0.1703540905211766,0.44378237269474996,2000,0.19266691288192989
ds006850,labram_ridge_strong,1,4,combined_personalized,0.2598339526737582,0.11676382487358081,0.40290408047393556,2000,0.24863514302895534
ds006850,labram_ridge_strong,1,8,prior,0.34077330322157423,0.21607675819576388,0.4654698482473846,2000,0.18296729312354318
ds006850,labram_ridge_strong,1,8,prior_personalized,0.28504044211419177,0.14320165232675544,0.42687923190162813,2000,0.2400889356074337
ds006850,labram_ridge_strong,1,8,eeg_population,0.004514995088380819,-0.046542545465864414,0.05557253564262605,2000,0.21016240324617125
ds006850,labram_ridge_strong,1,8,eeg_personalized,0.08331610805268644,-0.04494619394850752,0.2115784100538804,2000,0.2801184527426469
ds006850,labram_ridge_strong,1,8,combined_population,0.32607272391493625,0.19264923533316353,0.45949621249670897,2000,0.18737157652044809
ds006850,labram_ridge_strong,1,8,combined_personalized,0.2732345347374089,0.13380905996100817,0.4126600095138096,2000,0.24972947575334414
ds006850,labram_ridge_strong,2,0,prior,-6.635784198480622e-16,-5.58136890893139e-15,4.2542120692352654e-15,2000,0.20432291577740386
ds006850,labram_ridge_strong,2,0,prior_personalized,0.14096237191529984,0.02700998472098852,0.25491475910961114,2000,0.22603625471735964
ds006850,labram_ridge_strong,2,0,eeg_population,0.006437608391429417,-0.0439274607869935,0.05680267756985233,2000,0.2100093979620406
ds006850,labram_ridge_strong,2,0,eeg_personalized,0.12741647839657294,0.012271905417494067,0.24256105137565181,2000,0.24212827563905978
ds006850,labram_ridge_strong,2,0,combined_population,-0.0020510741633819286,-0.044807667279372555,0.0407055189526087,2000,0.20966961586201033
ds006850,labram_ridge_strong,2,0,combined_personalized,0.1417162098576858,0.025298655652395405,0.25813376406297617,2000,0.22834301921444125
ds006850,labram_ridge_strong,2,1,prior,0.2524773125728417,0.09943658166152508,0.40551804348415826,2000,0.23557692307692296
ds006850,labram_ridge_strong,2,1,prior_personalized,0.28256211912808604,0.1352252995638066,0.4298989386923655,2000,0.25671346649395743
ds006850,labram_ridge_strong,2,1,eeg_population,0.0053501573716662225,-0.044985625500585553,0.05568594024391799,2000,0.21017179046825488
ds006850,labram_ridge_strong,2,1,eeg_personalized,0.12727318733252752,0.012434938030405615,0.2421114366346494,2000,0.24201583688665956
ds006850,labram_ridge_strong,2,1,combined_population,0.24868952572380948,0.09256251963188084,0.4048165318157381,2000,0.23996668539293795
ds006850,labram_ridge_strong,2,1,combined_personalized,0.28271125279047327,0.13382757699248415,0.4315949285884624,2000,0.25741920804540813
ds006850,labram_ridge_strong,2,2,prior,0.3327785294901091,0.18930871812632624,0.476248340853892,2000,0.2026005244755245
ds006850,labram_ridge_strong,2,2,prior_personalized,0.3508125268936441,0.20851285014193882,0.4931122036453494,2000,0.22226218799524947
ds006850,labram_ridge_strong,2,2,eeg_population,0.007252856606170087,-0.04398197789017484,0.05848769110251502,2000,0.21006321223998398
ds006850,labram_ridge_strong,2,2,eeg_personalized,0.1282640808997373,0.013458228670581357,0.24306993312889322,2000,0.24239539606797025
ds006850,labram_ridge_strong,2,2,combined_population,0.3275422141505143,0.17846095851903107,0.47662346978199754,2000,0.20600469646891587
ds006850,labram_ridge_strong,2,2,combined_personalized,0.35152446704345836,0.20716933295925213,0.4958796011276646,2000,0.22412974165484378
ds006850,labram_ridge_strong,2,4,prior,0.3122403043035985,0.18179532944905982,0.44268527915813716,2000,0.19083260489510495
ds006850,labram_ridge_strong,2,4,prior_personalized,0.34359431603158197,0.20987779289021605,0.4773108391729479,2000,0.21281763101054157
ds006850,labram_ridge_strong,2,4,eeg_population,0.007961512008500869,-0.042485829648054,0.05840885366505574,2000,0.21011011891948767
ds006850,labram_ridge_strong,2,4,eeg_personalized,0.1295157301256443,0.013622174426972486,0.2454092858243161,2000,0.2419628840705026
ds006850,labram_ridge_strong,2,4,combined_population,0.30706823160796326,0.1703540905211766,0.44378237269474996,2000,0.19266691288192989
ds006850,labram_ridge_strong,2,4,combined_personalized,0.3450805593671459,0.2095145655976684,0.48064655313662336,2000,0.2156048668349883
ds006850,labram_ridge_strong,2,8,prior,0.34077330322157423,0.21607675819576388,0.4654698482473846,2000,0.18296729312354318
ds006850,labram_ridge_strong,2,8,prior_personalized,0.37250512896935495,0.24378532018658064,0.5012249377521293,2000,0.20430051582045555
ds006850,labram_ridge_strong,2,8,eeg_population,0.004514995088380819,-0.0465425454658644,0.055572535642626035,2000,0.21016240324617125
ds006850,labram_ridge_strong,2,8,eeg_personalized,0.12587164853478952,0.010133965885846238,0.2416093311837328,2000,0.24222158826513054
ds006850,labram_ridge_strong,2,8,combined_population,0.32607272391493625,0.19264923533316355,0.4594962124967089,2000,0.18737157652044809
ds006850,labram_ridge_strong,2,8,combined_personalized,0.3690802562812657,0.23795674476192713,0.5002037678006042,2000,0.20962302022261764
ds006850,labram_ridge_strong,4,0,prior,-6.635784198480622e-16,-5.58136890893139e-15,4.2542120692352654e-15,2000,0.20432291577740386
ds006850,labram_ridge_strong,4,0,prior_personalized,0.15361825253941758,0.0370976837378645,0.27013882134097067,2000,0.20806822020552457
ds006850,labram_ridge_strong,4,0,eeg_population,0.006437608391429417,-0.043927460786993514,0.05680267756985234,2000,0.2100093979620406
ds006850,labram_ridge_strong,4,0,eeg_personalized,0.1558751256723064,0.031540882209242255,0.28020936913537053,2000,0.21731497225401036
ds006850,labram_ridge_strong,4,0,combined_population,-0.0020510741633821827,-0.04480766727937281,0.04070551895260845,2000,0.20966961586201033
ds006850,labram_ridge_strong,4,0,combined_personalized,0.15357273179210984,0.032311348506970566,0.2748341150772491,2000,0.21140658927456846
ds006850,labram_ridge_strong,4,1,prior,0.2524773125728417,0.09943658166152508,0.40551804348415826,2000,0.23557692307692296
ds006850,labram_ridge_strong,4,1,prior_personalized,0.3023803686005889,0.15051493443430722,0.45424580276687065,2000,0.24281870875019912
ds006850,labram_ridge_strong,4,1,eeg_population,0.0053501573716664115,-0.04498562550058536,0.05568594024391819,2000,0.2101717904682549
ds006850,labram_ridge_strong,4,1,eeg_personalized,0.15540079985198757,0.031356614916961054,0.2794449847870141,2000,0.21730293407759427
ds006850,labram_ridge_strong,4,1,combined_population,0.24868952572380948,0.09256251963188081,0.4048165318157382,2000,0.23996668539293795
ds006850,labram_ridge_strong,4,1,combined_personalized,0.301862011793457,0.1484873222814843,0.4552367013054297,2000,0.24403327860671356
ds006850,labram_ridge_strong,4,2,prior,0.3327785294901091,0.18930871812632624,0.476248340853892,2000,0.2026005244755245
ds006850,labram_ridge_strong,4,2,prior_personalized,0.38058695888078226,0.23466706170945872,0.5265068560521058,2000,0.20580589164016772
ds006850,labram_ridge_strong,4,2,eeg_population,0.007252856606170087,-0.04398197789017484,0.05848769110251502,2000,0.21006321223998398
ds006850,labram_ridge_strong,4,2,eeg_personalized,0.15733559192373137,0.03303448779469263,0.2816366960527701,2000,0.21738278179159815
ds006850,labram_ridge_strong,4,2,combined_population,0.3275422141505143,0.17846095851903107,0.47662346978199754,2000,0.20600469646891587
ds006850,labram_ridge_strong,4,2,combined_personalized,0.3802817604173372,0.23129057191609367,0.5292729489185807,2000,0.20756527707823266
ds006850,labram_ridge_strong,4,4,prior,0.3122403043035985,0.18179532944905982,0.44268527915813716,2000,0.19083260489510495
ds006850,labram_ridge_strong,4,4,prior_personalized,0.3752071982537277,0.23625296868119108,0.5141614278262644,2000,0.19380600185514676
ds006850,labram_ridge_strong,4,4,eeg_population,0.007961512008500869,-0.04248582964805401,0.05840885366505575,2000,0.21011011891948767
ds006850,labram_ridge_strong,4,4,eeg_personalized,0.15691805332446687,0.032369947251182585,0.28146615939775116,2000,0.21734875079716795
ds006850,labram_ridge_strong,4,4,combined_population,0.30706823160796326,0.1703540905211766,0.44378237269474996,2000,0.19266691288192989
ds006850,labram_ridge_strong,4,4,combined_personalized,0.3733373569111457,0.23179989832059533,0.5148748155016961,2000,0.19655779985786817
ds006850,labram_ridge_strong,4,8,prior,0.34077330322157423,0.21607675819576388,0.4654698482473846,2000,0.18296729312354318
ds006850,labram_ridge_strong,4,8,prior_personalized,0.40644593928664674,0.2734856376771213,0.5394062408961722,2000,0.18546543187314518
ds006850,labram_ridge_strong,4,8,eeg_population,0.004514995088380621,-0.04654254546586462,0.05557253564262587,2000,0.21016240324617125
ds006850,labram_ridge_strong,4,8,eeg_personalized,0.15535231780482425,0.030694616487932577,0.2800100191217159,2000,0.21761218022210307
ds006850,labram_ridge_strong,4,8,combined_population,0.32607272391493625,0.19264923533316353,0.45949621249670897,2000,0.18737157652044809
ds006850,labram_ridge_strong,4,8,combined_personalized,0.39994882500036655,0.2628225082512835,0.5370751417494496,2000,0.19083826141940954
ds006850,labram_ridge_strong,8,0,prior,-6.635784198480622e-16,-5.58136890893139e-15,4.2542120692352654e-15,2000,0.20432291577740386
ds006850,labram_ridge_strong,8,0,prior_personalized,0.15644082287591965,0.04918720344839622,0.2636944423034431,2000,0.20188437258509112
ds006850,labram_ridge_strong,8,0,eeg_population,0.006437608391429417,-0.043927460786993514,0.05680267756985234,2000,0.2100093979620406
ds006850,labram_ridge_strong,8,0,eeg_personalized,0.16067520847779923,0.04551727351519626,0.2758331434404022,2000,0.20573353604351138
ds006850,labram_ridge_strong,8,0,combined_population,-0.0020510741633821827,-0.04480766727937281,0.04070551895260845,2000,0.20966961586201033
ds006850,labram_ridge_strong,8,0,combined_personalized,0.1563446879381589,0.04300247164305733,0.26968690423326047,2000,0.2058533203242733
ds006850,labram_ridge_strong,8,1,prior,0.2524773125728417,0.09943658166152508,0.40551804348415826,2000,0.23557692307692296
ds006850,labram_ridge_strong,8,1,prior_personalized,0.3108629427789764,0.16350147148291203,0.4582244140750408,2000,0.23852550776845435
ds006850,labram_ridge_strong,8,1,eeg_population,0.0053501573716664115,-0.04498562550058536,0.05568594024391819,2000,0.2101717904682549
ds006850,labram_ridge_strong,8,1,eeg_personalized,0.15969958312323693,0.04496281831151892,0.2744363479349549,2000,0.20583550686936433
ds006850,labram_ridge_strong,8,1,combined_population,0.24868952572380948,0.09256251963188081,0.4048165318157382,2000,0.23996668539293795
ds006850,labram_ridge_strong,8,1,combined_personalized,0.30910348212158534,0.1603090502525556,0.4578979139906151,2000,0.24033900599108912
ds006850,labram_ridge_strong,8,2,prior,0.3327785294901091,0.18930871812632624,0.476248340853892,2000,0.2026005244755245
ds006850,labram_ridge_strong,8,2,prior_personalized,0.3927762479587605,0.2514966184385673,0.5340558774789537,2000,0.20132381886625828
ds006850,labram_ridge_strong,8,2,eeg_population,0.007252856606170087,-0.04398197789017484,0.05848769110251502,2000,0.21006321223998398
ds006850,labram_ridge_strong,8,2,eeg_personalized,0.16305397241493053,0.048066741339701305,0.27804120349015976,2000,0.2056660571330024
ds006850,labram_ridge_strong,8,2,combined_population,0.3275422141505143,0.17846095851903107,0.47662346978199754,2000,0.20600469646891587
ds006850,labram_ridge_strong,8,2,combined_personalized,0.39187396172985733,0.24813360442374788,0.5356143190359668,2000,0.20395486397522572
ds006850,labram_ridge_strong,8,4,prior,0.3122403043035985,0.18179532944905982,0.44268527915813716,2000,0.19083260489510495
ds006850,labram_ridge_strong,8,4,prior_personalized,0.387435012462399,0.2561385280432227,0.5187314968815753,2000,0.18921040729934963
ds006850,labram_ridge_strong,8,4,eeg_population,0.007961512008500869,-0.04248582964805401,0.05840885366505575,2000,0.21011011891948767
ds006850,labram_ridge_strong,8,4,eeg_personalized,0.16105812991249485,0.045783990420445106,0.2763322694045446,2000,0.2057079177447904
ds006850,labram_ridge_strong,8,4,combined_population,0.30706823160796326,0.1703540905211766,0.44378237269474996,2000,0.19266691288192989
ds006850,labram_ridge_strong,8,4,combined_personalized,0.38441066546262315,0.25079795464047366,0.5180233762847726,2000,0.19300509369061028
ds006850,labram_ridge_strong,8,8,prior,0.34077330322157423,0.21607675819576388,0.4654698482473846,2000,0.18296729312354318
ds006850,labram_ridge_strong,8,8,prior_personalized,0.41814287956601015,0.2927700025510962,0.5435157565809241,2000,0.1799196406456151
ds006850,labram_ridge_strong,8,8,eeg_population,0.004514995088380621,-0.04654254546586462,0.05557253564262587,2000,0.21016240324617125
ds006850,labram_ridge_strong,8,8,eeg_personalized,0.15952201373100955,0.044069154601692834,0.2749748728603263,2000,0.20593940903513355
ds006850,labram_ridge_strong,8,8,combined_population,0.32607272391493625,0.19264923533316353,0.45949621249670897,2000,0.18737157652044809
ds006850,labram_ridge_strong,8,8,combined_personalized,0.4096316517148553,0.2797595880459798,0.5395037153837309,2000,0.18587568110613256
