dataset_id,representation,contrast,participant_dose,stimulus_dose,ccc_delta,ccc_ci_low,ccc_ci_high,valid_bootstrap,ccc_simultaneous_low,ccc_simultaneous_high,mae_delta,mae_ci_low,mae_ci_high
ds005540,de_ridge_base,eeg_added_population,0,0,0.018197483699897946,-0.07282159447297167,0.10921656187276756,1985,-0.05427871662178768,0.09067368402158357,0.008604111665807018,-0.008600182590474938,0.025808405922088974
ds005540,de_ridge_base,eeg_added_population,0,1,-0.009923782010875792,-0.061809119412585094,0.04196155539083351,1985,-0.08239998233256142,0.06255241831080983,0.01062768947287926,-0.006435875793945899,0.027691254739704418
ds005540,de_ridge_base,eeg_added_population,0,2,-0.00657217200929161,-0.07370339736061804,0.06055905334203482,1985,-0.07904837233097724,0.06590402831239402,0.008139262316192136,-0.009422987481125304,0.025701512113509576
ds005540,de_ridge_base,eeg_added_population,0,4,-0.006411474028104991,-0.08142934750800326,0.06860639945179328,1985,-0.07888767434979062,0.06606472629358064,0.011103817561315676,-0.004765668674246923,0.026973303796878276
ds005540,de_ridge_base,eeg_added_population,0,8,-0.007508379363935891,-0.08480410664142128,0.0697873479135495,1985,-0.07998457968562152,0.06496782095774974,0.010258850615616877,-0.005409404997797497,0.02592710622903125
ds005540,de_ridge_base,eeg_added_population,1,0,0.018197483699897946,-0.07282159447297167,0.10921656187276756,1985,-0.05427871662178768,0.09067368402158357,0.008604111665807018,-0.008600182590474938,0.025808405922088974
ds005540,de_ridge_base,eeg_added_population,1,1,-0.009923782010875792,-0.061809119412585094,0.04196155539083351,1985,-0.08239998233256142,0.06255241831080983,0.01062768947287926,-0.006435875793945899,0.027691254739704418
ds005540,de_ridge_base,eeg_added_population,1,2,-0.00657217200929161,-0.07370339736061804,0.06055905334203482,1985,-0.07904837233097724,0.06590402831239402,0.008139262316192136,-0.009422987481125304,0.025701512113509576
ds005540,de_ridge_base,eeg_added_population,1,4,-0.006411474028104991,-0.08142934750800326,0.06860639945179328,1985,-0.07888767434979062,0.06606472629358064,0.011103817561315676,-0.004765668674246923,0.026973303796878276
ds005540,de_ridge_base,eeg_added_population,1,8,-0.007508379363935891,-0.08480410664142128,0.0697873479135495,1985,-0.07998457968562152,0.06496782095774974,0.010258850615616877,-0.005409404997797497,0.02592710622903125
ds005540,de_ridge_base,eeg_added_population,2,0,0.018197483699897946,-0.07282159447297167,0.10921656187276756,1985,-0.05427871662178768,0.09067368402158357,0.008604111665807018,-0.008600182590474938,0.025808405922088974
ds005540,de_ridge_base,eeg_added_population,2,1,-0.009923782010875792,-0.061809119412585094,0.04196155539083351,1985,-0.08239998233256142,0.06255241831080983,0.01062768947287926,-0.006435875793945899,0.027691254739704418
ds005540,de_ridge_base,eeg_added_population,2,2,-0.00657217200929161,-0.07370339736061804,0.06055905334203482,1985,-0.07904837233097724,0.06590402831239402,0.008139262316192136,-0.009422987481125304,0.025701512113509576
ds005540,de_ridge_base,eeg_added_population,2,4,-0.006411474028104991,-0.08142934750800326,0.06860639945179328,1985,-0.07888767434979062,0.06606472629358064,0.011103817561315676,-0.004765668674246923,0.026973303796878276
ds005540,de_ridge_base,eeg_added_population,2,8,-0.007508379363935891,-0.08480410664142128,0.0697873479135495,1985,-0.07998457968562152,0.06496782095774974,0.010258850615616877,-0.005409404997797497,0.02592710622903125
ds005540,de_ridge_base,eeg_added_population,4,0,0.018197483699897946,-0.07282159447297167,0.10921656187276756,1985,-0.05427871662178768,0.09067368402158357,0.008604111665807018,-0.008600182590474938,0.025808405922088974
ds005540,de_ridge_base,eeg_added_population,4,1,-0.009923782010875792,-0.061809119412585094,0.04196155539083351,1985,-0.08239998233256142,0.06255241831080983,0.01062768947287926,-0.006435875793945899,0.027691254739704418
ds005540,de_ridge_base,eeg_added_population,4,2,-0.00657217200929161,-0.07370339736061804,0.06055905334203482,1985,-0.07904837233097724,0.06590402831239402,0.008139262316192136,-0.009422987481125304,0.025701512113509576
ds005540,de_ridge_base,eeg_added_population,4,4,-0.006411474028104991,-0.08142934750800326,0.06860639945179328,1985,-0.07888767434979062,0.06606472629358064,0.011103817561315676,-0.004765668674246923,0.026973303796878276
ds005540,de_ridge_base,eeg_added_population,4,8,-0.007508379363935891,-0.08480410664142128,0.0697873479135495,1985,-0.07998457968562152,0.06496782095774974,0.010258850615616877,-0.005409404997797497,0.02592710622903125
ds005540,de_ridge_base,eeg_added_population,8,0,0.018197483699897946,-0.07282159447297167,0.10921656187276756,1985,-0.05427871662178768,0.09067368402158357,0.008604111665807018,-0.008600182590474938,0.025808405922088974
ds005540,de_ridge_base,eeg_added_population,8,1,-0.009923782010875792,-0.061809119412585094,0.04196155539083351,1985,-0.08239998233256142,0.06255241831080983,0.01062768947287926,-0.006435875793945899,0.027691254739704418
ds005540,de_ridge_base,eeg_added_population,8,2,-0.00657217200929161,-0.07370339736061804,0.06055905334203482,1985,-0.07904837233097724,0.06590402831239402,0.008139262316192136,-0.009422987481125304,0.025701512113509576
ds005540,de_ridge_base,eeg_added_population,8,4,-0.006411474028104991,-0.08142934750800326,0.06860639945179328,1985,-0.07888767434979062,0.06606472629358064,0.011103817561315676,-0.004765668674246923,0.026973303796878276
ds005540,de_ridge_base,eeg_added_population,8,8,-0.007508379363935891,-0.08480410664142128,0.0697873479135495,1985,-0.07998457968562152,0.06496782095774974,0.010258850615616877,-0.005409404997797497,0.02592710622903125
ds005540,de_ridge_base,eeg_added_matched_calibration,0,0,0.018197483699897946,-0.07282159447297167,0.10921656187276756,1985,-0.05551207582893089,0.09190704322872678,0.008604111665807018,-0.008600182590474938,0.025808405922088974
ds005540,de_ridge_base,eeg_added_matched_calibration,0,1,-0.009923782010875792,-0.061809119412585094,0.04196155539083351,1985,-0.08363334153970463,0.06378577751795304,0.01062768947287926,-0.006435875793945899,0.027691254739704418
ds005540,de_ridge_base,eeg_added_matched_calibration,0,2,-0.00657217200929161,-0.07370339736061804,0.06055905334203482,1985,-0.08028173153812045,0.06713738751953723,0.008139262316192136,-0.009422987481125304,0.025701512113509576
ds005540,de_ridge_base,eeg_added_matched_calibration,0,4,-0.006411474028104991,-0.08142934750800326,0.06860639945179328,1985,-0.08012103355693383,0.06729808550072384,0.011103817561315676,-0.004765668674246923,0.026973303796878276
ds005540,de_ridge_base,eeg_added_matched_calibration,0,8,-0.007508379363935891,-0.08480410664142128,0.0697873479135495,1985,-0.08121793889276473,0.06620118016489294,0.010258850615616877,-0.005409404997797497,0.02592710622903125
ds005540,de_ridge_base,eeg_added_matched_calibration,1,0,-0.004568393031280149,-0.05197962127894495,0.04284283521638465,1985,-0.07827795256010898,0.06914116649754869,0.005887096407825226,-0.0055682090326557646,0.017342401848306217
ds005540,de_ridge_base,eeg_added_matched_calibration,1,1,-0.0019904745411237768,-0.03085783500361164,0.026876885921364085,1985,-0.07570003406995261,0.07171908498770506,0.0032246908635745752,-0.008153825132294183,0.014603206859443333
ds005540,de_ridge_base,eeg_added_matched_calibration,1,2,-0.0039229426648566545,-0.040033470756040516,0.03218758542632721,1985,-0.07763250219368549,0.06978661686397218,0.002356650108639974,-0.010553487163199945,0.015266787380479893
ds005540,de_ridge_base,eeg_added_matched_calibration,1,4,-0.010581833002459295,-0.05155239760984937,0.03038873160493078,1985,-0.08429139253128813,0.06312772652636954,0.00404673160216848,-0.009508667831611733,0.017602131035948692
ds005540,de_ridge_base,eeg_added_matched_calibration,1,8,-0.010979429890146386,-0.05545282578770882,0.03349396600741605,1985,-0.08468898941897522,0.06273012963868245,0.003826248367116314,-0.01026334607102072,0.017915842805253348
ds005540,de_ridge_base,eeg_added_matched_calibration,2,0,-0.006334837283267586,-0.05895227629958888,0.04628260173305371,1985,-0.08004439681209642,0.06737472224556125,0.005548993349489356,-0.003907500483723401,0.015005487182702113
ds005540,de_ridge_base,eeg_added_matched_calibration,2,1,-0.0025052376150515587,-0.03159313003343919,0.026582654803336075,1985,-0.0762147971438804,0.07120432191377728,-0.00026743796220696225,-0.010756662522159512,0.010221786597745587
ds005540,de_ridge_base,eeg_added_matched_calibration,2,2,-0.00730945258916782,-0.043103808021414725,0.028484902843079085,1985,-0.08101901211799666,0.06640010693966102,0.003945549106711133,-0.007667198962143743,0.015558297175566008
ds005540,de_ridge_base,eeg_added_matched_calibration,2,4,-0.014710016707932816,-0.05501440016837765,0.02559436675251202,1985,-0.08841957623676165,0.05899954282089602,0.006951308238458825,-0.004594490026150646,0.018497106503068295
ds005540,de_ridge_base,eeg_added_matched_calibration,2,8,-0.01850269258006354,-0.061408629015893515,0.024403243855766435,1985,-0.09221225210889238,0.055206866948765296,0.006098500098214332,-0.0051358447484149625,0.017332844944843627
ds005540,de_ridge_base,eeg_added_matched_calibration,4,0,-0.010876700339442713,-0.06788183372190895,0.046128433043023526,1985,-0.08458625986827155,0.06283285918938612,0.002895911385929595,-0.005516582890563278,0.011308405662422468
ds005540,de_ridge_base,eeg_added_matched_calibration,4,1,-0.0035993156719095754,-0.031039377146776185,0.023840745802957034,1985,-0.07730887520073841,0.07011024385691926,0.001698589513462162,-0.007869852706675715,0.011267031733600039
ds005540,de_ridge_base,eeg_added_matched_calibration,4,2,-0.00455908567582175,-0.03804626482104666,0.028928093469403157,1985,-0.07826864520465059,0.06915047385300709,0.00048067827588052503,-0.00829355084409124,0.00925490739585229
ds005540,de_ridge_base,eeg_added_matched_calibration,4,4,-0.01147837340136526,-0.05030057681802517,0.027343830015294647,1985,-0.0851879329301941,0.062231186127463575,0.006576706949030481,-0.002406452815706556,0.015559866713767518
ds005540,de_ridge_base,eeg_added_matched_calibration,4,8,-0.014143638650932822,-0.05285823310108816,0.02457095579922252,1985,-0.08785319817976166,0.059565920877896014,0.004343229316236069,-0.004559526808289631,0.01324598544076177
ds005540,de_ridge_base,eeg_added_matched_calibration,8,0,-0.008610342898044382,-0.07114207531143518,0.05392138951534642,1985,-0.08231990242687322,0.06509921663078445,0.0026851148613414866,-0.005488401873282136,0.01085863159596511
ds005540,de_ridge_base,eeg_added_matched_calibration,8,1,-0.0031401130511108932,-0.032550473287142445,0.026270247184920655,1985,-0.07684967257993973,0.07056944647771794,0.00147481511165784,-0.00844906644890849,0.01139869667222417
ds005540,de_ridge_base,eeg_added_matched_calibration,8,2,-0.0025129200663313034,-0.040225260943432636,0.03519942081077003,1985,-0.07622247959516014,0.07119663946249753,-7.31146675775618e-05,-0.009303470796924928,0.009157241461769805
ds005540,de_ridge_base,eeg_added_matched_calibration,8,4,-0.008360362081806572,-0.05161169326168227,0.03489096909806913,1985,-0.08206992161063541,0.06534919744702226,0.0035539025347225695,-0.005506644483940162,0.012614449553385301
ds005540,de_ridge_base,eeg_added_matched_calibration,8,8,-0.010787073232627953,-0.05327261725351522,0.03169847078825931,1985,-0.08449663276145679,0.06292248629620088,0.0028551253693039624,-0.0056955059749035745,0.0114057567135115
ds005540,de_ridge_base,prior_calibration_gain,0,0,0.0,0.0,0.0,1985,-0.12964144783171755,0.12964144783171755,0.0,0.0,0.0
ds005540,de_ridge_base,prior_calibration_gain,0,1,0.0,0.0,0.0,1985,-0.12964144783171755,0.12964144783171755,0.0,0.0,0.0
ds005540,de_ridge_base,prior_calibration_gain,0,2,0.0,0.0,0.0,1985,-0.12964144783171755,0.12964144783171755,0.0,0.0,0.0
ds005540,de_ridge_base,prior_calibration_gain,0,4,0.0,0.0,0.0,1985,-0.12964144783171755,0.12964144783171755,0.0,0.0,0.0
ds005540,de_ridge_base,prior_calibration_gain,0,8,0.0,0.0,0.0,1985,-0.12964144783171755,0.12964144783171755,0.0,0.0,0.0
ds005540,de_ridge_base,prior_calibration_gain,1,0,0.13942400367279775,0.01304024880725388,0.2658077585383416,1985,0.009782555841080204,0.26906545150451533,0.03201684061263571,-0.011231259017439314,0.07526494024271074
ds005540,de_ridge_base,prior_calibration_gain,1,1,0.020243552285919175,-0.08177662556627954,0.1222637301381179,1985,-0.10939789554579837,0.14988500011763672,0.02546006133935047,-0.01532595870614828,0.06624608138484922
ds005540,de_ridge_base,prior_calibration_gain,1,2,0.005696107559400199,-0.1151704855348078,0.1265627006536082,1985,-0.12394534027231735,0.13533755539111775,0.033865302417263154,-0.0021662935394575825,0.06989689837398388
ds005540,de_ridge_base,prior_calibration_gain,1,4,0.0004809728596645302,-0.12566586279265937,0.12662780851198843,1985,-0.12916047497205302,0.13012242069138208,0.03683681285014001,0.0005458025894241533,0.07312782311085586
ds005540,de_ridge_base,prior_calibration_gain,1,8,-0.0051155723635893935,-0.13833508830819388,0.1281039435810151,1985,-0.13475702019530694,0.12452587546812816,0.03864008458672469,0.0019250636526075143,0.07535510552084186
ds005540,de_ridge_base,prior_calibration_gain,2,0,0.13636464028270495,0.024009308660263337,0.24871997190514655,1985,0.006723192450987403,0.2660060881144225,-0.0002692030614430685,-0.025725912182450537,0.0251875060595644
ds005540,de_ridge_base,prior_calibration_gain,2,1,0.04876702860725174,-0.032084496178741706,0.12961855339324518,1985,-0.08087441922446581,0.1784084764389693,0.005938020076857842,-0.021850123576655972,0.033726163730371655
ds005540,de_ridge_base,prior_calibration_gain,2,2,0.06686990454262631,-0.025561710321589562,0.15930151940684217,1985,-0.06277154328909124,0.19651135237434386,0.00607292469070958,-0.01716993387291116,0.02931578325433032
ds005540,de_ridge_base,prior_calibration_gain,2,4,0.07111753358757883,-0.03304650909119604,0.1752815762663537,1985,-0.05852391424413872,0.20075898141929638,0.005010298045500239,-0.01921901982692091,0.029239615917921388
ds005540,de_ridge_base,prior_calibration_gain,2,8,0.06521585154998333,-0.04678949261122019,0.17722119571118683,1985,-0.06442559628173422,0.19485729938170088,0.004622578479073547,-0.020383680226003714,0.029628837184150807
ds005540,de_ridge_base,prior_calibration_gain,4,0,0.20127149421980242,0.08973793269365092,0.3128050557459539,1985,0.07163004638808487,0.33091294205152,-0.011251346838891368,-0.03578209199175347,0.01327939831397074
ds005540,de_ridge_base,prior_calibration_gain,4,1,0.08258857941847991,0.003008199728647687,0.16216895910831214,1985,-0.047052868413237636,0.21223002725019746,-0.004407244157308032,-0.028971088281373618,0.020156599966757553
ds005540,de_ridge_base,prior_calibration_gain,4,2,0.11641943695711388,0.024880413461571896,0.20795846045265587,1985,-0.013222010874603674,0.24606088478883142,-0.005772317024803769,-0.027714330066443114,0.016169696016835575
ds005540,de_ridge_base,prior_calibration_gain,4,4,0.1352813300886601,0.032605254384556845,0.23795740579276337,1985,0.005639882256942563,0.26492277792037766,-0.012757864757073328,-0.03627830223027796,0.010762572716131302
ds005540,de_ridge_base,prior_calibration_gain,4,8,0.1367388112033453,0.027134402584630263,0.24634321982206034,1985,0.007097363371627752,0.26638025903506285,-0.011765905224174755,-0.035388525322524136,0.011856714874174622
ds005540,de_ridge_base,prior_calibration_gain,8,0,0.20355097551998702,0.09551784651428027,0.31158410452569374,1985,0.07390952768826947,0.33319242335170457,-0.019993443667244842,-0.04279657515389049,0.0028096878194008024
ds005540,de_ridge_base,prior_calibration_gain,8,1,0.08449360488325314,0.007575770069514376,0.1614114396969919,1985,-0.04514784294846441,0.2141350527149707,-0.009241721490872629,-0.03151269427560285,0.01302925129385759
ds005540,de_ridge_base,prior_calibration_gain,8,2,0.12036093581954399,0.03211466860813057,0.20860720303095742,1985,-0.009280512012173558,0.25000238365126154,-0.010701759852282056,-0.03146951599998013,0.010065996295416015
ds005540,de_ridge_base,prior_calibration_gain,8,4,0.1375631677299794,0.038243541817908594,0.2368827936420502,1985,0.007921719898261848,0.26720461556169695,-0.014330020618839284,-0.03635547711332224,0.007695435875643673
ds005540,de_ridge_base,prior_calibration_gain,8,8,0.14200573328791455,0.03791461920206922,0.24609684737375986,1985,0.012364285456197,0.2716471811196321,-0.017825760202544838,-0.039947196987032356,0.00429567658194268
ds005540,de_ridge_base,combined_calibration_gain,0,0,0.0,0.0,0.0,1985,-0.13493313700914822,0.13493313700914822,0.0,0.0,0.0
ds005540,de_ridge_base,combined_calibration_gain,0,1,0.0,0.0,0.0,1985,-0.13493313700914822,0.13493313700914822,0.0,0.0,0.0
ds005540,de_ridge_base,combined_calibration_gain,0,2,0.0,0.0,0.0,1985,-0.13493313700914822,0.13493313700914822,0.0,0.0,0.0
ds005540,de_ridge_base,combined_calibration_gain,0,4,0.0,0.0,0.0,1985,-0.13493313700914822,0.13493313700914822,0.0,0.0,0.0
ds005540,de_ridge_base,combined_calibration_gain,0,8,0.0,0.0,0.0,1985,-0.13493313700914822,0.13493313700914822,0.0,0.0,0.0
ds005540,de_ridge_base,combined_calibration_gain,1,0,0.11665812694161964,-0.02092614093421577,0.25424239481745503,1985,-0.018275010067528574,0.25159126395076786,0.02929982535465392,-0.013931964931677247,0.07253161564098509
ds005540,de_ridge_base,combined_calibration_gain,1,1,0.02817685975567119,-0.07789439853915045,0.13424811805049283,1985,-0.10675627725347703,0.1631099967648194,0.018057062730045786,-0.022797056040932517,0.05891118150102409
ds005540,de_ridge_base,combined_calibration_gain,1,2,0.008345336903835154,-0.11726715862791046,0.13395783243558076,1985,-0.12658780010531306,0.14327847391298337,0.028082690209710992,-0.009997802370513426,0.06616318278993541
ds005540,de_ridge_base,combined_calibration_gain,1,4,-0.0036893861146897744,-0.13859090450175127,0.13121213227237172,1985,-0.138622523123838,0.13124375089445844,0.029779726890992814,-0.006909351313985838,0.06646880509597147
ds005540,de_ridge_base,combined_calibration_gain,1,8,-0.008586622889799889,-0.15195763248998123,0.13478438671038145,1985,-0.1435197598989481,0.12634651411934833,0.032207482338224125,-0.003722009553417789,0.06813697422986603
ds005540,de_ridge_base,combined_calibration_gain,2,0,0.1118323192995394,-0.007657012771794286,0.2313216513708731,1985,-0.023100817709608812,0.24676545630868763,-0.0033243213777607306,-0.028998704312646024,0.022350061557124563
ds005540,de_ridge_base,combined_calibration_gain,2,1,0.05618557300307597,-0.025367364058174205,0.13773851006432614,1985,-0.07874756400607225,0.1911187100122242,-0.00495710735822838,-0.033662545174179825,0.02374833045772307
ds005540,de_ridge_base,combined_calibration_gain,2,2,0.0661326239627501,-0.03179255693124186,0.16405780485674207,1985,-0.06880051304639812,0.20106576097189832,0.0018792114812285765,-0.025052966887611924,0.028811389850069077
ds005540,de_ridge_base,combined_calibration_gain,2,4,0.062818990907751,-0.0470118207561991,0.1726498025717011,1985,-0.07211414610139721,0.19775212791689922,0.0008577887226433878,-0.025513878287127645,0.02722945573241442
ds005540,de_ridge_base,combined_calibration_gain,2,8,0.05422153833385568,-0.06601123536107549,0.17445431202878686,1985,-0.08071159867529254,0.1891546753430039,0.00046222796167100233,-0.02722240542382576,0.028146861347167765
ds005540,de_ridge_base,combined_calibration_gain,4,0,0.17219731018046175,0.05684435111995416,0.2875502692409693,1985,0.03726417317131353,0.30713044718960997,-0.016959547118768792,-0.04028210424041905,0.006363010002881468
ds005540,de_ridge_base,combined_calibration_gain,4,1,0.08891304575744613,0.011121559572835157,0.1667045319420571,1985,-0.04602009125170209,0.22384618276659435,-0.01333634411672513,-0.03835347208245497,0.011680783849004714
ds005540,de_ridge_base,combined_calibration_gain,4,2,0.11843252329058374,0.024591610533600664,0.21227343604756682,1985,-0.016500613718564483,0.25336566029973195,-0.01343090106511538,-0.03729481489570744,0.01043301276547668
ds005540,de_ridge_base,combined_calibration_gain,4,4,0.13021443071539984,0.025223565660898006,0.23520529576990168,1985,-0.004718706293748376,0.26514756772454806,-0.017284975369358524,-0.040962709044986834,0.006392758306269786
ds005540,de_ridge_base,combined_calibration_gain,4,8,0.13010355191634837,0.01577533788462855,0.2444317659480682,1985,-0.0048295850927998485,0.2650366889254966,-0.017681526523555563,-0.04097782264062265,0.005614769593511527
ds005540,de_ridge_base,combined_calibration_gain,8,0,0.17674314892204468,0.06640767896743474,0.28707861887665465,1985,0.04181001191289646,0.3116762859311929,-0.025912440471710374,-0.0483609502112914,-0.0034639307321293507
ds005540,de_ridge_base,combined_calibration_gain,8,1,0.09127727384301804,0.01655728882239288,0.1659972588636432,1985,-0.04365586316613018,0.22621041085216625,-0.018394595852094048,-0.042222021657352976,0.005432829953164877
ds005540,de_ridge_base,combined_calibration_gain,8,2,0.1244201877625043,0.0349943820878805,0.2138459934371281,1985,-0.010512949246643921,0.2593533247716525,-0.018914136836051754,-0.04190057055897105,0.004072296886867541
ds005540,de_ridge_base,combined_calibration_gain,8,4,0.13561427967627782,0.0340696412744122,0.23715891807814343,1985,0.0006811426671295973,0.27054741668542603,-0.02187993564543239,-0.04399045131785258,0.00023058002698779154
ds005540,de_ridge_base,combined_calibration_gain,8,8,0.1387270394192225,0.029727535753702544,0.24772654308474243,1985,0.003793902410074268,0.2736601764283707,-0.025229485448857752,-0.04673246572122986,-0.0037265051764856436
ds005540,de_ridge_base,total_minus_uncalibrated_prior,0,0,0.018197483699897946,-0.07282159447297167,0.10921656187276756,1985,-0.11238139922526029,0.14877636662505617,0.008604111665807018,-0.008600182590474938,0.025808405922088974
ds005540,de_ridge_base,total_minus_uncalibrated_prior,0,1,-0.009923782010875792,-0.061809119412585094,0.04196155539083351,1985,-0.14050266493603403,0.12065510091428244,0.01062768947287926,-0.006435875793945899,0.027691254739704418
ds005540,de_ridge_base,total_minus_uncalibrated_prior,0,2,-0.00657217200929161,-0.07370339736061804,0.06055905334203482,1985,-0.13715105493444985,0.12400671091586662,0.008139262316192136,-0.009422987481125304,0.025701512113509576
ds005540,de_ridge_base,total_minus_uncalibrated_prior,0,4,-0.006411474028104991,-0.08142934750800326,0.06860639945179328,1985,-0.13699035695326323,0.12416740889705324,0.011103817561315676,-0.004765668674246923,0.026973303796878276
ds005540,de_ridge_base,total_minus_uncalibrated_prior,0,8,-0.007508379363935891,-0.08480410664142128,0.0697873479135495,1985,-0.13808726228909413,0.12307050356122234,0.010258850615616877,-0.005409404997797497,0.02592710622903125
ds005540,de_ridge_base,total_minus_uncalibrated_prior,1,0,0.1348556106415176,0.009913324172317245,0.259797897110718,1985,0.004276727716359369,0.2654344935666758,0.03790393702046094,-0.004078023872363765,0.07988589791328564
ds005540,de_ridge_base,total_minus_uncalibrated_prior,1,1,0.0182530777447954,-0.08368320005128854,0.12018935554087934,1985,-0.11232580518036284,0.14883196066995363,0.028684752202925046,-0.010065519392012175,0.06743502379786226
ds005540,de_ridge_base,total_minus_uncalibrated_prior,1,2,0.001773164894543544,-0.11636197784785386,0.11990830763694095,1985,-0.1288057180306147,0.13235204781970178,0.03622195252590313,0.001107196640334103,0.07133670841147216
ds005540,de_ridge_base,total_minus_uncalibrated_prior,1,4,-0.010100860142794765,-0.1304593143669071,0.11025759408131758,1985,-0.140679743067953,0.12047802278236347,0.04088354445230849,0.006202045280065946,0.07556504362455103
ds005540,de_ridge_base,total_minus_uncalibrated_prior,1,8,-0.01609500225373578,-0.14239724794882094,0.11020724344134938,1985,-0.14667388517889401,0.11448388067142246,0.042466332953841,0.008086149151531226,0.07684651675615078
ds005540,de_ridge_base,total_minus_uncalibrated_prior,2,0,0.13002980299943737,0.009123081847796269,0.2509365241510785,1985,-0.0005490799257208689,0.26060868592459563,0.005279790288046288,-0.021626659610923648,0.03218624018701623
ds005540,de_ridge_base,total_minus_uncalibrated_prior,2,1,0.04626179099220018,-0.03953546211060703,0.1320590440950074,1985,-0.08431709193295805,0.17684067391735842,0.0056705821146508795,-0.02382771359446709,0.035168877823768846
ds005540,de_ridge_base,total_minus_uncalibrated_prior,2,2,0.05956045195345849,-0.03613363453627699,0.15525453844319398,1985,-0.07101843097169974,0.19013933487861673,0.010018473797420713,-0.015264871893118887,0.03530181948796031
ds005540,de_ridge_base,total_minus_uncalibrated_prior,2,4,0.056407516879646014,-0.05037634042140436,0.1631913741806964,1985,-0.07417136604551222,0.18698639980480425,0.011961606283959064,-0.013804743284996694,0.03772795585291482
ds005540,de_ridge_base,total_minus_uncalibrated_prior,2,8,0.04671315896991979,-0.06873553167345481,0.16216184961329438,1985,-0.08386572395523845,0.17729204189507802,0.01072107857728788,-0.01622824265839432,0.03767039981297007
ds005540,de_ridge_base,total_minus_uncalibrated_prior,4,0,0.1903947938803597,0.06938153109370605,0.3114080566670134,1985,0.05981591095520147,0.3209736768055179,-0.008355435452961774,-0.03345153945469782,0.016740668548774276
ds005540,de_ridge_base,total_minus_uncalibrated_prior,4,1,0.07898926374657034,-0.005255349824524455,0.16323387731766514,1985,-0.0515896191785879,0.20956814667172857,-0.0027086546438458703,-0.0280490176336287,0.02263170834593696
ds005540,de_ridge_base,total_minus_uncalibrated_prior,4,2,0.11186035128129213,0.01727751429835246,0.2064431882642318,1985,-0.01871853164386611,0.24243923420645036,-0.005291638748923244,-0.027642386602920562,0.017059109105074074
ds005540,de_ridge_base,total_minus_uncalibrated_prior,4,4,0.12380295668729485,0.020502505818619274,0.22710340755597042,1985,-0.006775926237863383,0.2543818396124531,-0.0061811578080428475,-0.028752702552792976,0.01639038693670728
ds005540,de_ridge_base,total_minus_uncalibrated_prior,4,8,0.12259517255241248,0.010946407193583987,0.23424393791124098,1985,-0.007983710372745756,0.2531740554775707,-0.007422675907938686,-0.030105391534582637,0.015260039718705265
ds005540,de_ridge_base,total_minus_uncalibrated_prior,8,0,0.19494063262194264,0.07769444229882395,0.31218682294506134,1985,0.0643617496967844,0.3255195155471009,-0.017308328805903356,-0.04117259374674456,0.006555936134937854
ds005540,de_ridge_base,total_minus_uncalibrated_prior,8,1,0.08135349183214224,0.0008740007480044498,0.16183298291628004,1985,-0.04922539109301599,0.21193237475730048,-0.0077669063792147885,-0.030845732751892042,0.015311919993462465
ds005540,de_ridge_base,total_minus_uncalibrated_prior,8,2,0.11784801575321269,0.026459799043660748,0.20923623246276463,1985,-0.012730867171945548,0.24842689867837092,-0.010774874519859617,-0.03159489383025629,0.010045144790537058
ds005540,de_ridge_base,total_minus_uncalibrated_prior,8,4,0.12920280564817282,0.026992237478825287,0.23141337381752036,1985,-0.0013760772769854102,0.25978168857333106,-0.010776118084116715,-0.03206078003592998,0.010508543867696549
ds005540,de_ridge_base,total_minus_uncalibrated_prior,8,8,0.1312186600552866,0.02269709013816254,0.23974022997241065,1985,0.0006397771301283606,0.26179754298044483,-0.014970634833240876,-0.03607479925233696,0.006133529585855214
ds005540,de_ridge_strong,eeg_added_population,0,0,-0.011944173371580793,-0.08665125654679297,0.06276290980363138,1985,-0.0758885389071307,0.0520001921639691,0.007509866671319587,-0.004747551277979862,0.01976728462061904
ds005540,de_ridge_strong,eeg_added_population,0,1,-0.012846403443323884,-0.052800300016836645,0.027107493130188877,1985,-0.07679076897887378,0.051097962092226015,0.0077894700651747195,-0.004328898062973119,0.019907838193322556
ds005540,de_ridge_strong,eeg_added_population,0,2,-0.018751889626883678,-0.06674332133384386,0.029239542080076515,1985,-0.08269625516243358,0.04519247590866622,0.006561138988114723,-0.0052282063447130715,0.018350484320942516
ds005540,de_ridge_strong,eeg_added_population,0,4,-0.013487799001513145,-0.0836037721783045,0.05662817417527821,1985,-0.07743216453706304,0.050456566534036754,0.009812208334203376,-0.003946298424416952,0.023570715092823706
ds005540,de_ridge_strong,eeg_added_population,0,8,-0.012898919163534472,-0.08607756555488433,0.06027972722781538,1985,-0.07684328469908437,0.05104544637201543,0.008773798750277562,-0.004981821447303634,0.02252941894785876
ds005540,de_ridge_strong,eeg_added_population,1,0,-0.011944173371580793,-0.08665125654679297,0.06276290980363138,1985,-0.0758885389071307,0.0520001921639691,0.007509866671319587,-0.004747551277979862,0.01976728462061904
ds005540,de_ridge_strong,eeg_added_population,1,1,-0.012846403443323884,-0.052800300016836645,0.027107493130188877,1985,-0.07679076897887378,0.051097962092226015,0.0077894700651747195,-0.004328898062973119,0.019907838193322556
ds005540,de_ridge_strong,eeg_added_population,1,2,-0.018751889626883678,-0.06674332133384386,0.029239542080076515,1985,-0.08269625516243358,0.04519247590866622,0.006561138988114723,-0.0052282063447130715,0.018350484320942516
ds005540,de_ridge_strong,eeg_added_population,1,4,-0.013487799001513145,-0.0836037721783045,0.05662817417527821,1985,-0.07743216453706304,0.050456566534036754,0.009812208334203376,-0.003946298424416952,0.023570715092823706
ds005540,de_ridge_strong,eeg_added_population,1,8,-0.012898919163534472,-0.08607756555488433,0.06027972722781538,1985,-0.07684328469908437,0.05104544637201543,0.008773798750277562,-0.004981821447303634,0.02252941894785876
ds005540,de_ridge_strong,eeg_added_population,2,0,-0.011944173371580793,-0.08665125654679297,0.06276290980363138,1985,-0.0758885389071307,0.0520001921639691,0.007509866671319587,-0.004747551277979862,0.01976728462061904
ds005540,de_ridge_strong,eeg_added_population,2,1,-0.012846403443323884,-0.052800300016836645,0.027107493130188877,1985,-0.07679076897887378,0.051097962092226015,0.0077894700651747195,-0.004328898062973119,0.019907838193322556
ds005540,de_ridge_strong,eeg_added_population,2,2,-0.018751889626883678,-0.06674332133384386,0.029239542080076515,1985,-0.08269625516243358,0.04519247590866622,0.006561138988114723,-0.0052282063447130715,0.018350484320942516
ds005540,de_ridge_strong,eeg_added_population,2,4,-0.013487799001513145,-0.0836037721783045,0.05662817417527821,1985,-0.07743216453706304,0.050456566534036754,0.009812208334203376,-0.003946298424416952,0.023570715092823706
ds005540,de_ridge_strong,eeg_added_population,2,8,-0.012898919163534472,-0.08607756555488433,0.06027972722781538,1985,-0.07684328469908437,0.05104544637201543,0.008773798750277562,-0.004981821447303634,0.02252941894785876
ds005540,de_ridge_strong,eeg_added_population,4,0,-0.011944173371580793,-0.08665125654679297,0.06276290980363138,1985,-0.0758885389071307,0.0520001921639691,0.007509866671319587,-0.004747551277979862,0.01976728462061904
ds005540,de_ridge_strong,eeg_added_population,4,1,-0.012846403443323884,-0.052800300016836645,0.027107493130188877,1985,-0.07679076897887378,0.051097962092226015,0.0077894700651747195,-0.004328898062973119,0.019907838193322556
ds005540,de_ridge_strong,eeg_added_population,4,2,-0.018751889626883678,-0.06674332133384386,0.029239542080076515,1985,-0.08269625516243358,0.04519247590866622,0.006561138988114723,-0.0052282063447130715,0.018350484320942516
ds005540,de_ridge_strong,eeg_added_population,4,4,-0.013487799001513145,-0.0836037721783045,0.05662817417527821,1985,-0.07743216453706304,0.050456566534036754,0.009812208334203376,-0.003946298424416952,0.023570715092823706
ds005540,de_ridge_strong,eeg_added_population,4,8,-0.012898919163534472,-0.08607756555488433,0.06027972722781538,1985,-0.07684328469908437,0.05104544637201543,0.008773798750277562,-0.004981821447303634,0.02252941894785876
ds005540,de_ridge_strong,eeg_added_population,8,0,-0.011944173371580793,-0.08665125654679297,0.06276290980363138,1985,-0.0758885389071307,0.0520001921639691,0.007509866671319587,-0.004747551277979862,0.01976728462061904
ds005540,de_ridge_strong,eeg_added_population,8,1,-0.012846403443323884,-0.052800300016836645,0.027107493130188877,1985,-0.07679076897887378,0.051097962092226015,0.0077894700651747195,-0.004328898062973119,0.019907838193322556
ds005540,de_ridge_strong,eeg_added_population,8,2,-0.018751889626883678,-0.06674332133384386,0.029239542080076515,1985,-0.08269625516243358,0.04519247590866622,0.006561138988114723,-0.0052282063447130715,0.018350484320942516
ds005540,de_ridge_strong,eeg_added_population,8,4,-0.013487799001513145,-0.0836037721783045,0.05662817417527821,1985,-0.07743216453706304,0.050456566534036754,0.009812208334203376,-0.003946298424416952,0.023570715092823706
ds005540,de_ridge_strong,eeg_added_population,8,8,-0.012898919163534472,-0.08607756555488433,0.06027972722781538,1985,-0.07684328469908437,0.05104544637201543,0.008773798750277562,-0.004981821447303634,0.02252941894785876
ds005540,de_ridge_strong,eeg_added_matched_calibration,0,0,-0.011944173371580793,-0.08665125654679297,0.06276290980363138,1985,-0.07661522500352984,0.052726878260368246,0.007509866671319587,-0.004747551277979862,0.01976728462061904
ds005540,de_ridge_strong,eeg_added_matched_calibration,0,1,-0.012846403443323884,-0.052800300016836645,0.027107493130188877,1985,-0.07751745507527293,0.05182464818862516,0.0077894700651747195,-0.004328898062973119,0.019907838193322556
ds005540,de_ridge_strong,eeg_added_matched_calibration,0,2,-0.018751889626883678,-0.06674332133384386,0.029239542080076515,1985,-0.08342294125883272,0.045919162005065364,0.006561138988114723,-0.0052282063447130715,0.018350484320942516
ds005540,de_ridge_strong,eeg_added_matched_calibration,0,4,-0.013487799001513145,-0.0836037721783045,0.05662817417527821,1985,-0.07815885063346219,0.051183252630435896,0.009812208334203376,-0.003946298424416952,0.023570715092823706
ds005540,de_ridge_strong,eeg_added_matched_calibration,0,8,-0.012898919163534472,-0.08607756555488433,0.06027972722781538,1985,-0.07756997079548351,0.05177213246841457,0.008773798750277562,-0.004981821447303634,0.02252941894785876
ds005540,de_ridge_strong,eeg_added_matched_calibration,1,0,-0.003420726210256353,-0.04518851085100532,0.03834705843049262,1985,-0.0680917778422054,0.06125032542169269,0.00485245420014585,-0.004973488171590356,0.014678396571882057
ds005540,de_ridge_strong,eeg_added_matched_calibration,1,1,-0.003474287163275136,-0.02279431461814011,0.01584574029158984,1985,-0.06814533879522418,0.061196764468673906,0.00043215408173385983,-0.007795430479990135,0.008659738643457855
ds005540,de_ridge_strong,eeg_added_matched_calibration,1,2,0.0002346828300913706,-0.027031962168499124,0.027501327828681865,1985,-0.06443636880185767,0.06490573446204041,-0.0011346504442418526,-0.009756927938730408,0.007487627050246703
ds005540,de_ridge_strong,eeg_added_matched_calibration,1,4,-0.011537647027144604,-0.049156398337188115,0.026081104282898906,1985,-0.07620869865909365,0.05313340460480444,0.004417026299582266,-0.008131314247302563,0.016965366846467093
ds005540,de_ridge_strong,eeg_added_matched_calibration,1,8,-0.011385179306243332,-0.051932351913246515,0.02916199330075985,1985,-0.07605623093819237,0.05328587232570571,0.003801344843334775,-0.009136333717082348,0.0167390234037519
ds005540,de_ridge_strong,eeg_added_matched_calibration,2,0,-0.009451662736409933,-0.054143579984199684,0.03524025451137982,1985,-0.07412271436835897,0.05521938889553911,0.0046981313105904365,-0.0032167625990471883,0.012613025220228061
ds005540,de_ridge_strong,eeg_added_matched_calibration,2,1,-0.004388480798622418,-0.024349036894216934,0.015572075296972097,1985,-0.06905953243057146,0.060282570833326624,2.5145583849722764e-05,-0.007380206489588308,0.007430497657287753
ds005540,de_ridge_strong,eeg_added_matched_calibration,2,2,-0.005665799379426462,-0.030230869869698907,0.018899271110845984,1985,-0.0703368510113755,0.05900525225252258,0.0019411659512365842,-0.0046977932718076775,0.008580125174280846
ds005540,de_ridge_strong,eeg_added_matched_calibration,2,4,-0.01513131493450326,-0.05246053463739304,0.02219790476838652,1985,-0.0798023665664523,0.04953973669744578,0.006886117914926437,-0.0038523993435120446,0.01762463517336492
ds005540,de_ridge_strong,eeg_added_matched_calibration,2,8,-0.0179148852451817,-0.057061156748081404,0.021231386257718005,1985,-0.08258593687713074,0.04675616638676734,0.005630621637764982,-0.004761067689172805,0.016022310964702767
ds005540,de_ridge_strong,eeg_added_matched_calibration,4,0,-0.01179566525278919,-0.0614258887936768,0.037834558288098424,1985,-0.07646671688473823,0.05287538637915985,0.002070757288342967,-0.004815753903936459,0.008957268480622393
ds005540,de_ridge_strong,eeg_added_matched_calibration,4,1,-0.002485824774988099,-0.020461885855704118,0.01549023630572792,1985,-0.06715687640693714,0.06218522685696094,0.0017880801229518961,-0.004299658689541205,0.007875818935444997
ds005540,de_ridge_strong,eeg_added_matched_calibration,4,2,-0.00397920408382102,-0.026586713539550343,0.018628305371908304,1985,-0.06865025571577006,0.06069184754812802,0.0008950078055960653,-0.0047130321149264935,0.006503047726118624
ds005540,de_ridge_strong,eeg_added_matched_calibration,4,4,-0.01104294726130517,-0.047536355511764564,0.025450460989154225,1985,-0.07571399889325421,0.05362810437064387,0.006055743787037188,-0.0020186691494976216,0.014130156723571997
ds005540,de_ridge_strong,eeg_added_matched_calibration,4,8,-0.012844507229844093,-0.04799838964788396,0.02230937518819577,1985,-0.07751555886179314,0.05182654440210495,0.0037639145716782396,-0.0038265649924003704,0.01135439413575685
ds005540,de_ridge_strong,eeg_added_matched_calibration,8,0,-0.010528276859123026,-0.0649758567430676,0.04391930302482156,1985,-0.07519932849107207,0.054142774772826016,0.002022449407876409,-0.005178660224386769,0.009223559040139585
ds005540,de_ridge_strong,eeg_added_matched_calibration,8,1,-0.00258617207944134,-0.021938422668952882,0.0167660785100702,1985,-0.06725722371139038,0.0620848795525077,0.00194901929643998,-0.004196073524609417,0.008094112117489376
ds005540,de_ridge_strong,eeg_added_matched_calibration,8,2,-0.0022509112705849654,-0.027386298631180205,0.022884476090010274,1985,-0.06692196290253401,0.062420140361364077,0.0001398151877285425,-0.0060007264436827915,0.0062803568191398765
ds005540,de_ridge_strong,eeg_added_matched_calibration,8,4,-0.008804301804174575,-0.05031412378534499,0.03270552017699584,1985,-0.07347535343612362,0.05586674982777447,0.003692615361327478,-0.004661195355900771,0.012046426078555727
ds005540,de_ridge_strong,eeg_added_matched_calibration,8,8,-0.01023989446777418,-0.050022384007695445,0.029542595072147085,1985,-0.07491094609972322,0.05443115716417486,0.0028453142749749194,-0.004852526743088551,0.01054315529303839
ds005540,de_ridge_strong,prior_calibration_gain,0,0,0.0,0.0,0.0,1985,-0.12964144783171755,0.12964144783171755,0.0,0.0,0.0
ds005540,de_ridge_strong,prior_calibration_gain,0,1,0.0,0.0,0.0,1985,-0.12964144783171755,0.12964144783171755,0.0,0.0,0.0
ds005540,de_ridge_strong,prior_calibration_gain,0,2,0.0,0.0,0.0,1985,-0.12964144783171755,0.12964144783171755,0.0,0.0,0.0
ds005540,de_ridge_strong,prior_calibration_gain,0,4,0.0,0.0,0.0,1985,-0.12964144783171755,0.12964144783171755,0.0,0.0,0.0
ds005540,de_ridge_strong,prior_calibration_gain,0,8,0.0,0.0,0.0,1985,-0.12964144783171755,0.12964144783171755,0.0,0.0,0.0
ds005540,de_ridge_strong,prior_calibration_gain,1,0,0.13942400367279775,0.01304024880725388,0.2658077585383416,1985,0.009782555841080204,0.26906545150451533,0.03201684061263571,-0.011231259017439314,0.07526494024271074
ds005540,de_ridge_strong,prior_calibration_gain,1,1,0.020243552285919175,-0.08177662556627954,0.1222637301381179,1985,-0.10939789554579837,0.14988500011763672,0.02546006133935047,-0.01532595870614828,0.06624608138484922
ds005540,de_ridge_strong,prior_calibration_gain,1,2,0.005696107559400199,-0.1151704855348078,0.1265627006536082,1985,-0.12394534027231735,0.13533755539111775,0.033865302417263154,-0.0021662935394575825,0.06989689837398388
ds005540,de_ridge_strong,prior_calibration_gain,1,4,0.0004809728596645302,-0.12566586279265937,0.12662780851198843,1985,-0.12916047497205302,0.13012242069138208,0.03683681285014001,0.0005458025894241533,0.07312782311085586
ds005540,de_ridge_strong,prior_calibration_gain,1,8,-0.0051155723635893935,-0.13833508830819388,0.1281039435810151,1985,-0.13475702019530694,0.12452587546812816,0.03864008458672469,0.0019250636526075143,0.07535510552084186
ds005540,de_ridge_strong,prior_calibration_gain,2,0,0.13636464028270495,0.024009308660263337,0.24871997190514655,1985,0.006723192450987403,0.2660060881144225,-0.0002692030614430685,-0.025725912182450537,0.0251875060595644
ds005540,de_ridge_strong,prior_calibration_gain,2,1,0.04876702860725174,-0.032084496178741706,0.12961855339324518,1985,-0.08087441922446581,0.1784084764389693,0.005938020076857842,-0.021850123576655972,0.033726163730371655
ds005540,de_ridge_strong,prior_calibration_gain,2,2,0.06686990454262631,-0.025561710321589562,0.15930151940684217,1985,-0.06277154328909124,0.19651135237434386,0.00607292469070958,-0.01716993387291116,0.02931578325433032
ds005540,de_ridge_strong,prior_calibration_gain,2,4,0.07111753358757883,-0.03304650909119604,0.1752815762663537,1985,-0.05852391424413872,0.20075898141929638,0.005010298045500239,-0.01921901982692091,0.029239615917921388
ds005540,de_ridge_strong,prior_calibration_gain,2,8,0.06521585154998333,-0.04678949261122019,0.17722119571118683,1985,-0.06442559628173422,0.19485729938170088,0.004622578479073547,-0.020383680226003714,0.029628837184150807
ds005540,de_ridge_strong,prior_calibration_gain,4,0,0.20127149421980242,0.08973793269365092,0.3128050557459539,1985,0.07163004638808487,0.33091294205152,-0.011251346838891368,-0.03578209199175347,0.01327939831397074
ds005540,de_ridge_strong,prior_calibration_gain,4,1,0.08258857941847991,0.003008199728647687,0.16216895910831214,1985,-0.047052868413237636,0.21223002725019746,-0.004407244157308032,-0.028971088281373618,0.020156599966757553
ds005540,de_ridge_strong,prior_calibration_gain,4,2,0.11641943695711388,0.024880413461571896,0.20795846045265587,1985,-0.013222010874603674,0.24606088478883142,-0.005772317024803769,-0.027714330066443114,0.016169696016835575
ds005540,de_ridge_strong,prior_calibration_gain,4,4,0.1352813300886601,0.032605254384556845,0.23795740579276337,1985,0.005639882256942563,0.26492277792037766,-0.012757864757073328,-0.03627830223027796,0.010762572716131302
ds005540,de_ridge_strong,prior_calibration_gain,4,8,0.1367388112033453,0.027134402584630263,0.24634321982206034,1985,0.007097363371627752,0.26638025903506285,-0.011765905224174755,-0.035388525322524136,0.011856714874174622
ds005540,de_ridge_strong,prior_calibration_gain,8,0,0.20355097551998702,0.09551784651428027,0.31158410452569374,1985,0.07390952768826947,0.33319242335170457,-0.019993443667244842,-0.04279657515389049,0.0028096878194008024
ds005540,de_ridge_strong,prior_calibration_gain,8,1,0.08449360488325314,0.007575770069514376,0.1614114396969919,1985,-0.04514784294846441,0.2141350527149707,-0.009241721490872629,-0.03151269427560285,0.01302925129385759
ds005540,de_ridge_strong,prior_calibration_gain,8,2,0.12036093581954399,0.03211466860813057,0.20860720303095742,1985,-0.009280512012173558,0.25000238365126154,-0.010701759852282056,-0.03146951599998013,0.010065996295416015
ds005540,de_ridge_strong,prior_calibration_gain,8,4,0.1375631677299794,0.038243541817908594,0.2368827936420502,1985,0.007921719898261848,0.26720461556169695,-0.014330020618839284,-0.03635547711332224,0.007695435875643673
ds005540,de_ridge_strong,prior_calibration_gain,8,8,0.14200573328791455,0.03791461920206922,0.24609684737375986,1985,0.012364285456197,0.2716471811196321,-0.017825760202544838,-0.039947196987032356,0.00429567658194268
ds005540,de_ridge_strong,combined_calibration_gain,0,0,0.0,0.0,0.0,1985,-0.1438693090810711,0.1438693090810711,0.0,0.0,0.0
ds005540,de_ridge_strong,combined_calibration_gain,0,1,0.0,0.0,0.0,1985,-0.1438693090810711,0.1438693090810711,0.0,0.0,0.0
ds005540,de_ridge_strong,combined_calibration_gain,0,2,0.0,0.0,0.0,1985,-0.1438693090810711,0.1438693090810711,0.0,0.0,0.0
ds005540,de_ridge_strong,combined_calibration_gain,0,4,0.0,0.0,0.0,1985,-0.1438693090810711,0.1438693090810711,0.0,0.0,0.0
ds005540,de_ridge_strong,combined_calibration_gain,0,8,0.0,0.0,0.0,1985,-0.1438693090810711,0.1438693090810711,0.0,0.0,0.0
ds005540,de_ridge_strong,combined_calibration_gain,1,0,0.1479474508341222,0.011385506602435869,0.2845093950658085,1985,0.004078141753051101,0.2918167599151933,0.029359428141461974,-0.01303850272671881,0.07175735900964275
ds005540,de_ridge_strong,combined_calibration_gain,1,1,0.029615668565967923,-0.07956361209101345,0.1387949492229493,1985,-0.11425364051510317,0.17348497764703902,0.01810274535590961,-0.022261054888693954,0.058466545600513176
ds005540,de_ridge_strong,combined_calibration_gain,1,2,0.024682680016375247,-0.10235959180498264,0.15172495183773313,1985,-0.11918662906469585,0.16855198909744634,0.02616951298490658,-0.010277454065136409,0.06261648003494957
ds005540,de_ridge_strong,combined_calibration_gain,1,4,0.0024311248340330716,-0.13635694140933022,0.14121919107739636,1985,-0.14143818424703802,0.14630043391510417,0.0314416308155189,-0.005389909412148237,0.06827317104318603
ds005540,de_ridge_strong,combined_calibration_gain,1,8,-0.0036018325062982526,-0.1518693989099823,0.1446657338973858,1985,-0.14747114158736935,0.14026747657477284,0.0336676306797819,-0.0025952911933063913,0.0699305525528702
ds005540,de_ridge_strong,combined_calibration_gain,2,0,0.13885715091787582,0.009538515361149275,0.2681757864746024,1985,-0.005012158163195279,0.2827264599989469,-0.003080938422172219,-0.029854016745395093,0.023692139901050655
ds005540,de_ridge_strong,combined_calibration_gain,2,1,0.057224951251953204,-0.02560087763156156,0.14005078013546796,1985,-0.08664435782911789,0.2010942603330243,-0.001826304404467155,-0.028294292599615144,0.024641683790680834
ds005540,de_ridge_strong,combined_calibration_gain,2,2,0.07995599479008353,-0.022602271742839464,0.18251426132300652,1985,-0.06391331429098757,0.22382530387115462,0.0014529516538314413,-0.0239325007880965,0.026838404095759383
ds005540,de_ridge_strong,combined_calibration_gain,2,4,0.06947401765458872,-0.04575806273876286,0.1847060980479403,1985,-0.07439529142648238,0.2133433267356598,0.0020842076262233,-0.02462091989065247,0.02878933514309907
ds005540,de_ridge_strong,combined_calibration_gain,2,8,0.0601998854683361,-0.06575377479337594,0.18615354573004814,1985,-0.083669423612735,0.2040691945494072,0.0014794013665609673,-0.02621241969041044,0.029171222423532376
ds005540,de_ridge_strong,combined_calibration_gain,4,0,0.20142000233859403,0.07368263342924133,0.32915737124794675,1985,0.057550693257522934,0.3452893114196651,-0.01669045622186799,-0.04259178317736444,0.00921087073362846
ds005540,de_ridge_strong,combined_calibration_gain,4,1,0.0929491580868157,0.010626142473909264,0.17527217369972214,1985,-0.0509201509942554,0.2368184671678868,-0.010408634099530856,-0.03506999780317392,0.014252729604112214
ds005540,de_ridge_strong,combined_calibration_gain,4,2,0.13119212250017653,0.02838485578565436,0.2339993892146987,1985,-0.012677186580894562,0.27506143158124763,-0.011438448207322427,-0.035802197326412,0.012925300911767152
ds005540,de_ridge_strong,combined_calibration_gain,4,4,0.1377261818288681,0.025504546882369528,0.24994781677536665,1985,-0.006143127252203007,0.2815954909099392,-0.016514329304239517,-0.04192160612716893,0.008892947518689895
ds005540,de_ridge_strong,combined_calibration_gain,4,8,0.13679322313703568,0.014954937396047058,0.25863150887802433,1985,-0.007076085944035415,0.2806625322181068,-0.016775789402774077,-0.04191754747313423,0.008365968667586078
ds005540,de_ridge_strong,combined_calibration_gain,8,0,0.2049668720324448,0.08413057799059007,0.3258031660742995,1985,0.061097562951373696,0.3488361811135159,-0.02548086093068802,-0.04994682652831149,-0.0010148953330645465
ds005540,de_ridge_strong,combined_calibration_gain,8,1,0.09475383624713568,0.015153622574207576,0.17435404992006379,1985,-0.049115472833935414,0.23862314532820678,-0.015082172259607368,-0.038332838419186735,0.008168493899971995
ds005540,de_ridge_strong,combined_calibration_gain,8,2,0.1368619141758427,0.039072088870429414,0.234651739481256,1985,-0.007007394905228392,0.2807312232569138,-0.017123083652668236,-0.04003924078887138,0.005793073483534909
ds005540,de_ridge_strong,combined_calibration_gain,8,4,0.14224666492731797,0.033634971898009514,0.2508583579566264,1985,-0.0016226441537531278,0.28611597400838906,-0.020449613591715182,-0.044112438189703215,0.003213211006272851
ds005540,de_ridge_strong,combined_calibration_gain,8,8,0.14466475798367484,0.02829206506911784,0.2610374508982318,1985,0.0007954489026037459,0.28853406706474594,-0.02375424467784748,-0.04706661218157859,-0.00044187717411636393
ds005540,de_ridge_strong,total_minus_uncalibrated_prior,0,0,-0.011944173371580793,-0.08665125654679297,0.06276290980363138,1985,-0.1423447974139821,0.1184564506708205,0.007509866671319587,-0.004747551277979862,0.01976728462061904
ds005540,de_ridge_strong,total_minus_uncalibrated_prior,0,1,-0.012846403443323884,-0.052800300016836645,0.027107493130188877,1985,-0.14324702748572518,0.11755422059907741,0.0077894700651747195,-0.004328898062973119,0.019907838193322556
ds005540,de_ridge_strong,total_minus_uncalibrated_prior,0,2,-0.018751889626883678,-0.06674332133384386,0.029239542080076515,1985,-0.14915251366928498,0.11164873441551762,0.006561138988114723,-0.0052282063447130715,0.018350484320942516
ds005540,de_ridge_strong,total_minus_uncalibrated_prior,0,4,-0.013487799001513145,-0.0836037721783045,0.05662817417527821,1985,-0.14388842304391444,0.11691282504088815,0.009812208334203376,-0.003946298424416952,0.023570715092823706
ds005540,de_ridge_strong,total_minus_uncalibrated_prior,0,8,-0.012898919163534472,-0.08607756555488433,0.06027972722781538,1985,-0.14329954320593577,0.11750170487886683,0.008773798750277562,-0.004981821447303634,0.02252941894785876
ds005540,de_ridge_strong,total_minus_uncalibrated_prior,1,0,0.1360032774625414,0.0123349944849869,0.25967156044009587,1985,0.005602653420140102,0.2664039015049427,0.03686929481278156,-0.004420317835156978,0.0781589074607201
ds005540,de_ridge_strong,total_minus_uncalibrated_prior,1,1,0.01676926512264404,-0.08481672603890754,0.11835525628419562,1985,-0.11363135891975726,0.14716988916504534,0.02589221542108433,-0.012988095783778922,0.06477252662594758
ds005540,de_ridge_strong,total_minus_uncalibrated_prior,1,2,0.005930790389491569,-0.1098272211476435,0.12168880192662664,1985,-0.12446983365290973,0.13633141443189287,0.0327306519730213,-0.0018622608678972447,0.06732356481393985
ds005540,de_ridge_strong,total_minus_uncalibrated_prior,1,4,-0.011056674167480074,-0.13082621944800985,0.1087128711130497,1985,-0.14145729820988137,0.11934394987492122,0.04125383914972228,0.006999395870148882,0.07550828242929566
ds005540,de_ridge_strong,total_minus_uncalibrated_prior,1,8,-0.016500751669832725,-0.1421479359830853,0.10914643264341986,1985,-0.14690137571223402,0.11389987237256857,0.04244142943005946,0.008561167994604386,0.07632169086551455
ds005540,de_ridge_strong,total_minus_uncalibrated_prior,2,0,0.12691297754629502,0.008700284954961612,0.24512567013762843,1985,-0.003487646496106278,0.2573136015886963,0.004428928249147368,-0.021635277620418912,0.030493134118713648
ds005540,de_ridge_strong,total_minus_uncalibrated_prior,2,1,0.04437854780862932,-0.038417948608745575,0.12717504422600423,1985,-0.08602207623377198,0.17477917185103062,0.0059631656607075645,-0.022438774979838275,0.034365106301253404
ds005540,de_ridge_strong,total_minus_uncalibrated_prior,2,2,0.06120410516319985,-0.03018354592449353,0.15259175625089322,1985,-0.06919651887920145,0.19160472920560115,0.008014090641946164,-0.01485344369724148,0.03088162498113381
ds005540,de_ridge_strong,total_minus_uncalibrated_prior,2,4,0.05598621865307557,-0.04964602119839448,0.16161845850454562,1985,-0.07441440538932573,0.18638684269547687,0.011896415960426676,-0.013839210099729781,0.03763204202058314
ds005540,de_ridge_strong,total_minus_uncalibrated_prior,2,8,0.04730096630480163,-0.06652743523275613,0.16112936784235937,1985,-0.08309965773759967,0.17770159034720293,0.010253200116838529,-0.01589925971198399,0.03640565994566105
ds005540,de_ridge_strong,total_minus_uncalibrated_prior,4,0,0.18947582896701323,0.07159981484565998,0.3073518430883665,1985,0.059075204924611935,0.31987645300941453,-0.009180589550548401,-0.03409352903715792,0.015732349936061117
ds005540,de_ridge_strong,total_minus_uncalibrated_prior,4,1,0.08010275464349181,-0.0018043397269582456,0.1620098490139419,1985,-0.050297869398909484,0.2105033786858931,-0.002619164034356136,-0.027424602886928,0.022186274818215727
ds005540,de_ridge_strong,total_minus_uncalibrated_prior,4,2,0.11244023287329286,0.019962600239525258,0.20491786550706045,1985,-0.01796039116910844,0.24284085691569415,-0.004877309219207704,-0.026810767712140735,0.017056149273725327
ds005540,de_ridge_strong,total_minus_uncalibrated_prior,4,4,0.12423838282735494,0.02131574038393866,0.22716102527077123,1985,-0.006162241215046355,0.25463900686975627,-0.006702120970036141,-0.029707054106208,0.01630281216613572
ds005540,de_ridge_strong,total_minus_uncalibrated_prior,4,8,0.12389430397350121,0.013228359006831544,0.23456024894017086,1985,-0.00650632006890009,0.2542949280159025,-0.008001990652496516,-0.03098685849818382,0.014982877193190788
ds005540,de_ridge_strong,total_minus_uncalibrated_prior,8,0,0.193022698660864,0.07801778449006284,0.30802761283166513,1985,0.0626220746184627,0.3234233227032653,-0.017970994259368434,-0.04171114237510798,0.0057691538563711085
ds005540,de_ridge_strong,total_minus_uncalibrated_prior,8,1,0.0819074328038118,0.004027640552397085,0.15978722505522652,1985,-0.0484931912385895,0.2123080568462131,-0.007292702194432649,-0.029717132420294175,0.015131728031428877
ds005540,de_ridge_strong,total_minus_uncalibrated_prior,8,2,0.11811002454895903,0.029483991946566104,0.20673605715135196,1985,-0.012290599493442272,0.24851064859136032,-0.010561944664553513,-0.03102101398341281,0.009897124654305783
ds005540,de_ridge_strong,total_minus_uncalibrated_prior,8,4,0.12875886592580482,0.027548735457506898,0.22996899639410273,1985,-0.0016417581165964756,0.25915948996820615,-0.010637405257511806,-0.03227253551936912,0.01099772500434551
ds005540,de_ridge_strong,total_minus_uncalibrated_prior,8,8,0.13176583882014037,0.024803131801722958,0.2387285458385578,1985,0.001365214777739071,0.26216646286254164,-0.014980445927569919,-0.03630998533011165,0.0063490934749718085
ds005540,eegnet_lr1e3,eeg_added_population,0,0,-0.00040099605147441434,-0.02222208806813248,0.02142009596518365,1985,-0.024158231135544442,0.02335623903259561,-0.00043993626095484295,-0.005227494600780623,0.004347622078870937
ds005540,eegnet_lr1e3,eeg_added_population,0,1,-0.0026154680939958763,-0.01279739468768398,0.007566458499692227,1985,-0.026372703178065903,0.02114176699007415,0.0018625195903093361,-0.002588046745994604,0.006313085926613276
ds005540,eegnet_lr1e3,eeg_added_population,0,2,0.0022744513271342748,-0.018940724858761575,0.023489627513030124,1985,-0.021482783756935752,0.0260316864112043,0.0007547738790120995,-0.006498633775821133,0.008008181533845332
ds005540,eegnet_lr1e3,eeg_added_population,0,4,0.00988699713293989,-0.016839305076243042,0.03661329934212282,1985,-0.013870237951130137,0.03364423221700992,-0.0007453834476575105,-0.006801031399948201,0.00531026450463318
ds005540,eegnet_lr1e3,eeg_added_population,0,8,-0.00791111469111283,-0.02545941892718109,0.009637189544955429,1985,-0.03166834977518286,0.015846120392957196,0.001558790632920859,-0.004025863926632355,0.007143445192474073
ds005540,eegnet_lr1e3,eeg_added_population,1,0,-0.00040099605147441434,-0.02222208806813248,0.02142009596518365,1985,-0.024158231135544442,0.02335623903259561,-0.00043993626095484295,-0.005227494600780623,0.004347622078870937
ds005540,eegnet_lr1e3,eeg_added_population,1,1,-0.0026154680939958763,-0.01279739468768398,0.007566458499692227,1985,-0.026372703178065903,0.02114176699007415,0.0018625195903093361,-0.002588046745994604,0.006313085926613276
ds005540,eegnet_lr1e3,eeg_added_population,1,2,0.0022744513271342748,-0.018940724858761575,0.023489627513030124,1985,-0.021482783756935752,0.0260316864112043,0.0007547738790120995,-0.006498633775821133,0.008008181533845332
ds005540,eegnet_lr1e3,eeg_added_population,1,4,0.00988699713293989,-0.016839305076243042,0.03661329934212282,1985,-0.013870237951130137,0.03364423221700992,-0.0007453834476575105,-0.006801031399948201,0.00531026450463318
ds005540,eegnet_lr1e3,eeg_added_population,1,8,-0.00791111469111283,-0.02545941892718109,0.009637189544955429,1985,-0.03166834977518286,0.015846120392957196,0.001558790632920859,-0.004025863926632355,0.007143445192474073
ds005540,eegnet_lr1e3,eeg_added_population,2,0,-0.00040099605147441434,-0.02222208806813248,0.02142009596518365,1985,-0.024158231135544442,0.02335623903259561,-0.00043993626095484295,-0.005227494600780623,0.004347622078870937
ds005540,eegnet_lr1e3,eeg_added_population,2,1,-0.0026154680939958763,-0.01279739468768398,0.007566458499692227,1985,-0.026372703178065903,0.02114176699007415,0.0018625195903093361,-0.002588046745994604,0.006313085926613276
ds005540,eegnet_lr1e3,eeg_added_population,2,2,0.0022744513271342748,-0.018940724858761575,0.023489627513030124,1985,-0.021482783756935752,0.0260316864112043,0.0007547738790120995,-0.006498633775821133,0.008008181533845332
ds005540,eegnet_lr1e3,eeg_added_population,2,4,0.00988699713293989,-0.016839305076243042,0.03661329934212282,1985,-0.013870237951130137,0.03364423221700992,-0.0007453834476575105,-0.006801031399948201,0.00531026450463318
ds005540,eegnet_lr1e3,eeg_added_population,2,8,-0.00791111469111283,-0.02545941892718109,0.009637189544955429,1985,-0.03166834977518286,0.015846120392957196,0.001558790632920859,-0.004025863926632355,0.007143445192474073
ds005540,eegnet_lr1e3,eeg_added_population,4,0,-0.00040099605147441434,-0.02222208806813248,0.02142009596518365,1985,-0.024158231135544442,0.02335623903259561,-0.00043993626095484295,-0.005227494600780623,0.004347622078870937
ds005540,eegnet_lr1e3,eeg_added_population,4,1,-0.0026154680939958763,-0.01279739468768398,0.007566458499692227,1985,-0.026372703178065903,0.02114176699007415,0.0018625195903093361,-0.002588046745994604,0.006313085926613276
ds005540,eegnet_lr1e3,eeg_added_population,4,2,0.0022744513271342748,-0.018940724858761575,0.023489627513030124,1985,-0.021482783756935752,0.0260316864112043,0.0007547738790120995,-0.006498633775821133,0.008008181533845332
ds005540,eegnet_lr1e3,eeg_added_population,4,4,0.00988699713293989,-0.016839305076243042,0.03661329934212282,1985,-0.013870237951130137,0.03364423221700992,-0.0007453834476575105,-0.006801031399948201,0.00531026450463318
ds005540,eegnet_lr1e3,eeg_added_population,4,8,-0.00791111469111283,-0.02545941892718109,0.009637189544955429,1985,-0.03166834977518286,0.015846120392957196,0.001558790632920859,-0.004025863926632355,0.007143445192474073
ds005540,eegnet_lr1e3,eeg_added_population,8,0,-0.00040099605147441434,-0.02222208806813248,0.02142009596518365,1985,-0.024158231135544442,0.02335623903259561,-0.00043993626095484295,-0.005227494600780623,0.004347622078870937
ds005540,eegnet_lr1e3,eeg_added_population,8,1,-0.0026154680939958763,-0.01279739468768398,0.007566458499692227,1985,-0.026372703178065903,0.02114176699007415,0.0018625195903093361,-0.002588046745994604,0.006313085926613276
ds005540,eegnet_lr1e3,eeg_added_population,8,2,0.0022744513271342748,-0.018940724858761575,0.023489627513030124,1985,-0.021482783756935752,0.0260316864112043,0.0007547738790120995,-0.006498633775821133,0.008008181533845332
ds005540,eegnet_lr1e3,eeg_added_population,8,4,0.00988699713293989,-0.016839305076243042,0.03661329934212282,1985,-0.013870237951130137,0.03364423221700992,-0.0007453834476575105,-0.006801031399948201,0.00531026450463318
ds005540,eegnet_lr1e3,eeg_added_population,8,8,-0.00791111469111283,-0.02545941892718109,0.009637189544955429,1985,-0.03166834977518286,0.015846120392957196,0.001558790632920859,-0.004025863926632355,0.007143445192474073
ds005540,eegnet_lr1e3,eeg_added_matched_calibration,0,0,-0.00040099605147441434,-0.02222208806813248,0.02142009596518365,1985,-0.024455674451530598,0.023653682348581766,-0.00043993626095484295,-0.005227494600780623,0.004347622078870937
ds005540,eegnet_lr1e3,eeg_added_matched_calibration,0,1,-0.0026154680939958763,-0.01279739468768398,0.007566458499692227,1985,-0.02667014649405206,0.021439210306060306,0.0018625195903093361,-0.002588046745994604,0.006313085926613276
ds005540,eegnet_lr1e3,eeg_added_matched_calibration,0,2,0.0022744513271342748,-0.018940724858761575,0.023489627513030124,1985,-0.021780227072921907,0.026329129727190457,0.0007547738790120995,-0.006498633775821133,0.008008181533845332
ds005540,eegnet_lr1e3,eeg_added_matched_calibration,0,4,0.00988699713293989,-0.016839305076243042,0.03661329934212282,1985,-0.014167681267116292,0.03394167553299607,-0.0007453834476575105,-0.006801031399948201,0.00531026450463318
ds005540,eegnet_lr1e3,eeg_added_matched_calibration,0,8,-0.00791111469111283,-0.02545941892718109,0.009637189544955429,1985,-0.03196579309116901,0.01614356370894335,0.001558790632920859,-0.004025863926632355,0.007143445192474073
ds005540,eegnet_lr1e3,eeg_added_matched_calibration,1,0,0.003235931373385015,-0.0029383966669244595,0.009410259413694489,1985,-0.020818747026671167,0.027290609773441197,-0.00026419197349272783,-0.0021342411453422272,0.0016058571983567716
ds005540,eegnet_lr1e3,eeg_added_matched_calibration,1,1,-0.0005691296285363912,-0.0052485640393131775,0.004110304782240395,1985,-0.024623808028592573,0.02348554877151979,0.0007557807439867448,-0.001051227674423227,0.0025627891623967165
ds005540,eegnet_lr1e3,eeg_added_matched_calibration,1,2,0.0022437838449933523,-0.009440050853633853,0.013927618543620558,1985,-0.02181089455506283,0.026298462245049534,-0.000454949469505056,-0.003938767218327968,0.0030288682793178554
ds005540,eegnet_lr1e3,eeg_added_matched_calibration,1,4,0.00317953578570751,-0.009693812740748388,0.01605288431216341,1985,-0.020875142614348672,0.027234214185763692,0.00020624050236367486,-0.0036029163524472344,0.004015397357174584
ds005540,eegnet_lr1e3,eeg_added_matched_calibration,1,8,-0.0018530675547656639,-0.008444772222744385,0.004738637113213057,1985,-0.025907745954821846,0.022201610845290518,0.00030764311826331214,-0.001674977561860916,0.0022902637983875404
ds005540,eegnet_lr1e3,eeg_added_matched_calibration,2,0,0.0006747279377941895,-0.00698071568053811,0.00833017155612649,1985,-0.023379950462261993,0.02472940633785037,0.0003158836005894283,-0.001442137983422092,0.0020739051846009487
ds005540,eegnet_lr1e3,eeg_added_matched_calibration,2,1,-0.0013283587495601656,-0.006151716601196469,0.003494999102076138,1985,-0.025383037149616348,0.022726319650496016,0.00022933684007703237,-0.001166095452700323,0.0016247691328543877
ds005540,eegnet_lr1e3,eeg_added_matched_calibration,2,2,-0.0018726997542863888,-0.01288078137917175,0.009135381870598973,1985,-0.02592737815434257,0.022181978645769793,-0.00022044353270830874,-0.003355116327307545,0.0029142292618909273
ds005540,eegnet_lr1e3,eeg_added_matched_calibration,2,4,-0.00026484087441580595,-0.013114353757422998,0.012584672008591386,1985,-0.024319519274471988,0.023789837525640376,0.00027307855644986834,-0.0027232847897571697,0.0032694419026569064
ds005540,eegnet_lr1e3,eeg_added_matched_calibration,2,8,-0.0027278366443971303,-0.01071308731078265,0.005257414021988389,1985,-0.026782515044453312,0.021326841755659052,0.0006137860478669377,-0.001347164903557047,0.0025747369992909224
ds005540,eegnet_lr1e3,eeg_added_matched_calibration,4,0,0.0017735352657870795,-0.005961239681910808,0.009508310213484968,1985,-0.022281143134269103,0.02582821366584326,-0.0003747612760623409,-0.0018576660780380428,0.001108143525913361
ds005540,eegnet_lr1e3,eeg_added_matched_calibration,4,1,-0.0008572652601961384,-0.004346222916369144,0.0026316923959768673,1985,-0.02491194366025232,0.023197413139860044,0.0004501881863406554,-0.0007216906112208674,0.0016220669839021782
ds005540,eegnet_lr1e3,eeg_added_matched_calibration,4,2,-0.00040605348713373957,-0.011146821609753145,0.010334714635485666,1985,-0.02446073188718992,0.023648624912922443,-0.0002832723548429339,-0.003398535974275934,0.0028319912645900663
ds005540,eegnet_lr1e3,eeg_added_matched_calibration,4,4,-0.001065897289244555,-0.012614010340386027,0.010482215761896917,1985,-0.025120575689300737,0.022988781110811627,0.00031726352443472994,-0.002347712186283936,0.0029822392351533957
ds005540,eegnet_lr1e3,eeg_added_matched_calibration,4,8,-0.001456786349444239,-0.007527616302773698,0.00461404360388522,1985,-0.02551146474950042,0.022597892050611943,0.00014861948119304635,-0.0015744519096909833,0.001871690872077076
ds005540,eegnet_lr1e3,eeg_added_matched_calibration,8,0,0.003002485255175935,-0.006359897093421571,0.01236486760377344,1985,-0.021052193144880247,0.027057163655232117,-0.000514331098649623,-0.002050377495067481,0.001021715297768235
ds005540,eegnet_lr1e3,eeg_added_matched_calibration,8,1,-0.0005759404553928871,-0.004183148296366615,0.0030312673855808405,1985,-0.02463061885544907,0.023478737944663295,0.00039400185817917155,-0.0008479083612622101,0.0016359120776205532
ds005540,eegnet_lr1e3,eeg_added_matched_calibration,8,2,-0.000617686930308281,-0.011988311156216052,0.01075293729559949,1985,-0.024672365330364463,0.0234369914697479,2.6888148449144555e-05,-0.003051123319851204,0.003104899616749493
ds005540,eegnet_lr1e3,eeg_added_matched_calibration,8,4,-0.0011810111683954183,-0.013654537044378566,0.01129251470758773,1985,-0.0252356895684516,0.022873667231660764,0.0005575364881429401,-0.001932919741885484,0.003047992718171364
ds005540,eegnet_lr1e3,eeg_added_matched_calibration,8,8,-0.0019861172610896594,-0.008133769075673862,0.004161534553494544,1985,-0.02604079566114584,0.022068561138966523,0.00033820761333680505,-0.0010350795711328742,0.0017114947978064843
ds005540,eegnet_lr1e3,prior_calibration_gain,0,0,0.0,0.0,0.0,1985,-0.12964144783171755,0.12964144783171755,0.0,0.0,0.0
ds005540,eegnet_lr1e3,prior_calibration_gain,0,1,0.0,0.0,0.0,1985,-0.12964144783171755,0.12964144783171755,0.0,0.0,0.0
ds005540,eegnet_lr1e3,prior_calibration_gain,0,2,0.0,0.0,0.0,1985,-0.12964144783171755,0.12964144783171755,0.0,0.0,0.0
ds005540,eegnet_lr1e3,prior_calibration_gain,0,4,0.0,0.0,0.0,1985,-0.12964144783171755,0.12964144783171755,0.0,0.0,0.0
ds005540,eegnet_lr1e3,prior_calibration_gain,0,8,0.0,0.0,0.0,1985,-0.12964144783171755,0.12964144783171755,0.0,0.0,0.0
ds005540,eegnet_lr1e3,prior_calibration_gain,1,0,0.13942400367279775,0.01304024880725388,0.2658077585383416,1985,0.009782555841080204,0.26906545150451533,0.03201684061263571,-0.011231259017439314,0.07526494024271074
ds005540,eegnet_lr1e3,prior_calibration_gain,1,1,0.020243552285919175,-0.08177662556627954,0.1222637301381179,1985,-0.10939789554579837,0.14988500011763672,0.02546006133935047,-0.01532595870614828,0.06624608138484922
ds005540,eegnet_lr1e3,prior_calibration_gain,1,2,0.005696107559400199,-0.1151704855348078,0.1265627006536082,1985,-0.12394534027231735,0.13533755539111775,0.033865302417263154,-0.0021662935394575825,0.06989689837398388
ds005540,eegnet_lr1e3,prior_calibration_gain,1,4,0.0004809728596645302,-0.12566586279265937,0.12662780851198843,1985,-0.12916047497205302,0.13012242069138208,0.03683681285014001,0.0005458025894241533,0.07312782311085586
ds005540,eegnet_lr1e3,prior_calibration_gain,1,8,-0.0051155723635893935,-0.13833508830819388,0.1281039435810151,1985,-0.13475702019530694,0.12452587546812816,0.03864008458672469,0.0019250636526075143,0.07535510552084186
ds005540,eegnet_lr1e3,prior_calibration_gain,2,0,0.13636464028270495,0.024009308660263337,0.24871997190514655,1985,0.006723192450987403,0.2660060881144225,-0.0002692030614430685,-0.025725912182450537,0.0251875060595644
ds005540,eegnet_lr1e3,prior_calibration_gain,2,1,0.04876702860725174,-0.032084496178741706,0.12961855339324518,1985,-0.08087441922446581,0.1784084764389693,0.005938020076857842,-0.021850123576655972,0.033726163730371655
ds005540,eegnet_lr1e3,prior_calibration_gain,2,2,0.06686990454262631,-0.025561710321589562,0.15930151940684217,1985,-0.06277154328909124,0.19651135237434386,0.00607292469070958,-0.01716993387291116,0.02931578325433032
ds005540,eegnet_lr1e3,prior_calibration_gain,2,4,0.07111753358757883,-0.03304650909119604,0.1752815762663537,1985,-0.05852391424413872,0.20075898141929638,0.005010298045500239,-0.01921901982692091,0.029239615917921388
ds005540,eegnet_lr1e3,prior_calibration_gain,2,8,0.06521585154998333,-0.04678949261122019,0.17722119571118683,1985,-0.06442559628173422,0.19485729938170088,0.004622578479073547,-0.020383680226003714,0.029628837184150807
ds005540,eegnet_lr1e3,prior_calibration_gain,4,0,0.20127149421980242,0.08973793269365092,0.3128050557459539,1985,0.07163004638808487,0.33091294205152,-0.011251346838891368,-0.03578209199175347,0.01327939831397074
ds005540,eegnet_lr1e3,prior_calibration_gain,4,1,0.08258857941847991,0.003008199728647687,0.16216895910831214,1985,-0.047052868413237636,0.21223002725019746,-0.004407244157308032,-0.028971088281373618,0.020156599966757553
ds005540,eegnet_lr1e3,prior_calibration_gain,4,2,0.11641943695711388,0.024880413461571896,0.20795846045265587,1985,-0.013222010874603674,0.24606088478883142,-0.005772317024803769,-0.027714330066443114,0.016169696016835575
ds005540,eegnet_lr1e3,prior_calibration_gain,4,4,0.1352813300886601,0.032605254384556845,0.23795740579276337,1985,0.005639882256942563,0.26492277792037766,-0.012757864757073328,-0.03627830223027796,0.010762572716131302
ds005540,eegnet_lr1e3,prior_calibration_gain,4,8,0.1367388112033453,0.027134402584630263,0.24634321982206034,1985,0.007097363371627752,0.26638025903506285,-0.011765905224174755,-0.035388525322524136,0.011856714874174622
ds005540,eegnet_lr1e3,prior_calibration_gain,8,0,0.20355097551998702,0.09551784651428027,0.31158410452569374,1985,0.07390952768826947,0.33319242335170457,-0.019993443667244842,-0.04279657515389049,0.0028096878194008024
ds005540,eegnet_lr1e3,prior_calibration_gain,8,1,0.08449360488325314,0.007575770069514376,0.1614114396969919,1985,-0.04514784294846441,0.2141350527149707,-0.009241721490872629,-0.03151269427560285,0.01302925129385759
ds005540,eegnet_lr1e3,prior_calibration_gain,8,2,0.12036093581954399,0.03211466860813057,0.20860720303095742,1985,-0.009280512012173558,0.25000238365126154,-0.010701759852282056,-0.03146951599998013,0.010065996295416015
ds005540,eegnet_lr1e3,prior_calibration_gain,8,4,0.1375631677299794,0.038243541817908594,0.2368827936420502,1985,0.007921719898261848,0.26720461556169695,-0.014330020618839284,-0.03635547711332224,0.007695435875643673
ds005540,eegnet_lr1e3,prior_calibration_gain,8,8,0.14200573328791455,0.03791461920206922,0.24609684737375986,1985,0.012364285456197,0.2716471811196321,-0.017825760202544838,-0.039947196987032356,0.00429567658194268
ds005540,eegnet_lr1e3,combined_calibration_gain,0,0,0.0,0.0,0.0,1985,-0.13127109598667402,0.13127109598667402,0.0,0.0,0.0
ds005540,eegnet_lr1e3,combined_calibration_gain,0,1,0.0,0.0,0.0,1985,-0.13127109598667402,0.13127109598667402,0.0,0.0,0.0
ds005540,eegnet_lr1e3,combined_calibration_gain,0,2,0.0,0.0,0.0,1985,-0.13127109598667402,0.13127109598667402,0.0,0.0,0.0
ds005540,eegnet_lr1e3,combined_calibration_gain,0,4,0.0,0.0,0.0,1985,-0.13127109598667402,0.13127109598667402,0.0,0.0,0.0
ds005540,eegnet_lr1e3,combined_calibration_gain,0,8,0.0,0.0,0.0,1985,-0.13127109598667402,0.13127109598667402,0.0,0.0,0.0
ds005540,eegnet_lr1e3,combined_calibration_gain,1,0,0.14306093109765716,0.015986829877458725,0.27013503231785563,1985,0.011789835110983138,0.2743320270843312,0.032192584900097826,-0.010314320246985371,0.07469949004718102
ds005540,eegnet_lr1e3,combined_calibration_gain,1,1,0.02228989075137866,-0.08109400261363871,0.12567378411639601,1985,-0.10898120523529536,0.15356098673805268,0.02435332249302788,-0.01757225602468307,0.06627890101073883
ds005540,eegnet_lr1e3,combined_calibration_gain,1,2,0.005665440077259276,-0.1167202240772806,0.12805110423179916,1985,-0.12560565590941475,0.1369365360639333,0.032655579068746,-0.004295591163407886,0.06960674930089988
ds005540,eegnet_lr1e3,combined_calibration_gain,1,4,-0.0062264884875678495,-0.1327708509839125,0.1203178740087768,1985,-0.13749758447424187,0.12504460749910618,0.037788436800161196,0.0009485404653735083,0.07462833313494888
ds005540,eegnet_lr1e3,combined_calibration_gain,1,8,0.0009424747727577731,-0.1341864028549766,0.13607135240049215,1985,-0.13032862121391625,0.1322135707594318,0.03738893707206714,-0.00027029380722107255,0.07504816795135535
ds005540,eegnet_lr1e3,combined_calibration_gain,2,0,0.13744036427197354,0.025102143285668677,0.2497785852582784,1985,0.006169268285299512,0.26871146025864756,0.0004866168001012028,-0.02447043875443854,0.025443672354640946
ds005540,eegnet_lr1e3,combined_calibration_gain,2,1,0.05005413795168745,-0.031861935407279884,0.13197021131065478,1985,-0.08121695803498657,0.18132523393836147,0.004304837326625538,-0.02466471400871333,0.0332743886619644
ds005540,eegnet_lr1e3,combined_calibration_gain,2,2,0.06272275346120565,-0.029784538523606907,0.1552300454460182,1985,-0.06854834252546838,0.19399384944787967,0.005097707278989172,-0.01903447074784782,0.029229885305826164
ds005540,eegnet_lr1e3,combined_calibration_gain,2,4,0.060965695580223134,-0.03840139548932135,0.16033278664976763,1985,-0.07030540040645089,0.19223679156689716,0.006028760049607618,-0.018695919508509524,0.03075343960772476
ds005540,eegnet_lr1e3,combined_calibration_gain,2,8,0.07039912959669903,-0.04439690450820791,0.18519516370160596,1985,-0.060871966389974996,0.20167022558337305,0.0036775738940196256,-0.022543240265458453,0.029898388053497704
ds005540,eegnet_lr1e3,combined_calibration_gain,4,0,0.2034460255370639,0.08918127825181518,0.31771077282231264,1985,0.07217492955038987,0.3347171215237379,-0.011186171853998866,-0.035945084835723486,0.013572741127725753
ds005540,eegnet_lr1e3,combined_calibration_gain,4,1,0.08434678225227965,0.0026668427104214326,0.16602672179413785,1985,-0.046924313734394374,0.21561787823895368,-0.005819575561276713,-0.03156058157763224,0.01992143045507881
ds005540,eegnet_lr1e3,combined_calibration_gain,4,2,0.11373893214284586,0.02019731756003909,0.20728054672565263,1985,-0.017532163843828164,0.24501002812951989,-0.0068103632586588025,-0.0295072424884763,0.015886515971158695
ds005540,eegnet_lr1e3,combined_calibration_gain,4,4,0.12432843566647567,0.025059076857999213,0.22359779447495212,1985,-0.006942660320198357,0.2555995316531497,-0.011695217784981088,-0.035704593546543775,0.012314157976581596
ds005540,eegnet_lr1e3,combined_calibration_gain,4,8,0.1431931395450139,0.02936249763028513,0.25702378145974264,1985,0.011922043558339868,0.2744642355316879,-0.013176076375902568,-0.03790662435895457,0.011554471607149432
ds005540,eegnet_lr1e3,combined_calibration_gain,8,0,0.20695445682663735,0.09696831774670887,0.3169405959065658,1985,0.07568336083996333,0.33822555281331135,-0.020067838504939622,-0.0437772917330497,0.003641614723170452
ds005540,eegnet_lr1e3,combined_calibration_gain,8,1,0.08653313252185613,0.007610852099139129,0.1654554129445731,1985,-0.0447379634648179,0.21780422850853015,-0.010710239223002793,-0.0342157068352366,0.01279522838923101
ds005540,eegnet_lr1e3,combined_calibration_gain,8,2,0.11746879756210143,0.026589664409834596,0.20834793071436827,1985,-0.01380229842457259,0.24873989354877546,-0.01142964558284501,-0.03357298472635828,0.010713693560668255
ds005540,eegnet_lr1e3,combined_calibration_gain,8,4,0.1264951594286441,0.029792966257335657,0.22319735259995252,1985,-0.004775936558029936,0.2577662554153181,-0.013027100683038834,-0.03575163540813034,0.009697434042052675
ds005540,eegnet_lr1e3,combined_calibration_gain,8,8,0.14793073071793772,0.03846823735738415,0.2573932240784913,1985,0.016659634731263695,0.27920182670461174,-0.019046343222128892,-0.04298318492866396,0.004890498484406175
ds005540,eegnet_lr1e3,total_minus_uncalibrated_prior,0,0,-0.00040099605147441434,-0.02222208806813248,0.02142009596518365,1985,-0.13130449787442344,0.1305025057714746,-0.00043993626095484295,-0.005227494600780623,0.004347622078870937
ds005540,eegnet_lr1e3,total_minus_uncalibrated_prior,0,1,-0.0026154680939958763,-0.01279739468768398,0.007566458499692227,1985,-0.1335189699169449,0.12828803372895314,0.0018625195903093361,-0.002588046745994604,0.006313085926613276
ds005540,eegnet_lr1e3,total_minus_uncalibrated_prior,0,2,0.0022744513271342748,-0.018940724858761575,0.023489627513030124,1985,-0.12862905049581475,0.1331779531500833,0.0007547738790120995,-0.006498633775821133,0.008008181533845332
ds005540,eegnet_lr1e3,total_minus_uncalibrated_prior,0,4,0.00988699713293989,-0.016839305076243042,0.03661329934212282,1985,-0.12101650469000913,0.1407904989558889,-0.0007453834476575105,-0.006801031399948201,0.00531026450463318
ds005540,eegnet_lr1e3,total_minus_uncalibrated_prior,0,8,-0.00791111469111283,-0.02545941892718109,0.009637189544955429,1985,-0.13881461651406185,0.12299238713183619,0.001558790632920859,-0.004025863926632355,0.007143445192474073
ds005540,eegnet_lr1e3,total_minus_uncalibrated_prior,1,0,0.14265993504618277,0.01600125610186215,0.2693186139905034,1985,0.011756433223233748,0.27356343686913176,0.03175264863914298,-0.01130064692266973,0.0748059442009557
ds005540,eegnet_lr1e3,total_minus_uncalibrated_prior,1,1,0.019674422657382784,-0.08261595092944393,0.1219647962442095,1985,-0.11122907916556624,0.1505779244803318,0.026215842083337215,-0.014614040584200697,0.06704572475087513
ds005540,eegnet_lr1e3,total_minus_uncalibrated_prior,1,2,0.007939891404393551,-0.11396559650052505,0.12984537930931217,1985,-0.12296361041855547,0.13884339322734257,0.0334103529477581,-0.002494797578434481,0.06931550347395068
ds005540,eegnet_lr1e3,total_minus_uncalibrated_prior,1,4,0.0036605086453720403,-0.12338489795806679,0.13070591524881087,1985,-0.12724299317757698,0.13456401046832106,0.037043053352503685,0.0007778656301977369,0.07330824107480963
ds005540,eegnet_lr1e3,total_minus_uncalibrated_prior,1,8,-0.006968639918355057,-0.14012473835537095,0.12618745851866084,1985,-0.13787214174130408,0.12393486190459396,0.038947727704988,0.0021552596106532637,0.07574019579932273
ds005540,eegnet_lr1e3,total_minus_uncalibrated_prior,2,0,0.13703936822049914,0.02436482249165696,0.24971391394934134,1985,0.0061358663975501215,0.2679428700434482,4.6680539146359834e-05,-0.025165631358278727,0.025258992436571447
ds005540,eegnet_lr1e3,total_minus_uncalibrated_prior,2,1,0.04743866985769157,-0.03354655023720576,0.1284238899525889,1985,-0.08346483196525745,0.1783421716806406,0.006167356916934874,-0.021629090727064693,0.03396380456093444
ds005540,eegnet_lr1e3,total_minus_uncalibrated_prior,2,2,0.06499720478833992,-0.028325225297325757,0.1583196348740056,1985,-0.0659062970346091,0.19590070661128894,0.0058524811580012714,-0.017225579771705843,0.028930542087708386
ds005540,eegnet_lr1e3,total_minus_uncalibrated_prior,2,4,0.07085269271316302,-0.03362444013812595,0.17532982556445198,1985,-0.060050809109785996,0.20175619453611204,0.005283376601950107,-0.01873267899255984,0.029299432196460053
ds005540,eegnet_lr1e3,total_minus_uncalibrated_prior,2,8,0.0624880149055862,-0.049814805882030716,0.1747908356932031,1985,-0.06841548691736282,0.19339151672853522,0.005236364526940485,-0.019810629526600933,0.030283358580481902
ds005540,eegnet_lr1e3,total_minus_uncalibrated_prior,4,0,0.2030450294855895,0.09013184176178715,0.3159582172093919,1985,0.07214152766264048,0.3339485313085385,-0.01162610811495371,-0.03659141676459926,0.013339200534691845
ds005540,eegnet_lr1e3,total_minus_uncalibrated_prior,4,1,0.08173131415828377,0.0015399901570315039,0.16192263815953606,1985,-0.049172187664665246,0.2126348159812328,-0.003957055970967377,-0.028629607612826218,0.020715495670891464
ds005540,eegnet_lr1e3,total_minus_uncalibrated_prior,4,2,0.11601338346998014,0.023734567584491037,0.20829219935546922,1985,-0.014890118352968884,0.24691688529292916,-0.006055589379646703,-0.027985119790020496,0.01587394103072709
ds005540,eegnet_lr1e3,total_minus_uncalibrated_prior,4,4,0.13421543279941556,0.031162454235484555,0.23726841136334656,1985,0.0033119309764665372,0.2651189346223646,-0.012440601232638598,-0.036141870464480336,0.011260667999203135
ds005540,eegnet_lr1e3,total_minus_uncalibrated_prior,4,8,0.13528202485390106,0.025437108560558086,0.24512694114724404,1985,0.004378523030952042,0.2661855266768501,-0.011617285742981709,-0.035042671935228156,0.011808100449264742
ds005540,eegnet_lr1e3,total_minus_uncalibrated_prior,8,0,0.20655346077516296,0.09648648813794883,0.3166204334123771,1985,0.07564995895221394,0.337456962598112,-0.020507774765894465,-0.043702989788224594,0.0026874402564356636
ds005540,eegnet_lr1e3,total_minus_uncalibrated_prior,8,1,0.08391766442786025,0.006379675973823412,0.1614556528818971,1985,-0.04698583739508877,0.21482116625080927,-0.008847719632693457,-0.03127316446195093,0.01357772519656401
ds005540,eegnet_lr1e3,total_minus_uncalibrated_prior,8,2,0.11974324888923571,0.029400217406911025,0.2100862803715604,1985,-0.01116025293371331,0.25064675071218473,-0.010674871703832911,-0.03173561586282221,0.010385872455156386
ds005540,eegnet_lr1e3,total_minus_uncalibrated_prior,8,4,0.13638215656158398,0.036330672528953,0.23643364059421496,1985,0.005478654738634958,0.267285658384533,-0.013772484130696344,-0.035955004315829445,0.008410036054436753
ds005540,eegnet_lr1e3,total_minus_uncalibrated_prior,8,8,0.1400196160268249,0.035570552926500035,0.24446867912714976,1985,0.009116114203875869,0.2709231178497739,-0.017487552589208033,-0.03952456043417125,0.004549455255755182
ds005540,eegnet_lr1e4,eeg_added_population,0,0,9.451601949281833e-05,-0.00968896514771653,0.009877997186702167,1985,-0.008534505987082011,0.008723538026067647,-0.00019046275288170378,-0.00177022435970558,0.0013892988539421724
ds005540,eegnet_lr1e4,eeg_added_population,0,1,-0.0011435468087852563,-0.006073958811923267,0.0037868651943527547,1985,-0.009772568815360086,0.007485475197789573,0.0008739442461774827,-0.0005276402503689827,0.002275528742723948
ds005540,eegnet_lr1e4,eeg_added_population,0,2,-0.0011919009952656712,-0.008918057033832957,0.006534255043301614,1985,-0.0098209230018405,0.007437121011309158,0.00011160595394479889,-0.0015129577633902472,0.001736169671279845
ds005540,eegnet_lr1e4,eeg_added_population,0,4,0.0008954724023291227,-0.008841084032469207,0.010632028837127452,1985,-0.007733549604245707,0.009524494408903952,1.4773884708219054e-05,-0.0017980685729692726,0.0018276163423857107
ds005540,eegnet_lr1e4,eeg_added_population,0,8,0.0005017600531075916,-0.007008467211730865,0.008011987317946048,1985,-0.008127261953467238,0.009130782059682421,-0.00038365363323789037,-0.00190369290850947,0.0011363856420336892
ds005540,eegnet_lr1e4,eeg_added_population,1,0,9.451601949281833e-05,-0.00968896514771653,0.009877997186702167,1985,-0.008534505987082011,0.008723538026067647,-0.00019046275288170378,-0.00177022435970558,0.0013892988539421724
ds005540,eegnet_lr1e4,eeg_added_population,1,1,-0.0011435468087852563,-0.006073958811923267,0.0037868651943527547,1985,-0.009772568815360086,0.007485475197789573,0.0008739442461774827,-0.0005276402503689827,0.002275528742723948
ds005540,eegnet_lr1e4,eeg_added_population,1,2,-0.0011919009952656712,-0.008918057033832957,0.006534255043301614,1985,-0.0098209230018405,0.007437121011309158,0.00011160595394479889,-0.0015129577633902472,0.001736169671279845
ds005540,eegnet_lr1e4,eeg_added_population,1,4,0.0008954724023291227,-0.008841084032469207,0.010632028837127452,1985,-0.007733549604245707,0.009524494408903952,1.4773884708219054e-05,-0.0017980685729692726,0.0018276163423857107
ds005540,eegnet_lr1e4,eeg_added_population,1,8,0.0005017600531075916,-0.007008467211730865,0.008011987317946048,1985,-0.008127261953467238,0.009130782059682421,-0.00038365363323789037,-0.00190369290850947,0.0011363856420336892
ds005540,eegnet_lr1e4,eeg_added_population,2,0,9.451601949281833e-05,-0.00968896514771653,0.009877997186702167,1985,-0.008534505987082011,0.008723538026067647,-0.00019046275288170378,-0.00177022435970558,0.0013892988539421724
ds005540,eegnet_lr1e4,eeg_added_population,2,1,-0.0011435468087852563,-0.006073958811923267,0.0037868651943527547,1985,-0.009772568815360086,0.007485475197789573,0.0008739442461774827,-0.0005276402503689827,0.002275528742723948
ds005540,eegnet_lr1e4,eeg_added_population,2,2,-0.0011919009952656712,-0.008918057033832957,0.006534255043301614,1985,-0.0098209230018405,0.007437121011309158,0.00011160595394479889,-0.0015129577633902472,0.001736169671279845
ds005540,eegnet_lr1e4,eeg_added_population,2,4,0.0008954724023291227,-0.008841084032469207,0.010632028837127452,1985,-0.007733549604245707,0.009524494408903952,1.4773884708219054e-05,-0.0017980685729692726,0.0018276163423857107
ds005540,eegnet_lr1e4,eeg_added_population,2,8,0.0005017600531075916,-0.007008467211730865,0.008011987317946048,1985,-0.008127261953467238,0.009130782059682421,-0.00038365363323789037,-0.00190369290850947,0.0011363856420336892
ds005540,eegnet_lr1e4,eeg_added_population,4,0,9.451601949281833e-05,-0.00968896514771653,0.009877997186702167,1985,-0.008534505987082011,0.008723538026067647,-0.00019046275288170378,-0.00177022435970558,0.0013892988539421724
ds005540,eegnet_lr1e4,eeg_added_population,4,1,-0.0011435468087852563,-0.006073958811923267,0.0037868651943527547,1985,-0.009772568815360086,0.007485475197789573,0.0008739442461774827,-0.0005276402503689827,0.002275528742723948
ds005540,eegnet_lr1e4,eeg_added_population,4,2,-0.0011919009952656712,-0.008918057033832957,0.006534255043301614,1985,-0.0098209230018405,0.007437121011309158,0.00011160595394479889,-0.0015129577633902472,0.001736169671279845
ds005540,eegnet_lr1e4,eeg_added_population,4,4,0.0008954724023291227,-0.008841084032469207,0.010632028837127452,1985,-0.007733549604245707,0.009524494408903952,1.4773884708219054e-05,-0.0017980685729692726,0.0018276163423857107
ds005540,eegnet_lr1e4,eeg_added_population,4,8,0.0005017600531075916,-0.007008467211730865,0.008011987317946048,1985,-0.008127261953467238,0.009130782059682421,-0.00038365363323789037,-0.00190369290850947,0.0011363856420336892
ds005540,eegnet_lr1e4,eeg_added_population,8,0,9.451601949281833e-05,-0.00968896514771653,0.009877997186702167,1985,-0.008534505987082011,0.008723538026067647,-0.00019046275288170378,-0.00177022435970558,0.0013892988539421724
ds005540,eegnet_lr1e4,eeg_added_population,8,1,-0.0011435468087852563,-0.006073958811923267,0.0037868651943527547,1985,-0.009772568815360086,0.007485475197789573,0.0008739442461774827,-0.0005276402503689827,0.002275528742723948
ds005540,eegnet_lr1e4,eeg_added_population,8,2,-0.0011919009952656712,-0.008918057033832957,0.006534255043301614,1985,-0.0098209230018405,0.007437121011309158,0.00011160595394479889,-0.0015129577633902472,0.001736169671279845
ds005540,eegnet_lr1e4,eeg_added_population,8,4,0.0008954724023291227,-0.008841084032469207,0.010632028837127452,1985,-0.007733549604245707,0.009524494408903952,1.4773884708219054e-05,-0.0017980685729692726,0.0018276163423857107
ds005540,eegnet_lr1e4,eeg_added_population,8,8,0.0005017600531075916,-0.007008467211730865,0.008011987317946048,1985,-0.008127261953467238,0.009130782059682421,-0.00038365363323789037,-0.00190369290850947,0.0011363856420336892
ds005540,eegnet_lr1e4,eeg_added_matched_calibration,0,0,9.451601949281833e-05,-0.00968896514771653,0.009877997186702167,1985,-0.009077062286541775,0.009266094325527411,-0.00019046275288170378,-0.00177022435970558,0.0013892988539421724
ds005540,eegnet_lr1e4,eeg_added_matched_calibration,0,1,-0.0011435468087852563,-0.006073958811923267,0.0037868651943527547,1985,-0.01031512511481985,0.008028031497249337,0.0008739442461774827,-0.0005276402503689827,0.002275528742723948
ds005540,eegnet_lr1e4,eeg_added_matched_calibration,0,2,-0.0011919009952656712,-0.008918057033832957,0.006534255043301614,1985,-0.010363479301300264,0.007979677310768922,0.00011160595394479889,-0.0015129577633902472,0.001736169671279845
ds005540,eegnet_lr1e4,eeg_added_matched_calibration,0,4,0.0008954724023291227,-0.008841084032469207,0.010632028837127452,1985,-0.00827610590370547,0.010067050708363716,1.4773884708219054e-05,-0.0017980685729692726,0.0018276163423857107
ds005540,eegnet_lr1e4,eeg_added_matched_calibration,0,8,0.0005017600531075916,-0.007008467211730865,0.008011987317946048,1985,-0.008669818252927002,0.009673338359142185,-0.00038365363323789037,-0.00190369290850947,0.0011363856420336892
ds005540,eegnet_lr1e4,eeg_added_matched_calibration,1,0,0.0009787614450659232,-0.004555554273460401,0.006513077163592247,1985,-0.00819281686096867,0.010150339751100516,0.0009614959614551999,-0.000661151043256596,0.0025841429661669956
ds005540,eegnet_lr1e4,eeg_added_matched_calibration,1,1,-0.0002913641099440145,-0.0037221519786064523,0.0031394237587184233,1985,-0.009462942415978608,0.008880214196090579,0.0005120640441448332,-0.001138667796641385,0.0021627958849310515
ds005540,eegnet_lr1e4,eeg_added_matched_calibration,1,2,0.0003776469129940785,-0.0042041499190431375,0.0049594437450312945,1985,-0.008793931393040515,0.009549225219028672,0.0006100554845829276,-0.00124257304404015,0.0024626840132060054
ds005540,eegnet_lr1e4,eeg_added_matched_calibration,1,4,0.00038692582032107126,-0.005324881335093218,0.0060987329757353605,1985,-0.008784652485713522,0.009558504126355664,0.0009946443516228864,-0.0012134858528815508,0.0032027745561273237
ds005540,eegnet_lr1e4,eeg_added_matched_calibration,1,8,-0.0005741233086611897,-0.005414487463536736,0.0042662408462143565,1985,-0.009745701614695783,0.008597454997373404,0.0008029162546381863,-0.0010987334910863367,0.0027045660003627093
ds005540,eegnet_lr1e4,eeg_added_matched_calibration,2,0,0.001440932475297918,-0.006264672630965866,0.009146537581561701,1985,-0.007730645830736675,0.010612510781332511,0.00012265057857666073,-0.0011600705514739275,0.001405371708627249
ds005540,eegnet_lr1e4,eeg_added_matched_calibration,2,1,-5.7276890182755835e-05,-0.004126701825419513,0.004012148045054001,1985,-0.009228855196217349,0.009114301415851837,0.0001710465972483144,-0.0010862644481945476,0.0014283576426911764
ds005540,eegnet_lr1e4,eeg_added_matched_calibration,2,2,0.0004459116055381962,-0.004776377386683732,0.005668200597760124,1985,-0.008725666700496397,0.00961748991157279,-0.0002544108278524082,-0.0018145502272952634,0.001305728571590447
ds005540,eegnet_lr1e4,eeg_added_matched_calibration,2,4,0.0008927425719330584,-0.005647129684095464,0.007432614827961581,1985,-0.008278835734101535,0.010064320877967652,1.44179559609936e-05,-0.002126530010618389,0.0021553659225403764
ds005540,eegnet_lr1e4,eeg_added_matched_calibration,2,8,0.0005179826557006884,-0.004973910827512505,0.006009876138913882,1985,-0.008653595650333905,0.009689560961735282,-0.00028587120077566697,-0.001829214641081156,0.0012574722395298221
ds005540,eegnet_lr1e4,eeg_added_matched_calibration,4,0,0.0006344123283586189,-0.006826767540788746,0.008095592197505984,1985,-0.008537165977675974,0.009805990634393212,0.00010636946223735455,-0.0012119146866825944,0.0014246536111573035
ds005540,eegnet_lr1e4,eeg_added_matched_calibration,4,1,-5.525966408859162e-05,-0.0033846037803497296,0.0032740844521725464,1985,-0.009226837970123185,0.009116318641946002,0.0002945390215721433,-0.0010104166202075581,0.0015994946633518447
ds005540,eegnet_lr1e4,eeg_added_matched_calibration,4,2,0.0005418900045287556,-0.003958013181812816,0.0050417931908703275,1985,-0.008629688301505838,0.009713468310563349,-0.00016977661715164571,-0.0017344517991894944,0.001394898564886203
ds005540,eegnet_lr1e4,eeg_added_matched_calibration,4,4,0.0009714091655123047,-0.0056490047499275975,0.007591823080952207,1985,-0.008200169140522288,0.010142987471546898,0.0003325098271790561,-0.0015889741663630626,0.0022539938207211748
ds005540,eegnet_lr1e4,eeg_added_matched_calibration,4,8,0.0002749966576880425,-0.0049504435398112275,0.0055004368551873125,1985,-0.00889658164834655,0.009446574963722636,0.00011640300054149844,-0.0013813368651305912,0.001614142866213588
ds005540,eegnet_lr1e4,eeg_added_matched_calibration,8,0,0.0005569928975092397,-0.00761453636325821,0.00872852215827669,1985,-0.008614585408525353,0.009728571203543833,-7.273812871644303e-05,-0.0012264221952089874,0.0010809459377761014
ds005540,eegnet_lr1e4,eeg_added_matched_calibration,8,1,-5.23318351795532e-05,-0.0032354812942649333,0.003130817623905827,1985,-0.009223910141214146,0.00911924647085504,0.00022818502418939235,-0.0009874829968189848,0.0014438530451977695
ds005540,eegnet_lr1e4,eeg_added_matched_calibration,8,2,0.0004412984342754278,-0.0041096522189661665,0.004992249087517022,1985,-0.008730279871759165,0.009612876740310021,-0.00015758648538760633,-0.001573158997620363,0.0012579860268451502
ds005540,eegnet_lr1e4,eeg_added_matched_calibration,8,4,0.0006420674297662465,-0.005964267966537659,0.007248402826070152,1985,-0.008529510876268347,0.00981364573580084,0.00025384252905127913,-0.001599448934040817,0.002107133992143375
ds005540,eegnet_lr1e4,eeg_added_matched_calibration,8,8,4.064430475203551e-05,-0.005350409478050953,0.005431698087555024,1985,-0.009130934001282558,0.009212222610786629,0.00013661224504296632,-0.0012420640126298281,0.0015152885027157608
ds005540,eegnet_lr1e4,prior_calibration_gain,0,0,0.0,0.0,0.0,1985,-0.12964144783171755,0.12964144783171755,0.0,0.0,0.0
ds005540,eegnet_lr1e4,prior_calibration_gain,0,1,0.0,0.0,0.0,1985,-0.12964144783171755,0.12964144783171755,0.0,0.0,0.0
ds005540,eegnet_lr1e4,prior_calibration_gain,0,2,0.0,0.0,0.0,1985,-0.12964144783171755,0.12964144783171755,0.0,0.0,0.0
ds005540,eegnet_lr1e4,prior_calibration_gain,0,4,0.0,0.0,0.0,1985,-0.12964144783171755,0.12964144783171755,0.0,0.0,0.0
ds005540,eegnet_lr1e4,prior_calibration_gain,0,8,0.0,0.0,0.0,1985,-0.12964144783171755,0.12964144783171755,0.0,0.0,0.0
ds005540,eegnet_lr1e4,prior_calibration_gain,1,0,0.13942400367279775,0.01304024880725388,0.2658077585383416,1985,0.009782555841080204,0.26906545150451533,0.03201684061263571,-0.011231259017439314,0.07526494024271074
ds005540,eegnet_lr1e4,prior_calibration_gain,1,1,0.020243552285919175,-0.08177662556627954,0.1222637301381179,1985,-0.10939789554579837,0.14988500011763672,0.02546006133935047,-0.01532595870614828,0.06624608138484922
ds005540,eegnet_lr1e4,prior_calibration_gain,1,2,0.005696107559400199,-0.1151704855348078,0.1265627006536082,1985,-0.12394534027231735,0.13533755539111775,0.033865302417263154,-0.0021662935394575825,0.06989689837398388
ds005540,eegnet_lr1e4,prior_calibration_gain,1,4,0.0004809728596645302,-0.12566586279265937,0.12662780851198843,1985,-0.12916047497205302,0.13012242069138208,0.03683681285014001,0.0005458025894241533,0.07312782311085586
ds005540,eegnet_lr1e4,prior_calibration_gain,1,8,-0.0051155723635893935,-0.13833508830819388,0.1281039435810151,1985,-0.13475702019530694,0.12452587546812816,0.03864008458672469,0.0019250636526075143,0.07535510552084186
ds005540,eegnet_lr1e4,prior_calibration_gain,2,0,0.13636464028270495,0.024009308660263337,0.24871997190514655,1985,0.006723192450987403,0.2660060881144225,-0.0002692030614430685,-0.025725912182450537,0.0251875060595644
ds005540,eegnet_lr1e4,prior_calibration_gain,2,1,0.04876702860725174,-0.032084496178741706,0.12961855339324518,1985,-0.08087441922446581,0.1784084764389693,0.005938020076857842,-0.021850123576655972,0.033726163730371655
ds005540,eegnet_lr1e4,prior_calibration_gain,2,2,0.06686990454262631,-0.025561710321589562,0.15930151940684217,1985,-0.06277154328909124,0.19651135237434386,0.00607292469070958,-0.01716993387291116,0.02931578325433032
ds005540,eegnet_lr1e4,prior_calibration_gain,2,4,0.07111753358757883,-0.03304650909119604,0.1752815762663537,1985,-0.05852391424413872,0.20075898141929638,0.005010298045500239,-0.01921901982692091,0.029239615917921388
ds005540,eegnet_lr1e4,prior_calibration_gain,2,8,0.06521585154998333,-0.04678949261122019,0.17722119571118683,1985,-0.06442559628173422,0.19485729938170088,0.004622578479073547,-0.020383680226003714,0.029628837184150807
ds005540,eegnet_lr1e4,prior_calibration_gain,4,0,0.20127149421980242,0.08973793269365092,0.3128050557459539,1985,0.07163004638808487,0.33091294205152,-0.011251346838891368,-0.03578209199175347,0.01327939831397074
ds005540,eegnet_lr1e4,prior_calibration_gain,4,1,0.08258857941847991,0.003008199728647687,0.16216895910831214,1985,-0.047052868413237636,0.21223002725019746,-0.004407244157308032,-0.028971088281373618,0.020156599966757553
ds005540,eegnet_lr1e4,prior_calibration_gain,4,2,0.11641943695711388,0.024880413461571896,0.20795846045265587,1985,-0.013222010874603674,0.24606088478883142,-0.005772317024803769,-0.027714330066443114,0.016169696016835575
ds005540,eegnet_lr1e4,prior_calibration_gain,4,4,0.1352813300886601,0.032605254384556845,0.23795740579276337,1985,0.005639882256942563,0.26492277792037766,-0.012757864757073328,-0.03627830223027796,0.010762572716131302
ds005540,eegnet_lr1e4,prior_calibration_gain,4,8,0.1367388112033453,0.027134402584630263,0.24634321982206034,1985,0.007097363371627752,0.26638025903506285,-0.011765905224174755,-0.035388525322524136,0.011856714874174622
ds005540,eegnet_lr1e4,prior_calibration_gain,8,0,0.20355097551998702,0.09551784651428027,0.31158410452569374,1985,0.07390952768826947,0.33319242335170457,-0.019993443667244842,-0.04279657515389049,0.0028096878194008024
ds005540,eegnet_lr1e4,prior_calibration_gain,8,1,0.08449360488325314,0.007575770069514376,0.1614114396969919,1985,-0.04514784294846441,0.2141350527149707,-0.009241721490872629,-0.03151269427560285,0.01302925129385759
ds005540,eegnet_lr1e4,prior_calibration_gain,8,2,0.12036093581954399,0.03211466860813057,0.20860720303095742,1985,-0.009280512012173558,0.25000238365126154,-0.010701759852282056,-0.03146951599998013,0.010065996295416015
ds005540,eegnet_lr1e4,prior_calibration_gain,8,4,0.1375631677299794,0.038243541817908594,0.2368827936420502,1985,0.007921719898261848,0.26720461556169695,-0.014330020618839284,-0.03635547711332224,0.007695435875643673
ds005540,eegnet_lr1e4,prior_calibration_gain,8,8,0.14200573328791455,0.03791461920206922,0.24609684737375986,1985,0.012364285456197,0.2716471811196321,-0.017825760202544838,-0.039947196987032356,0.00429567658194268
ds005540,eegnet_lr1e4,combined_calibration_gain,0,0,0.0,0.0,0.0,1985,-0.1317166093985491,0.1317166093985491,0.0,0.0,0.0
ds005540,eegnet_lr1e4,combined_calibration_gain,0,1,0.0,0.0,0.0,1985,-0.1317166093985491,0.1317166093985491,0.0,0.0,0.0
ds005540,eegnet_lr1e4,combined_calibration_gain,0,2,0.0,0.0,0.0,1985,-0.1317166093985491,0.1317166093985491,0.0,0.0,0.0
ds005540,eegnet_lr1e4,combined_calibration_gain,0,4,0.0,0.0,0.0,1985,-0.1317166093985491,0.1317166093985491,0.0,0.0,0.0
ds005540,eegnet_lr1e4,combined_calibration_gain,0,8,0.0,0.0,0.0,1985,-0.1317166093985491,0.1317166093985491,0.0,0.0,0.0
ds005540,eegnet_lr1e4,combined_calibration_gain,1,0,0.14030824909837086,0.0136899980655871,0.2669265001311546,1985,0.008591639699821768,0.27202485849691993,0.033168799326972614,-0.010384355664169544,0.07672195431811477
ds005540,eegnet_lr1e4,combined_calibration_gain,1,1,0.021095734984760417,-0.08119263519458106,0.12338410516410189,1985,-0.11062087441378868,0.1528123443833095,0.02509818113731782,-0.015946863615131035,0.06614322588976668
ds005540,eegnet_lr1e4,combined_calibration_gain,1,2,0.007265655467659948,-0.11476173727585051,0.1292930482111704,1985,-0.12445095393088915,0.13898226486620904,0.03436375194790128,-0.002215291896953929,0.0709427957927565
ds005540,eegnet_lr1e4,combined_calibration_gain,1,4,-2.757372234352129e-05,-0.12706734833482028,0.12701220089013324,1985,-0.13174418312089262,0.13168903567620557,0.03781668331705468,0.0009433663528321118,0.07469000028127724
ds005540,eegnet_lr1e4,combined_calibration_gain,1,8,-0.006191455725358175,-0.14060803119851065,0.1282251197477943,1985,-0.13790806512390727,0.12552515367319092,0.039826654474600764,0.0023379166439796845,0.07731539230522184
ds005540,eegnet_lr1e4,combined_calibration_gain,2,0,0.13771105673851006,0.023945084565573385,0.25147702891144674,1985,0.005994447339960962,0.26942766613705915,4.3910270015296016e-05,-0.02536033841344618,0.02544815895347677
ds005540,eegnet_lr1e4,combined_calibration_gain,2,1,0.04985329852585424,-0.031362914323619956,0.13106951137532843,1985,-0.08186331087269486,0.18156990792440333,0.0052351224279286734,-0.022684644817225375,0.03315488967308272
ds005540,eegnet_lr1e4,combined_calibration_gain,2,2,0.06850771714343018,-0.025513259572578162,0.16252869385943852,1985,-0.06320889225511891,0.20022432654197928,0.005706907908912373,-0.017865714202665063,0.02927953002048981
ds005540,eegnet_lr1e4,combined_calibration_gain,2,4,0.07111480375718277,-0.03507410354191935,0.1773037110562849,1985,-0.06060180564136633,0.20283141315573186,0.005009942116753013,-0.019670627131515434,0.02969051136502146
ds005540,eegnet_lr1e4,combined_calibration_gain,2,8,0.06523207415257642,-0.04891079766771808,0.17937494597287093,1985,-0.06648453524597267,0.19694868355112552,0.00472036091153577,-0.02092419337360942,0.03036491519668096
ds005540,eegnet_lr1e4,combined_calibration_gain,4,0,0.20181139052866823,0.08883228236443848,0.314790498692898,1985,0.07009478113011913,0.3335279999272173,-0.01095451462377231,-0.035600038482644036,0.013691009235099416
ds005540,eegnet_lr1e4,combined_calibration_gain,4,1,0.08367686656317658,0.0035349132600262095,0.16381881986632696,1985,-0.04803974283537252,0.21539347596172567,-0.004986649381913372,-0.029746305264587356,0.019773006500760613
ds005540,eegnet_lr1e4,combined_calibration_gain,4,2,0.1181532279569083,0.024839606719566726,0.21146684919424988,1985,-0.013563381441640793,0.2498698373554574,-0.006053699595900214,-0.028096805944376375,0.015989406752575947
ds005540,eegnet_lr1e4,combined_calibration_gain,4,4,0.1353572668518433,0.030926890759754022,0.23978764294393257,1985,0.0036406574532941993,0.26707387625039236,-0.012440128814602491,-0.03570752678024312,0.010827269151038137
ds005540,eegnet_lr1e4,combined_calibration_gain,4,8,0.13651204780792575,0.02542741758127713,0.24759667803457436,1985,0.004795438409376657,0.2682286572064748,-0.011265848590395366,-0.03469523750069238,0.01216354031990165
ds005540,eegnet_lr1e4,combined_calibration_gain,8,0,0.20401345239800345,0.09500404053273036,0.3130228642632765,1985,0.07229684299945435,0.3357300617965525,-0.01987571904307958,-0.04270548593208892,0.0029540478459297616
ds005540,eegnet_lr1e4,combined_calibration_gain,8,1,0.08558481985685884,0.008272537061545557,0.1628971026521721,1985,-0.046131789541690255,0.21730142925540794,-0.009887480712860719,-0.032353948086594836,0.012578986660873401
ds005540,eegnet_lr1e4,combined_calibration_gain,8,2,0.12199413524908509,0.032262857801424044,0.21172541269674613,1985,-0.009722474149464005,0.2537107446476342,-0.01097095229161446,-0.0317894015508777,0.009847496967648778
ds005540,eegnet_lr1e4,combined_calibration_gain,8,4,0.13730976275741652,0.03632877340384136,0.23829075211099168,1985,0.005593153358867425,0.2690263721559656,-0.014090951974496224,-0.03607600096821126,0.00789409701921881
ds005540,eegnet_lr1e4,combined_calibration_gain,8,8,0.141544617539559,0.03596929841119868,0.24711993666791932,1985,0.009828008141009897,0.27326122693810806,-0.01730549432426398,-0.03930019506248296,0.004689206413955
ds005540,eegnet_lr1e4,total_minus_uncalibrated_prior,0,0,9.451601949281833e-05,-0.00968896514771653,0.009877997186702167,1985,-0.13043791818725065,0.13062695022623627,-0.00019046275288170378,-0.00177022435970558,0.0013892988539421724
ds005540,eegnet_lr1e4,total_minus_uncalibrated_prior,0,1,-0.0011435468087852563,-0.006073958811923267,0.0037868651943527547,1985,-0.13167598101552871,0.1293888873979582,0.0008739442461774827,-0.0005276402503689827,0.002275528742723948
ds005540,eegnet_lr1e4,total_minus_uncalibrated_prior,0,2,-0.0011919009952656712,-0.008918057033832957,0.006534255043301614,1985,-0.13172433520200913,0.1293405332114778,0.00011160595394479889,-0.0015129577633902472,0.001736169671279845
ds005540,eegnet_lr1e4,total_minus_uncalibrated_prior,0,4,0.0008954724023291227,-0.008841084032469207,0.010632028837127452,1985,-0.12963696180441434,0.13142790660907258,1.4773884708219054e-05,-0.0017980685729692726,0.0018276163423857107
ds005540,eegnet_lr1e4,total_minus_uncalibrated_prior,0,8,0.0005017600531075916,-0.007008467211730865,0.008011987317946048,1985,-0.13003067415363587,0.13103419425985105,-0.00038365363323789037,-0.00190369290850947,0.0011363856420336892
ds005540,eegnet_lr1e4,total_minus_uncalibrated_prior,1,0,0.14040276511786368,0.014899725303493927,0.2659058049322334,1985,0.009870330911120218,0.27093519932460713,0.03297833657409091,-0.010609694468115348,0.07656636761629718
ds005540,eegnet_lr1e4,total_minus_uncalibrated_prior,1,1,0.01995218817597516,-0.08206760142032178,0.1219719777722721,1985,-0.1105802460307683,0.15048462238271862,0.025972125383495304,-0.015209119155936833,0.06715336992292745
ds005540,eegnet_lr1e4,total_minus_uncalibrated_prior,1,2,0.006073754472394277,-0.11472865780018567,0.1268761667449742,1985,-0.12445867973434918,0.13660618867913774,0.03447535790184608,-0.0018864915820887632,0.07083720738578092
ds005540,eegnet_lr1e4,total_minus_uncalibrated_prior,1,4,0.0008678986799856014,-0.12454964484013475,0.12628544220010596,1985,-0.12966453552675786,0.13140033288672906,0.0378314572017629,0.0012895774623772477,0.07437333694114855
ds005540,eegnet_lr1e4,total_minus_uncalibrated_prior,1,8,-0.005689695672250583,-0.13837728583720715,0.126997894492706,1985,-0.13622212987899404,0.12484273853449288,0.039443000841362874,0.002244651740725842,0.0766413499419999
ds005540,eegnet_lr1e4,total_minus_uncalibrated_prior,2,0,0.13780557275800287,0.02561118396993066,0.24999996154607507,1985,0.0072731385512594116,0.2683380069647463,-0.00014655248286640776,-0.025604647119393874,0.02531154215366106
ds005540,eegnet_lr1e4,total_minus_uncalibrated_prior,2,1,0.04870975171706898,-0.03208612309114636,0.12950562652528433,1985,-0.08182268248967448,0.17924218592381244,0.006109066674106156,-0.021855905052907864,0.03407403840112018
ds005540,eegnet_lr1e4,total_minus_uncalibrated_prior,2,2,0.06731581614816451,-0.024698457835396606,0.1593300901317256,1985,-0.06321661805857895,0.19784825035490797,0.005818513862857172,-0.017474240705162344,0.029111268430876688
ds005540,eegnet_lr1e4,total_minus_uncalibrated_prior,2,4,0.07201027615951189,-0.031382893616088314,0.1754034459351121,1985,-0.05852215804723157,0.20254271036625535,0.005024716001461232,-0.019248296517726412,0.029297728520648877
ds005540,eegnet_lr1e4,total_minus_uncalibrated_prior,2,8,0.06573383420568402,-0.046057390507973334,0.17752505891934137,1985,-0.06479860000105944,0.19626626841242747,0.00433670727829788,-0.020918580454218072,0.029591995010813832
ds005540,eegnet_lr1e4,total_minus_uncalibrated_prior,4,0,0.20190590654816104,0.09064315953552012,0.313168653560802,1985,0.07137347234141758,0.3324383407549045,-0.011144977376654014,-0.03570267722137026,0.013412722468062226
ds005540,eegnet_lr1e4,total_minus_uncalibrated_prior,4,1,0.08253331975439132,0.003017894051545608,0.16204874545723702,1985,-0.04799911445235214,0.21306575396113478,-0.004112705135735889,-0.0288974554483139,0.02067204517684212
ds005540,eegnet_lr1e4,total_minus_uncalibrated_prior,4,2,0.11696132696164263,0.026074196262783664,0.20784845766050158,1985,-0.013571107245100827,0.2474937611683861,-0.005942093641955415,-0.02769437711414852,0.01581018983023769
ds005540,eegnet_lr1e4,total_minus_uncalibrated_prior,4,4,0.13625273925417242,0.035030017885559206,0.23747546062278563,1985,0.0057203050474289585,0.2667851734609159,-0.012425354929894272,-0.0352251058836453,0.010374396023856758
ds005540,eegnet_lr1e4,total_minus_uncalibrated_prior,4,8,0.13701380786103334,0.028643761321536496,0.24538385440053018,1985,0.006481373654289885,0.2675462420677768,-0.011649502223633257,-0.03470636798858384,0.011407363541317325
ds005540,eegnet_lr1e4,total_minus_uncalibrated_prior,8,0,0.20410796841749626,0.09639348003060869,0.3118224568043838,1985,0.0735755342107528,0.3346404026242397,-0.020066181795961285,-0.042738656245411503,0.0026062926534889327
ds005540,eegnet_lr1e4,total_minus_uncalibrated_prior,8,1,0.08444127304807358,0.0076776475624011215,0.16120489853374603,1985,-0.046091161158669874,0.21497370725481704,-0.009013536466683236,-0.03141673333773577,0.013389660404369303
ds005540,eegnet_lr1e4,total_minus_uncalibrated_prior,8,2,0.12080223425381942,0.03335727796690213,0.2082471905407367,1985,-0.00973019995292404,0.25133466846056285,-0.010859346337669662,-0.031378801772272945,0.009660109096933621
ds005540,eegnet_lr1e4,total_minus_uncalibrated_prior,8,4,0.13820523515974564,0.04050262899556313,0.23590784132392817,1985,0.0076728009530021846,0.26873766936648913,-0.014076178089788005,-0.035504577759076714,0.007352221579500703
ds005540,eegnet_lr1e4,total_minus_uncalibrated_prior,8,8,0.14204637759266658,0.038923244524384476,0.2451695106609487,1985,0.011513943385923125,0.27257881179941,-0.017689147957501872,-0.03926371963681931,0.003885423721815568
ds005540,labram_ridge_base,eeg_added_population,0,0,-0.04332162573689061,-0.14188337473499682,0.05524012326121561,1985,-0.1287157476822352,0.04207249620845399,0.015216252901097987,-0.002763433202942568,0.03319593900513854
ds005540,labram_ridge_base,eeg_added_population,0,1,-0.03105849724316906,-0.08364373556374523,0.02152674107740711,1985,-0.11645261918851366,0.05433562470217554,0.014317977592955056,-0.0034550690047593577,0.03209102419066947
ds005540,labram_ridge_base,eeg_added_population,0,2,-0.04551036076183834,-0.11368029309078001,0.022659571567103326,1985,-0.13090448270718294,0.039883761183506256,0.015661065687850945,-0.0010677744774805452,0.03238990585318244
ds005540,labram_ridge_base,eeg_added_population,0,4,-0.050456143569953205,-0.12240817073470402,0.021495883594797607,1985,-0.1358502655152978,0.03493797837539139,0.01829769465008735,0.0011354532367046123,0.03545993606347009
ds005540,labram_ridge_base,eeg_added_population,0,8,-0.06751768862494195,-0.16393416424443713,0.02889878699455324,1985,-0.15291181057028655,0.017876433320402646,0.02011707634753096,0.0008022518499677528,0.03943190084509417
ds005540,labram_ridge_base,eeg_added_population,1,0,-0.04332162573689061,-0.14188337473499682,0.05524012326121561,1985,-0.1287157476822352,0.04207249620845399,0.015216252901097987,-0.002763433202942568,0.03319593900513854
ds005540,labram_ridge_base,eeg_added_population,1,1,-0.03105849724316906,-0.08364373556374523,0.02152674107740711,1985,-0.11645261918851366,0.05433562470217554,0.014317977592955056,-0.0034550690047593577,0.03209102419066947
ds005540,labram_ridge_base,eeg_added_population,1,2,-0.04551036076183834,-0.11368029309078001,0.022659571567103326,1985,-0.13090448270718294,0.039883761183506256,0.015661065687850945,-0.0010677744774805452,0.03238990585318244
ds005540,labram_ridge_base,eeg_added_population,1,4,-0.050456143569953205,-0.12240817073470402,0.021495883594797607,1985,-0.1358502655152978,0.03493797837539139,0.01829769465008735,0.0011354532367046123,0.03545993606347009
ds005540,labram_ridge_base,eeg_added_population,1,8,-0.06751768862494195,-0.16393416424443713,0.02889878699455324,1985,-0.15291181057028655,0.017876433320402646,0.02011707634753096,0.0008022518499677528,0.03943190084509417
ds005540,labram_ridge_base,eeg_added_population,2,0,-0.04332162573689061,-0.14188337473499682,0.05524012326121561,1985,-0.1287157476822352,0.04207249620845399,0.015216252901097987,-0.002763433202942568,0.03319593900513854
ds005540,labram_ridge_base,eeg_added_population,2,1,-0.03105849724316906,-0.08364373556374523,0.02152674107740711,1985,-0.11645261918851366,0.05433562470217554,0.014317977592955056,-0.0034550690047593577,0.03209102419066947
ds005540,labram_ridge_base,eeg_added_population,2,2,-0.04551036076183834,-0.11368029309078001,0.022659571567103326,1985,-0.13090448270718294,0.039883761183506256,0.015661065687850945,-0.0010677744774805452,0.03238990585318244
ds005540,labram_ridge_base,eeg_added_population,2,4,-0.050456143569953205,-0.12240817073470402,0.021495883594797607,1985,-0.1358502655152978,0.03493797837539139,0.01829769465008735,0.0011354532367046123,0.03545993606347009
ds005540,labram_ridge_base,eeg_added_population,2,8,-0.06751768862494195,-0.16393416424443713,0.02889878699455324,1985,-0.15291181057028655,0.017876433320402646,0.02011707634753096,0.0008022518499677528,0.03943190084509417
ds005540,labram_ridge_base,eeg_added_population,4,0,-0.04332162573689061,-0.14188337473499682,0.05524012326121561,1985,-0.1287157476822352,0.04207249620845399,0.015216252901097987,-0.002763433202942568,0.03319593900513854
ds005540,labram_ridge_base,eeg_added_population,4,1,-0.03105849724316906,-0.08364373556374523,0.02152674107740711,1985,-0.11645261918851366,0.05433562470217554,0.014317977592955056,-0.0034550690047593577,0.03209102419066947
ds005540,labram_ridge_base,eeg_added_population,4,2,-0.04551036076183834,-0.11368029309078001,0.022659571567103326,1985,-0.13090448270718294,0.039883761183506256,0.015661065687850945,-0.0010677744774805452,0.03238990585318244
ds005540,labram_ridge_base,eeg_added_population,4,4,-0.050456143569953205,-0.12240817073470402,0.021495883594797607,1985,-0.1358502655152978,0.03493797837539139,0.01829769465008735,0.0011354532367046123,0.03545993606347009
ds005540,labram_ridge_base,eeg_added_population,4,8,-0.06751768862494195,-0.16393416424443713,0.02889878699455324,1985,-0.15291181057028655,0.017876433320402646,0.02011707634753096,0.0008022518499677528,0.03943190084509417
ds005540,labram_ridge_base,eeg_added_population,8,0,-0.04332162573689061,-0.14188337473499682,0.05524012326121561,1985,-0.1287157476822352,0.04207249620845399,0.015216252901097987,-0.002763433202942568,0.03319593900513854
ds005540,labram_ridge_base,eeg_added_population,8,1,-0.03105849724316906,-0.08364373556374523,0.02152674107740711,1985,-0.11645261918851366,0.05433562470217554,0.014317977592955056,-0.0034550690047593577,0.03209102419066947
ds005540,labram_ridge_base,eeg_added_population,8,2,-0.04551036076183834,-0.11368029309078001,0.022659571567103326,1985,-0.13090448270718294,0.039883761183506256,0.015661065687850945,-0.0010677744774805452,0.03238990585318244
ds005540,labram_ridge_base,eeg_added_population,8,4,-0.050456143569953205,-0.12240817073470402,0.021495883594797607,1985,-0.1358502655152978,0.03493797837539139,0.01829769465008735,0.0011354532367046123,0.03545993606347009
ds005540,labram_ridge_base,eeg_added_population,8,8,-0.06751768862494195,-0.16393416424443713,0.02889878699455324,1985,-0.15291181057028655,0.017876433320402646,0.02011707634753096,0.0008022518499677528,0.03943190084509417
ds005540,labram_ridge_base,eeg_added_matched_calibration,0,0,-0.04332162573689061,-0.14188337473499682,0.05524012326121561,1985,-0.13717945433808626,0.05053620286430503,0.015216252901097987,-0.002763433202942568,0.03319593900513854
ds005540,labram_ridge_base,eeg_added_matched_calibration,0,1,-0.03105849724316906,-0.08364373556374523,0.02152674107740711,1985,-0.1249163258443647,0.06279933135802658,0.014317977592955056,-0.0034550690047593577,0.03209102419066947
ds005540,labram_ridge_base,eeg_added_matched_calibration,0,2,-0.04551036076183834,-0.11368029309078001,0.022659571567103326,1985,-0.13936818936303397,0.0483474678393573,0.015661065687850945,-0.0010677744774805452,0.03238990585318244
ds005540,labram_ridge_base,eeg_added_matched_calibration,0,4,-0.050456143569953205,-0.12240817073470402,0.021495883594797607,1985,-0.14431397217114883,0.043401685031242435,0.01829769465008735,0.0011354532367046123,0.03545993606347009
ds005540,labram_ridge_base,eeg_added_matched_calibration,0,8,-0.06751768862494195,-0.16393416424443713,0.02889878699455324,1985,-0.16137551722613758,0.026340139976253688,0.02011707634753096,0.0008022518499677528,0.03943190084509417
ds005540,labram_ridge_base,eeg_added_matched_calibration,1,0,-0.013893892522208073,-0.08394005849516699,0.05615227345075084,1985,-0.10775172112340371,0.07996393607898757,0.02270413393989959,-0.0003009114253112871,0.04570917930511047
ds005540,labram_ridge_base,eeg_added_matched_calibration,1,1,-0.021158806099320415,-0.06621046691332233,0.023892854714681507,1985,-0.11501663470051605,0.07269902250187522,0.02179114624294709,0.0004548133812994626,0.04312747910459472
ds005540,labram_ridge_base,eeg_added_matched_calibration,1,2,-0.02641453547950312,-0.08270631930392888,0.029877248344922634,1985,-0.12027236408069876,0.06744329312169252,0.02242188833855152,0.0004562655367359794,0.04438751114036706
ds005540,labram_ridge_base,eeg_added_matched_calibration,1,4,-0.030819321491757534,-0.09249385649925741,0.030855213515742344,1985,-0.12467715009295317,0.0630385071094381,0.01806537940433292,-0.004551160003528194,0.04068191881219403
ds005540,labram_ridge_base,eeg_added_matched_calibration,1,8,-0.032477116989560906,-0.1274409796069591,0.06248674562783728,1985,-0.12633494559075653,0.06138071161163473,0.018576126300116208,-0.012106061648676825,0.04925831424890924
ds005540,labram_ridge_base,eeg_added_matched_calibration,2,0,-0.024030947894484386,-0.10030318079658679,0.052241285007618016,1985,-0.11788877649568003,0.06982688070671125,0.01454318723499784,-0.0023219403978069868,0.03140831486780267
ds005540,labram_ridge_base,eeg_added_matched_calibration,2,1,-0.016137144928415226,-0.06465195530397189,0.032377665447141435,1985,-0.10999497352961086,0.07772068367278041,0.008390611189225794,-0.010874867116996392,0.02765608949544798
ds005540,labram_ridge_base,eeg_added_matched_calibration,2,2,-0.023079343103046712,-0.08105105595025638,0.03489236974416296,1985,-0.11693717170424235,0.07077848549814893,0.011854834435405165,-0.005714427609947656,0.029424096480757986
ds005540,labram_ridge_base,eeg_added_matched_calibration,2,4,-0.02958396653631501,-0.08723881503256198,0.028070881959931966,1985,-0.12344179513751065,0.06427386206488063,0.012742890546146746,-0.0035974293056086105,0.029083210397902102
ds005540,labram_ridge_base,eeg_added_matched_calibration,2,8,-0.04301810356513802,-0.12126834587985978,0.03523213874958374,1985,-0.13687593216633365,0.05083972503605762,0.016452290054877028,-0.0035123641613523035,0.03641694427110636
ds005540,labram_ridge_base,eeg_added_matched_calibration,4,0,-0.036328548808185035,-0.11141690186482499,0.03875980424845492,1985,-0.13018637740938066,0.057529279793010604,0.01644177809858477,0.0013248718834074132,0.031558684313762124
ds005540,labram_ridge_base,eeg_added_matched_calibration,4,1,-0.01866463260270218,-0.06114958143977883,0.023820316234374472,1985,-0.11252246120389782,0.07519319599849346,0.01227904331544677,-0.003937565462865243,0.028495652093758782
ds005540,labram_ridge_base,eeg_added_matched_calibration,4,2,-0.0252840818886928,-0.07875109949219632,0.028182935714810717,1985,-0.11914191048988844,0.06857374671250284,0.011360758799955295,-0.0029277682023750185,0.025649285802285607
ds005540,labram_ridge_base,eeg_added_matched_calibration,4,4,-0.031024834987345762,-0.0839670030146427,0.02191733303995118,1985,-0.1248826635885414,0.06283299361384988,0.013121063595016247,-0.0005988946235874273,0.02684102181361992
ds005540,labram_ridge_base,eeg_added_matched_calibration,4,8,-0.04948030560099537,-0.12422038326514998,0.02525977206315924,1985,-0.143338134202191,0.04437752300020027,0.018021885844185792,0.00045970445419079783,0.03558406723418078
ds005540,labram_ridge_base,eeg_added_matched_calibration,8,0,-0.031789928428429454,-0.113411711041617,0.04983185418475809,1985,-0.1256477570296251,0.062067900172766186,0.013315671883965319,-0.0002463816411311364,0.026877725409061776
ds005540,labram_ridge_base,eeg_added_matched_calibration,8,1,-0.015723577968248748,-0.05871430288858396,0.027267146952086464,1985,-0.10958140656944439,0.07813425063294689,0.008361116409864089,-0.0062684517064883,0.022990684526216477
ds005540,labram_ridge_base,eeg_added_matched_calibration,8,2,-0.020651199977625878,-0.07712327073816705,0.03582087078291529,1985,-0.11450902857882152,0.07320662862356976,0.008872307429398735,-0.004548909313257679,0.02229352417205515
ds005540,labram_ridge_base,eeg_added_matched_calibration,8,4,-0.027890039863413985,-0.08491920710367563,0.029139127376847665,1985,-0.12174786846460962,0.06596778873778165,0.009117086135560143,-0.003651866602527828,0.021886038873648116
ds005540,labram_ridge_base,eeg_added_matched_calibration,8,8,-0.04586039818143106,-0.1259631485969766,0.034242352234114495,1985,-0.1397182267826267,0.04799743041976458,0.016364852878039515,-0.0006286489302032364,0.03335835468628227
ds005540,labram_ridge_base,prior_calibration_gain,0,0,0.0,0.0,0.0,1985,-0.12964144783171755,0.12964144783171755,0.0,0.0,0.0
ds005540,labram_ridge_base,prior_calibration_gain,0,1,0.0,0.0,0.0,1985,-0.12964144783171755,0.12964144783171755,0.0,0.0,0.0
ds005540,labram_ridge_base,prior_calibration_gain,0,2,0.0,0.0,0.0,1985,-0.12964144783171755,0.12964144783171755,0.0,0.0,0.0
ds005540,labram_ridge_base,prior_calibration_gain,0,4,0.0,0.0,0.0,1985,-0.12964144783171755,0.12964144783171755,0.0,0.0,0.0
ds005540,labram_ridge_base,prior_calibration_gain,0,8,0.0,0.0,0.0,1985,-0.12964144783171755,0.12964144783171755,0.0,0.0,0.0
ds005540,labram_ridge_base,prior_calibration_gain,1,0,0.13942400367279775,0.01304024880725388,0.2658077585383416,1985,0.009782555841080204,0.26906545150451533,0.03201684061263571,-0.011231259017439314,0.07526494024271074
ds005540,labram_ridge_base,prior_calibration_gain,1,1,0.020243552285919175,-0.08177662556627954,0.1222637301381179,1985,-0.10939789554579837,0.14988500011763672,0.02546006133935047,-0.01532595870614828,0.06624608138484922
ds005540,labram_ridge_base,prior_calibration_gain,1,2,0.005696107559400199,-0.1151704855348078,0.1265627006536082,1985,-0.12394534027231735,0.13533755539111775,0.033865302417263154,-0.0021662935394575825,0.06989689837398388
ds005540,labram_ridge_base,prior_calibration_gain,1,4,0.0004809728596645302,-0.12566586279265937,0.12662780851198843,1985,-0.12916047497205302,0.13012242069138208,0.03683681285014001,0.0005458025894241533,0.07312782311085586
ds005540,labram_ridge_base,prior_calibration_gain,1,8,-0.0051155723635893935,-0.13833508830819388,0.1281039435810151,1985,-0.13475702019530694,0.12452587546812816,0.03864008458672469,0.0019250636526075143,0.07535510552084186
ds005540,labram_ridge_base,prior_calibration_gain,2,0,0.13636464028270495,0.024009308660263337,0.24871997190514655,1985,0.006723192450987403,0.2660060881144225,-0.0002692030614430685,-0.025725912182450537,0.0251875060595644
ds005540,labram_ridge_base,prior_calibration_gain,2,1,0.04876702860725174,-0.032084496178741706,0.12961855339324518,1985,-0.08087441922446581,0.1784084764389693,0.005938020076857842,-0.021850123576655972,0.033726163730371655
ds005540,labram_ridge_base,prior_calibration_gain,2,2,0.06686990454262631,-0.025561710321589562,0.15930151940684217,1985,-0.06277154328909124,0.19651135237434386,0.00607292469070958,-0.01716993387291116,0.02931578325433032
ds005540,labram_ridge_base,prior_calibration_gain,2,4,0.07111753358757883,-0.03304650909119604,0.1752815762663537,1985,-0.05852391424413872,0.20075898141929638,0.005010298045500239,-0.01921901982692091,0.029239615917921388
ds005540,labram_ridge_base,prior_calibration_gain,2,8,0.06521585154998333,-0.04678949261122019,0.17722119571118683,1985,-0.06442559628173422,0.19485729938170088,0.004622578479073547,-0.020383680226003714,0.029628837184150807
ds005540,labram_ridge_base,prior_calibration_gain,4,0,0.20127149421980242,0.08973793269365092,0.3128050557459539,1985,0.07163004638808487,0.33091294205152,-0.011251346838891368,-0.03578209199175347,0.01327939831397074
ds005540,labram_ridge_base,prior_calibration_gain,4,1,0.08258857941847991,0.003008199728647687,0.16216895910831214,1985,-0.047052868413237636,0.21223002725019746,-0.004407244157308032,-0.028971088281373618,0.020156599966757553
ds005540,labram_ridge_base,prior_calibration_gain,4,2,0.11641943695711388,0.024880413461571896,0.20795846045265587,1985,-0.013222010874603674,0.24606088478883142,-0.005772317024803769,-0.027714330066443114,0.016169696016835575
ds005540,labram_ridge_base,prior_calibration_gain,4,4,0.1352813300886601,0.032605254384556845,0.23795740579276337,1985,0.005639882256942563,0.26492277792037766,-0.012757864757073328,-0.03627830223027796,0.010762572716131302
ds005540,labram_ridge_base,prior_calibration_gain,4,8,0.1367388112033453,0.027134402584630263,0.24634321982206034,1985,0.007097363371627752,0.26638025903506285,-0.011765905224174755,-0.035388525322524136,0.011856714874174622
ds005540,labram_ridge_base,prior_calibration_gain,8,0,0.20355097551998702,0.09551784651428027,0.31158410452569374,1985,0.07390952768826947,0.33319242335170457,-0.019993443667244842,-0.04279657515389049,0.0028096878194008024
ds005540,labram_ridge_base,prior_calibration_gain,8,1,0.08449360488325314,0.007575770069514376,0.1614114396969919,1985,-0.04514784294846441,0.2141350527149707,-0.009241721490872629,-0.03151269427560285,0.01302925129385759
ds005540,labram_ridge_base,prior_calibration_gain,8,2,0.12036093581954399,0.03211466860813057,0.20860720303095742,1985,-0.009280512012173558,0.25000238365126154,-0.010701759852282056,-0.03146951599998013,0.010065996295416015
ds005540,labram_ridge_base,prior_calibration_gain,8,4,0.1375631677299794,0.038243541817908594,0.2368827936420502,1985,0.007921719898261848,0.26720461556169695,-0.014330020618839284,-0.03635547711332224,0.007695435875643673
ds005540,labram_ridge_base,prior_calibration_gain,8,8,0.14200573328791455,0.03791461920206922,0.24609684737375986,1985,0.012364285456197,0.2716471811196321,-0.017825760202544838,-0.039947196987032356,0.00429567658194268
ds005540,labram_ridge_base,combined_calibration_gain,0,0,0.0,0.0,0.0,1985,-0.15437253609033647,0.15437253609033647,0.0,0.0,0.0
ds005540,labram_ridge_base,combined_calibration_gain,0,1,0.0,0.0,0.0,1985,-0.15437253609033647,0.15437253609033647,0.0,0.0,0.0
ds005540,labram_ridge_base,combined_calibration_gain,0,2,0.0,0.0,0.0,1985,-0.15437253609033647,0.15437253609033647,0.0,0.0,0.0
ds005540,labram_ridge_base,combined_calibration_gain,0,4,0.0,0.0,0.0,1985,-0.15437253609033647,0.15437253609033647,0.0,0.0,0.0
ds005540,labram_ridge_base,combined_calibration_gain,0,8,0.0,0.0,0.0,1985,-0.15437253609033647,0.15437253609033647,0.0,0.0,0.0
ds005540,labram_ridge_base,combined_calibration_gain,1,0,0.16885173688748029,0.013970648815578801,0.32373282495938177,1985,0.01447920079714382,0.32322427297781675,0.03950472165143731,-0.009264195227052047,0.08827363852992667
ds005540,labram_ridge_base,combined_calibration_gain,1,1,0.03014324342976782,-0.08628699806018637,0.146573484919722,1985,-0.12422929266056865,0.18451577952010428,0.032933229989342505,-0.010356920543942168,0.07622338052262717
ds005540,labram_ridge_base,combined_calibration_gain,1,2,0.02479193284173542,-0.11698684513899019,0.16657071082246103,1985,-0.12958060324860105,0.17916446893207189,0.04062612506796373,-0.0022234580191532252,0.08347570815508068
ds005540,labram_ridge_base,combined_calibration_gain,1,4,0.0201177949378602,-0.1276505902251885,0.1678861801009089,1985,-0.13425474115247626,0.17449033102819667,0.03660449760438558,-0.006895768902592601,0.08010476411136377
ds005540,labram_ridge_base,combined_calibration_gain,1,8,0.029924999271791652,-0.12793397214342916,0.18778397068701247,1985,-0.12444753681854481,0.18429753536212812,0.037099134539309936,-0.008857309906568696,0.08305557898518856
ds005540,labram_ridge_base,combined_calibration_gain,2,0,0.15565531812511116,0.012429146626633497,0.29888148962358885,1985,0.0012827820347746932,0.31002785421544765,-0.0009422687275432162,-0.03266472098553185,0.03078018353044542
ds005540,labram_ridge_base,combined_calibration_gain,2,1,0.06368838092200557,-0.03122876508926138,0.1586055269332725,1985,-0.0906841551683309,0.21806091701234204,1.065367312858001e-05,-0.0297583415883392,0.02977964893459636
ds005540,labram_ridge_base,combined_calibration_gain,2,2,0.08930092220141794,-0.028317760185744043,0.20691960458857994,1985,-0.06507161388891852,0.2436734582917544,0.0022666934382638004,-0.027013767343569993,0.031547154220097594
ds005540,labram_ridge_base,combined_calibration_gain,2,4,0.09198971062121702,-0.03743019747951837,0.22140961872195242,1985,-0.06238282546911944,0.2463622467115535,-0.0005445060584403638,-0.031934425456780914,0.030845413339900186
ds005540,labram_ridge_base,combined_calibration_gain,2,8,0.08971543660978726,-0.0498473783376126,0.22927825155718712,1985,-0.06465709948054921,0.24408797270012372,0.0009577921864196148,-0.029094481643139828,0.031010066015979058
ds005540,labram_ridge_base,combined_calibration_gain,4,0,0.208264571148508,0.07541189376392027,0.3411172485330957,1985,0.05389203505817153,0.36263710723884446,-0.010025821641404586,-0.038085692294131,0.018034049011321825
ds005540,labram_ridge_base,combined_calibration_gain,4,1,0.09498244405894679,0.0071189334084875155,0.18284595470940607,1985,-0.059390092031389674,0.24935498014928326,-0.006446178434816319,-0.03218345422182525,0.01929109735219262
ds005540,labram_ridge_base,combined_calibration_gain,4,2,0.13664571583025942,0.028011646533152967,0.24527978512736587,1985,-0.017726820260077047,0.2910182519205959,-0.010072623912699419,-0.03542044682940692,0.015275199004008082
ds005540,labram_ridge_base,combined_calibration_gain,4,4,0.15471263867126755,0.03589020001927598,0.2735350773232591,1985,0.0003401025809310898,0.309085174761604,-0.01793449581214443,-0.04464908261571827,0.008780090991429408
ds005540,labram_ridge_base,combined_calibration_gain,4,8,0.15477619422729189,0.022269140897991035,0.28728324755659274,1985,0.0004036581369554204,0.30914873031762835,-0.013861095727519923,-0.0416660942898824,0.013943902834842547
ds005540,labram_ridge_base,combined_calibration_gain,8,0,0.21508267282844817,0.08668857725494589,0.34347676840195046,1985,0.06071013673811171,0.36945520891878464,-0.02189402468437751,-0.04755884880487597,0.00377079943612095
ds005540,labram_ridge_base,combined_calibration_gain,8,1,0.09982852415817345,0.013540153447485603,0.1861168948688613,1985,-0.05454401193216302,0.2542010602485099,-0.015198582673963595,-0.039084696534614716,0.008687531186687525
ds005540,labram_ridge_base,combined_calibration_gain,8,2,0.14522009660375645,0.04148143119625555,0.24895876201125736,1985,-0.00915243948658001,0.2995926326940929,-0.017490518110734266,-0.040796527137003755,0.00581549091553522
ds005540,labram_ridge_base,combined_calibration_gain,8,4,0.16012927143651862,0.04516242630025097,0.27509611657278626,1985,0.005756735346182151,0.3145018075268551,-0.02351062913336649,-0.04766509604809377,0.0006438377813607933
ds005540,labram_ridge_base,combined_calibration_gain,8,8,0.16366302373142544,0.04061950342711412,0.28670654403573675,1985,0.009290487641088974,0.3180355598217619,-0.021577983672036283,-0.04680303399553559,0.0036470666514630302
ds005540,labram_ridge_base,total_minus_uncalibrated_prior,0,0,-0.04332162573689061,-0.14188337473499682,0.05524012326121561,1985,-0.1831903472916514,0.09654709581787019,0.015216252901097987,-0.002763433202942568,0.03319593900513854
ds005540,labram_ridge_base,total_minus_uncalibrated_prior,0,1,-0.03105849724316906,-0.08364373556374523,0.02152674107740711,1985,-0.17092721879792985,0.10881022431159174,0.014317977592955056,-0.0034550690047593577,0.03209102419066947
ds005540,labram_ridge_base,total_minus_uncalibrated_prior,0,2,-0.04551036076183834,-0.11368029309078001,0.022659571567103326,1985,-0.18537908231659914,0.09435836079292245,0.015661065687850945,-0.0010677744774805452,0.03238990585318244
ds005540,labram_ridge_base,total_minus_uncalibrated_prior,0,4,-0.050456143569953205,-0.12240817073470402,0.021495883594797607,1985,-0.190324865124714,0.08941257798480759,0.01829769465008735,0.0011354532367046123,0.03545993606347009
ds005540,labram_ridge_base,total_minus_uncalibrated_prior,0,8,-0.06751768862494195,-0.16393416424443713,0.02889878699455324,1985,-0.20738641017970275,0.07235103292981884,0.02011707634753096,0.0008022518499677528,0.03943190084509417
ds005540,labram_ridge_base,total_minus_uncalibrated_prior,1,0,0.12553011115058968,0.0005102373533939497,0.2505499849477854,1985,-0.014338610404171115,0.2653988327053505,0.0547209745525353,0.006414146204966567,0.10302780290010403
ds005540,labram_ridge_base,total_minus_uncalibrated_prior,1,1,-0.00091525381340124,-0.11314682213364483,0.11131631450684235,1985,-0.14078397536816203,0.13895346774135955,0.04725120758229756,0.0013745021942063312,0.09312791297038879
ds005540,labram_ridge_base,total_minus_uncalibrated_prior,1,2,-0.020718427920102922,-0.14878482024187248,0.10734796440166663,1985,-0.16058714947486372,0.11915029363465787,0.056287190755814676,0.014370503396603874,0.09820387811502548
ds005540,labram_ridge_base,total_minus_uncalibrated_prior,1,4,-0.030338348632093004,-0.1612723759006843,0.10059567863649829,1985,-0.1702070701868538,0.10953037292266779,0.05490219225447293,0.012164029623681079,0.09764035488526479
ds005540,labram_ridge_base,total_minus_uncalibrated_prior,1,8,-0.0375926893531503,-0.1827592340944623,0.1075738553881617,1985,-0.1774614109079111,0.1022760322016105,0.057216210886840896,0.012004727809894346,0.10242769396378745
ds005540,labram_ridge_base,total_minus_uncalibrated_prior,2,0,0.11233369238822055,-0.014605474986677691,0.2392728597631188,1985,-0.027535029166540242,0.2522024139429814,0.014273984173554771,-0.015976266137413143,0.04452423448452268
ds005540,labram_ridge_base,total_minus_uncalibrated_prior,2,1,0.03262988367883651,-0.060001852856663304,0.12526162021433634,1985,-0.10723883787592428,0.1724986052335973,0.014328631266083636,-0.018158308141462583,0.046815570673629854
ds005540,labram_ridge_base,total_minus_uncalibrated_prior,2,2,0.0437905614395796,-0.06091163662149901,0.1484927595006582,1985,-0.0960781601151812,0.1836592829943404,0.017927759126114745,-0.009914880006915927,0.04577039825914542
ds005540,labram_ridge_base,total_minus_uncalibrated_prior,2,4,0.04153356705126382,-0.07163942134967091,0.15470655545219855,1985,-0.09833515450349697,0.18140228860602461,0.017753188591646984,-0.010834945143941857,0.046341322327235826
ds005540,labram_ridge_base,total_minus_uncalibrated_prior,2,8,0.022197747984845306,-0.1106177119035818,0.1550132078732724,1985,-0.11767097356991549,0.1620664695396061,0.021074868533950575,-0.006918298510221136,0.04906803557812228
ds005540,labram_ridge_base,total_minus_uncalibrated_prior,4,0,0.1649429454116174,0.047789175979595616,0.2820967148436392,1985,0.025074223856856592,0.3048116669663782,0.005190431259693401,-0.02261274432464584,0.032993606844032644
ds005540,labram_ridge_base,total_minus_uncalibrated_prior,4,1,0.06392394681577773,-0.0213785686354364,0.14922646226699188,1985,-0.07594477473898306,0.20379266837053853,0.007871799158138737,-0.022286964966516543,0.038030563282794014
ds005540,labram_ridge_base,total_minus_uncalibrated_prior,4,2,0.09113535506842108,-0.005512488748477012,0.18778319888531916,1985,-0.04873336648633972,0.23100407662318187,0.005588441775151526,-0.019396240214628716,0.030573123764931768
ds005540,labram_ridge_base,total_minus_uncalibrated_prior,4,4,0.10425649510131435,-0.0014281265975945312,0.20994111680022323,1985,-0.035612226453446444,0.24412521665607514,0.0003631988379429185,-0.026770708860009457,0.027497106535895294
ds005540,labram_ridge_base,total_minus_uncalibrated_prior,4,8,0.08725850560234993,-0.039769667326315455,0.21428667853101532,1985,-0.05261021595241086,0.22712722715711073,0.006255980620011037,-0.02127394701425599,0.03378590825427806
ds005540,labram_ridge_base,total_minus_uncalibrated_prior,8,0,0.17176104709155757,0.05241403068419108,0.29110806349892404,1985,0.03189232553679677,0.31162976864631836,-0.006677771783279524,-0.03235821453363899,0.01900267096707994
ds005540,labram_ridge_base,total_minus_uncalibrated_prior,8,1,0.06877002691500439,-0.014699288623302928,0.15223934245331172,1985,-0.0710986946397564,0.20863874846976518,-0.0008806050810085397,-0.028302342816771135,0.026541132654754055
ds005540,labram_ridge_base,total_minus_uncalibrated_prior,8,2,0.09970973584191811,0.005267928263483573,0.19415154342035265,1985,-0.04015898571284268,0.2395784573966789,-0.0018294524228833209,-0.024825154056480083,0.02116624921071344
ds005540,labram_ridge_base,total_minus_uncalibrated_prior,8,4,0.10967312786656541,0.004677943482256475,0.21466831225087435,1985,-0.030195593688195382,0.2495418494213262,-0.005212934483279141,-0.029719193239957996,0.019293324273399713
ds005540,labram_ridge_base,total_minus_uncalibrated_prior,8,8,0.09614533510648349,-0.02801230925652086,0.22030297946948785,1985,-0.04372338644827731,0.23601405666124428,-0.0014609073245053228,-0.02725987615768855,0.024338061508677903
ds005540,labram_ridge_strong,eeg_added_population,0,0,-0.022924548047230653,-0.0918218813882401,0.045972785293778795,1985,-0.08046462057523501,0.03461552448077371,0.00558053457248428,-0.005211083944889993,0.01637215308985855
ds005540,labram_ridge_strong,eeg_added_population,0,1,-0.01510739114625298,-0.04872249023865047,0.018507707946144508,1985,-0.07264746367425734,0.04243268138175138,0.007449226711165907,-0.0023647912839837304,0.017263244706315545
ds005540,labram_ridge_strong,eeg_added_population,0,2,-0.02178926356318256,-0.06750239483208707,0.023923867705721955,1985,-0.07932933609118692,0.0357508089648218,0.007326770881488226,-0.002435178014588207,0.01708871977756466
ds005540,labram_ridge_strong,eeg_added_population,0,4,-0.022587737621387993,-0.07362123295881254,0.02844575771603655,1985,-0.08012781014939235,0.03495233490661637,0.00838256246090674,-0.001554987189314648,0.018320112111128127
ds005540,labram_ridge_strong,eeg_added_population,0,8,-0.02720958963509379,-0.0875408514850479,0.033121672214860315,1985,-0.08474966216309815,0.03033048289291057,0.007761556991634139,-0.0028518324336187038,0.01837494641688698
ds005540,labram_ridge_strong,eeg_added_population,1,0,-0.022924548047230653,-0.0918218813882401,0.045972785293778795,1985,-0.08046462057523501,0.03461552448077371,0.00558053457248428,-0.005211083944889993,0.01637215308985855
ds005540,labram_ridge_strong,eeg_added_population,1,1,-0.01510739114625298,-0.04872249023865047,0.018507707946144508,1985,-0.07264746367425734,0.04243268138175138,0.007449226711165907,-0.0023647912839837304,0.017263244706315545
ds005540,labram_ridge_strong,eeg_added_population,1,2,-0.02178926356318256,-0.06750239483208707,0.023923867705721955,1985,-0.07932933609118692,0.0357508089648218,0.007326770881488226,-0.002435178014588207,0.01708871977756466
ds005540,labram_ridge_strong,eeg_added_population,1,4,-0.022587737621387993,-0.07362123295881254,0.02844575771603655,1985,-0.08012781014939235,0.03495233490661637,0.00838256246090674,-0.001554987189314648,0.018320112111128127
ds005540,labram_ridge_strong,eeg_added_population,1,8,-0.02720958963509379,-0.0875408514850479,0.033121672214860315,1985,-0.08474966216309815,0.03033048289291057,0.007761556991634139,-0.0028518324336187038,0.01837494641688698
ds005540,labram_ridge_strong,eeg_added_population,2,0,-0.022924548047230653,-0.0918218813882401,0.045972785293778795,1985,-0.08046462057523501,0.03461552448077371,0.00558053457248428,-0.005211083944889993,0.01637215308985855
ds005540,labram_ridge_strong,eeg_added_population,2,1,-0.01510739114625298,-0.04872249023865047,0.018507707946144508,1985,-0.07264746367425734,0.04243268138175138,0.007449226711165907,-0.0023647912839837304,0.017263244706315545
ds005540,labram_ridge_strong,eeg_added_population,2,2,-0.02178926356318256,-0.06750239483208707,0.023923867705721955,1985,-0.07932933609118692,0.0357508089648218,0.007326770881488226,-0.002435178014588207,0.01708871977756466
ds005540,labram_ridge_strong,eeg_added_population,2,4,-0.022587737621387993,-0.07362123295881254,0.02844575771603655,1985,-0.08012781014939235,0.03495233490661637,0.00838256246090674,-0.001554987189314648,0.018320112111128127
ds005540,labram_ridge_strong,eeg_added_population,2,8,-0.02720958963509379,-0.0875408514850479,0.033121672214860315,1985,-0.08474966216309815,0.03033048289291057,0.007761556991634139,-0.0028518324336187038,0.01837494641688698
ds005540,labram_ridge_strong,eeg_added_population,4,0,-0.022924548047230653,-0.0918218813882401,0.045972785293778795,1985,-0.08046462057523501,0.03461552448077371,0.00558053457248428,-0.005211083944889993,0.01637215308985855
ds005540,labram_ridge_strong,eeg_added_population,4,1,-0.01510739114625298,-0.04872249023865047,0.018507707946144508,1985,-0.07264746367425734,0.04243268138175138,0.007449226711165907,-0.0023647912839837304,0.017263244706315545
ds005540,labram_ridge_strong,eeg_added_population,4,2,-0.02178926356318256,-0.06750239483208707,0.023923867705721955,1985,-0.07932933609118692,0.0357508089648218,0.007326770881488226,-0.002435178014588207,0.01708871977756466
ds005540,labram_ridge_strong,eeg_added_population,4,4,-0.022587737621387993,-0.07362123295881254,0.02844575771603655,1985,-0.08012781014939235,0.03495233490661637,0.00838256246090674,-0.001554987189314648,0.018320112111128127
ds005540,labram_ridge_strong,eeg_added_population,4,8,-0.02720958963509379,-0.0875408514850479,0.033121672214860315,1985,-0.08474966216309815,0.03033048289291057,0.007761556991634139,-0.0028518324336187038,0.01837494641688698
ds005540,labram_ridge_strong,eeg_added_population,8,0,-0.022924548047230653,-0.0918218813882401,0.045972785293778795,1985,-0.08046462057523501,0.03461552448077371,0.00558053457248428,-0.005211083944889993,0.01637215308985855
ds005540,labram_ridge_strong,eeg_added_population,8,1,-0.01510739114625298,-0.04872249023865047,0.018507707946144508,1985,-0.07264746367425734,0.04243268138175138,0.007449226711165907,-0.0023647912839837304,0.017263244706315545
ds005540,labram_ridge_strong,eeg_added_population,8,2,-0.02178926356318256,-0.06750239483208707,0.023923867705721955,1985,-0.07932933609118692,0.0357508089648218,0.007326770881488226,-0.002435178014588207,0.01708871977756466
ds005540,labram_ridge_strong,eeg_added_population,8,4,-0.022587737621387993,-0.07362123295881254,0.02844575771603655,1985,-0.08012781014939235,0.03495233490661637,0.00838256246090674,-0.001554987189314648,0.018320112111128127
ds005540,labram_ridge_strong,eeg_added_population,8,8,-0.02720958963509379,-0.0875408514850479,0.033121672214860315,1985,-0.08474966216309815,0.03033048289291057,0.007761556991634139,-0.0028518324336187038,0.01837494641688698
ds005540,labram_ridge_strong,eeg_added_matched_calibration,0,0,-0.022924548047230653,-0.0918218813882401,0.045972785293778795,1985,-0.08252261242580841,0.0366735163313471,0.00558053457248428,-0.005211083944889993,0.01637215308985855
ds005540,labram_ridge_strong,eeg_added_matched_calibration,0,1,-0.01510739114625298,-0.04872249023865047,0.018507707946144508,1985,-0.07470545552483074,0.04449067323232477,0.007449226711165907,-0.0023647912839837304,0.017263244706315545
ds005540,labram_ridge_strong,eeg_added_matched_calibration,0,2,-0.02178926356318256,-0.06750239483208707,0.023923867705721955,1985,-0.08138732794176032,0.03780880081539519,0.007326770881488226,-0.002435178014588207,0.01708871977756466
ds005540,labram_ridge_strong,eeg_added_matched_calibration,0,4,-0.022587737621387993,-0.07362123295881254,0.02844575771603655,1985,-0.08218580199996575,0.03701032675718976,0.00838256246090674,-0.001554987189314648,0.018320112111128127
ds005540,labram_ridge_strong,eeg_added_matched_calibration,0,8,-0.02720958963509379,-0.0875408514850479,0.033121672214860315,1985,-0.08680765401367155,0.03238847474348396,0.007761556991634139,-0.0028518324336187038,0.01837494641688698
ds005540,labram_ridge_strong,eeg_added_matched_calibration,1,0,-0.011797631330972808,-0.05504703112231804,0.031451768460372426,1985,-0.07139569570955057,0.047800433047604944,0.010083483158949719,-0.0023473018067696715,0.02251426812466911
ds005540,labram_ridge_strong,eeg_added_matched_calibration,1,1,-0.012680568410836646,-0.04071054848414116,0.015349411662467862,1985,-0.0722786327894144,0.046917495967741106,0.011186446600918387,-0.0014796831983771106,0.023852576400213883
ds005540,labram_ridge_strong,eeg_added_matched_calibration,1,2,-0.016428249669573236,-0.049197510472752816,0.016341011133606344,1985,-0.076026314048151,0.043169814709004516,0.012643202446870977,0.0005556201787451816,0.024730784714996772
ds005540,labram_ridge_strong,eeg_added_matched_calibration,1,4,-0.018615094066433024,-0.054392737739371984,0.017162549606505935,1985,-0.07821315844501078,0.04098297031214473,0.00990844479706618,-0.0023906806432145242,0.02220757023734688
ds005540,labram_ridge_strong,eeg_added_matched_calibration,1,8,-0.014560728119925426,-0.05544903900075755,0.0263275827609067,1985,-0.07415879249850318,0.045037336258652326,0.008043503603605812,-0.004460748035083877,0.0205477552422955
ds005540,labram_ridge_strong,eeg_added_matched_calibration,2,0,-0.011426631924432731,-0.059394467131010584,0.03654120328214512,1985,-0.07102469630301048,0.04817143245414502,0.005330359026374104,-0.003994345478817586,0.014655063531565794
ds005540,labram_ridge_strong,eeg_added_matched_calibration,2,1,-0.007204558653744975,-0.03721761345151016,0.022808496144020207,1985,-0.06680262303232273,0.05239350572483278,0.00444413996159812,-0.006833302661002362,0.015721582584198604
ds005540,labram_ridge_strong,eeg_added_matched_calibration,2,2,-0.008401599952167604,-0.04472928238306158,0.02792608247872637,1985,-0.06799966433074536,0.05119646442641015,0.005493230625636947,-0.0046181107892288124,0.015604572040502706
ds005540,labram_ridge_strong,eeg_added_matched_calibration,2,4,-0.010929516629276548,-0.048648280230270374,0.02678924697171728,1985,-0.0705275810078543,0.048668547749301204,0.005211686159534712,-0.005118198014188023,0.015541570333257447
ds005540,labram_ridge_strong,eeg_added_matched_calibration,2,8,-0.010420299893674434,-0.051634308887690064,0.030793709100341196,1985,-0.07001836427225219,0.04917776448490332,0.00536440296219487,-0.0054282544947029335,0.01615706041909267
ds005540,labram_ridge_strong,eeg_added_matched_calibration,4,0,-0.016616888620110237,-0.062996411150299,0.029762633910078523,1985,-0.076214952998688,0.042981175758467514,0.006146587461686642,-0.0021623234244259413,0.014455498347799226
ds005540,labram_ridge_strong,eeg_added_matched_calibration,4,1,-0.007824318979356981,-0.03367142360365397,0.01802278564494001,1985,-0.06742238335793474,0.05177374539922077,0.0059828955543453355,-0.0029235737447784217,0.014889364853469093
ds005540,labram_ridge_strong,eeg_added_matched_calibration,4,2,-0.009671282934877401,-0.04197909836149815,0.02263653249174335,1985,-0.06926934731345516,0.04992678144370035,0.004147809462132196,-0.003997068854072619,0.012292687778337011
ds005540,labram_ridge_strong,eeg_added_matched_calibration,4,4,-0.011645816604733628,-0.047266353650894266,0.02397472044142701,1985,-0.07124388098331139,0.047952247773844124,0.005564225632557679,-0.0023861309539999244,0.013514582219115282
ds005540,labram_ridge_strong,eeg_added_matched_calibration,4,8,-0.010139968032789826,-0.05051696398947124,0.030237027923891588,1985,-0.06973803241136758,0.049458096345787926,0.004185486393044391,-0.004980689304212305,0.013351662090301086
ds005540,labram_ridge_strong,eeg_added_matched_calibration,8,0,-0.014678016982402398,-0.06656296742969442,0.037206933464889624,1985,-0.07427608136098016,0.044920047396175354,0.0057729465489844145,-0.001667584914177558,0.013213478012146387
ds005540,labram_ridge_strong,eeg_added_matched_calibration,8,1,-0.007999862129496438,-0.034725515479240895,0.018725791220248023,1985,-0.0675979265080742,0.051598202249081314,0.004316946014303685,-0.004201216802929243,0.012835108831536613
ds005540,labram_ridge_strong,eeg_added_matched_calibration,8,2,-0.009603370506472086,-0.04420480955060925,0.024998068537665077,1985,-0.06920143488504985,0.049994693872105665,0.00387790853129677,-0.0036415445576159283,0.011397361620209469
ds005540,labram_ridge_strong,eeg_added_matched_calibration,8,4,-0.012073873994734807,-0.04901760679721788,0.024869858807748266,1985,-0.07167193837331257,0.047524190383842944,0.0037072570683707173,-0.0044209625570439184,0.011835476693785353
ds005540,labram_ridge_strong,eeg_added_matched_calibration,8,8,-0.009546050397113204,-0.05327031004696345,0.03417820925273704,1985,-0.06914411477569096,0.05005201398146455,0.0035395177322550264,-0.0054270473579879925,0.012506082822498045
ds005540,labram_ridge_strong,prior_calibration_gain,0,0,0.0,0.0,0.0,1985,-0.12964144783171755,0.12964144783171755,0.0,0.0,0.0
ds005540,labram_ridge_strong,prior_calibration_gain,0,1,0.0,0.0,0.0,1985,-0.12964144783171755,0.12964144783171755,0.0,0.0,0.0
ds005540,labram_ridge_strong,prior_calibration_gain,0,2,0.0,0.0,0.0,1985,-0.12964144783171755,0.12964144783171755,0.0,0.0,0.0
ds005540,labram_ridge_strong,prior_calibration_gain,0,4,0.0,0.0,0.0,1985,-0.12964144783171755,0.12964144783171755,0.0,0.0,0.0
ds005540,labram_ridge_strong,prior_calibration_gain,0,8,0.0,0.0,0.0,1985,-0.12964144783171755,0.12964144783171755,0.0,0.0,0.0
ds005540,labram_ridge_strong,prior_calibration_gain,1,0,0.13942400367279775,0.01304024880725388,0.2658077585383416,1985,0.009782555841080204,0.26906545150451533,0.03201684061263571,-0.011231259017439314,0.07526494024271074
ds005540,labram_ridge_strong,prior_calibration_gain,1,1,0.020243552285919175,-0.08177662556627954,0.1222637301381179,1985,-0.10939789554579837,0.14988500011763672,0.02546006133935047,-0.01532595870614828,0.06624608138484922
ds005540,labram_ridge_strong,prior_calibration_gain,1,2,0.005696107559400199,-0.1151704855348078,0.1265627006536082,1985,-0.12394534027231735,0.13533755539111775,0.033865302417263154,-0.0021662935394575825,0.06989689837398388
ds005540,labram_ridge_strong,prior_calibration_gain,1,4,0.0004809728596645302,-0.12566586279265937,0.12662780851198843,1985,-0.12916047497205302,0.13012242069138208,0.03683681285014001,0.0005458025894241533,0.07312782311085586
ds005540,labram_ridge_strong,prior_calibration_gain,1,8,-0.0051155723635893935,-0.13833508830819388,0.1281039435810151,1985,-0.13475702019530694,0.12452587546812816,0.03864008458672469,0.0019250636526075143,0.07535510552084186
ds005540,labram_ridge_strong,prior_calibration_gain,2,0,0.13636464028270495,0.024009308660263337,0.24871997190514655,1985,0.006723192450987403,0.2660060881144225,-0.0002692030614430685,-0.025725912182450537,0.0251875060595644
ds005540,labram_ridge_strong,prior_calibration_gain,2,1,0.04876702860725174,-0.032084496178741706,0.12961855339324518,1985,-0.08087441922446581,0.1784084764389693,0.005938020076857842,-0.021850123576655972,0.033726163730371655
ds005540,labram_ridge_strong,prior_calibration_gain,2,2,0.06686990454262631,-0.025561710321589562,0.15930151940684217,1985,-0.06277154328909124,0.19651135237434386,0.00607292469070958,-0.01716993387291116,0.02931578325433032
ds005540,labram_ridge_strong,prior_calibration_gain,2,4,0.07111753358757883,-0.03304650909119604,0.1752815762663537,1985,-0.05852391424413872,0.20075898141929638,0.005010298045500239,-0.01921901982692091,0.029239615917921388
ds005540,labram_ridge_strong,prior_calibration_gain,2,8,0.06521585154998333,-0.04678949261122019,0.17722119571118683,1985,-0.06442559628173422,0.19485729938170088,0.004622578479073547,-0.020383680226003714,0.029628837184150807
ds005540,labram_ridge_strong,prior_calibration_gain,4,0,0.20127149421980242,0.08973793269365092,0.3128050557459539,1985,0.07163004638808487,0.33091294205152,-0.011251346838891368,-0.03578209199175347,0.01327939831397074
ds005540,labram_ridge_strong,prior_calibration_gain,4,1,0.08258857941847991,0.003008199728647687,0.16216895910831214,1985,-0.047052868413237636,0.21223002725019746,-0.004407244157308032,-0.028971088281373618,0.020156599966757553
ds005540,labram_ridge_strong,prior_calibration_gain,4,2,0.11641943695711388,0.024880413461571896,0.20795846045265587,1985,-0.013222010874603674,0.24606088478883142,-0.005772317024803769,-0.027714330066443114,0.016169696016835575
ds005540,labram_ridge_strong,prior_calibration_gain,4,4,0.1352813300886601,0.032605254384556845,0.23795740579276337,1985,0.005639882256942563,0.26492277792037766,-0.012757864757073328,-0.03627830223027796,0.010762572716131302
ds005540,labram_ridge_strong,prior_calibration_gain,4,8,0.1367388112033453,0.027134402584630263,0.24634321982206034,1985,0.007097363371627752,0.26638025903506285,-0.011765905224174755,-0.035388525322524136,0.011856714874174622
ds005540,labram_ridge_strong,prior_calibration_gain,8,0,0.20355097551998702,0.09551784651428027,0.31158410452569374,1985,0.07390952768826947,0.33319242335170457,-0.019993443667244842,-0.04279657515389049,0.0028096878194008024
ds005540,labram_ridge_strong,prior_calibration_gain,8,1,0.08449360488325314,0.007575770069514376,0.1614114396969919,1985,-0.04514784294846441,0.2141350527149707,-0.009241721490872629,-0.03151269427560285,0.01302925129385759
ds005540,labram_ridge_strong,prior_calibration_gain,8,2,0.12036093581954399,0.03211466860813057,0.20860720303095742,1985,-0.009280512012173558,0.25000238365126154,-0.010701759852282056,-0.03146951599998013,0.010065996295416015
ds005540,labram_ridge_strong,prior_calibration_gain,8,4,0.1375631677299794,0.038243541817908594,0.2368827936420502,1985,0.007921719898261848,0.26720461556169695,-0.014330020618839284,-0.03635547711332224,0.007695435875643673
ds005540,labram_ridge_strong,prior_calibration_gain,8,8,0.14200573328791455,0.03791461920206922,0.24609684737375986,1985,0.012364285456197,0.2716471811196321,-0.017825760202544838,-0.039947196987032356,0.00429567658194268
ds005540,labram_ridge_strong,combined_calibration_gain,0,0,0.0,0.0,0.0,1985,-0.14329034531963594,0.14329034531963594,0.0,0.0,0.0
ds005540,labram_ridge_strong,combined_calibration_gain,0,1,0.0,0.0,0.0,1985,-0.14329034531963594,0.14329034531963594,0.0,0.0,0.0
ds005540,labram_ridge_strong,combined_calibration_gain,0,2,0.0,0.0,0.0,1985,-0.14329034531963594,0.14329034531963594,0.0,0.0,0.0
ds005540,labram_ridge_strong,combined_calibration_gain,0,4,0.0,0.0,0.0,1985,-0.14329034531963594,0.14329034531963594,0.0,0.0,0.0
ds005540,labram_ridge_strong,combined_calibration_gain,0,8,0.0,0.0,0.0,1985,-0.14329034531963594,0.14329034531963594,0.0,0.0,0.0
ds005540,labram_ridge_strong,combined_calibration_gain,1,0,0.1505509203890556,0.006158424381142835,0.29494341639696836,1985,0.007260575069419656,0.2938412657086915,0.03651978919910115,-0.00921969703990247,0.08225927543810477
ds005540,labram_ridge_strong,combined_calibration_gain,1,1,0.02267037502133551,-0.08896748810161645,0.13430823814428747,1985,-0.12061997029830043,0.16596072034097145,0.02919728122910295,-0.012604990189258834,0.07099955264746474
ds005540,labram_ridge_strong,combined_calibration_gain,1,2,0.011057121453009522,-0.12335619725129474,0.14547044015731378,1985,-0.13223322386662642,0.15434746677264546,0.039181733982645905,-1.0998342935587824e-05,0.07837446630822739
ds005540,labram_ridge_strong,combined_calibration_gain,1,4,0.004453616414619499,-0.13663687237264235,0.14554410520188135,1985,-0.13883672890501644,0.14774396173425544,0.03836269518629945,-0.0019185055173847401,0.07864389588998363
ds005540,labram_ridge_strong,combined_calibration_gain,1,8,0.00753328915157897,-0.14159113943465493,0.15665771773781287,1985,-0.13575705616805697,0.1508236344712149,0.03892203119869636,-0.0019301906407328123,0.07977425303812553
ds005540,labram_ridge_strong,combined_calibration_gain,2,0,0.14786255640550286,0.015370876651422088,0.28035423615958366,1985,0.004572211085866917,0.2911529017251388,-0.0005193786075532447,-0.0288730208425481,0.02783426362744161
ds005540,labram_ridge_strong,combined_calibration_gain,2,1,0.056669861099759744,-0.03190753878992332,0.1452472609894428,1985,-0.0866204842198762,0.1999602064193957,0.002932933327290055,-0.025160651388341435,0.031026518042921544
ds005540,labram_ridge_strong,combined_calibration_gain,2,2,0.08025756815364127,-0.026914746881658375,0.1874298831889409,1985,-0.06303277716599467,0.2235479134732772,0.004239384434858301,-0.021680118665694397,0.030158887535411
ds005540,labram_ridge_strong,combined_calibration_gain,2,4,0.08277575457969027,-0.03669828968132276,0.20224979884070332,1985,-0.06051459073994567,0.22606609989932622,0.0018394217441282112,-0.02656276515255283,0.030241608640809253
ds005540,labram_ridge_strong,combined_calibration_gain,2,8,0.08200514129140268,-0.0458955429829947,0.20990582556580006,1985,-0.06128520402823326,0.22529548661103863,0.002225424449634278,-0.025291047126317745,0.0297418960255863
ds005540,labram_ridge_strong,combined_calibration_gain,4,0,0.20757915364692284,0.08332814570701903,0.33183016158682666,1985,0.0642888083272869,0.3508694989665588,-0.010685293949689006,-0.03662916334645602,0.015258575447078006
ds005540,labram_ridge_strong,combined_calibration_gain,4,1,0.08987165158537591,0.00452253907088411,0.1752207640998677,1985,-0.05341869373426003,0.23316199690501185,-0.005873575314128604,-0.03126092469556528,0.01951377406730807
ds005540,labram_ridge_strong,combined_calibration_gain,4,2,0.12853741758541903,0.02609242983324986,0.2309824053375882,1985,-0.014752927734216909,0.27182776290505495,-0.0089512784441598,-0.03247007759815558,0.014567520709835986
ds005540,labram_ridge_strong,combined_calibration_gain,4,4,0.14622325110531448,0.0328082119302502,0.25963829028037877,1985,0.0029329057856785357,0.28951359642495045,-0.015576201585422389,-0.04176513931763701,0.010612736146792229
ds005540,labram_ridge_strong,combined_calibration_gain,4,8,0.15380843280564926,0.029175353301947343,0.2784415123093512,1985,0.010518087486013322,0.2970987781252852,-0.015341975822764503,-0.041097486471658645,0.010413534826129642
ds005540,labram_ridge_strong,combined_calibration_gain,8,0,0.21179750658481528,0.0893806717058736,0.33421434146375695,1985,0.06850716126517933,0.35508785190445125,-0.019801031690744708,-0.0439800140624157,0.004377950680926286
ds005540,labram_ridge_strong,combined_calibration_gain,8,1,0.09160113390000968,0.008217717995527521,0.17498454980449185,1985,-0.05168921141962626,0.23489147921964562,-0.01237400218773485,-0.03581132610860999,0.011063321733140282
ds005540,labram_ridge_strong,combined_calibration_gain,8,2,0.13254682887625446,0.033997106775664046,0.2310965509768449,1985,-0.010743516443381479,0.2758371741958904,-0.014150622202473512,-0.035505852536883216,0.007204608131936192
ds005540,labram_ridge_strong,combined_calibration_gain,8,4,0.14807703135663258,0.03771504188003044,0.2584390208332347,1985,0.00478668603699664,0.29136737667626855,-0.019005326011375306,-0.04324602155833135,0.00523536953558074
ds005540,labram_ridge_strong,combined_calibration_gain,8,8,0.15966927252589513,0.041264677760460985,0.27807386729132927,1985,0.016378927206259192,0.30295961784553105,-0.02204779946192395,-0.045620472529572784,0.0015248736057248795
ds005540,labram_ridge_strong,total_minus_uncalibrated_prior,0,0,-0.022924548047230653,-0.0918218813882401,0.045972785293778795,1985,-0.15398065031646427,0.10813155422200296,0.00558053457248428,-0.005211083944889993,0.01637215308985855
ds005540,labram_ridge_strong,total_minus_uncalibrated_prior,0,1,-0.01510739114625298,-0.04872249023865047,0.018507707946144508,1985,-0.1461634934154866,0.11594871112298064,0.007449226711165907,-0.0023647912839837304,0.017263244706315545
ds005540,labram_ridge_strong,total_minus_uncalibrated_prior,0,2,-0.02178926356318256,-0.06750239483208707,0.023923867705721955,1985,-0.15284536583241617,0.10926683870605106,0.007326770881488226,-0.002435178014588207,0.01708871977756466
ds005540,labram_ridge_strong,total_minus_uncalibrated_prior,0,4,-0.022587737621387993,-0.07362123295881254,0.02844575771603655,1985,-0.1536438398906216,0.10846836464784562,0.00838256246090674,-0.001554987189314648,0.018320112111128127
ds005540,labram_ridge_strong,total_minus_uncalibrated_prior,0,8,-0.02720958963509379,-0.0875408514850479,0.033121672214860315,1985,-0.1582656919043274,0.10384651263413983,0.007761556991634139,-0.0028518324336187038,0.01837494641688698
ds005540,labram_ridge_strong,total_minus_uncalibrated_prior,1,0,0.12762637234182495,0.0032442802104742374,0.25200846447317565,1985,-0.00342972992740867,0.25868247461105853,0.04210032377158543,-0.0030212093864354986,0.08722185692960635
ds005540,labram_ridge_strong,total_minus_uncalibrated_prior,1,1,0.0075629838750825296,-0.09961689081762877,0.11474285856779383,1985,-0.12349311839415109,0.13861908614431614,0.03664650794026886,-0.005976147384533802,0.07926916326507152
ds005540,labram_ridge_strong,total_minus_uncalibrated_prior,1,2,-0.010732142110173037,-0.13338618224103255,0.11192189802068646,1985,-0.14178824437940665,0.12032396015906058,0.04650850486413413,0.008345381731318754,0.08467162799694951
ds005540,labram_ridge_strong,total_minus_uncalibrated_prior,1,4,-0.018134121206768494,-0.1445954182957341,0.10832717588219712,1985,-0.1491902234760021,0.11292198106246512,0.04674525764720619,0.007695281511778146,0.08579523378263423
ds005540,labram_ridge_strong,total_minus_uncalibrated_prior,1,8,-0.01967630048351482,-0.15231086592384965,0.11295826495682001,1985,-0.15073240275274843,0.1113798017857188,0.0466835881903305,0.007693629047006302,0.0856735473336547
ds005540,labram_ridge_strong,total_minus_uncalibrated_prior,2,0,0.1249380083582722,0.0075585353152502754,0.24231748140129414,1985,-0.0061180939109614085,0.2559941106275058,0.005061155964931036,-0.02256240866825539,0.03268472059811746
ds005540,labram_ridge_strong,total_minus_uncalibrated_prior,2,1,0.041562469953506764,-0.044084396506512566,0.1272093364135261,1985,-0.08949363231572685,0.17261857222274038,0.010382160038455962,-0.018921444617834113,0.03968576469474604
ds005540,labram_ridge_strong,total_minus_uncalibrated_prior,2,2,0.05846830459045871,-0.037661331498407544,0.15459794067932497,1985,-0.0725877976787749,0.18952440685969232,0.011566155316346527,-0.013758621251527308,0.036890931884220365
ds005540,labram_ridge_strong,total_minus_uncalibrated_prior,2,4,0.06018801695830228,-0.046524701831012316,0.16690073574761688,1985,-0.07086808531093133,0.1912441192275359,0.01022198420503495,-0.01658669926884745,0.037030667678917356
ds005540,labram_ridge_strong,total_minus_uncalibrated_prior,2,8,0.054795551656308894,-0.06181506056483649,0.17140616387745428,1985,-0.07626055061292472,0.1858516539255425,0.009986981441268417,-0.015865005159020028,0.03583896804155686
ds005540,labram_ridge_strong,total_minus_uncalibrated_prior,4,0,0.18465460559969218,0.07455882955595412,0.29475038164343026,1985,0.05359850333045857,0.3157107078689258,-0.005104759377204726,-0.030351438975694867,0.020141920221285414
ds005540,labram_ridge_strong,total_minus_uncalibrated_prior,4,1,0.07476426043912293,-0.006402554382048661,0.15593107526029454,1985,-0.056291841830110684,0.20582036270835655,0.0015756513970373032,-0.025009142067180214,0.02816044486125482
ds005540,labram_ridge_strong,total_minus_uncalibrated_prior,4,2,0.10674815402223647,0.016231832493708562,0.19726447555076437,1985,-0.02430794824699714,0.2378042562914701,-0.0016245075626715733,-0.024022328532286346,0.0207733134069432
ds005540,labram_ridge_strong,total_minus_uncalibrated_prior,4,4,0.12363551348392648,0.02143173637309133,0.22583929059476165,1985,-0.007420588785307131,0.2546916157531601,-0.0071936391245156495,-0.032100941191075136,0.017713662942043837
ds005540,labram_ridge_strong,total_minus_uncalibrated_prior,4,8,0.12659884317055548,0.015493093943319339,0.23770459239779163,1985,-0.00445725909867814,0.25765494543978906,-0.007580418831130364,-0.03165906141222953,0.016498223749968798
ds005540,labram_ridge_strong,total_minus_uncalibrated_prior,8,0,0.18887295853758462,0.07858244532690915,0.2991634717482601,1985,0.05781685626835101,0.31992906080681827,-0.014220497118260428,-0.037754842589163576,0.00931384835264272
ds005540,labram_ridge_strong,total_minus_uncalibrated_prior,8,1,0.0764937427537567,-0.0027491326742620226,0.15573661818177542,1985,-0.054562359515476916,0.20754984502299031,-0.004924775476568943,-0.029845409131583494,0.019995858178445607
ds005540,labram_ridge_strong,total_minus_uncalibrated_prior,8,2,0.1107575653130719,0.0219693559151162,0.1995457747110276,1985,-0.02029853695616171,0.24181366758230552,-0.006823851320985286,-0.02795550354230316,0.014307800900332589
ds005540,labram_ridge_strong,total_minus_uncalibrated_prior,8,4,0.1254892937352446,0.024690271534702365,0.2262883159357868,1985,-0.005566808533989026,0.25654539600447823,-0.010622763550468567,-0.03410247428928316,0.012856947188346027
ds005540,labram_ridge_strong,total_minus_uncalibrated_prior,8,8,0.13245968289080134,0.023526286248812187,0.2413930795327905,1985,0.0014035806215677293,0.26351578516003493,-0.014286242470289812,-0.03714858793151106,0.00857610299093144
ds006850,bandpower_ridge_base,eeg_added_population,0,0,0.008094316706140707,-0.07502264822953689,0.0912112816418183,2000,-0.0666762266058985,0.08286486001817991,0.012245284484603436,-8.123565690869652e-05,0.02457180462611557
ds006850,bandpower_ridge_base,eeg_added_population,0,1,-0.004384264367713164,-0.05429275530562379,0.04552422657019746,2000,-0.07915480767975237,0.07038627894432604,0.009850461487617757,-0.002243817988038325,0.02194474096327384
ds006850,bandpower_ridge_base,eeg_added_population,0,2,-0.015636801869125472,-0.07892116538560037,0.04764756164734943,2000,-0.09040734518116468,0.05913374144291374,0.007589827515775471,-0.004989913926259285,0.020169568957810226
ds006850,bandpower_ridge_base,eeg_added_population,0,4,-0.005093958581221525,-0.07429181525203236,0.06410389808958931,2000,-0.07986450189326073,0.06967658473081768,0.005968961641062004,-0.007259445123405794,0.019197368405529804
ds006850,bandpower_ridge_base,eeg_added_population,0,8,-0.01791633117407493,-0.0858370533530038,0.050004391004853946,2000,-0.09268687448611414,0.05685421213796428,0.010065216365697599,-0.002273792316270458,0.022404225047665656
ds006850,bandpower_ridge_base,eeg_added_population,1,0,0.00809431670614111,-0.07502264822953648,0.0912112816418187,2000,-0.0666762266058981,0.08286486001818032,0.012245284484603436,-8.123565690869652e-05,0.02457180462611557
ds006850,bandpower_ridge_base,eeg_added_population,1,1,-0.004384264367713164,-0.05429275530562379,0.04552422657019746,2000,-0.07915480767975237,0.07038627894432604,0.009850461487617757,-0.002243817988038327,0.02194474096327384
ds006850,bandpower_ridge_base,eeg_added_population,1,2,-0.015636801869125472,-0.07892116538560037,0.04764756164734943,2000,-0.09040734518116468,0.05913374144291374,0.007589827515775471,-0.004989913926259285,0.020169568957810226
ds006850,bandpower_ridge_base,eeg_added_population,1,4,-0.005093958581221525,-0.07429181525203236,0.06410389808958931,2000,-0.07986450189326073,0.06967658473081768,0.005968961641062004,-0.007259445123405794,0.019197368405529804
ds006850,bandpower_ridge_base,eeg_added_population,1,8,-0.017916331174075095,-0.08583705335300396,0.050004391004853765,2000,-0.0926868744861143,0.056854212137964114,0.010065216365697627,-0.00227379231627043,0.022404225047665684
ds006850,bandpower_ridge_base,eeg_added_population,2,0,0.008094316706140832,-0.07502264822953678,0.09121128164181844,2000,-0.06667622660589838,0.08286486001818004,0.012245284484603436,-8.123565690869652e-05,0.02457180462611557
ds006850,bandpower_ridge_base,eeg_added_population,2,1,-0.004384264367713164,-0.05429275530562379,0.04552422657019746,2000,-0.07915480767975237,0.07038627894432604,0.009850461487617757,-0.002243817988038327,0.02194474096327384
ds006850,bandpower_ridge_base,eeg_added_population,2,2,-0.01563680186912564,-0.07892116538560053,0.04764756164734925,2000,-0.09040734518116485,0.05913374144291357,0.007589827515775471,-0.004989913926259285,0.020169568957810226
ds006850,bandpower_ridge_base,eeg_added_population,2,4,-0.005093958581221525,-0.07429181525203236,0.06410389808958931,2000,-0.07986450189326073,0.06967658473081768,0.005968961641062004,-0.007259445123405794,0.019197368405529804
ds006850,bandpower_ridge_base,eeg_added_population,2,8,-0.017916331174075095,-0.08583705335300396,0.050004391004853765,2000,-0.0926868744861143,0.056854212137964114,0.010065216365697627,-0.00227379231627043,0.022404225047665684
ds006850,bandpower_ridge_base,eeg_added_population,4,0,0.008094316706140728,-0.07502264822953689,0.09121128164181835,2000,-0.06667622660589848,0.08286486001817994,0.012245284484603436,-8.123565690869652e-05,0.02457180462611557
ds006850,bandpower_ridge_base,eeg_added_population,4,1,-0.004384264367713303,-0.05429275530562391,0.04552422657019731,2000,-0.07915480767975251,0.0703862789443259,0.009850461487617757,-0.002243817988038327,0.02194474096327384
ds006850,bandpower_ridge_base,eeg_added_population,4,2,-0.015636801869125472,-0.07892116538560036,0.047647561647349415,2000,-0.09040734518116468,0.05913374144291374,0.007589827515775471,-0.004989913926259285,0.020169568957810226
ds006850,bandpower_ridge_base,eeg_added_population,4,4,-0.005093958581221469,-0.07429181525203231,0.06410389808958937,2000,-0.07986450189326068,0.06967658473081774,0.005968961641062004,-0.0072594451234057975,0.019197368405529804
ds006850,bandpower_ridge_base,eeg_added_population,4,8,-0.017916331174074485,-0.08583705335300333,0.05000439100485436,2000,-0.0926868744861137,0.056854212137964724,0.010065216365697627,-0.00227379231627043,0.022404225047665684
ds006850,bandpower_ridge_base,eeg_added_population,8,0,0.008094316706140728,-0.07502264822953689,0.09121128164181835,2000,-0.06667622660589848,0.08286486001817994,0.012245284484603436,-8.123565690869652e-05,0.02457180462611557
ds006850,bandpower_ridge_base,eeg_added_population,8,1,-0.004384264367713303,-0.05429275530562391,0.04552422657019731,2000,-0.07915480767975251,0.0703862789443259,0.009850461487617757,-0.002243817988038327,0.02194474096327384
ds006850,bandpower_ridge_base,eeg_added_population,8,2,-0.015636801869125472,-0.07892116538560036,0.047647561647349415,2000,-0.09040734518116468,0.05913374144291374,0.007589827515775471,-0.004989913926259285,0.020169568957810226
ds006850,bandpower_ridge_base,eeg_added_population,8,4,-0.005093958581221469,-0.07429181525203231,0.06410389808958937,2000,-0.07986450189326068,0.06967658473081774,0.005968961641062004,-0.0072594451234057975,0.019197368405529804
ds006850,bandpower_ridge_base,eeg_added_population,8,8,-0.017916331174074485,-0.08583705335300333,0.05000439100485436,2000,-0.0926868744861137,0.056854212137964724,0.010065216365697627,-0.00227379231627043,0.022404225047665684
ds006850,bandpower_ridge_base,eeg_added_matched_calibration,0,0,0.008094316706140707,-0.07502264822953689,0.0912112816418183,2000,-0.06964777965449702,0.08583641306677843,0.012245284484603436,-8.123565690869652e-05,0.02457180462611557
ds006850,bandpower_ridge_base,eeg_added_matched_calibration,0,1,-0.004384264367713164,-0.05429275530562379,0.04552422657019746,2000,-0.08212636072835089,0.07335783199292456,0.009850461487617757,-0.002243817988038325,0.02194474096327384
ds006850,bandpower_ridge_base,eeg_added_matched_calibration,0,2,-0.015636801869125472,-0.07892116538560037,0.04764756164734943,2000,-0.0933788982297632,0.06210529449151225,0.007589827515775471,-0.004989913926259285,0.020169568957810226
ds006850,bandpower_ridge_base,eeg_added_matched_calibration,0,4,-0.005093958581221525,-0.07429181525203236,0.06410389808958931,2000,-0.08283605494185925,0.0726481377794162,0.005968961641062004,-0.007259445123405794,0.019197368405529804
ds006850,bandpower_ridge_base,eeg_added_matched_calibration,0,8,-0.01791633117407493,-0.0858370533530038,0.050004391004853946,2000,-0.09565842753471265,0.059825765186562796,0.010065216365697599,-0.002273792316270458,0.022404225047665656
ds006850,bandpower_ridge_base,eeg_added_matched_calibration,1,0,0.0011709982033430294,-0.05119291032542691,0.05353490673211297,2000,-0.0765710981572947,0.07891309456398075,0.006565574936313989,-0.007483409792844058,0.020614559665472036
ds006850,bandpower_ridge_base,eeg_added_matched_calibration,1,1,-0.00785299682417509,-0.04419202966363862,0.028486036015288436,2000,-0.08559509318481281,0.06988909953646263,0.006355969613072221,-0.006293786417648278,0.01900572564379272
ds006850,bandpower_ridge_base,eeg_added_matched_calibration,1,2,-0.00815982427863976,-0.052312834109756436,0.035993185552476915,2000,-0.08590192063927748,0.06958227208199796,0.005831377716593977,-0.008031871284853305,0.019694626718041258
ds006850,bandpower_ridge_base,eeg_added_matched_calibration,1,4,-0.007399979354959174,-0.05389882984434769,0.03909887113442934,2000,-0.0851420757155969,0.07034211700567855,0.008496849263184114,-0.005463128873006802,0.02245682739937503
ds006850,bandpower_ridge_base,eeg_added_matched_calibration,1,8,-0.009925193868417281,-0.057562712612326906,0.037712324875492344,2000,-0.087667290229055,0.06781690249222044,0.0071696255516651985,-0.007483566691771314,0.02182281779510171
ds006850,bandpower_ridge_base,eeg_added_matched_calibration,2,0,0.006342098426311199,-0.052787111057012705,0.0654713079096351,2000,-0.07139999793432653,0.08408419478694892,0.004677969836025392,-0.008818931996400128,0.01817487166845091
ds006850,bandpower_ridge_base,eeg_added_matched_calibration,2,1,-0.0009187677019689144,-0.03929858837537161,0.03746105297143378,2000,-0.07866086406260664,0.07682332865866881,0.005325677807733187,-0.006628327810404604,0.017279683425870978
ds006850,bandpower_ridge_base,eeg_added_matched_calibration,2,2,-0.0033200430975346973,-0.05129446038012573,0.044654374185056335,2000,-0.08106213945817242,0.07442205326310303,0.0031511186125636192,-0.009525569050903899,0.015827806276031135
ds006850,bandpower_ridge_base,eeg_added_matched_calibration,2,4,-0.003908690562246742,-0.05558062053192392,0.047763239407430436,2000,-0.08165078692288447,0.07383340579839098,0.003397484329642042,-0.010275434339416169,0.017070402998700253
ds006850,bandpower_ridge_base,eeg_added_matched_calibration,2,8,-0.00542869885527314,-0.059582182321074234,0.048724784610527955,2000,-0.08317079521591086,0.07231339750536458,0.004484305685441836,-0.009633016977908576,0.018601628348792247
ds006850,bandpower_ridge_base,eeg_added_matched_calibration,4,0,0.0016621856789808265,-0.06134872582706305,0.0646730971850247,2000,-0.0760799106816569,0.07940428203961855,0.006632021034686603,-0.004890235819503838,0.018154277888877045
ds006850,bandpower_ridge_base,eeg_added_matched_calibration,4,1,-0.0022661943054904654,-0.041461012949564266,0.036928624338583335,2000,-0.08000829066612819,0.07547590205514726,0.005075251627631228,-0.005140310758301922,0.015290814013564377
ds006850,bandpower_ridge_base,eeg_added_matched_calibration,4,2,-0.010111142813276186,-0.058151119686857856,0.037928834060305484,2000,-0.08785323917391391,0.06763095354736154,0.003573082116118703,-0.00741575505521295,0.014561919287450356
ds006850,bandpower_ridge_base,eeg_added_matched_calibration,4,4,-0.007310828306613337,-0.05874186573397607,0.0441202091207494,2000,-0.08505292466725106,0.07043126805402439,0.005386515849065049,-0.006066946064703782,0.01683997776283388
ds006850,bandpower_ridge_base,eeg_added_matched_calibration,4,8,-0.009787554829121137,-0.06331934547359469,0.043744235815352424,2000,-0.08752965118975886,0.06795454153151659,0.007000600585147371,-0.0046974492489543496,0.01869865041924909
ds006850,bandpower_ridge_base,eeg_added_matched_calibration,8,0,-0.004732196124731802,-0.0673614728501447,0.05789708060068109,2000,-0.08247429248536953,0.07300990023590592,0.0071931527906677895,-0.003419280505887584,0.017805586087223164
ds006850,bandpower_ridge_base,eeg_added_matched_calibration,8,1,-0.0048502078226652645,-0.04351515312893272,0.03381473748360219,2000,-0.08259230418330299,0.07289188853797246,0.005015545869875043,-0.004992114394017425,0.015023206133767512
ds006850,bandpower_ridge_base,eeg_added_matched_calibration,8,2,-0.013511485137638723,-0.061541879501744806,0.03451890922646736,2000,-0.09125358149827645,0.064230611222999,0.004149768323136849,-0.006264937814107793,0.01456447446038149
ds006850,bandpower_ridge_base,eeg_added_matched_calibration,8,4,-0.012212155010660197,-0.06415963136216157,0.03973532134084118,2000,-0.08995425137129792,0.06552994134997753,0.006148430879238442,-0.004716254949814062,0.01701311670829095
ds006850,bandpower_ridge_base,eeg_added_matched_calibration,8,8,-0.013515906549352141,-0.0656421164821375,0.03861030338343321,2000,-0.09125800290998987,0.06422618981128558,0.0072659697718742144,-0.0038465217337996897,0.01837846127754812
ds006850,bandpower_ridge_base,prior_calibration_gain,0,0,0.0,0.0,0.0,2000,-0.13169041129046133,0.13169041129046133,0.0,0.0,0.0
ds006850,bandpower_ridge_base,prior_calibration_gain,0,1,0.0,0.0,0.0,2000,-0.13169041129046133,0.13169041129046133,0.0,0.0,0.0
ds006850,bandpower_ridge_base,prior_calibration_gain,0,2,0.0,0.0,0.0,2000,-0.13169041129046133,0.13169041129046133,0.0,0.0,0.0
ds006850,bandpower_ridge_base,prior_calibration_gain,0,4,0.0,0.0,0.0,2000,-0.13169041129046133,0.13169041129046133,0.0,0.0,0.0
ds006850,bandpower_ridge_base,prior_calibration_gain,0,8,0.0,0.0,0.0,2000,-0.13169041129046133,0.13169041129046133,0.0,0.0,0.0
ds006850,bandpower_ridge_base,prior_calibration_gain,1,0,0.08274658665210007,-0.042535461921799786,0.2080286352259999,2000,-0.048943824638361264,0.21443699794256138,0.04829210949033019,0.013870851281162867,0.08271336769949753
ds006850,bandpower_ridge_base,prior_calibration_gain,1,1,-0.017840541017210887,-0.11814412837047635,0.08246304633605457,2000,-0.14953095230767222,0.11384987027325044,0.04984485751565715,0.016601209163550894,0.0830885058677634
ds006850,bandpower_ridge_base,prior_calibration_gain,1,2,-0.05445749363486263,-0.16615678579679902,0.057241798527073756,2000,-0.18614790492532396,0.0772329176555987,0.05215490427631708,0.018967766206257605,0.08534204234637656
ds006850,bandpower_ridge_base,prior_calibration_gain,1,4,-0.04634931158613692,-0.16541952768520451,0.07272090451293069,2000,-0.17803972287659825,0.08534109970432441,0.05244606023854048,0.019307383588758005,0.08558473688832297
ds006850,bandpower_ridge_base,prior_calibration_gain,1,8,-0.05573286110738246,-0.17786380625485793,0.06639808404009302,2000,-0.1874232723978438,0.07595755018307887,0.05712164248389051,0.023882874908876785,0.09036041005890424
ds006850,bandpower_ridge_base,prior_calibration_gain,2,0,0.1409623719153005,0.027009984720989158,0.25491475910961187,2000,0.009271960624839176,0.2726527832057618,0.02171333893995578,-0.004967831161776813,0.04839450904168837
ds006850,bandpower_ridge_base,prior_calibration_gain,2,1,0.03008480655524437,-0.052270661239887536,0.11244027435037628,2000,-0.10160560473521696,0.1617752178457057,0.02113654341703447,-0.003186712177732833,0.04545979901180178
ds006850,bandpower_ridge_base,prior_calibration_gain,2,2,0.018033997403535007,-0.07737830576494031,0.11344630057201033,2000,-0.11365641388692632,0.14972440869399634,0.019661663519724953,-0.005946788998996245,0.04527011603844615
ds006850,bandpower_ridge_base,prior_calibration_gain,2,4,0.031354011727983466,-0.07045514499317782,0.13316316844914475,2000,-0.10033639956247786,0.1630444230184448,0.021985026115436623,-0.0032631848216661125,0.04723323705253936
ds006850,bandpower_ridge_base,prior_calibration_gain,2,8,0.03173182574778072,-0.07547630059419888,0.13893995208976032,2000,-0.09995858554268061,0.16342223703824205,0.021333222696912374,-0.0040347772429989125,0.046701222636823664
ds006850,bandpower_ridge_base,prior_calibration_gain,4,0,0.15361825253941824,0.03709768373786511,0.2701388213409714,2000,0.021927841248956914,0.28530866382987957,0.0037453044281207104,-0.017089614484499128,0.02458022334074055
ds006850,bandpower_ridge_base,prior_calibration_gain,4,1,0.04990305602774725,-0.023865579014826846,0.12367169107032135,2000,-0.08178735526271408,0.18159346731820858,0.007241785673276158,-0.010144031058022699,0.024627602404575014
ds006850,bandpower_ridge_base,prior_calibration_gain,4,2,0.047808429390673146,-0.04088359021266835,0.13650044899401464,2000,-0.08388198189978818,0.17949884068113447,0.0032053671646432025,-0.01612523906023305,0.022535973389519456
ds006850,bandpower_ridge_base,prior_calibration_gain,4,4,0.06296689395012922,-0.031467033467209124,0.15740082136746758,2000,-0.06872351734033211,0.19465730524059055,0.002973396960041813,-0.01623344010166362,0.022180234021747246
ds006850,bandpower_ridge_base,prior_calibration_gain,4,8,0.06567263606507251,-0.03279585778572719,0.1641411299158722,2000,-0.06601777522538882,0.19736304735553384,0.0024981387496020024,-0.01630855809833101,0.021304835597535016
ds006850,bandpower_ridge_base,prior_calibration_gain,8,0,0.15644082287592032,0.04918720344839675,0.26369444230344385,2000,0.024750411585458987,0.28813123416638164,-0.0024385431923127365,-0.02043948863464686,0.015562402250021388
ds006850,bandpower_ridge_base,prior_calibration_gain,8,1,0.05838563020613474,-0.008925957034504106,0.1256972174467736,2000,-0.07330478108432659,0.19007604149659607,0.002948584691531392,-0.010849144839254797,0.01674631422231758
ds006850,bandpower_ridge_base,prior_calibration_gain,8,2,0.05999771846865137,-0.019567348551193256,0.139562785488496,2000,-0.07169269282180996,0.1916881297591127,-0.0012767056092662377,-0.016776955214751248,0.014223543996218772
ds006850,bandpower_ridge_base,prior_calibration_gain,8,4,0.07519470815880047,-0.010471416654310131,0.16086083297191106,2000,-0.05649570313166086,0.2068851194492618,-0.0016221975957553258,-0.01762015210740216,0.014375756915891508
ds006850,bandpower_ridge_base,prior_calibration_gain,8,8,0.07736957634443592,-0.012390903137842482,0.1671300558267143,2000,-0.05432083494602541,0.20905998763489725,-0.00304765247792807,-0.01899809259420866,0.012902787638352519
ds006850,bandpower_ridge_base,combined_calibration_gain,0,0,0.0,0.0,0.0,2000,-0.13080371354425735,0.13080371354425735,0.0,0.0,0.0
ds006850,bandpower_ridge_base,combined_calibration_gain,0,1,0.0,0.0,0.0,2000,-0.13080371354425735,0.13080371354425735,0.0,0.0,0.0
ds006850,bandpower_ridge_base,combined_calibration_gain,0,2,0.0,0.0,0.0,2000,-0.13080371354425735,0.13080371354425735,0.0,0.0,0.0
ds006850,bandpower_ridge_base,combined_calibration_gain,0,4,0.0,0.0,0.0,2000,-0.13080371354425735,0.13080371354425735,0.0,0.0,0.0
ds006850,bandpower_ridge_base,combined_calibration_gain,0,8,0.0,0.0,0.0,2000,-0.13080371354425735,0.13080371354425735,0.0,0.0,0.0
ds006850,bandpower_ridge_base,combined_calibration_gain,1,0,0.07582326814930199,-0.052772630013472044,0.20441916631207602,2000,-0.05498044539495536,0.20662698169355934,0.042612399942040746,0.005660286152050484,0.07956451373203101
ds006850,bandpower_ridge_base,combined_calibration_gain,1,1,-0.021309273473672813,-0.12239138079872881,0.07977283385138319,2000,-0.15211298701793016,0.10949444007058454,0.04635036564111161,0.009121691501436872,0.08357903978078635
ds006850,bandpower_ridge_base,combined_calibration_gain,1,2,-0.04698051604437692,-0.16117727722456515,0.06721624513581131,2000,-0.17778422958863427,0.08382319749988043,0.05039645447713559,0.01437338046278315,0.08641952849148803
ds006850,bandpower_ridge_base,combined_calibration_gain,1,4,-0.04865533235987457,-0.16899465343301076,0.07168398871326162,2000,-0.17945904590413192,0.08214838118438278,0.05497394786066259,0.019551252351301444,0.09039664337002373
ds006850,bandpower_ridge_base,combined_calibration_gain,1,8,-0.047741723801724645,-0.1717624855058208,0.0762790379023715,2000,-0.178545437345982,0.0830619897425327,0.05422605166985808,0.017770866554645437,0.09068123678507073
ds006850,bandpower_ridge_base,combined_calibration_gain,2,0,0.13921015363547087,0.029657593054124173,0.24876271421681756,2000,0.008406440091213524,0.2700138671797282,0.014146024291377735,-0.014303256343005312,0.04259530492576078
ds006850,bandpower_ridge_base,combined_calibration_gain,2,1,0.03355030322098862,-0.044544980112825525,0.11164558655480276,2000,-0.09725341032326873,0.16435401676524597,0.0166117597371499,-0.009267222260633576,0.04249074173493338
ds006850,bandpower_ridge_base,combined_calibration_gain,2,2,0.030350756175125948,-0.06001713303932486,0.12071864538957676,2000,-0.1004529573691314,0.1611544697193833,0.015222954616513101,-0.010996106311872787,0.041442015544898986
ds006850,bandpower_ridge_base,combined_calibration_gain,2,4,0.03253927974695825,-0.06325490710317261,0.1283334665970891,2000,-0.0982644337972991,0.1633429932912156,0.01941354880401666,-0.005671596027618679,0.044498693635652
ds006850,bandpower_ridge_base,combined_calibration_gain,2,8,0.04421945806658267,-0.058906032591355184,0.14734494872452053,2000,-0.08658425547767468,0.17502317161084002,0.015752312016656583,-0.009937501159757764,0.04144212519307093
ds006850,bandpower_ridge_base,combined_calibration_gain,4,0,0.14718612151225835,0.04176759985208553,0.25260464317243114,2000,0.016382407968001,0.2779898350565157,-0.0018679590217961228,-0.02416316232820802,0.020427244284615776
ds006850,bandpower_ridge_base,combined_calibration_gain,4,1,0.05202112608997009,-0.017042169456188805,0.12108442163612898,2000,-0.07878258745428726,0.18282483963422744,0.0024665758132896287,-0.01720043208955042,0.022133583716129678
ds006850,bandpower_ridge_base,combined_calibration_gain,4,2,0.05333408844652243,-0.02862563855789453,0.13529381545093938,2000,-0.07746962509773492,0.18413780199077978,-0.0008113782350135657,-0.02162075863804453,0.0199980021680174
ds006850,bandpower_ridge_base,combined_calibration_gain,4,4,0.06075002422473735,-0.02473425849270136,0.14623430694217607,2000,-0.07005368931952,0.1915537377689947,0.002390951168044858,-0.01732096018020171,0.022102862516291427
ds006850,bandpower_ridge_base,combined_calibration_gain,4,8,0.07380141241002586,-0.01898639102494476,0.16658921584499647,2000,-0.05700230113423149,0.2046051259542832,-0.0005664770309482536,-0.020291623121480733,0.019158669059584226
ds006850,bandpower_ridge_base,combined_calibration_gain,8,0,0.1436143100450478,0.04414513711969918,0.2430834829703964,2000,0.012810596500790444,0.2744180235893051,-0.007490674886248383,-0.026174925593503158,0.011193575821006392
ds006850,bandpower_ridge_base,combined_calibration_gain,8,1,0.05791968675118278,-0.007081470006722601,0.12292084350908816,2000,-0.07288402679307457,0.18872340029544013,-0.0018863309262113215,-0.017777839805919293,0.01400517795349665
ds006850,bandpower_ridge_base,combined_calibration_gain,8,2,0.06212303520013812,-0.014248195773016628,0.13849426617329286,2000,-0.06868067834411923,0.19292674874439547,-0.00471676480190486,-0.021810814057792467,0.012377284453982746
ds006850,bandpower_ridge_base,combined_calibration_gain,8,4,0.06807651172936174,-0.012153125202337703,0.14830614866106118,2000,-0.0627272018148956,0.1988802252736191,-0.0014427283575788874,-0.018198526627961856,0.015313069912804081
ds006850,bandpower_ridge_base,combined_calibration_gain,8,8,0.08177000096915826,-0.005610517099429127,0.16915051903774564,2000,-0.04903371257509909,0.2125737145134156,-0.005846899071751482,-0.023118817421903734,0.01142501927840077
ds006850,bandpower_ridge_base,total_minus_uncalibrated_prior,0,0,0.008094316706140707,-0.07502264822953689,0.0912112816418183,2000,-0.13253653140992638,0.14872516482220782,0.012245284484603436,-8.123565690869652e-05,0.02457180462611557
ds006850,bandpower_ridge_base,total_minus_uncalibrated_prior,0,1,-0.004384264367713164,-0.05429275530562379,0.04552422657019746,2000,-0.14501511248378027,0.13624658374835394,0.009850461487617757,-0.002243817988038325,0.02194474096327384
ds006850,bandpower_ridge_base,total_minus_uncalibrated_prior,0,2,-0.015636801869125472,-0.07892116538560037,0.04764756164734943,2000,-0.15626764998519257,0.12499404624694163,0.007589827515775471,-0.004989913926259285,0.020169568957810226
ds006850,bandpower_ridge_base,total_minus_uncalibrated_prior,0,4,-0.005093958581221525,-0.07429181525203236,0.06410389808958931,2000,-0.14572480669728863,0.13553688953484558,0.005968961641062004,-0.007259445123405794,0.019197368405529804
ds006850,bandpower_ridge_base,total_minus_uncalibrated_prior,0,8,-0.01791633117407493,-0.0858370533530038,0.050004391004853946,2000,-0.15854717929014203,0.12271451694199217,0.010065216365697599,-0.002273792316270458,0.022404225047665656
ds006850,bandpower_ridge_base,total_minus_uncalibrated_prior,1,0,0.0839175848554431,-0.0428638795484895,0.2106990492593757,2000,-0.05671326326062401,0.2245484329715102,0.05485768442664418,0.018531268087844256,0.09118410076544411
ds006850,bandpower_ridge_base,total_minus_uncalibrated_prior,1,1,-0.025693537841385977,-0.1306025895176061,0.07921551383483413,2000,-0.16632438595745308,0.11493731027468113,0.05620082712872937,0.020966758249383793,0.09143489600807495
ds006850,bandpower_ridge_base,total_minus_uncalibrated_prior,1,2,-0.06261731791350239,-0.1807927431456558,0.055558107318651004,2000,-0.2032481660295695,0.07801353020256471,0.05798628199291106,0.023074350811974023,0.0928982131738481
ds006850,bandpower_ridge_base,total_minus_uncalibrated_prior,1,4,-0.053749290941096095,-0.17555374189651687,0.06805516001432468,2000,-0.1943801390571632,0.08688155717497101,0.060942909501724596,0.026748711785000497,0.0951371072184487
ds006850,bandpower_ridge_base,total_minus_uncalibrated_prior,1,8,-0.06565805497579974,-0.19076434089628466,0.05944823094468518,2000,-0.20628890309186684,0.07497279314026736,0.06429126803555571,0.02867382335301375,0.09990871271809768
ds006850,bandpower_ridge_base,total_minus_uncalibrated_prior,2,0,0.1473044703416117,0.026073177232143627,0.26853576345107977,2000,0.006673622225544601,0.28793531845767883,0.02639130877598117,-0.0025840167969133493,0.05536663434887569
ds006850,bandpower_ridge_base,total_minus_uncalibrated_prior,2,1,0.029166038853275456,-0.05952999715854766,0.11786207486509857,2000,-0.11146480926279165,0.16979688696934256,0.026462221224767657,0.0010691509090406982,0.05185529154049462
ds006850,bandpower_ridge_base,total_minus_uncalibrated_prior,2,2,0.01471395430600031,-0.08823184434010899,0.1176597529521096,2000,-0.1259168938100668,0.1553448024220674,0.022812782132288573,-0.004000554051873932,0.04962611831645108
ds006850,bandpower_ridge_base,total_minus_uncalibrated_prior,2,4,0.027445321165736725,-0.08006086013086723,0.13495150246234067,2000,-0.11318552695033038,0.16807616928180383,0.025382510445078665,-0.00013456505704027844,0.05089958594719761
ds006850,bandpower_ridge_base,total_minus_uncalibrated_prior,2,8,0.026303126892507578,-0.08508905026398052,0.13769530404899566,2000,-0.11432772122355953,0.16693397500857468,0.02581752838235421,-0.0002928734046541738,0.05192793016936259
ds006850,bandpower_ridge_base,total_minus_uncalibrated_prior,4,0,0.15528043821839907,0.027327663777834355,0.2832332126589638,2000,0.014649590102331966,0.2959112863344662,0.010377325462807313,-0.01387021349296428,0.034624864418578906
ds006850,bandpower_ridge_base,total_minus_uncalibrated_prior,4,1,0.047636861722256785,-0.03654927541218703,0.1318229988567006,2000,-0.09299398639381032,0.1882677098383239,0.012317037300907385,-0.0077889049040828565,0.03242297950589763
ds006850,bandpower_ridge_base,total_minus_uncalibrated_prior,4,2,0.03769728657739696,-0.06391426589232646,0.13930883904712038,2000,-0.10293356153867014,0.17832813469346406,0.006778449280761906,-0.015560499966960892,0.029117398528484703
ds006850,bandpower_ridge_base,total_minus_uncalibrated_prior,4,4,0.055656065643515884,-0.050764382961520055,0.16207651424855182,2000,-0.08497478247255122,0.196286913759583,0.008359912809106862,-0.013299515282895458,0.030019340901109182
ds006850,bandpower_ridge_base,total_minus_uncalibrated_prior,4,8,0.05588508123595137,-0.05347079029582981,0.16524095276773254,2000,-0.08474576688011573,0.19651592935201848,0.009498739334749373,-0.011820957833833409,0.030818436503332155
ds006850,bandpower_ridge_base,total_minus_uncalibrated_prior,8,0,0.1517086267511885,0.02900255881295921,0.2744146946894178,2000,0.01107777863512141,0.29233947486725564,0.004754609598355053,-0.016306864853190543,0.02581608404990065
ds006850,bandpower_ridge_base,total_minus_uncalibrated_prior,8,1,0.05353542238346948,-0.027159455343714264,0.13423030011065323,2000,-0.08709542573259763,0.19416627049953658,0.007964130561406435,-0.008368019011956836,0.024296280134769706
ds006850,bandpower_ridge_base,total_minus_uncalibrated_prior,8,2,0.04648623333101265,-0.04970547934605096,0.14267794600807626,2000,-0.09414461478505445,0.18711708144707975,0.002873062713870611,-0.01567414540402092,0.021420270831762143
ds006850,bandpower_ridge_base,total_minus_uncalibrated_prior,8,4,0.06298255314814027,-0.03917474961788964,0.16513985591417019,2000,-0.07764829496792683,0.20361340126420738,0.0045262332834831165,-0.01412064193023221,0.023173108497198443
ds006850,bandpower_ridge_base,total_minus_uncalibrated_prior,8,8,0.06385366979508378,-0.039648265497525606,0.16735560508769315,2000,-0.07677717832098332,0.20448451791115088,0.004218317293946144,-0.01459022171301258,0.02302685630090487
ds006850,bandpower_ridge_strong,eeg_added_population,0,0,-0.01212306208983476,-0.07076446658983604,0.04651834241016652,2000,-0.06593546845417733,0.04168934427450781,0.009356150470712643,0.0009057877673443303,0.017806513174080954
ds006850,bandpower_ridge_strong,eeg_added_population,0,1,-0.009847838599168046,-0.0443898041904219,0.024694126992085806,2000,-0.06366024496351061,0.043964567765174524,0.00629958852055576,-0.0015807378360189542,0.014179914877130474
ds006850,bandpower_ridge_strong,eeg_added_population,0,2,-0.019742935267859474,-0.06357491551759789,0.024089044981878936,2000,-0.07355534163220204,0.034069471096483096,0.005299103582244363,-0.003392953208386361,0.013991160372875087
ds006850,bandpower_ridge_strong,eeg_added_population,0,4,-0.013151306040382782,-0.05953041594722578,0.033227803866460216,2000,-0.06696371240472535,0.04066110032395979,0.0031516432090174518,-0.005703721902097678,0.012007008320132581
ds006850,bandpower_ridge_strong,eeg_added_population,0,8,-0.016193632085318932,-0.060403481628849044,0.02801621745821118,2000,-0.0700060384496615,0.03761877427902364,0.006450902656092133,-0.0016142758281727232,0.01451608114035699
ds006850,bandpower_ridge_strong,eeg_added_population,1,0,-0.01212306208983476,-0.07076446658983604,0.04651834241016652,2000,-0.06593546845417733,0.04168934427450781,0.009356150470712643,0.0009057877673443303,0.017806513174080954
ds006850,bandpower_ridge_strong,eeg_added_population,1,1,-0.009847838599168046,-0.044389804190421905,0.024694126992085813,2000,-0.06366024496351061,0.043964567765174524,0.00629958852055576,-0.0015807378360189542,0.014179914877130474
ds006850,bandpower_ridge_strong,eeg_added_population,1,2,-0.019742935267859474,-0.06357491551759789,0.024089044981878943,2000,-0.07355534163220204,0.034069471096483096,0.005299103582244363,-0.003392953208386361,0.013991160372875087
ds006850,bandpower_ridge_strong,eeg_added_population,1,4,-0.013151306040382782,-0.05953041594722578,0.033227803866460216,2000,-0.06696371240472535,0.04066110032395979,0.0031516432090174518,-0.005703721902097678,0.012007008320132581
ds006850,bandpower_ridge_strong,eeg_added_population,1,8,-0.016193632085318932,-0.06040348162884906,0.028016217458211194,2000,-0.0700060384496615,0.03761877427902364,0.006450902656092133,-0.0016142758281727232,0.01451608114035699
ds006850,bandpower_ridge_strong,eeg_added_population,2,0,-0.01212306208983476,-0.07076446658983604,0.04651834241016652,2000,-0.06593546845417733,0.04168934427450781,0.009356150470712643,0.0009057877673443303,0.017806513174080954
ds006850,bandpower_ridge_strong,eeg_added_population,2,1,-0.00984783859916813,-0.04438980419042199,0.02469412699208573,2000,-0.06366024496351069,0.04396456776517444,0.00629958852055576,-0.0015807378360189542,0.014179914877130474
ds006850,bandpower_ridge_strong,eeg_added_population,2,2,-0.019742935267859474,-0.06357491551759789,0.024089044981878936,2000,-0.07355534163220204,0.034069471096483096,0.005299103582244363,-0.003392953208386361,0.013991160372875087
ds006850,bandpower_ridge_strong,eeg_added_population,2,4,-0.013151306040382782,-0.059530415947225794,0.03322780386646023,2000,-0.06696371240472535,0.04066110032395979,0.0031516432090174518,-0.005703721902097678,0.012007008320132581
ds006850,bandpower_ridge_strong,eeg_added_population,2,8,-0.016193632085318932,-0.06040348162884906,0.028016217458211194,2000,-0.0700060384496615,0.03761877427902364,0.006450902656092133,-0.0016142758281727232,0.01451608114035699
ds006850,bandpower_ridge_strong,eeg_added_population,4,0,-0.012123062089834553,-0.07076446658983584,0.04651834241016673,2000,-0.06593546845417712,0.04168934427450802,0.009356150470712643,0.0009057877673443321,0.017806513174080954
ds006850,bandpower_ridge_strong,eeg_added_population,4,1,-0.009847838599168268,-0.044389804190422134,0.024694126992085598,2000,-0.06366024496351083,0.0439645677651743,0.006299588520555788,-0.001580737836018923,0.014179914877130499
ds006850,bandpower_ridge_strong,eeg_added_population,4,2,-0.01974293526785942,-0.06357491551759784,0.024089044981878992,2000,-0.07355534163220198,0.03406947109648315,0.005299103582244363,-0.003392953208386361,0.013991160372875087
ds006850,bandpower_ridge_strong,eeg_added_population,4,4,-0.013151306040382726,-0.05953041594722572,0.033227803866460265,2000,-0.06696371240472529,0.040661100323959844,0.0031516432090174518,-0.005703721902097681,0.012007008320132585
ds006850,bandpower_ridge_strong,eeg_added_population,4,8,-0.016193632085318932,-0.06040348162884906,0.028016217458211194,2000,-0.0700060384496615,0.03761877427902364,0.006450902656092133,-0.0016142758281727232,0.01451608114035699
ds006850,bandpower_ridge_strong,eeg_added_population,8,0,-0.012123062089834553,-0.07076446658983584,0.04651834241016673,2000,-0.06593546845417712,0.04168934427450802,0.009356150470712643,0.0009057877673443321,0.017806513174080954
ds006850,bandpower_ridge_strong,eeg_added_population,8,1,-0.009847838599168268,-0.044389804190422134,0.024694126992085598,2000,-0.06366024496351083,0.0439645677651743,0.006299588520555788,-0.001580737836018923,0.014179914877130499
ds006850,bandpower_ridge_strong,eeg_added_population,8,2,-0.01974293526785942,-0.06357491551759784,0.024089044981878992,2000,-0.07355534163220198,0.03406947109648315,0.005299103582244363,-0.003392953208386361,0.013991160372875087
ds006850,bandpower_ridge_strong,eeg_added_population,8,4,-0.013151306040382726,-0.05953041594722572,0.033227803866460265,2000,-0.06696371240472529,0.040661100323959844,0.0031516432090174518,-0.005703721902097681,0.012007008320132585
ds006850,bandpower_ridge_strong,eeg_added_population,8,8,-0.016193632085318932,-0.06040348162884906,0.028016217458211194,2000,-0.0700060384496615,0.03761877427902364,0.006450902656092133,-0.0016142758281727232,0.01451608114035699
ds006850,bandpower_ridge_strong,eeg_added_matched_calibration,0,0,-0.01212306208983476,-0.07076446658983604,0.04651834241016652,2000,-0.06636753167953505,0.042121407499865524,0.009356150470712643,0.0009057877673443303,0.017806513174080954
ds006850,bandpower_ridge_strong,eeg_added_matched_calibration,0,1,-0.009847838599168046,-0.0443898041904219,0.024694126992085806,2000,-0.06409230818886832,0.04439663099053224,0.00629958852055576,-0.0015807378360189542,0.014179914877130474
ds006850,bandpower_ridge_strong,eeg_added_matched_calibration,0,2,-0.019742935267859474,-0.06357491551759789,0.024089044981878936,2000,-0.07398740485755975,0.03450153432184081,0.005299103582244363,-0.003392953208386361,0.013991160372875087
ds006850,bandpower_ridge_strong,eeg_added_matched_calibration,0,4,-0.013151306040382782,-0.05953041594722578,0.033227803866460216,2000,-0.06739577563008306,0.0410931635493175,0.0031516432090174518,-0.005703721902097678,0.012007008320132581
ds006850,bandpower_ridge_strong,eeg_added_matched_calibration,0,8,-0.016193632085318932,-0.060403481628849044,0.02801621745821118,2000,-0.07043810167501921,0.03805083750438135,0.006450902656092133,-0.0016142758281727232,0.01451608114035699
ds006850,bandpower_ridge_strong,eeg_added_matched_calibration,1,0,-0.0017235901781309515,-0.03486081992131144,0.031413639565049535,2000,-0.05596805976783124,0.052520879411569334,0.0036711102847230004,-0.005488047111468374,0.012830267680914375
ds006850,bandpower_ridge_strong,eeg_added_matched_calibration,1,1,-0.005291112284516897,-0.029029002362898043,0.01844677779386425,2000,-0.05953558187421718,0.04895335730518339,0.003768858710719636,-0.004881535249312707,0.012419252670751979
ds006850,bandpower_ridge_strong,eeg_added_matched_calibration,1,2,-0.006273623435891107,-0.03481468852730028,0.02226744165551807,2000,-0.06051809302559139,0.04797084615380918,0.003724613514408226,-0.00516653493695215,0.012615761965768602
ds006850,bandpower_ridge_strong,eeg_added_matched_calibration,1,4,-0.0055675615342137275,-0.03439846397043732,0.02326334090200986,2000,-0.05981203112391401,0.04867690805548656,0.005187143325887378,-0.0038594014293131477,0.014233688081087903
ds006850,bandpower_ridge_strong,eeg_added_matched_calibration,1,8,-0.007516954710745871,-0.03657797621334148,0.021544066791849743,2000,-0.061761424300446156,0.046727514878954414,0.00453484149226932,-0.004553452044820371,0.013623135029359012
ds006850,bandpower_ridge_strong,eeg_added_matched_calibration,2,0,0.005477591781987784,-0.031993469275004974,0.04294865283898054,2000,-0.0487668778077125,0.05972206137168807,0.0020385475370390815,-0.005545882192164943,0.009622977266243105
ds006850,bandpower_ridge_strong,eeg_added_matched_calibration,2,1,0.00137983947709569,-0.022753603216214165,0.025513282170405546,2000,-0.052864630112604595,0.055624309066795975,0.0014335292712600034,-0.006152435654000622,0.009019494196520629
ds006850,bandpower_ridge_strong,eeg_added_matched_calibration,2,2,0.0003898601039833971,-0.029024941117524013,0.029804661325490808,2000,-0.05385460948571689,0.05463432969368368,0.0006965417923386064,-0.007196503225443018,0.008589586810120231
ds006850,bandpower_ridge_strong,eeg_added_matched_calibration,2,4,0.0018793754156467002,-0.02832708913179194,0.03208583996308534,2000,-0.052365094174053585,0.056123845005346985,0.0006744683518800088,-0.007393276556690396,0.008742213260450413
ds006850,bandpower_ridge_strong,eeg_added_matched_calibration,2,8,0.0015231275481619178,-0.02923003006023417,0.032276285156558004,2000,-0.05272134204153837,0.0557675971378622,0.0006609675633769962,-0.0075328026716549815,0.008854737798408974
ds006850,bandpower_ridge_strong,eeg_added_matched_calibration,4,0,-0.0026646502327917487,-0.04544364199943492,0.04011434153385142,2000,-0.056909119822492034,0.051579819356908536,0.004347108655914922,-0.0031662288935998453,0.011860446205429689
ds006850,bandpower_ridge_strong,eeg_added_matched_calibration,4,1,-0.003667501100151682,-0.0302561274697141,0.022921125269410737,2000,-0.05791197068985197,0.0505769684895486,0.0025227087611874865,-0.004181940636559375,0.009227358158934348
ds006850,bandpower_ridge_strong,eeg_added_matched_calibration,4,2,-0.008709263840271875,-0.04138109312750378,0.02396256544696003,2000,-0.06295373342997215,0.04553520574942841,0.002346846703768002,-0.004930125657341226,0.00962381906487723
ds006850,bandpower_ridge_strong,eeg_added_matched_calibration,4,4,-0.006672687915648401,-0.03977624594513114,0.02643087011383434,2000,-0.060917157505348686,0.047571781674051884,0.0032889444381772603,-0.0036742615758566426,0.010252150452211162
ds006850,bandpower_ridge_strong,eeg_added_matched_calibration,4,8,-0.00798650553885727,-0.04114956111687687,0.025176550039162332,2000,-0.062230975128557554,0.046257964050843016,0.004090377310560722,-0.0028105981878576193,0.010991352808979064
ds006850,bandpower_ridge_strong,eeg_added_matched_calibration,8,0,-0.0104841674348079,-0.05490041768203216,0.03393208281241636,2000,-0.06472863702450818,0.043760302154892385,0.0051064509479943065,-0.0018683474497668637,0.012081249345755477
ds006850,bandpower_ridge_strong,eeg_added_matched_calibration,8,1,-0.006643046279043829,-0.033952333689533154,0.020666241131445492,2000,-0.060887515868744115,0.047601423310656456,0.002303220335084316,-0.004249820489220847,0.008856261159389478
ds006850,bandpower_ridge_strong,eeg_added_matched_calibration,8,2,-0.012849685791407273,-0.0475668195203538,0.021867447937539253,2000,-0.06709415538110755,0.04139478379829301,0.0026644971999362776,-0.0041105674445794,0.009439561844451955
ds006850,bandpower_ridge_strong,eeg_added_matched_calibration,8,4,-0.011696835847939457,-0.04722847108688212,0.023834799391003206,2000,-0.06594130543763974,0.04254763374176083,0.003460854291803206,-0.0034102774205892385,0.01033198600419565
ds006850,bandpower_ridge_strong,eeg_added_matched_calibration,8,8,-0.013107322845629987,-0.047278017860684585,0.02106337216942461,2000,-0.06735179243533027,0.0411371467440703,0.004728078331361907,-0.00228087738696889,0.011737034049692703
ds006850,bandpower_ridge_strong,prior_calibration_gain,0,0,0.0,0.0,0.0,2000,-0.13169041129046133,0.13169041129046133,0.0,0.0,0.0
ds006850,bandpower_ridge_strong,prior_calibration_gain,0,1,0.0,0.0,0.0,2000,-0.13169041129046133,0.13169041129046133,0.0,0.0,0.0
ds006850,bandpower_ridge_strong,prior_calibration_gain,0,2,0.0,0.0,0.0,2000,-0.13169041129046133,0.13169041129046133,0.0,0.0,0.0
ds006850,bandpower_ridge_strong,prior_calibration_gain,0,4,0.0,0.0,0.0,2000,-0.13169041129046133,0.13169041129046133,0.0,0.0,0.0
ds006850,bandpower_ridge_strong,prior_calibration_gain,0,8,0.0,0.0,0.0,2000,-0.13169041129046133,0.13169041129046133,0.0,0.0,0.0
ds006850,bandpower_ridge_strong,prior_calibration_gain,1,0,0.08274658665210007,-0.042535461921799786,0.2080286352259999,2000,-0.048943824638361264,0.21443699794256138,0.04829210949033019,0.013870851281162867,0.08271336769949753
ds006850,bandpower_ridge_strong,prior_calibration_gain,1,1,-0.017840541017210887,-0.11814412837047635,0.08246304633605457,2000,-0.14953095230767222,0.11384987027325044,0.04984485751565715,0.016601209163550894,0.0830885058677634
ds006850,bandpower_ridge_strong,prior_calibration_gain,1,2,-0.05445749363486263,-0.16615678579679902,0.057241798527073756,2000,-0.18614790492532396,0.0772329176555987,0.05215490427631708,0.018967766206257605,0.08534204234637656
ds006850,bandpower_ridge_strong,prior_calibration_gain,1,4,-0.04634931158613692,-0.16541952768520451,0.07272090451293069,2000,-0.17803972287659825,0.08534109970432441,0.05244606023854048,0.019307383588758005,0.08558473688832297
ds006850,bandpower_ridge_strong,prior_calibration_gain,1,8,-0.05573286110738246,-0.17786380625485793,0.06639808404009302,2000,-0.1874232723978438,0.07595755018307887,0.05712164248389051,0.023882874908876785,0.09036041005890424
ds006850,bandpower_ridge_strong,prior_calibration_gain,2,0,0.1409623719153005,0.027009984720989158,0.25491475910961187,2000,0.009271960624839176,0.2726527832057618,0.02171333893995578,-0.004967831161776813,0.04839450904168837
ds006850,bandpower_ridge_strong,prior_calibration_gain,2,1,0.03008480655524437,-0.052270661239887536,0.11244027435037628,2000,-0.10160560473521696,0.1617752178457057,0.02113654341703447,-0.003186712177732833,0.04545979901180178
ds006850,bandpower_ridge_strong,prior_calibration_gain,2,2,0.018033997403535007,-0.07737830576494031,0.11344630057201033,2000,-0.11365641388692632,0.14972440869399634,0.019661663519724953,-0.005946788998996245,0.04527011603844615
ds006850,bandpower_ridge_strong,prior_calibration_gain,2,4,0.031354011727983466,-0.07045514499317782,0.13316316844914475,2000,-0.10033639956247786,0.1630444230184448,0.021985026115436623,-0.0032631848216661125,0.04723323705253936
ds006850,bandpower_ridge_strong,prior_calibration_gain,2,8,0.03173182574778072,-0.07547630059419888,0.13893995208976032,2000,-0.09995858554268061,0.16342223703824205,0.021333222696912374,-0.0040347772429989125,0.046701222636823664
ds006850,bandpower_ridge_strong,prior_calibration_gain,4,0,0.15361825253941824,0.03709768373786511,0.2701388213409714,2000,0.021927841248956914,0.28530866382987957,0.0037453044281207104,-0.017089614484499128,0.02458022334074055
ds006850,bandpower_ridge_strong,prior_calibration_gain,4,1,0.04990305602774725,-0.023865579014826846,0.12367169107032135,2000,-0.08178735526271408,0.18159346731820858,0.007241785673276158,-0.010144031058022699,0.024627602404575014
ds006850,bandpower_ridge_strong,prior_calibration_gain,4,2,0.047808429390673146,-0.04088359021266835,0.13650044899401464,2000,-0.08388198189978818,0.17949884068113447,0.0032053671646432025,-0.01612523906023305,0.022535973389519456
ds006850,bandpower_ridge_strong,prior_calibration_gain,4,4,0.06296689395012922,-0.031467033467209124,0.15740082136746758,2000,-0.06872351734033211,0.19465730524059055,0.002973396960041813,-0.01623344010166362,0.022180234021747246
ds006850,bandpower_ridge_strong,prior_calibration_gain,4,8,0.06567263606507251,-0.03279585778572719,0.1641411299158722,2000,-0.06601777522538882,0.19736304735553384,0.0024981387496020024,-0.01630855809833101,0.021304835597535016
ds006850,bandpower_ridge_strong,prior_calibration_gain,8,0,0.15644082287592032,0.04918720344839675,0.26369444230344385,2000,0.024750411585458987,0.28813123416638164,-0.0024385431923127365,-0.02043948863464686,0.015562402250021388
ds006850,bandpower_ridge_strong,prior_calibration_gain,8,1,0.05838563020613474,-0.008925957034504106,0.1256972174467736,2000,-0.07330478108432659,0.19007604149659607,0.002948584691531392,-0.010849144839254797,0.01674631422231758
ds006850,bandpower_ridge_strong,prior_calibration_gain,8,2,0.05999771846865137,-0.019567348551193256,0.139562785488496,2000,-0.07169269282180996,0.1916881297591127,-0.0012767056092662377,-0.016776955214751248,0.014223543996218772
ds006850,bandpower_ridge_strong,prior_calibration_gain,8,4,0.07519470815880047,-0.010471416654310131,0.16086083297191106,2000,-0.05649570313166086,0.2068851194492618,-0.0016221975957553258,-0.01762015210740216,0.014375756915891508
ds006850,bandpower_ridge_strong,prior_calibration_gain,8,8,0.07736957634443592,-0.012390903137842482,0.1671300558267143,2000,-0.05432083494602541,0.20905998763489725,-0.00304765247792807,-0.01899809259420866,0.012902787638352519
ds006850,bandpower_ridge_strong,combined_calibration_gain,0,0,0.0,0.0,0.0,2000,-0.13175332706022352,0.13175332706022352,0.0,0.0,0.0
ds006850,bandpower_ridge_strong,combined_calibration_gain,0,1,0.0,0.0,0.0,2000,-0.13175332706022352,0.13175332706022352,0.0,0.0,0.0
ds006850,bandpower_ridge_strong,combined_calibration_gain,0,2,0.0,0.0,0.0,2000,-0.13175332706022352,0.13175332706022352,0.0,0.0,0.0
ds006850,bandpower_ridge_strong,combined_calibration_gain,0,4,0.0,0.0,0.0,2000,-0.13175332706022352,0.13175332706022352,0.0,0.0,0.0
ds006850,bandpower_ridge_strong,combined_calibration_gain,0,8,0.0,0.0,0.0,2000,-0.13175332706022352,0.13175332706022352,0.0,0.0,0.0
ds006850,bandpower_ridge_strong,combined_calibration_gain,1,0,0.09314605856380387,-0.03542038511570386,0.2217125022433116,2000,-0.038607268496419656,0.2248993856240274,0.04260706930434055,0.005623760844646532,0.07959037776403458
ds006850,bandpower_ridge_strong,combined_calibration_gain,1,1,-0.013283814702559738,-0.11487818178398217,0.08831055237886269,2000,-0.14503714176278326,0.11846951235766379,0.047314127705821024,0.01152145192419294,0.08310680348744912
ds006850,bandpower_ridge_strong,combined_calibration_gain,1,2,-0.040988181802894263,-0.15525930102906238,0.07328293742327384,2000,-0.1727415088631178,0.09076514525732926,0.050580414208480945,0.015836832079619965,0.08532399633734192
ds006850,bandpower_ridge_strong,combined_calibration_gain,1,4,-0.038765567079967866,-0.16096204049200896,0.08343090633207323,2000,-0.1705188941401914,0.09298775998025566,0.05448156035541041,0.01960574403912653,0.08935737667169429
ds006850,bandpower_ridge_strong,combined_calibration_gain,1,8,-0.0470561837328094,-0.1721690541510075,0.0780566866853887,2000,-0.17880951079303292,0.08469714332741413,0.0552055813200677,0.020065664741426327,0.09034549789870908
ds006850,bandpower_ridge_strong,combined_calibration_gain,2,0,0.15856302578712306,0.04540330341612733,0.2717227481581188,2000,0.026809698726899533,0.2903163528473466,0.014395736006282217,-0.01395946423820104,0.042750936250765474
ds006850,bandpower_ridge_strong,combined_calibration_gain,2,1,0.04131248463150819,-0.038814497746491386,0.12143946700950776,2000,-0.09044084242871533,0.1730658116917317,0.016270484167738714,-0.009165086599459516,0.04170605493493694
ds006850,bandpower_ridge_strong,combined_calibration_gain,2,2,0.03816679277537788,-0.055352992913906385,0.13168657846466214,2000,-0.09358653428484565,0.1699201198356014,0.015059101729819196,-0.011142313779516789,0.04126051723915518
ds006850,bandpower_ridge_strong,combined_calibration_gain,2,4,0.04638469318401295,-0.05413403932479577,0.14690342569282167,2000,-0.08536863387621058,0.17813802024423647,0.01950785125829918,-0.005777129745463766,0.04479283226206213
ds006850,bandpower_ridge_strong,combined_calibration_gain,2,8,0.04944858538126157,-0.0566292616799178,0.15552643244244094,2000,-0.08230474167896196,0.1812019124414851,0.015543287604197237,-0.009839911593712801,0.040926486802107274
ds006850,bandpower_ridge_strong,combined_calibration_gain,4,0,0.16307666439646104,0.05017877822332022,0.27597455056960185,2000,0.03132333733623752,0.29482999145668454,-0.0012637373866770107,-0.023576941757512144,0.021049466984158122
ds006850,bandpower_ridge_strong,combined_calibration_gain,4,1,0.056083393526763836,-0.015927556277409355,0.12809434333093703,2000,-0.07566993353345969,0.18783672058698736,0.0034649059139078564,-0.015599382508853971,0.022529194336669684
ds006850,bandpower_ridge_strong,combined_calibration_gain,4,2,0.05884210081826069,-0.02671514725555174,0.14439934889207312,2000,-0.07291122624196283,0.1905954278784842,0.00025311028616684106,-0.020160524631011048,0.02066674520334473
ds006850,bandpower_ridge_strong,combined_calibration_gain,4,4,0.06944551207486355,-0.021521015940919458,0.16041204009064655,2000,-0.06230781498535998,0.20119883913508707,0.0031106981892016217,-0.016504966296802908,0.02272636267520615
ds006850,bandpower_ridge_strong,combined_calibration_gain,4,8,0.07387976261153417,-0.022511118158569418,0.17027064338163778,2000,-0.05787356444868935,0.2056330896717577,0.0001376134040705912,-0.01900637835223467,0.019281605160375852
ds006850,bandpower_ridge_strong,combined_calibration_gain,8,0,0.15807971753094696,0.054273621298830274,0.26188581376306364,2000,0.026326390470723438,0.2898330445911705,-0.006688242715031073,-0.025537806397159364,0.012161320967097218
ds006850,bandpower_ridge_strong,combined_calibration_gain,8,1,0.06159042252625918,-0.00503127870632103,0.1282121237588394,2000,-0.07016290453396434,0.1933437495864827,-0.0010477834939400799,-0.01609779536906493,0.01400222838118477
ds006850,bandpower_ridge_strong,combined_calibration_gain,8,2,0.06689096794510352,-0.011503191040919333,0.14528512693112638,2000,-0.06486235911512,0.19864429500532704,-0.003911311991574323,-0.020429443553416183,0.012606819570267536
ds006850,bandpower_ridge_strong,combined_calibration_gain,8,4,0.07664917835124374,-0.0073338642031462176,0.1606322209056337,2000,-0.05510414870897978,0.20840250541146726,-0.0013129865129695717,-0.017986362144957798,0.015360389119018655
ds006850,bandpower_ridge_strong,combined_calibration_gain,8,8,0.08045588558412486,-0.008501665158668126,0.16941343632691785,2000,-0.05129744147609866,0.2122092126443484,-0.004770476802658297,-0.021459244213617158,0.011918290608300564
ds006850,bandpower_ridge_strong,total_minus_uncalibrated_prior,0,0,-0.01212306208983476,-0.07076446658983604,0.04651834241016652,2000,-0.15038969168446947,0.12614356750479994,0.009356150470712643,0.0009057877673443303,0.017806513174080954
ds006850,bandpower_ridge_strong,total_minus_uncalibrated_prior,0,1,-0.009847838599168046,-0.0443898041904219,0.024694126992085806,2000,-0.14811446819380275,0.12841879099546666,0.00629958852055576,-0.0015807378360189542,0.014179914877130474
ds006850,bandpower_ridge_strong,total_minus_uncalibrated_prior,0,2,-0.019742935267859474,-0.06357491551759789,0.024089044981878936,2000,-0.15800956486249418,0.11852369432677523,0.005299103582244363,-0.003392953208386361,0.013991160372875087
ds006850,bandpower_ridge_strong,total_minus_uncalibrated_prior,0,4,-0.013151306040382782,-0.05953041594722578,0.033227803866460216,2000,-0.1514179356350175,0.12511532355425192,0.0031516432090174518,-0.005703721902097678,0.012007008320132581
ds006850,bandpower_ridge_strong,total_minus_uncalibrated_prior,0,8,-0.016193632085318932,-0.060403481628849044,0.02801621745821118,2000,-0.15446026167995364,0.12207299750931577,0.006450902656092133,-0.0016142758281727232,0.01451608114035699
ds006850,bandpower_ridge_strong,total_minus_uncalibrated_prior,1,0,0.08102299647396911,-0.046927810528830396,0.20897380347676864,2000,-0.05724363312066559,0.2192896260686038,0.05196321977505319,0.015803921389970756,0.08812251816013564
ds006850,bandpower_ridge_strong,total_minus_uncalibrated_prior,1,1,-0.023131653301727784,-0.12673105538215382,0.08046774877869825,2000,-0.1613982828963625,0.11513497629290692,0.053613716226376784,0.019167784713466467,0.0880596477392871
ds006850,bandpower_ridge_strong,total_minus_uncalibrated_prior,1,2,-0.06073111707075374,-0.1757270851356339,0.05426485099412641,2000,-0.19899774666538844,0.07753551252388097,0.05587951779072531,0.02189982352017729,0.08985921206127333
ds006850,bandpower_ridge_strong,total_minus_uncalibrated_prior,1,4,-0.05191687312035065,-0.17217063362119966,0.06833688738049837,2000,-0.19018350271498535,0.08634975647428406,0.05763320356442786,0.02399404997908766,0.09127235714976806
ds006850,bandpower_ridge_strong,total_minus_uncalibrated_prior,1,8,-0.06324981581812833,-0.18705223087746126,0.06055259924120458,2000,-0.20151644541276303,0.07501681377650637,0.06165648397615983,0.027328964775913768,0.0959840031764059
ds006850,bandpower_ridge_strong,total_minus_uncalibrated_prior,2,0,0.1464399636972883,0.027278142981144893,0.2656017844134317,2000,0.008173334102653584,0.284706593291923,0.02375188647699486,-0.004025537431998905,0.051529310385988625
ds006850,bandpower_ridge_strong,total_minus_uncalibrated_prior,2,1,0.03146464603234006,-0.05474350531162879,0.11767279737630891,2000,-0.10680198356229464,0.16973127562697476,0.022570072688294474,-0.0023595731743502324,0.04749971855093918
ds006850,bandpower_ridge_strong,total_minus_uncalibrated_prior,2,2,0.018423857507518404,-0.08052051951393341,0.11736823452897022,2000,-0.1198427720871163,0.1566904871021531,0.02035820531206356,-0.005733992482573766,0.046450403106700885
ds006850,bandpower_ridge_strong,total_minus_uncalibrated_prior,2,4,0.033233387143630166,-0.07006404207033072,0.13653081635759107,2000,-0.10503324245100454,0.17150001673826487,0.022659494467316632,-0.0018782843204641006,0.047197273255097365
ds006850,bandpower_ridge_strong,total_minus_uncalibrated_prior,2,8,0.033254953295942635,-0.07434130871214055,0.14085121530402583,2000,-0.10501167629869207,0.17152158289057734,0.02199419026028937,-0.002716878114584001,0.04670525863516274
ds006850,bandpower_ridge_strong,total_minus_uncalibrated_prior,4,0,0.1509536023066265,0.02576328854883536,0.2761439160644176,2000,0.01268697271199179,0.2892202319012612,0.008092413084035632,-0.01468942333459309,0.030874249502664354
ds006850,bandpower_ridge_strong,total_minus_uncalibrated_prior,4,1,0.04623555492759557,-0.03469980881931474,0.12717091867450586,2000,-0.09203107466703914,0.18450218452223027,0.009764494434463644,-0.009467507817795439,0.028996496686722727
ds006850,bandpower_ridge_strong,total_minus_uncalibrated_prior,4,2,0.03909916555040127,-0.05739125048312871,0.13558958158393125,2000,-0.09916746404423343,0.17736579514503598,0.005552213868411204,-0.01568110998683487,0.026785537723657278
ds006850,bandpower_ridge_strong,total_minus_uncalibrated_prior,4,4,0.05629420603448082,-0.04414516295049309,0.15673357501945473,2000,-0.08197242356015388,0.19456083562911552,0.006262341398219073,-0.013816653328206724,0.02634133612464487
ds006850,bandpower_ridge_strong,total_minus_uncalibrated_prior,4,8,0.05768613052621524,-0.04536125309377741,0.1607335141462079,2000,-0.08058049906841946,0.19595276012084994,0.006588516060162725,-0.012854903445996976,0.026031935566322426
ds006850,bandpower_ridge_strong,total_minus_uncalibrated_prior,8,0,0.14595665544111242,0.02844281588726777,0.26347049499495706,2000,0.0076900258464777105,0.2842232850357471,0.00266790775568157,-0.016968219411573282,0.022304034922936422
ds006850,bandpower_ridge_strong,total_minus_uncalibrated_prior,8,1,0.05174258392709091,-0.023989922778407752,0.12747509063258958,2000,-0.08652404566754379,0.19000921352172562,0.005251805026615708,-0.010097082514627504,0.02060069256785892
ds006850,bandpower_ridge_strong,total_minus_uncalibrated_prior,8,2,0.0471480326772441,-0.04219990485090637,0.13649597020539456,2000,-0.0911185969173906,0.1854146622718788,0.00138779159067004,-0.01585923333772196,0.01863481651906204
ds006850,bandpower_ridge_strong,total_minus_uncalibrated_prior,8,4,0.06349787231086101,-0.030343529281646575,0.1573392739033686,2000,-0.07476875728377369,0.20176450190549572,0.00183865669604788,-0.015301034158164188,0.01897834755025995
ds006850,bandpower_ridge_strong,total_minus_uncalibrated_prior,8,8,0.06426225349880593,-0.03153413156311159,0.16005863856072344,2000,-0.07400437609582877,0.20252888309344064,0.0016804258534338368,-0.0152642591451989,0.018625110852066574
ds006850,eegnet_lr1e3,eeg_added_population,0,0,0.010144771042118273,-0.01805899335508667,0.03834853543932321,2000,-0.021005008338886695,0.04129455042312324,0.0006942790307700175,-0.002809275552235202,0.004197833613775237
ds006850,eegnet_lr1e3,eeg_added_population,0,1,0.00609985657066886,-0.00732394496792581,0.019523658109263528,2000,-0.025049922810336106,0.037249635951673826,0.0015644074775408023,-0.0019217123091555877,0.005050527264237192
ds006850,eegnet_lr1e3,eeg_added_population,0,2,0.01451776885449707,-0.013479500726928023,0.042515038435922164,2000,-0.016632010526507895,0.04566754823550204,0.0009349482419072908,-0.0047385523617715,0.0066084488455860815
ds006850,eegnet_lr1e3,eeg_added_population,0,4,0.011668172503600915,-0.007066713467722738,0.03040305847492457,2000,-0.01948160687740405,0.04281795188460588,0.0007126398377991228,-0.0027757498808238267,0.004201029556422072
ds006850,eegnet_lr1e3,eeg_added_population,0,8,0.01688419324610252,-0.015450596520416401,0.04921898301262144,2000,-0.014265586134902447,0.048033972627107485,0.00018499045334627318,-0.004639531602769739,0.0050095125094622855
ds006850,eegnet_lr1e3,eeg_added_population,1,0,0.010144771042118273,-0.01805899335508667,0.03834853543932321,2000,-0.021005008338886695,0.04129455042312324,0.0006942790307700175,-0.002809275552235202,0.004197833613775237
ds006850,eegnet_lr1e3,eeg_added_population,1,1,0.00609985657066886,-0.00732394496792581,0.019523658109263528,2000,-0.025049922810336106,0.037249635951673826,0.0015644074775408023,-0.0019217123091555877,0.005050527264237192
ds006850,eegnet_lr1e3,eeg_added_population,1,2,0.01451776885449707,-0.013479500726928023,0.042515038435922164,2000,-0.016632010526507895,0.04566754823550204,0.0009349482419072908,-0.0047385523617715,0.0066084488455860815
ds006850,eegnet_lr1e3,eeg_added_population,1,4,0.011668172503600915,-0.007066713467722738,0.03040305847492457,2000,-0.01948160687740405,0.04281795188460588,0.0007126398377991228,-0.0027757498808238267,0.004201029556422072
ds006850,eegnet_lr1e3,eeg_added_population,1,8,0.01688419324610252,-0.015450596520416401,0.04921898301262144,2000,-0.014265586134902447,0.048033972627107485,0.00018499045334627318,-0.004639531602769739,0.0050095125094622855
ds006850,eegnet_lr1e3,eeg_added_population,2,0,0.010144771042118273,-0.01805899335508667,0.03834853543932321,2000,-0.021005008338886695,0.04129455042312324,0.0006942790307700175,-0.002809275552235202,0.004197833613775237
ds006850,eegnet_lr1e3,eeg_added_population,2,1,0.00609985657066886,-0.00732394496792581,0.019523658109263528,2000,-0.025049922810336106,0.037249635951673826,0.0015644074775408023,-0.0019217123091555877,0.005050527264237192
ds006850,eegnet_lr1e3,eeg_added_population,2,2,0.01451776885449707,-0.013479500726928023,0.042515038435922164,2000,-0.016632010526507895,0.04566754823550204,0.0009349482419072908,-0.0047385523617715,0.0066084488455860815
ds006850,eegnet_lr1e3,eeg_added_population,2,4,0.011668172503600915,-0.007066713467722738,0.03040305847492457,2000,-0.01948160687740405,0.04281795188460588,0.0007126398377991228,-0.0027757498808238267,0.004201029556422072
ds006850,eegnet_lr1e3,eeg_added_population,2,8,0.01688419324610252,-0.015450596520416401,0.04921898301262144,2000,-0.014265586134902447,0.048033972627107485,0.00018499045334627318,-0.004639531602769739,0.0050095125094622855
ds006850,eegnet_lr1e3,eeg_added_population,4,0,0.010144771042118273,-0.01805899335508667,0.03834853543932321,2000,-0.021005008338886695,0.04129455042312324,0.0006942790307700175,-0.002809275552235202,0.004197833613775237
ds006850,eegnet_lr1e3,eeg_added_population,4,1,0.00609985657066886,-0.00732394496792581,0.019523658109263528,2000,-0.025049922810336106,0.037249635951673826,0.0015644074775408023,-0.0019217123091555877,0.005050527264237192
ds006850,eegnet_lr1e3,eeg_added_population,4,2,0.01451776885449707,-0.013479500726928023,0.042515038435922164,2000,-0.016632010526507895,0.04566754823550204,0.0009349482419072908,-0.0047385523617715,0.0066084488455860815
ds006850,eegnet_lr1e3,eeg_added_population,4,4,0.011668172503600915,-0.007066713467722738,0.03040305847492457,2000,-0.01948160687740405,0.04281795188460588,0.0007126398377991228,-0.0027757498808238267,0.004201029556422072
ds006850,eegnet_lr1e3,eeg_added_population,4,8,0.01688419324610252,-0.015450596520416401,0.04921898301262144,2000,-0.014265586134902447,0.048033972627107485,0.00018499045334627318,-0.004639531602769739,0.0050095125094622855
ds006850,eegnet_lr1e3,eeg_added_population,8,0,0.010144771042118273,-0.01805899335508667,0.03834853543932321,2000,-0.021005008338886695,0.04129455042312324,0.0006942790307700175,-0.002809275552235202,0.004197833613775237
ds006850,eegnet_lr1e3,eeg_added_population,8,1,0.00609985657066886,-0.00732394496792581,0.019523658109263528,2000,-0.025049922810336106,0.037249635951673826,0.0015644074775408023,-0.0019217123091555877,0.005050527264237192
ds006850,eegnet_lr1e3,eeg_added_population,8,2,0.01451776885449707,-0.013479500726928023,0.042515038435922164,2000,-0.016632010526507895,0.04566754823550204,0.0009349482419072908,-0.0047385523617715,0.0066084488455860815
ds006850,eegnet_lr1e3,eeg_added_population,8,4,0.011668172503600915,-0.007066713467722738,0.03040305847492457,2000,-0.01948160687740405,0.04281795188460588,0.0007126398377991228,-0.0027757498808238267,0.004201029556422072
ds006850,eegnet_lr1e3,eeg_added_population,8,8,0.01688419324610252,-0.015450596520416401,0.04921898301262144,2000,-0.014265586134902447,0.048033972627107485,0.00018499045334627318,-0.004639531602769739,0.0050095125094622855
ds006850,eegnet_lr1e3,eeg_added_matched_calibration,0,0,0.010144771042118273,-0.01805899335508667,0.03834853543932321,2000,-0.02828651845474727,0.04857606053898381,0.0006942790307700175,-0.002809275552235202,0.004197833613775237
ds006850,eegnet_lr1e3,eeg_added_matched_calibration,0,1,0.00609985657066886,-0.00732394496792581,0.019523658109263528,2000,-0.03233143292619668,0.0445311460675344,0.0015644074775408023,-0.0019217123091555877,0.005050527264237192
ds006850,eegnet_lr1e3,eeg_added_matched_calibration,0,2,0.01451776885449707,-0.013479500726928023,0.042515038435922164,2000,-0.02391352064236847,0.05294905835136261,0.0009349482419072908,-0.0047385523617715,0.0066084488455860815
ds006850,eegnet_lr1e3,eeg_added_matched_calibration,0,4,0.011668172503600915,-0.007066713467722738,0.03040305847492457,2000,-0.026763116993264627,0.05009946200046646,0.0007126398377991228,-0.0027757498808238267,0.004201029556422072
ds006850,eegnet_lr1e3,eeg_added_matched_calibration,0,8,0.01688419324610252,-0.015450596520416401,0.04921898301262144,2000,-0.021547096250763023,0.05531548274296806,0.00018499045334627318,-0.004639531602769739,0.0050095125094622855
ds006850,eegnet_lr1e3,eeg_added_matched_calibration,1,0,0.006642635240918973,-0.009378842115764941,0.022664112597602887,2000,-0.03178865425594657,0.045073924737784515,0.001746846703917948,-0.0034524041789234785,0.006946097586759375
ds006850,eegnet_lr1e3,eeg_added_matched_calibration,1,1,0.005478719804599935,-0.00528105662556652,0.016238496234766392,2000,-0.03295256969226561,0.04391000930146548,0.001653169338489413,-0.003162510868766695,0.006468849545745521
ds006850,eegnet_lr1e3,eeg_added_matched_calibration,1,2,0.0045684498530029205,-0.014996085060772418,0.02413298476677826,2000,-0.03386283964386262,0.04299973934986846,0.004451627285163351,-0.004588180805460843,0.013491435375787545
ds006850,eegnet_lr1e3,eeg_added_matched_calibration,1,4,0.006368433359053516,-0.006320544551184193,0.019057411269291225,2000,-0.032062856137812026,0.04479972285591906,0.0020239908080771918,-0.0039055848939018537,0.007953566510056237
ds006850,eegnet_lr1e3,eeg_added_matched_calibration,1,8,0.0058274975110577665,-0.012012035004525374,0.023667030026640907,2000,-0.032603791985807776,0.04425878700792331,0.0035043950365630516,-0.0037962757556013514,0.010805065828727454
ds006850,eegnet_lr1e3,eeg_added_matched_calibration,2,0,0.004874953083698841,-0.01934076995788001,0.02909067612527769,2000,-0.0335563364131667,0.04330624258056438,0.003179268273937247,-0.004174951505526174,0.010533488053400668
ds006850,eegnet_lr1e3,eeg_added_matched_calibration,2,1,0.0012669082386456143,-0.017600481659085555,0.020134298136376783,2000,-0.03716438125821993,0.039698197735511156,0.0034701329595447916,-0.0037329743720116637,0.010673240291101248
ds006850,eegnet_lr1e3,eeg_added_matched_calibration,2,2,-0.015724977503565774,-0.05452215363931217,0.023072198632180622,2000,-0.054156267000431316,0.02270631199329977,0.010891751350198431,-0.007692117486509335,0.029475620186906196
ds006850,eegnet_lr1e3,eeg_added_matched_calibration,2,4,0.005789288377241186,-0.013897399256202779,0.02547597601068515,2000,-0.032642001119624356,0.04422057787410673,0.0031032412939194787,-0.003337673202257194,0.00954415579009615
ds006850,eegnet_lr1e3,eeg_added_matched_calibration,2,8,-0.0016522689574179905,-0.034263437057284046,0.030958899142448065,2000,-0.04008355845428353,0.03677902053944755,0.006163353515222181,-0.004984140190623855,0.017310847221068217
ds006850,eegnet_lr1e3,eeg_added_matched_calibration,4,0,0.015427436343913303,-0.008325004404065483,0.03917987709189209,2000,-0.02300385315295224,0.053858725840778846,0.0012077346399259337,-0.0030671900896785884,0.005482659369530456
ds006850,eegnet_lr1e3,eeg_added_matched_calibration,4,1,0.007726855492348306,-0.005803046078797485,0.021256757063494097,2000,-0.030704434004517236,0.04615814498921385,0.0017401868445341417,-0.00245100984287087,0.0059313835319391535
ds006850,eegnet_lr1e3,eeg_added_matched_calibration,4,2,0.0029423984744543774,-0.02199711233072916,0.027881909279637913,2000,-0.035488891022411165,0.04137368797131992,0.005282069513357079,-0.004148418453534343,0.014712557480248502
ds006850,eegnet_lr1e3,eeg_added_matched_calibration,4,4,0.012369962100381549,-0.005101783439349205,0.029841707640112302,2000,-0.026061327396483994,0.05080125159724709,0.0014380389586300113,-0.002720860738058762,0.005596938655318785
ds006850,eegnet_lr1e3,eeg_added_matched_calibration,4,8,0.010821752961307274,-0.014193013706996764,0.03583651962961131,2000,-0.02760953653555827,0.049253042458172816,0.0034379249608224305,-0.002717328382929325,0.009593178304574186
ds006850,eegnet_lr1e3,eeg_added_matched_calibration,8,0,0.013795690142492045,-0.009109458977694287,0.03670083926267838,2000,-0.024635599354373497,0.05222697963935759,0.0012021535741676692,-0.0025740566617583403,0.004978363810093679
ds006850,eegnet_lr1e3,eeg_added_matched_calibration,8,1,0.007125240323189896,-0.005888871085627141,0.020139351732006934,2000,-0.031306049173675646,0.04555652982005544,0.001327860616474219,-0.0024141446731887717,0.00506986590613721
ds006850,eegnet_lr1e3,eeg_added_matched_calibration,8,2,0.008418039668072363,-0.014315477510422888,0.031151556846567615,2000,-0.03001324982879318,0.046849329164937906,0.003066876932902085,-0.0037600981253295782,0.009893851991133748
ds006850,eegnet_lr1e3,eeg_added_matched_calibration,8,4,0.010367766063652029,-0.008620224201100677,0.029355756328404734,2000,-0.028063523433213514,0.04879905556051757,0.0017870064856555512,-0.0024106754362047548,0.005984688407515857
ds006850,eegnet_lr1e3,eeg_added_matched_calibration,8,8,0.011100095926204867,-0.0165609124868534,0.038761104339263136,2000,-0.027331193570660675,0.04953138542307041,0.003536528774879477,-0.0033836131250657648,0.010456670674824718
ds006850,eegnet_lr1e3,prior_calibration_gain,0,0,0.0,0.0,0.0,2000,-0.13169041129046133,0.13169041129046133,0.0,0.0,0.0
ds006850,eegnet_lr1e3,prior_calibration_gain,0,1,0.0,0.0,0.0,2000,-0.13169041129046133,0.13169041129046133,0.0,0.0,0.0
ds006850,eegnet_lr1e3,prior_calibration_gain,0,2,0.0,0.0,0.0,2000,-0.13169041129046133,0.13169041129046133,0.0,0.0,0.0
ds006850,eegnet_lr1e3,prior_calibration_gain,0,4,0.0,0.0,0.0,2000,-0.13169041129046133,0.13169041129046133,0.0,0.0,0.0
ds006850,eegnet_lr1e3,prior_calibration_gain,0,8,0.0,0.0,0.0,2000,-0.13169041129046133,0.13169041129046133,0.0,0.0,0.0
ds006850,eegnet_lr1e3,prior_calibration_gain,1,0,0.08274658665210007,-0.042535461921799786,0.2080286352259999,2000,-0.048943824638361264,0.21443699794256138,0.04829210949033019,0.013870851281162867,0.08271336769949753
ds006850,eegnet_lr1e3,prior_calibration_gain,1,1,-0.017840541017210887,-0.11814412837047635,0.08246304633605457,2000,-0.14953095230767222,0.11384987027325044,0.04984485751565715,0.016601209163550894,0.0830885058677634
ds006850,eegnet_lr1e3,prior_calibration_gain,1,2,-0.05445749363486263,-0.16615678579679902,0.057241798527073756,2000,-0.18614790492532396,0.0772329176555987,0.05215490427631708,0.018967766206257605,0.08534204234637656
ds006850,eegnet_lr1e3,prior_calibration_gain,1,4,-0.04634931158613692,-0.16541952768520451,0.07272090451293069,2000,-0.17803972287659825,0.08534109970432441,0.05244606023854048,0.019307383588758005,0.08558473688832297
ds006850,eegnet_lr1e3,prior_calibration_gain,1,8,-0.05573286110738246,-0.17786380625485793,0.06639808404009302,2000,-0.1874232723978438,0.07595755018307887,0.05712164248389051,0.023882874908876785,0.09036041005890424
ds006850,eegnet_lr1e3,prior_calibration_gain,2,0,0.1409623719153005,0.027009984720989158,0.25491475910961187,2000,0.009271960624839176,0.2726527832057618,0.02171333893995578,-0.004967831161776813,0.04839450904168837
ds006850,eegnet_lr1e3,prior_calibration_gain,2,1,0.03008480655524437,-0.052270661239887536,0.11244027435037628,2000,-0.10160560473521696,0.1617752178457057,0.02113654341703447,-0.003186712177732833,0.04545979901180178
ds006850,eegnet_lr1e3,prior_calibration_gain,2,2,0.018033997403535007,-0.07737830576494031,0.11344630057201033,2000,-0.11365641388692632,0.14972440869399634,0.019661663519724953,-0.005946788998996245,0.04527011603844615
ds006850,eegnet_lr1e3,prior_calibration_gain,2,4,0.031354011727983466,-0.07045514499317782,0.13316316844914475,2000,-0.10033639956247786,0.1630444230184448,0.021985026115436623,-0.0032631848216661125,0.04723323705253936
ds006850,eegnet_lr1e3,prior_calibration_gain,2,8,0.03173182574778072,-0.07547630059419888,0.13893995208976032,2000,-0.09995858554268061,0.16342223703824205,0.021333222696912374,-0.0040347772429989125,0.046701222636823664
ds006850,eegnet_lr1e3,prior_calibration_gain,4,0,0.15361825253941824,0.03709768373786511,0.2701388213409714,2000,0.021927841248956914,0.28530866382987957,0.0037453044281207104,-0.017089614484499128,0.02458022334074055
ds006850,eegnet_lr1e3,prior_calibration_gain,4,1,0.04990305602774725,-0.023865579014826846,0.12367169107032135,2000,-0.08178735526271408,0.18159346731820858,0.007241785673276158,-0.010144031058022699,0.024627602404575014
ds006850,eegnet_lr1e3,prior_calibration_gain,4,2,0.047808429390673146,-0.04088359021266835,0.13650044899401464,2000,-0.08388198189978818,0.17949884068113447,0.0032053671646432025,-0.01612523906023305,0.022535973389519456
ds006850,eegnet_lr1e3,prior_calibration_gain,4,4,0.06296689395012922,-0.031467033467209124,0.15740082136746758,2000,-0.06872351734033211,0.19465730524059055,0.002973396960041813,-0.01623344010166362,0.022180234021747246
ds006850,eegnet_lr1e3,prior_calibration_gain,4,8,0.06567263606507251,-0.03279585778572719,0.1641411299158722,2000,-0.06601777522538882,0.19736304735553384,0.0024981387496020024,-0.01630855809833101,0.021304835597535016
ds006850,eegnet_lr1e3,prior_calibration_gain,8,0,0.15644082287592032,0.04918720344839675,0.26369444230344385,2000,0.024750411585458987,0.28813123416638164,-0.0024385431923127365,-0.02043948863464686,0.015562402250021388
ds006850,eegnet_lr1e3,prior_calibration_gain,8,1,0.05838563020613474,-0.008925957034504106,0.1256972174467736,2000,-0.07330478108432659,0.19007604149659607,0.002948584691531392,-0.010849144839254797,0.01674631422231758
ds006850,eegnet_lr1e3,prior_calibration_gain,8,2,0.05999771846865137,-0.019567348551193256,0.139562785488496,2000,-0.07169269282180996,0.1916881297591127,-0.0012767056092662377,-0.016776955214751248,0.014223543996218772
ds006850,eegnet_lr1e3,prior_calibration_gain,8,4,0.07519470815880047,-0.010471416654310131,0.16086083297191106,2000,-0.05649570313166086,0.2068851194492618,-0.0016221975957553258,-0.01762015210740216,0.014375756915891508
ds006850,eegnet_lr1e3,prior_calibration_gain,8,8,0.07736957634443592,-0.012390903137842482,0.1671300558267143,2000,-0.05432083494602541,0.20905998763489725,-0.00304765247792807,-0.01899809259420866,0.012902787638352519
ds006850,eegnet_lr1e3,combined_calibration_gain,0,0,0.0,0.0,0.0,2000,-0.13446674305607847,0.13446674305607847,0.0,0.0,0.0
ds006850,eegnet_lr1e3,combined_calibration_gain,0,1,0.0,0.0,0.0,2000,-0.13446674305607847,0.13446674305607847,0.0,0.0,0.0
ds006850,eegnet_lr1e3,combined_calibration_gain,0,2,0.0,0.0,0.0,2000,-0.13446674305607847,0.13446674305607847,0.0,0.0,0.0
ds006850,eegnet_lr1e3,combined_calibration_gain,0,4,0.0,0.0,0.0,2000,-0.13446674305607847,0.13446674305607847,0.0,0.0,0.0
ds006850,eegnet_lr1e3,combined_calibration_gain,0,8,0.0,0.0,0.0,2000,-0.13446674305607847,0.13446674305607847,0.0,0.0,0.0
ds006850,eegnet_lr1e3,combined_calibration_gain,1,0,0.07924445085090076,-0.046331787359750104,0.20482068906155163,2000,-0.055222292205177714,0.21371119390697924,0.04934467716347812,0.014746619878195588,0.08394273444876066
ds006850,eegnet_lr1e3,combined_calibration_gain,1,1,-0.018461677783279812,-0.11788080189371794,0.08095744632715832,2000,-0.1529284208393583,0.11600506527279866,0.04993361937660576,0.01671177308394587,0.08315546566926565
ds006850,eegnet_lr1e3,combined_calibration_gain,1,2,-0.06440681263635678,-0.17250673716736298,0.04369311189464942,2000,-0.19887355569243526,0.0700599304197217,0.05567158331957314,0.02176746360528204,0.08957570303386425
ds006850,eegnet_lr1e3,combined_calibration_gain,1,4,-0.05164905073068432,-0.1688334095285397,0.06553530806717107,2000,-0.1861157937867628,0.08281769232539415,0.05375741120881855,0.020794815990562786,0.08672000642707431
ds006850,eegnet_lr1e3,combined_calibration_gain,1,8,-0.06678955684242721,-0.1853813944960892,0.051802280811234766,2000,-0.2012562998985057,0.06767718621365126,0.06044104706710729,0.027148093651223268,0.09373400048299131
ds006850,eegnet_lr1e3,combined_calibration_gain,2,0,0.13569255395688107,0.015126732808264709,0.2562583751054974,2000,0.001225810900802593,0.27015929701295954,0.024198328183123008,-0.004272289869650225,0.05266894623589624
ds006850,eegnet_lr1e3,combined_calibration_gain,2,1,0.025251858223221124,-0.06054316704031093,0.11104688348675318,2000,-0.10921488483285735,0.1597186012792996,0.02304226889903846,-0.0022053195621286534,0.04828985736020557
ds006850,eegnet_lr1e3,combined_calibration_gain,2,2,-0.012208748954527837,-0.12025808845681567,0.09584059054776,2000,-0.1466754920106063,0.12225799410155064,0.029618466628016094,-0.0024141285210890415,0.06165106177712123
ds006850,eegnet_lr1e3,combined_calibration_gain,2,4,0.025475127601623737,-0.07943289506920004,0.1303831502724475,2000,-0.10899161545445474,0.1599418706577022,0.02437562757155698,-0.0015802901547377311,0.05033154529785169
ds006850,eegnet_lr1e3,combined_calibration_gain,2,8,0.013195363544260208,-0.1019225214357531,0.1283132485242735,2000,-0.12127137951181827,0.14766210660033868,0.02731158575878828,-0.0007425715160301778,0.05536574303360674
ds006850,eegnet_lr1e3,combined_calibration_gain,4,0,0.15890091784121327,0.03898992246641121,0.27881191321601534,2000,0.024434174785134793,0.2933676608972917,0.0042587600372766266,-0.01724817488595594,0.02576569496050919
ds006850,eegnet_lr1e3,combined_calibration_gain,4,1,0.051530054949426696,-0.023440922920232116,0.1265010328190855,2000,-0.08293668810665178,0.18599679800550517,0.007417565040269497,-0.010339120040946826,0.02517425012148582
ds006850,eegnet_lr1e3,combined_calibration_gain,4,2,0.03623305901063045,-0.056381421785812916,0.1288475398070738,2000,-0.09823368404544802,0.17069980206670893,0.007552488436092991,-0.01356164351561552,0.028666620387801503
ds006850,eegnet_lr1e3,combined_calibration_gain,4,4,0.06366868354690985,-0.03140886380874319,0.1587462309025629,2000,-0.07079805950916862,0.19813542660298833,0.0036987960808727016,-0.015629164691873906,0.02302675685361931
ds006850,eegnet_lr1e3,combined_calibration_gain,4,8,0.059610195780277264,-0.04005870248254091,0.15927909404309543,2000,-0.07485654727580121,0.19407693883635574,0.00575107325707816,-0.013791557106079225,0.025293703620235544
ds006850,eegnet_lr1e3,combined_calibration_gain,8,0,0.16009174197629408,0.05227224671388998,0.2679112372386982,2000,0.025624998920215608,0.2945584850323726,-0.0019306686489150848,-0.020167242477742268,0.016305905179912098
ds006850,eegnet_lr1e3,combined_calibration_gain,8,1,0.05941101395865578,-0.008520882857693438,0.12734291077500498,2000,-0.0750557290974227,0.19387775701473425,0.0027120378304648085,-0.011112655540991605,0.016536731201921222
ds006850,eegnet_lr1e3,combined_calibration_gain,8,2,0.053897989282226666,-0.027774157277417763,0.1355701358418711,2000,-0.08056875377385181,0.18836473233830514,0.0008552230817285567,-0.01553598235147793,0.017246428514935044
ds006850,eegnet_lr1e3,combined_calibration_gain,8,4,0.07389430171885158,-0.012736976084697899,0.16052557952240107,2000,-0.06057244133722689,0.20836104477493006,-0.0005478309478988974,-0.016622025791332828,0.015526363895535033
ds006850,eegnet_lr1e3,combined_calibration_gain,8,8,0.07158547902453827,-0.01989329083022015,0.16306424887929669,2000,-0.06288126403154021,0.20605222208061674,0.00030388584360513393,-0.01643888405343803,0.017046655740648297
ds006850,eegnet_lr1e3,total_minus_uncalibrated_prior,0,0,0.010144771042118273,-0.01805899335508667,0.03834853543932321,2000,-0.12515573258235083,0.14544527466658738,0.0006942790307700175,-0.002809275552235202,0.004197833613775237
ds006850,eegnet_lr1e3,total_minus_uncalibrated_prior,0,1,0.00609985657066886,-0.00732394496792581,0.019523658109263528,2000,-0.12920064705380024,0.14140036019513796,0.0015644074775408023,-0.0019217123091555877,0.005050527264237192
ds006850,eegnet_lr1e3,total_minus_uncalibrated_prior,0,2,0.01451776885449707,-0.013479500726928023,0.042515038435922164,2000,-0.12078273476997203,0.14981827247896617,0.0009349482419072908,-0.0047385523617715,0.0066084488455860815
ds006850,eegnet_lr1e3,total_minus_uncalibrated_prior,0,4,0.011668172503600915,-0.007066713467722738,0.03040305847492457,2000,-0.12363233112086819,0.14696867612807002,0.0007126398377991228,-0.0027757498808238267,0.004201029556422072
ds006850,eegnet_lr1e3,total_minus_uncalibrated_prior,0,8,0.01688419324610252,-0.015450596520416401,0.04921898301262144,2000,-0.11841631037836658,0.15218469687057162,0.00018499045334627318,-0.004639531602769739,0.0050095125094622855
ds006850,eegnet_lr1e3,total_minus_uncalibrated_prior,1,0,0.08938922189301904,-0.03587845907574155,0.21465690286177963,2000,-0.045911281731450065,0.22468972551748814,0.05003895619424814,0.01492480081891695,0.08515311156957933
ds006850,eegnet_lr1e3,total_minus_uncalibrated_prior,1,1,-0.012361821212610952,-0.11403935366370012,0.08931571123847822,2000,-0.14766232483708006,0.12293868241185815,0.05149802685414656,0.01793541717895339,0.08506063652933973
ds006850,eegnet_lr1e3,total_minus_uncalibrated_prior,1,2,-0.04988904378185971,-0.16191903083837408,0.062140943274654664,2000,-0.1851895474063288,0.0854114598426094,0.05660653156148043,0.022483129878128727,0.09072993324483214
ds006850,eegnet_lr1e3,total_minus_uncalibrated_prior,1,4,-0.039980878227083405,-0.1589653709017056,0.07900361444753877,2000,-0.1752813818515525,0.0953196253973857,0.054470051046617673,0.02105675730477362,0.08788334478846173
ds006850,eegnet_lr1e3,total_minus_uncalibrated_prior,1,8,-0.04990536359632469,-0.1717162780430799,0.07190555085043052,2000,-0.1852058672207938,0.08539514002814441,0.06062603752045356,0.026809761417757226,0.09444231362314989
ds006850,eegnet_lr1e3,total_minus_uncalibrated_prior,2,0,0.14583732499899935,0.02813831750336318,0.2635363324946355,2000,0.010536821374530242,0.2811378286234685,0.024892607213893025,-0.003456765197893258,0.05324197962567931
ds006850,eegnet_lr1e3,total_minus_uncalibrated_prior,2,1,0.031351714793889984,-0.05491356396397737,0.11761699355175734,2000,-0.10394878883057912,0.1666522184183591,0.024606676376579262,-0.0010052664723706715,0.0502186192255292
ds006850,eegnet_lr1e3,total_minus_uncalibrated_prior,2,2,0.0023090198999692335,-0.10381602788399996,0.10843406768393843,2000,-0.13299148372449987,0.13760952352443834,0.030553414869923384,-0.0012564896843876294,0.0623633194242344
ds006850,eegnet_lr1e3,total_minus_uncalibrated_prior,2,4,0.03714330010522465,-0.06861893809465733,0.14290553830510663,2000,-0.09815720351924445,0.17244380372969376,0.025088267409356102,-0.0012509722002410108,0.05142750701895321
ds006850,eegnet_lr1e3,total_minus_uncalibrated_prior,2,8,0.030079556790362727,-0.08569845307797691,0.14585756665870236,2000,-0.10522094683410638,0.16538006041483183,0.027496576212134555,-0.000908264087983314,0.05590141651225242
ds006850,eegnet_lr1e3,total_minus_uncalibrated_prior,4,0,0.16904568888333155,0.05075531189988608,0.287336065866777,2000,0.03374518525886244,0.30434619250780065,0.004953039068046644,-0.016624707019875895,0.026530785155969183
ds006850,eegnet_lr1e3,total_minus_uncalibrated_prior,4,1,0.057629911520095556,-0.018067897853304385,0.13332772089349548,2000,-0.07767059210437355,0.19293041514456466,0.0089819725178103,-0.00914434173027601,0.02710828676589661
ds006850,eegnet_lr1e3,total_minus_uncalibrated_prior,4,2,0.050750827865127524,-0.042436860066575696,0.14393851579683076,2000,-0.08454967575934158,0.18605133148959663,0.008487436678000282,-0.012844308315079898,0.029819181671080462
ds006850,eegnet_lr1e3,total_minus_uncalibrated_prior,4,4,0.07533685605051077,-0.02086633525171648,0.17154004735273803,2000,-0.059963647573958334,0.21063735967497987,0.004411435918671824,-0.015263540332481399,0.024086412169825048
ds006850,eegnet_lr1e3,total_minus_uncalibrated_prior,4,8,0.07649438902637978,-0.026228336203084984,0.17921711425584455,2000,-0.05880611459808932,0.2117948926508489,0.005936063710424433,-0.014153329799327943,0.02602545722017681
ds006850,eegnet_lr1e3,total_minus_uncalibrated_prior,8,0,0.17023651301841236,0.06076982874809991,0.27970319728872484,2000,0.03493600939394326,0.30553701664288146,-0.0012363896181450673,-0.01969457348716311,0.017221794250872974
ds006850,eegnet_lr1e3,total_minus_uncalibrated_prior,8,1,0.06551087052932464,-0.004227556425162399,0.13524929748381168,2000,-0.06978963309514447,0.20081137415379374,0.004276445308005611,-0.010066907161871265,0.018619797777882488
ds006850,eegnet_lr1e3,total_minus_uncalibrated_prior,8,2,0.06841575813672374,-0.015229106805522849,0.15206062307897034,2000,-0.06688474548774537,0.20371626176119284,0.0017901713236358474,-0.014939537711941977,0.01851988035921367
ds006850,eegnet_lr1e3,total_minus_uncalibrated_prior,8,4,0.0855624742224525,-0.003011783388511949,0.17413673183341694,2000,-0.049738029402016604,0.2208629778469216,0.00016480888990022535,-0.016403066293964128,0.01673268407376458
ds006850,eegnet_lr1e3,total_minus_uncalibrated_prior,8,8,0.08846967227064079,-0.00803224727008471,0.1849715918113663,2000,-0.04683083135382832,0.2237701758951099,0.0004888762969514071,-0.016950614983227887,0.0179283675771307
ds006850,eegnet_lr1e4,eeg_added_population,0,0,0.013586601179739187,-0.020911024236734264,0.048084226596212636,2000,-0.016884268213244402,0.04405747057272277,0.0021800574989605526,-0.002325457972501825,0.00668557297042293
ds006850,eegnet_lr1e4,eeg_added_population,0,1,0.011418933837583078,-0.008785191843538393,0.03162305951870455,2000,-0.01905193555540051,0.041889803230566666,0.0020542343640228555,-0.003114548061662635,0.007223016789708346
ds006850,eegnet_lr1e4,eeg_added_population,0,2,0.003987575374521213,-0.007210824439403516,0.015185975188445942,2000,-0.026483294018462375,0.0344584447675048,-6.946854757836074e-05,-0.002176176708838416,0.0020372396136816946
ds006850,eegnet_lr1e4,eeg_added_population,0,4,0.009714022640556763,-0.010756762421614285,0.03018480770272781,2000,-0.020756846752426825,0.04018489203354035,-0.00013705550542986167,-0.003912097343278617,0.0036379863324188942
ds006850,eegnet_lr1e4,eeg_added_population,0,8,0.007582325323279293,-0.009453880129105481,0.024618530775664067,2000,-0.022888544069704295,0.03805319471626288,-0.00014699743422433298,-0.0032956578443170776,0.0030016629758684117
ds006850,eegnet_lr1e4,eeg_added_population,1,0,0.013586601179739187,-0.020911024236734264,0.048084226596212636,2000,-0.016884268213244402,0.04405747057272277,0.0021800574989605526,-0.002325457972501825,0.00668557297042293
ds006850,eegnet_lr1e4,eeg_added_population,1,1,0.011418933837583078,-0.008785191843538397,0.031623059518704554,2000,-0.01905193555540051,0.041889803230566666,0.0020542343640228555,-0.003114548061662635,0.007223016789708346
ds006850,eegnet_lr1e4,eeg_added_population,1,2,0.003987575374521213,-0.00721082443940352,0.015185975188445945,2000,-0.026483294018462375,0.0344584447675048,-6.946854757836074e-05,-0.002176176708838416,0.0020372396136816946
ds006850,eegnet_lr1e4,eeg_added_population,1,4,0.009714022640556763,-0.010756762421614285,0.03018480770272781,2000,-0.020756846752426825,0.04018489203354035,-0.00013705550542986167,-0.003912097343278617,0.0036379863324188942
ds006850,eegnet_lr1e4,eeg_added_population,1,8,0.007582325323279293,-0.009453880129105481,0.024618530775664067,2000,-0.022888544069704295,0.03805319471626288,-0.00014699743422433298,-0.0032956578443170776,0.0030016629758684117
ds006850,eegnet_lr1e4,eeg_added_population,2,0,0.013586601179739187,-0.020911024236734264,0.048084226596212636,2000,-0.016884268213244402,0.04405747057272277,0.0021800574989605526,-0.002325457972501825,0.00668557297042293
ds006850,eegnet_lr1e4,eeg_added_population,2,1,0.011418933837583078,-0.008785191843538397,0.031623059518704554,2000,-0.01905193555540051,0.041889803230566666,0.0020542343640228555,-0.003114548061662635,0.007223016789708346
ds006850,eegnet_lr1e4,eeg_added_population,2,2,0.003987575374521213,-0.00721082443940352,0.015185975188445945,2000,-0.026483294018462375,0.0344584447675048,-6.946854757836074e-05,-0.002176176708838416,0.0020372396136816946
ds006850,eegnet_lr1e4,eeg_added_population,2,4,0.009714022640556763,-0.010756762421614285,0.03018480770272781,2000,-0.020756846752426825,0.04018489203354035,-0.00013705550542986167,-0.003912097343278617,0.0036379863324188942
ds006850,eegnet_lr1e4,eeg_added_population,2,8,0.007582325323279293,-0.009453880129105481,0.024618530775664067,2000,-0.022888544069704295,0.03805319471626288,-0.00014699743422433298,-0.0032956578443170776,0.0030016629758684117
ds006850,eegnet_lr1e4,eeg_added_population,4,0,0.013586601179739187,-0.020911024236734264,0.048084226596212636,2000,-0.016884268213244402,0.04405747057272277,0.0021800574989605526,-0.002325457972501825,0.00668557297042293
ds006850,eegnet_lr1e4,eeg_added_population,4,1,0.011418933837583078,-0.008785191843538397,0.031623059518704554,2000,-0.01905193555540051,0.041889803230566666,0.0020542343640228555,-0.003114548061662635,0.007223016789708346
ds006850,eegnet_lr1e4,eeg_added_population,4,2,0.003987575374521213,-0.00721082443940352,0.015185975188445945,2000,-0.026483294018462375,0.0344584447675048,-6.946854757836074e-05,-0.002176176708838416,0.0020372396136816946
ds006850,eegnet_lr1e4,eeg_added_population,4,4,0.009714022640556763,-0.010756762421614285,0.03018480770272781,2000,-0.020756846752426825,0.04018489203354035,-0.00013705550542986167,-0.003912097343278617,0.0036379863324188942
ds006850,eegnet_lr1e4,eeg_added_population,4,8,0.007582325323279293,-0.009453880129105481,0.024618530775664067,2000,-0.022888544069704295,0.03805319471626288,-0.00014699743422433298,-0.0032956578443170776,0.0030016629758684117
ds006850,eegnet_lr1e4,eeg_added_population,8,0,0.013586601179739187,-0.020911024236734264,0.048084226596212636,2000,-0.016884268213244402,0.04405747057272277,0.0021800574989605526,-0.002325457972501825,0.00668557297042293
ds006850,eegnet_lr1e4,eeg_added_population,8,1,0.011418933837583078,-0.008785191843538397,0.031623059518704554,2000,-0.01905193555540051,0.041889803230566666,0.0020542343640228555,-0.003114548061662635,0.007223016789708346
ds006850,eegnet_lr1e4,eeg_added_population,8,2,0.003987575374521213,-0.00721082443940352,0.015185975188445945,2000,-0.026483294018462375,0.0344584447675048,-6.946854757836074e-05,-0.002176176708838416,0.0020372396136816946
ds006850,eegnet_lr1e4,eeg_added_population,8,4,0.009714022640556763,-0.010756762421614285,0.03018480770272781,2000,-0.020756846752426825,0.04018489203354035,-0.00013705550542986167,-0.003912097343278617,0.0036379863324188942
ds006850,eegnet_lr1e4,eeg_added_population,8,8,0.007582325323279293,-0.009453880129105481,0.024618530775664067,2000,-0.022888544069704295,0.03805319471626288,-0.00014699743422433298,-0.0032956578443170776,0.0030016629758684117
ds006850,eegnet_lr1e4,eeg_added_matched_calibration,0,0,0.013586601179739187,-0.020911024236734264,0.048084226596212636,2000,-0.019802685284252393,0.046975887643730764,0.0021800574989605526,-0.002325457972501825,0.00668557297042293
ds006850,eegnet_lr1e4,eeg_added_matched_calibration,0,1,0.011418933837583078,-0.008785191843538393,0.03162305951870455,2000,-0.0219703526264085,0.04480822030157466,0.0020542343640228555,-0.003114548061662635,0.007223016789708346
ds006850,eegnet_lr1e4,eeg_added_matched_calibration,0,2,0.003987575374521213,-0.007210824439403516,0.015185975188445942,2000,-0.029401711089470366,0.03737686183851279,-6.946854757836074e-05,-0.002176176708838416,0.0020372396136816946
ds006850,eegnet_lr1e4,eeg_added_matched_calibration,0,4,0.009714022640556763,-0.010756762421614285,0.03018480770272781,2000,-0.023675263823434815,0.04310330910454834,-0.00013705550542986167,-0.003912097343278617,0.0036379863324188942
ds006850,eegnet_lr1e4,eeg_added_matched_calibration,0,8,0.007582325323279293,-0.009453880129105481,0.024618530775664067,2000,-0.025806961140712285,0.04097161178727087,-0.00014699743422433298,-0.0032956578443170776,0.0030016629758684117
ds006850,eegnet_lr1e4,eeg_added_matched_calibration,1,0,0.004548870803525645,-0.01599332490705208,0.02509106651410337,2000,-0.028840415660465933,0.037938157267517224,0.0018034406921567103,-0.005004009497418189,0.00861089088173161
ds006850,eegnet_lr1e4,eeg_added_matched_calibration,1,1,0.006093415990428369,-0.00939869644771271,0.02158552842856945,2000,-0.02729587047356321,0.03948270245441995,0.0028074058349212283,-0.00413813543381755,0.009752947103660006
ds006850,eegnet_lr1e4,eeg_added_matched_calibration,1,2,0.00025943128856326103,-0.008957466637719643,0.009476329214846166,2000,-0.03312985517542832,0.03364871775255484,0.0012311267112161683,-0.0025189666932754085,0.004981220115707745
ds006850,eegnet_lr1e4,eeg_added_matched_calibration,1,4,0.0023338602081720006,-0.012258146913310492,0.016925867329654495,2000,-0.031055426255819578,0.03572314667216358,0.002556474852821594,-0.0036680120663165243,0.008780961771959712
ds006850,eegnet_lr1e4,eeg_added_matched_calibration,1,8,0.003562699841096695,-0.008769049414391945,0.015894449096585335,2000,-0.029826586622894884,0.03695198630508827,0.0005964752970466503,-0.0038500288858426468,0.005042979479935947
ds006850,eegnet_lr1e4,eeg_added_matched_calibration,2,0,0.012430725508560198,-0.008598861878359336,0.03346031289547973,2000,-0.02095856095543138,0.045820011972551776,0.001820678511123941,-0.0036426959926111136,0.0072840530148589955
ds006850,eegnet_lr1e4,eeg_added_matched_calibration,2,1,0.007905279320786884,-0.010721742359297678,0.026532301000871446,2000,-0.025484007143204694,0.04129456578477846,0.0031188556987030713,-0.0037736849128700966,0.01001139631027624
ds006850,eegnet_lr1e4,eeg_added_matched_calibration,2,2,0.003519944639348127,-0.00568313132987255,0.012723020608568805,2000,-0.02986934182464345,0.036909231103339706,0.0005159727562656646,-0.0019271404618491244,0.0029590859743804537
ds006850,eegnet_lr1e4,eeg_added_matched_calibration,2,4,0.007385239336829719,-0.009908152845134865,0.024678631518794302,2000,-0.02600404712716186,0.0407745258008213,0.0020743825640680003,-0.003100460674893622,0.007249225803029623
ds006850,eegnet_lr1e4,eeg_added_matched_calibration,2,8,0.007799383906016311,-0.006037152048991681,0.021635919861024304,2000,-0.025589902557975268,0.04118867037000789,0.0010404373731317806,-0.0026181962862106625,0.004699071032474224
ds006850,eegnet_lr1e4,eeg_added_matched_calibration,4,0,0.017657915566191895,-0.01011868472630801,0.0454345158586918,2000,-0.015731370897799683,0.051047202030183474,0.0011833856872902337,-0.0038184064099504875,0.006185177784530955
ds006850,eegnet_lr1e4,eeg_added_matched_calibration,4,1,0.017357454757717106,-0.0034998076226685423,0.038214717138102754,2000,-0.016031831706274473,0.050746741221708684,0.001745336713685014,-0.004063470767861695,0.007554144195231723
ds006850,eegnet_lr1e4,eeg_added_matched_calibration,4,2,0.006205013480346022,-0.005222059878595163,0.017632086839287207,2000,-0.027184272983645556,0.0395942999443376,-0.0005015395620227014,-0.0026102600997904056,0.0016071809757450027
ds006850,eegnet_lr1e4,eeg_added_matched_calibration,4,4,0.012554454264337545,-0.008150630816146209,0.0332595393448213,2000,-0.020834832199654034,0.04594374072832912,0.000736560812084841,-0.0036526595911435993,0.005125781215313281
ds006850,eegnet_lr1e4,eeg_added_matched_calibration,4,8,0.010018090139418956,-0.00552339953013393,0.02555957980897184,2000,-0.023371196324572623,0.043407376603410534,2.3663455470834815e-05,-0.002916425964712607,0.0029637528756542766
ds006850,eegnet_lr1e4,eeg_added_matched_calibration,8,0,0.01482481507103417,-0.012698844726779165,0.042348474868847505,2000,-0.01856447139295741,0.04821410153502575,0.002159005067010611,-0.0028535693218404608,0.007171579455861683
ds006850,eegnet_lr1e4,eeg_added_matched_calibration,8,1,0.013191421877887077,-0.008129528025416926,0.034512371781191084,2000,-0.0201978645861045,0.046580708341878656,0.0024746685091548704,-0.0031931059647616507,0.008142442983071391
ds006850,eegnet_lr1e4,eeg_added_matched_calibration,8,2,0.003813510577301893,-0.007972911405255856,0.015599932559859642,2000,-0.029575775886689686,0.03720279704129347,-0.0003490132180843375,-0.002647896365601133,0.001949869929432458
ds006850,eegnet_lr1e4,eeg_added_matched_calibration,8,4,0.008303819320141625,-0.013038524495836215,0.029646163136119466,2000,-0.025085467143849953,0.041693105784133204,0.001354907243609621,-0.003358566122211878,0.00606838060943112
ds006850,eegnet_lr1e4,eeg_added_matched_calibration,8,8,0.007762876511652417,-0.009658460865029826,0.02518421388833466,2000,-0.02562640995233916,0.041152162975643995,7.758731604620706e-05,-0.002998544929822799,0.0031537195619152133
ds006850,eegnet_lr1e4,prior_calibration_gain,0,0,0.0,0.0,0.0,2000,-0.13169041129046133,0.13169041129046133,0.0,0.0,0.0
ds006850,eegnet_lr1e4,prior_calibration_gain,0,1,0.0,0.0,0.0,2000,-0.13169041129046133,0.13169041129046133,0.0,0.0,0.0
ds006850,eegnet_lr1e4,prior_calibration_gain,0,2,0.0,0.0,0.0,2000,-0.13169041129046133,0.13169041129046133,0.0,0.0,0.0
ds006850,eegnet_lr1e4,prior_calibration_gain,0,4,0.0,0.0,0.0,2000,-0.13169041129046133,0.13169041129046133,0.0,0.0,0.0
ds006850,eegnet_lr1e4,prior_calibration_gain,0,8,0.0,0.0,0.0,2000,-0.13169041129046133,0.13169041129046133,0.0,0.0,0.0
ds006850,eegnet_lr1e4,prior_calibration_gain,1,0,0.08274658665210007,-0.042535461921799786,0.2080286352259999,2000,-0.048943824638361264,0.21443699794256138,0.04829210949033019,0.013870851281162867,0.08271336769949753
ds006850,eegnet_lr1e4,prior_calibration_gain,1,1,-0.017840541017210887,-0.11814412837047635,0.08246304633605457,2000,-0.14953095230767222,0.11384987027325044,0.04984485751565715,0.016601209163550894,0.0830885058677634
ds006850,eegnet_lr1e4,prior_calibration_gain,1,2,-0.05445749363486263,-0.16615678579679902,0.057241798527073756,2000,-0.18614790492532396,0.0772329176555987,0.05215490427631708,0.018967766206257605,0.08534204234637656
ds006850,eegnet_lr1e4,prior_calibration_gain,1,4,-0.04634931158613692,-0.16541952768520451,0.07272090451293069,2000,-0.17803972287659825,0.08534109970432441,0.05244606023854048,0.019307383588758005,0.08558473688832297
ds006850,eegnet_lr1e4,prior_calibration_gain,1,8,-0.05573286110738246,-0.17786380625485793,0.06639808404009302,2000,-0.1874232723978438,0.07595755018307887,0.05712164248389051,0.023882874908876785,0.09036041005890424
ds006850,eegnet_lr1e4,prior_calibration_gain,2,0,0.1409623719153005,0.027009984720989158,0.25491475910961187,2000,0.009271960624839176,0.2726527832057618,0.02171333893995578,-0.004967831161776813,0.04839450904168837
ds006850,eegnet_lr1e4,prior_calibration_gain,2,1,0.03008480655524437,-0.052270661239887536,0.11244027435037628,2000,-0.10160560473521696,0.1617752178457057,0.02113654341703447,-0.003186712177732833,0.04545979901180178
ds006850,eegnet_lr1e4,prior_calibration_gain,2,2,0.018033997403535007,-0.07737830576494031,0.11344630057201033,2000,-0.11365641388692632,0.14972440869399634,0.019661663519724953,-0.005946788998996245,0.04527011603844615
ds006850,eegnet_lr1e4,prior_calibration_gain,2,4,0.031354011727983466,-0.07045514499317782,0.13316316844914475,2000,-0.10033639956247786,0.1630444230184448,0.021985026115436623,-0.0032631848216661125,0.04723323705253936
ds006850,eegnet_lr1e4,prior_calibration_gain,2,8,0.03173182574778072,-0.07547630059419888,0.13893995208976032,2000,-0.09995858554268061,0.16342223703824205,0.021333222696912374,-0.0040347772429989125,0.046701222636823664
ds006850,eegnet_lr1e4,prior_calibration_gain,4,0,0.15361825253941824,0.03709768373786511,0.2701388213409714,2000,0.021927841248956914,0.28530866382987957,0.0037453044281207104,-0.017089614484499128,0.02458022334074055
ds006850,eegnet_lr1e4,prior_calibration_gain,4,1,0.04990305602774725,-0.023865579014826846,0.12367169107032135,2000,-0.08178735526271408,0.18159346731820858,0.007241785673276158,-0.010144031058022699,0.024627602404575014
ds006850,eegnet_lr1e4,prior_calibration_gain,4,2,0.047808429390673146,-0.04088359021266835,0.13650044899401464,2000,-0.08388198189978818,0.17949884068113447,0.0032053671646432025,-0.01612523906023305,0.022535973389519456
ds006850,eegnet_lr1e4,prior_calibration_gain,4,4,0.06296689395012922,-0.031467033467209124,0.15740082136746758,2000,-0.06872351734033211,0.19465730524059055,0.002973396960041813,-0.01623344010166362,0.022180234021747246
ds006850,eegnet_lr1e4,prior_calibration_gain,4,8,0.06567263606507251,-0.03279585778572719,0.1641411299158722,2000,-0.06601777522538882,0.19736304735553384,0.0024981387496020024,-0.01630855809833101,0.021304835597535016
ds006850,eegnet_lr1e4,prior_calibration_gain,8,0,0.15644082287592032,0.04918720344839675,0.26369444230344385,2000,0.024750411585458987,0.28813123416638164,-0.0024385431923127365,-0.02043948863464686,0.015562402250021388
ds006850,eegnet_lr1e4,prior_calibration_gain,8,1,0.05838563020613474,-0.008925957034504106,0.1256972174467736,2000,-0.07330478108432659,0.19007604149659607,0.002948584691531392,-0.010849144839254797,0.01674631422231758
ds006850,eegnet_lr1e4,prior_calibration_gain,8,2,0.05999771846865137,-0.019567348551193256,0.139562785488496,2000,-0.07169269282180996,0.1916881297591127,-0.0012767056092662377,-0.016776955214751248,0.014223543996218772
ds006850,eegnet_lr1e4,prior_calibration_gain,8,4,0.07519470815880047,-0.010471416654310131,0.16086083297191106,2000,-0.05649570313166086,0.2068851194492618,-0.0016221975957553258,-0.01762015210740216,0.014375756915891508
ds006850,eegnet_lr1e4,prior_calibration_gain,8,8,0.07736957634443592,-0.012390903137842482,0.1671300558267143,2000,-0.05432083494602541,0.20905998763489725,-0.00304765247792807,-0.01899809259420866,0.012902787638352519
ds006850,eegnet_lr1e4,combined_calibration_gain,0,0,0.0,0.0,0.0,2000,-0.13189771809209025,0.13189771809209025,0.0,0.0,0.0
ds006850,eegnet_lr1e4,combined_calibration_gain,0,1,0.0,0.0,0.0,2000,-0.13189771809209025,0.13189771809209025,0.0,0.0,0.0
ds006850,eegnet_lr1e4,combined_calibration_gain,0,2,0.0,0.0,0.0,2000,-0.13189771809209025,0.13189771809209025,0.0,0.0,0.0
ds006850,eegnet_lr1e4,combined_calibration_gain,0,4,0.0,0.0,0.0,2000,-0.13189771809209025,0.13189771809209025,0.0,0.0,0.0
ds006850,eegnet_lr1e4,combined_calibration_gain,0,8,0.0,0.0,0.0,2000,-0.13189771809209025,0.13189771809209025,0.0,0.0,0.0
ds006850,eegnet_lr1e4,combined_calibration_gain,1,0,0.07370885627588653,-0.049785493704839395,0.19720320625661245,2000,-0.058188861816203724,0.20560657436797677,0.04791549268352635,0.012833088246057875,0.08299789712099483
ds006850,eegnet_lr1e4,combined_calibration_gain,1,1,-0.023166058864365596,-0.12338472148106984,0.07705260375233865,2000,-0.15506377695645585,0.10873165922772465,0.05059802898655552,0.016498403743280127,0.08469765422983092
ds006850,eegnet_lr1e4,combined_calibration_gain,1,2,-0.05818563772082058,-0.16825374038101432,0.051882464939373166,2000,-0.19008335581291083,0.07371208037126967,0.05345549953511161,0.02033365620428996,0.08657734286593327
ds006850,eegnet_lr1e4,combined_calibration_gain,1,4,-0.053729474018521683,-0.1705635897530926,0.06310464171604922,2000,-0.18562719211061193,0.07816824407356857,0.05513959059679194,0.022049904780255355,0.08822927641332852
ds006850,eegnet_lr1e4,combined_calibration_gain,1,8,-0.05975248658956506,-0.1800232836032894,0.06051831042415927,2000,-0.1916502046816553,0.07214523150252519,0.057865115215161494,0.02502041393597816,0.09070981649434483
ds006850,eegnet_lr1e4,combined_calibration_gain,2,0,0.1398064962441215,0.023076304239789125,0.2565366882484539,2000,0.007908778152031254,0.2717042143362117,0.021353959952119167,-0.006361421118932176,0.04906934102317051
ds006850,eegnet_lr1e4,combined_calibration_gain,2,1,0.026571152038448176,-0.06030813879402479,0.11345044287092114,2000,-0.10532656605364207,0.15846887013053843,0.022201164751714686,-0.0031220620717099003,0.04752439157513927
ds006850,eegnet_lr1e4,combined_calibration_gain,2,2,0.01756636666836192,-0.07827657231414978,0.11340930565087362,2000,-0.11433135142372833,0.14946408476045217,0.02024710482356898,-0.005274177152613153,0.04576838679975111
ds006850,eegnet_lr1e4,combined_calibration_gain,2,4,0.029025228424256422,-0.07481463680037932,0.13286509364889215,2000,-0.10287248966783383,0.16092294651634667,0.024196464184934485,-0.0013875061849273201,0.04978043455479629
ds006850,eegnet_lr1e4,combined_calibration_gain,2,8,0.031948884330517735,-0.07676870460059149,0.14066647326162696,2000,-0.09994883376157251,0.16384660242260798,0.022520657504268488,-0.00272179841355644,0.04776311342209341
ds006850,eegnet_lr1e4,combined_calibration_gain,4,0,0.15768956692587094,0.04016663583488744,0.27521249801685443,2000,0.02579184883378069,0.28958728501796116,0.0027486326164503916,-0.018544571950931055,0.02404183718383184
ds006850,eegnet_lr1e4,combined_calibration_gain,4,1,0.05584157694788128,-0.021323159924163282,0.13300631381992584,2000,-0.07605614114420897,0.18773929503997153,0.006932888022938316,-0.011215166758010334,0.025080942803886966
ds006850,eegnet_lr1e4,combined_calibration_gain,4,2,0.050025867496497955,-0.039722350452851676,0.13977408544584757,2000,-0.0818718505955923,0.1819235855885882,0.0027732961501988618,-0.016515487672243433,0.022062079972641157
ds006850,eegnet_lr1e4,combined_calibration_gain,4,4,0.06580732557391,-0.02986741059215664,0.16148206173997665,2000,-0.06609039251818025,0.19770504366600025,0.003847013277556516,-0.015538788821391075,0.023232815376504106
ds006850,eegnet_lr1e4,combined_calibration_gain,4,8,0.06810840088121217,-0.03189114392607326,0.1681079456884976,2000,-0.06378931721087808,0.20000611897330242,0.0026687996392971702,-0.016086868592940978,0.02142446787153532
ds006850,eegnet_lr1e4,combined_calibration_gain,8,0,0.15767903676721529,0.04967081359124671,0.2656872599431839,2000,0.025781318675125037,0.28957675485930556,-0.002459595624262678,-0.02104765779256639,0.016128466544041032
ds006850,eegnet_lr1e4,combined_calibration_gain,8,1,0.06015811824643874,-0.010689590610987981,0.13100582710386546,2000,-0.07173959984565151,0.192055836338529,0.0033690188366634066,-0.011184733132949603,0.017922770806276418
ds006850,eegnet_lr1e4,combined_calibration_gain,8,2,0.05982365367143205,-0.020675074218080375,0.14032238156094448,2000,-0.0720740644206582,0.1917213717635223,-0.0015562502797722144,-0.01711187848430812,0.013999377924763688
ds006850,eegnet_lr1e4,combined_calibration_gain,8,4,0.07378450483838533,-0.01385698113477983,0.1614259908115505,2000,-0.058113213253704915,0.20568222293047558,-0.00013023484671584318,-0.016426982983155446,0.01616651328972376
ds006850,eegnet_lr1e4,combined_calibration_gain,8,8,0.07755012753280904,-0.013949746633100071,0.16905000169871814,2000,-0.054347590559281206,0.2094478456248993,-0.00282306772765753,-0.018978187823203985,0.013332052367888925
ds006850,eegnet_lr1e4,total_minus_uncalibrated_prior,0,0,0.013586601179739187,-0.020911024236734264,0.048084226596212636,2000,-0.12071089591430102,0.1478840982737794,0.0021800574989605526,-0.002325457972501825,0.00668557297042293
ds006850,eegnet_lr1e4,total_minus_uncalibrated_prior,0,1,0.011418933837583078,-0.008785191843538393,0.03162305951870455,2000,-0.12287856325645713,0.1457164309316233,0.0020542343640228555,-0.003114548061662635,0.007223016789708346
ds006850,eegnet_lr1e4,total_minus_uncalibrated_prior,0,2,0.003987575374521213,-0.007210824439403516,0.015185975188445942,2000,-0.130309921719519,0.13828507246856142,-6.946854757836074e-05,-0.002176176708838416,0.0020372396136816946
ds006850,eegnet_lr1e4,total_minus_uncalibrated_prior,0,4,0.009714022640556763,-0.010756762421614285,0.03018480770272781,2000,-0.12458347445348344,0.14401151973459697,-0.00013705550542986167,-0.003912097343278617,0.0036379863324188942
ds006850,eegnet_lr1e4,total_minus_uncalibrated_prior,0,8,0.007582325323279293,-0.009453880129105481,0.024618530775664067,2000,-0.12671517177076091,0.1418798224173195,-0.00014699743422433298,-0.0032956578443170776,0.0030016629758684117
ds006850,eegnet_lr1e4,total_minus_uncalibrated_prior,1,0,0.08729545745562571,-0.03709683666093044,0.21168775157218186,2000,-0.0470020396384145,0.22159295454966593,0.0500955501824869,0.014353008812267469,0.08583809155270633
ds006850,eegnet_lr1e4,total_minus_uncalibrated_prior,1,1,-0.011747125026782518,-0.11423584687847924,0.0907415968249142,2000,-0.14604462212082273,0.12255037206725769,0.05265226335057838,0.018313359757850513,0.08699116694330625
ds006850,eegnet_lr1e4,total_minus_uncalibrated_prior,1,2,-0.05419806234629937,-0.16579897123184373,0.057402846539245,2000,-0.18849555944033958,0.08009943474774084,0.05338603098753325,0.020124155397509065,0.08664790657755744
ds006850,eegnet_lr1e4,total_minus_uncalibrated_prior,1,4,-0.04401545137796492,-0.16310632046985585,0.075075417713926,2000,-0.17831294847200513,0.09028204571607529,0.055002535091362076,0.021495194990974083,0.08850987519175008
ds006850,eegnet_lr1e4,total_minus_uncalibrated_prior,1,8,-0.052170161266285764,-0.1740406972225304,0.06970037468995889,2000,-0.18646765836032597,0.08212733582775444,0.05771811778093716,0.02443979313223721,0.09099644242963711
ds006850,eegnet_lr1e4,total_minus_uncalibrated_prior,2,0,0.1533930974238607,0.03762632597563635,0.26915986887208504,2000,0.019095600329820495,0.2876905945179009,0.02353401745107972,-0.004306339452218071,0.051374374354377514
ds006850,eegnet_lr1e4,total_minus_uncalibrated_prior,2,1,0.037990085876031254,-0.048727430424450435,0.12470760217651294,2000,-0.09630741121800895,0.17228758297007146,0.02425539911573754,-0.0012617694489950003,0.04977256768047009
ds006850,eegnet_lr1e4,total_minus_uncalibrated_prior,2,2,0.021553942042883134,-0.07542533438936251,0.11853321847512878,2000,-0.11274355505115707,0.15585143913692334,0.020177636275990618,-0.005480009245178521,0.04583528179715976
ds006850,eegnet_lr1e4,total_minus_uncalibrated_prior,2,4,0.038739251064813185,-0.0662429786977672,0.14372148082739356,2000,-0.09555824602922702,0.1730367481588534,0.024059408679504624,-0.0018261883918827063,0.04994500575089195
ds006850,eegnet_lr1e4,total_minus_uncalibrated_prior,2,8,0.03953120965379703,-0.07058926263280192,0.14965168194039596,2000,-0.09476628744024318,0.17382870674783724,0.022373660070044155,-0.003204504987404759,0.04795182512749307
ds006850,eegnet_lr1e4,total_minus_uncalibrated_prior,4,0,0.17127616810561014,0.05281545638027395,0.2897368798309463,2000,0.03697867101156993,0.30557366519965035,0.004928690115410944,-0.0167245051494111,0.026581885380232987
ds006850,eegnet_lr1e4,total_minus_uncalibrated_prior,4,1,0.06726051078546436,-0.01075244464419392,0.14527346621512263,2000,-0.06703698630857585,0.20155800787950456,0.008987122386961172,-0.009608488036006547,0.02758273280992889
ds006850,eegnet_lr1e4,total_minus_uncalibrated_prior,4,2,0.05401344287101917,-0.03637898545304265,0.14440587119508097,2000,-0.08028405422302104,0.18831093996505938,0.002703827602620501,-0.01673113048733271,0.02213878569257371
ds006850,eegnet_lr1e4,total_minus_uncalibrated_prior,4,4,0.07552134821446677,-0.021611326003452336,0.17265402243238587,2000,-0.05877614887957344,0.20981884530850697,0.003709957772126654,-0.016047343508934376,0.023467259053187684
ds006850,eegnet_lr1e4,total_minus_uncalibrated_prior,4,8,0.07569072620449147,-0.025141892462898816,0.17652334487188176,2000,-0.05860677088954874,0.20998822329853167,0.0025218022050728373,-0.016552236129553727,0.0215958405396994
ds006850,eegnet_lr1e4,total_minus_uncalibrated_prior,8,0,0.17126563794695449,0.06080517915947595,0.28172609673443305,2000,0.03696814085291428,0.3055631350409947,-0.00027953812530212563,-0.019307575772504828,0.018748499521900577
ds006850,eegnet_lr1e4,total_minus_uncalibrated_prior,8,1,0.07157705208402182,-0.0010076730714307092,0.14416177723947435,2000,-0.06272044501001839,0.20587454917806203,0.005423253200686262,-0.009588932037726126,0.02043543843909865
ds006850,eegnet_lr1e4,total_minus_uncalibrated_prior,8,2,0.06381122904595327,-0.017986926147796678,0.1456093842397032,2000,-0.07048626804808694,0.19810872613999347,-0.0016257188273505752,-0.017451235992243606,0.014199798337542455
ds006850,eegnet_lr1e4,total_minus_uncalibrated_prior,8,4,0.0834985274789421,-0.006472013121270437,0.17346906807915463,2000,-0.05079896961509811,0.2177960245729823,-0.00026729035214570485,-0.017118932323284833,0.016584351618993423
ds006850,eegnet_lr1e4,total_minus_uncalibrated_prior,8,8,0.08513245285608834,-0.008519644494874676,0.17878455020705136,2000,-0.04916504423795187,0.21942994995012854,-0.002970065161881863,-0.019621554044311606,0.01368142372054788
ds006850,labram_ridge_base,eeg_added_population,0,0,-0.018244874066969365,-0.08408236349001119,0.047592615356072454,2000,-0.07646969136244645,0.03997994322850772,0.01170206132273885,0.0030424799468714223,0.020361642698606276
ds006850,labram_ridge_base,eeg_added_population,0,1,-0.016287667172347836,-0.05311076948354675,0.02053543513885108,2000,-0.07451248446782492,0.04193715012312925,0.008899405025454804,0.00035683312212752075,0.017441976928782087
ds006850,labram_ridge_base,eeg_added_population,0,2,-0.0226339103163532,-0.06846567579229171,0.023197855159585314,2000,-0.08085872761183029,0.035590906979123885,0.008409367516332922,-0.0001807071333523088,0.016999442166018154
ds006850,labram_ridge_base,eeg_added_population,0,4,-0.023247062826827314,-0.07123801440418281,0.02474388875052818,2000,-0.0814718801223044,0.03497775446864977,0.007083086651230863,-0.0014574247576578433,0.01562359806011957
ds006850,labram_ridge_base,eeg_added_population,0,8,-0.03139773009036012,-0.08339180664518525,0.020596346464465017,2000,-0.0896225473858372,0.026827087205116965,0.009299633827295678,0.0011383033600013952,0.01746096429458996
ds006850,labram_ridge_base,eeg_added_population,1,0,-0.018244874066969365,-0.08408236349001119,0.047592615356072454,2000,-0.07646969136244645,0.03997994322850772,0.01170206132273885,0.0030424799468714223,0.020361642698606276
ds006850,labram_ridge_base,eeg_added_population,1,1,-0.016287667172347836,-0.05311076948354675,0.02053543513885108,2000,-0.07451248446782492,0.04193715012312925,0.008899405025454804,0.00035683312212752075,0.017441976928782087
ds006850,labram_ridge_base,eeg_added_population,1,2,-0.0226339103163532,-0.06846567579229171,0.023197855159585314,2000,-0.08085872761183029,0.035590906979123885,0.008409367516332922,-0.0001807071333523088,0.016999442166018154
ds006850,labram_ridge_base,eeg_added_population,1,4,-0.023247062826827314,-0.07123801440418279,0.024743888750528166,2000,-0.0814718801223044,0.03497775446864977,0.007083086651230863,-0.0014574247576578415,0.015623598060119568
ds006850,labram_ridge_base,eeg_added_population,1,8,-0.03139773009036012,-0.08339180664518528,0.020596346464465037,2000,-0.0896225473858372,0.026827087205116965,0.009299633827295678,0.001138303360001397,0.01746096429458996
ds006850,labram_ridge_base,eeg_added_population,2,0,-0.018244874066969365,-0.08408236349001119,0.047592615356072454,2000,-0.07646969136244645,0.03997994322850772,0.01170206132273885,0.0030424799468714223,0.020361642698606276
ds006850,labram_ridge_base,eeg_added_population,2,1,-0.016287667172347836,-0.05311076948354675,0.02053543513885108,2000,-0.07451248446782492,0.04193715012312925,0.008899405025454804,0.000356833122127519,0.01744197692878209
ds006850,labram_ridge_base,eeg_added_population,2,2,-0.0226339103163532,-0.06846567579229171,0.023197855159585314,2000,-0.08085872761183029,0.035590906979123885,0.008409367516332922,-0.00018070713335231053,0.016999442166018154
ds006850,labram_ridge_base,eeg_added_population,2,4,-0.023247062826827314,-0.0712380144041828,0.024743888750528173,2000,-0.0814718801223044,0.03497775446864977,0.007083086651230863,-0.0014574247576578415,0.015623598060119568
ds006850,labram_ridge_base,eeg_added_population,2,8,-0.03139773009036012,-0.08339180664518528,0.020596346464465044,2000,-0.0896225473858372,0.026827087205116965,0.009299633827295678,0.001138303360001397,0.01746096429458996
ds006850,labram_ridge_base,eeg_added_population,4,0,-0.018244874066969372,-0.0840823634900112,0.04759261535607247,2000,-0.07646969136244645,0.03997994322850772,0.01170206132273885,0.0030424799468714223,0.020361642698606276
ds006850,labram_ridge_base,eeg_added_population,4,1,-0.01628766717234781,-0.053110769483546726,0.02053543513885111,2000,-0.0745124844678249,0.04193715012312928,0.008899405025454804,0.00035683312212752075,0.017441976928782087
ds006850,labram_ridge_base,eeg_added_population,4,2,-0.022633910316353256,-0.06846567579229176,0.02319785515958525,2000,-0.08085872761183034,0.03559090697912383,0.008409367516332922,-0.00018070713335231053,0.016999442166018154
ds006850,labram_ridge_base,eeg_added_population,4,4,-0.023247062826827036,-0.07123801440418251,0.024743888750528444,2000,-0.08147188012230412,0.03497775446865005,0.007083086651230919,-0.001457424757657786,0.015623598060119624
ds006850,labram_ridge_base,eeg_added_population,4,8,-0.03139773009036012,-0.08339180664518528,0.020596346464465044,2000,-0.0896225473858372,0.026827087205116965,0.009299633827295678,0.0011383033600013952,0.01746096429458996
ds006850,labram_ridge_base,eeg_added_population,8,0,-0.018244874066969372,-0.0840823634900112,0.04759261535607247,2000,-0.07646969136244645,0.03997994322850772,0.01170206132273885,0.0030424799468714223,0.020361642698606276
ds006850,labram_ridge_base,eeg_added_population,8,1,-0.01628766717234781,-0.053110769483546726,0.02053543513885111,2000,-0.0745124844678249,0.04193715012312928,0.008899405025454804,0.00035683312212752075,0.017441976928782087
ds006850,labram_ridge_base,eeg_added_population,8,2,-0.022633910316353256,-0.06846567579229176,0.02319785515958525,2000,-0.08085872761183034,0.03559090697912383,0.008409367516332922,-0.00018070713335231053,0.016999442166018154
ds006850,labram_ridge_base,eeg_added_population,8,4,-0.023247062826827036,-0.07123801440418251,0.024743888750528444,2000,-0.08147188012230412,0.03497775446865005,0.007083086651230919,-0.001457424757657786,0.015623598060119624
ds006850,labram_ridge_base,eeg_added_population,8,8,-0.03139773009036012,-0.08339180664518528,0.020596346464465044,2000,-0.0896225473858372,0.026827087205116965,0.009299633827295678,0.0011383033600013952,0.01746096429458996
ds006850,labram_ridge_base,eeg_added_matched_calibration,0,0,-0.018244874066969365,-0.08408236349001119,0.047592615356072454,2000,-0.0787391140067643,0.04224936587282556,0.01170206132273885,0.0030424799468714223,0.020361642698606276
ds006850,labram_ridge_base,eeg_added_matched_calibration,0,1,-0.016287667172347836,-0.05311076948354675,0.02053543513885108,2000,-0.07678190711214276,0.04420657276744709,0.008899405025454804,0.00035683312212752075,0.017441976928782087
ds006850,labram_ridge_base,eeg_added_matched_calibration,0,2,-0.0226339103163532,-0.06846567579229171,0.023197855159585314,2000,-0.08312815025614813,0.03786032962344173,0.008409367516332922,-0.0001807071333523088,0.016999442166018154
ds006850,labram_ridge_base,eeg_added_matched_calibration,0,4,-0.023247062826827314,-0.07123801440418281,0.02474388875052818,2000,-0.08374130276662224,0.037247177112967614,0.007083086651230863,-0.0014574247576578433,0.01562359806011957
ds006850,labram_ridge_base,eeg_added_matched_calibration,0,8,-0.03139773009036012,-0.08339180664518525,0.020596346464465017,2000,-0.09189197003015505,0.029096509849434807,0.009299633827295678,0.0011383033600013952,0.01746096429458996
ds006850,labram_ridge_base,eeg_added_matched_calibration,1,0,-0.02858112299013741,-0.06763434888584138,0.01047210290556657,2000,-0.08907536292993234,0.03191311694965752,0.01712869153306129,0.005897242676717424,0.02836014038940516
ds006850,labram_ridge_base,eeg_added_matched_calibration,1,1,-0.02315931382191655,-0.05025198197438156,0.00393335433054846,2000,-0.08365355376171148,0.03733492611787838,0.011480411694528292,0.0002141973650599989,0.022746626023996585
ds006850,labram_ridge_base,eeg_added_matched_calibration,1,2,-0.026573285069422636,-0.05710609837860126,0.00395952823975599,2000,-0.08706752500921756,0.03392095487037229,0.0151222940526482,0.004122051117460534,0.026122536987835863
ds006850,labram_ridge_base,eeg_added_matched_calibration,1,4,-0.030980486065814716,-0.06409600358677087,0.002135031455141427,2000,-0.09147472600560964,0.02951375387398021,0.0161597259365574,0.00439389643469181,0.02792555543842299
ds006850,labram_ridge_base,eeg_added_matched_calibration,1,8,-0.03604996441445832,-0.0695901464693447,-0.0025097823595719437,2000,-0.09654420435425325,0.02444427552533661,0.01816349588842256,0.006529193852477497,0.02979779792436762
ds006850,labram_ridge_base,eeg_added_matched_calibration,2,0,-0.01145683102794745,-0.05889697277643744,0.03598331072054254,2000,-0.07195107096774238,0.04903740891184748,0.006331800228163376,-0.003305094425513291,0.015968694881840044
ds006850,labram_ridge_base,eeg_added_matched_calibration,2,1,-0.007904161497661155,-0.037800058457631056,0.021991735462308742,2000,-0.06839840143745608,0.05259007844213377,0.004003322219960137,-0.005994742467072142,0.014001386906992416
ds006850,labram_ridge_base,eeg_added_matched_calibration,2,2,-0.008804741727675092,-0.043784668621912236,0.026175185166562052,2000,-0.06929898166747002,0.051689498212119836,0.005613583086883672,-0.004879053614890161,0.016106219788657505
ds006850,labram_ridge_base,eeg_added_matched_calibration,2,4,-0.009389184890320534,-0.046617883581172,0.02783951380053093,2000,-0.06988342483011546,0.05110505504947439,0.005816855118206787,-0.004414178983835674,0.01604788922024925
ds006850,labram_ridge_base,eeg_added_matched_calibration,2,8,-0.013224752833737252,-0.05524859689704174,0.028799091229567232,2000,-0.07371899277353218,0.047269487106057675,0.007657785266477979,-0.003112192710660851,0.018427763243616807
ds006850,labram_ridge_base,eeg_added_matched_calibration,4,0,-0.010518480925334805,-0.060933746630375846,0.039896784779706235,2000,-0.07101272086512973,0.04997575901446012,0.008086215653078072,-0.0007292112569087742,0.016901642563064916
ds006850,labram_ridge_base,eeg_added_matched_calibration,4,1,-0.007430667249146039,-0.03784813864875072,0.02298680415045864,2000,-0.06792490718894097,0.05306357269064889,0.004385172517311381,-0.004618172361301482,0.013388517395924244
ds006850,labram_ridge_base,eeg_added_matched_calibration,4,2,-0.010345764210310027,-0.04702434557382946,0.026332817153209405,2000,-0.07084000415010495,0.0501484757294849,0.00575639909475173,-0.0033635396988849105,0.01487633788838837
ds006850,labram_ridge_base,eeg_added_matched_calibration,4,4,-0.013962663279127097,-0.05157938360236739,0.0236540570441132,2000,-0.07445690321892202,0.04653157666066783,0.006736524986617504,-0.002433957013528878,0.015907006986763887
ds006850,labram_ridge_base,eeg_added_matched_calibration,4,8,-0.01597777302270914,-0.057856663575806586,0.025901117530388304,2000,-0.07647201296250407,0.04451646691708579,0.00822079361851552,-0.0011406487021432508,0.017582235939174292
ds006850,labram_ridge_base,eeg_added_matched_calibration,8,0,-0.010905868164061971,-0.06253849800996075,0.040726761681836816,2000,-0.0714001081038569,0.049588371775732956,0.009266105728231555,0.0006932473097257114,0.0178389641467374
ds006850,labram_ridge_base,eeg_added_matched_calibration,8,1,-0.00956562223267482,-0.038999238913781646,0.019867994448432007,2000,-0.07005986217246975,0.05092861770712011,0.0063117247364496976,-0.0023562618801938485,0.014979711353093244
ds006850,labram_ridge_base,eeg_added_matched_calibration,8,2,-0.012014465944434172,-0.04815669969460969,0.02412776780574135,2000,-0.0725087058842291,0.048479773995360756,0.00754902449632594,-0.0008210481212378908,0.015919097113889773
ds006850,labram_ridge_base,eeg_added_matched_calibration,8,4,-0.01571701356921995,-0.05302823970199441,0.02159421256355451,2000,-0.07621125350901488,0.04477722637057498,0.009122928949797104,0.0006674901446220675,0.01757836775497214
ds006850,labram_ridge_base,eeg_added_matched_calibration,8,8,-0.018626658651376082,-0.05930770963102158,0.022054392328269418,2000,-0.07912089859117101,0.041867581288418845,0.009749796003370448,0.0015193691912605192,0.017980222815480375
ds006850,labram_ridge_base,prior_calibration_gain,0,0,0.0,0.0,0.0,2000,-0.13169041129046133,0.13169041129046133,0.0,0.0,0.0
ds006850,labram_ridge_base,prior_calibration_gain,0,1,0.0,0.0,0.0,2000,-0.13169041129046133,0.13169041129046133,0.0,0.0,0.0
ds006850,labram_ridge_base,prior_calibration_gain,0,2,0.0,0.0,0.0,2000,-0.13169041129046133,0.13169041129046133,0.0,0.0,0.0
ds006850,labram_ridge_base,prior_calibration_gain,0,4,0.0,0.0,0.0,2000,-0.13169041129046133,0.13169041129046133,0.0,0.0,0.0
ds006850,labram_ridge_base,prior_calibration_gain,0,8,0.0,0.0,0.0,2000,-0.13169041129046133,0.13169041129046133,0.0,0.0,0.0
ds006850,labram_ridge_base,prior_calibration_gain,1,0,0.08274658665210007,-0.042535461921799786,0.2080286352259999,2000,-0.048943824638361264,0.21443699794256138,0.04829210949033019,0.013870851281162867,0.08271336769949753
ds006850,labram_ridge_base,prior_calibration_gain,1,1,-0.017840541017210887,-0.11814412837047635,0.08246304633605457,2000,-0.14953095230767222,0.11384987027325044,0.04984485751565715,0.016601209163550894,0.0830885058677634
ds006850,labram_ridge_base,prior_calibration_gain,1,2,-0.05445749363486263,-0.16615678579679902,0.057241798527073756,2000,-0.18614790492532396,0.0772329176555987,0.05215490427631708,0.018967766206257605,0.08534204234637656
ds006850,labram_ridge_base,prior_calibration_gain,1,4,-0.04634931158613692,-0.16541952768520451,0.07272090451293069,2000,-0.17803972287659825,0.08534109970432441,0.05244606023854048,0.019307383588758005,0.08558473688832297
ds006850,labram_ridge_base,prior_calibration_gain,1,8,-0.05573286110738246,-0.17786380625485793,0.06639808404009302,2000,-0.1874232723978438,0.07595755018307887,0.05712164248389051,0.023882874908876785,0.09036041005890424
ds006850,labram_ridge_base,prior_calibration_gain,2,0,0.1409623719153005,0.027009984720989158,0.25491475910961187,2000,0.009271960624839176,0.2726527832057618,0.02171333893995578,-0.004967831161776813,0.04839450904168837
ds006850,labram_ridge_base,prior_calibration_gain,2,1,0.03008480655524437,-0.052270661239887536,0.11244027435037628,2000,-0.10160560473521696,0.1617752178457057,0.02113654341703447,-0.003186712177732833,0.04545979901180178
ds006850,labram_ridge_base,prior_calibration_gain,2,2,0.018033997403535007,-0.07737830576494031,0.11344630057201033,2000,-0.11365641388692632,0.14972440869399634,0.019661663519724953,-0.005946788998996245,0.04527011603844615
ds006850,labram_ridge_base,prior_calibration_gain,2,4,0.031354011727983466,-0.07045514499317782,0.13316316844914475,2000,-0.10033639956247786,0.1630444230184448,0.021985026115436623,-0.0032631848216661125,0.04723323705253936
ds006850,labram_ridge_base,prior_calibration_gain,2,8,0.03173182574778072,-0.07547630059419888,0.13893995208976032,2000,-0.09995858554268061,0.16342223703824205,0.021333222696912374,-0.0040347772429989125,0.046701222636823664
ds006850,labram_ridge_base,prior_calibration_gain,4,0,0.15361825253941824,0.03709768373786511,0.2701388213409714,2000,0.021927841248956914,0.28530866382987957,0.0037453044281207104,-0.017089614484499128,0.02458022334074055
ds006850,labram_ridge_base,prior_calibration_gain,4,1,0.04990305602774725,-0.023865579014826846,0.12367169107032135,2000,-0.08178735526271408,0.18159346731820858,0.007241785673276158,-0.010144031058022699,0.024627602404575014
ds006850,labram_ridge_base,prior_calibration_gain,4,2,0.047808429390673146,-0.04088359021266835,0.13650044899401464,2000,-0.08388198189978818,0.17949884068113447,0.0032053671646432025,-0.01612523906023305,0.022535973389519456
ds006850,labram_ridge_base,prior_calibration_gain,4,4,0.06296689395012922,-0.031467033467209124,0.15740082136746758,2000,-0.06872351734033211,0.19465730524059055,0.002973396960041813,-0.01623344010166362,0.022180234021747246
ds006850,labram_ridge_base,prior_calibration_gain,4,8,0.06567263606507251,-0.03279585778572719,0.1641411299158722,2000,-0.06601777522538882,0.19736304735553384,0.0024981387496020024,-0.01630855809833101,0.021304835597535016
ds006850,labram_ridge_base,prior_calibration_gain,8,0,0.15644082287592032,0.04918720344839675,0.26369444230344385,2000,0.024750411585458987,0.28813123416638164,-0.0024385431923127365,-0.02043948863464686,0.015562402250021388
ds006850,labram_ridge_base,prior_calibration_gain,8,1,0.05838563020613474,-0.008925957034504106,0.1256972174467736,2000,-0.07330478108432659,0.19007604149659607,0.002948584691531392,-0.010849144839254797,0.01674631422231758
ds006850,labram_ridge_base,prior_calibration_gain,8,2,0.05999771846865137,-0.019567348551193256,0.139562785488496,2000,-0.07169269282180996,0.1916881297591127,-0.0012767056092662377,-0.016776955214751248,0.014223543996218772
ds006850,labram_ridge_base,prior_calibration_gain,8,4,0.07519470815880047,-0.010471416654310131,0.16086083297191106,2000,-0.05649570313166086,0.2068851194492618,-0.0016221975957553258,-0.01762015210740216,0.014375756915891508
ds006850,labram_ridge_base,prior_calibration_gain,8,8,0.07736957634443592,-0.012390903137842482,0.1671300558267143,2000,-0.05432083494602541,0.20905998763489725,-0.00304765247792807,-0.01899809259420866,0.012902787638352519
ds006850,labram_ridge_base,combined_calibration_gain,0,0,0.0,0.0,0.0,2000,-0.13442362291792265,0.13442362291792265,0.0,0.0,0.0
ds006850,labram_ridge_base,combined_calibration_gain,0,1,0.0,0.0,0.0,2000,-0.13442362291792265,0.13442362291792265,0.0,0.0,0.0
ds006850,labram_ridge_base,combined_calibration_gain,0,2,0.0,0.0,0.0,2000,-0.13442362291792265,0.13442362291792265,0.0,0.0,0.0
ds006850,labram_ridge_base,combined_calibration_gain,0,4,0.0,0.0,0.0,2000,-0.13442362291792265,0.13442362291792265,0.0,0.0,0.0
ds006850,labram_ridge_base,combined_calibration_gain,0,8,0.0,0.0,0.0,2000,-0.13442362291792265,0.13442362291792265,0.0,0.0,0.0
ds006850,labram_ridge_base,combined_calibration_gain,1,0,0.07241033772893202,-0.05490381492324964,0.19972449038111367,2000,-0.06201328518899063,0.20683396064685466,0.053718739700652635,0.0176533176831003,0.08978416171820497
ds006850,labram_ridge_base,combined_calibration_gain,1,1,-0.0247121876667796,-0.12760842017244786,0.07818404483888866,2000,-0.15913581058470225,0.10971143525114305,0.052425864184730636,0.01734873190421976,0.08750299646524151
ds006850,labram_ridge_base,combined_calibration_gain,1,2,-0.058396868387932066,-0.173099992183826,0.05630625540796187,2000,-0.1928204913058547,0.07602675452999058,0.05886783081263236,0.023709965618799664,0.09402569600646506
ds006850,labram_ridge_base,combined_calibration_gain,1,4,-0.05408273482512432,-0.17494996382613548,0.06678449417588683,2000,-0.18850635774304697,0.08034088809279832,0.06152269952386702,0.02602317661377706,0.09702222243395697
ds006850,labram_ridge_base,combined_calibration_gain,1,8,-0.060385095431480657,-0.1830393618629279,0.06226917099996658,2000,-0.1948087183494033,0.07403852748644199,0.06598550454501739,0.03046524316229749,0.1015057659277373
ds006850,labram_ridge_base,combined_calibration_gain,2,0,0.14775041495432242,0.03373323066587358,0.26176759924277127,2000,0.013326792036399776,0.28217403787224504,0.016343077845380305,-0.01015349807867396,0.04283965376943457
ds006850,labram_ridge_base,combined_calibration_gain,2,1,0.03846831222993105,-0.04463237273528503,0.12156899719514713,2000,-0.0959553106879916,0.1728919351478537,0.016240460611539803,-0.007672761162661579,0.040153682385741185
ds006850,labram_ridge_base,combined_calibration_gain,2,2,0.031863165992213116,-0.06385635228024099,0.12758268426466723,2000,-0.10256045692570953,0.16628678891013576,0.016865879090275704,-0.008669010060083884,0.042400768240635295
ds006850,labram_ridge_base,combined_calibration_gain,2,4,0.045211889664490246,-0.05599601290268051,0.14641979223166102,2000,-0.0892117332534324,0.1796355125824129,0.020718794582412547,-0.004366226468432478,0.04580381563325757
ds006850,labram_ridge_base,combined_calibration_gain,2,8,0.049904803004403586,-0.05585606743915751,0.15566567344796467,2000,-0.08451881991351906,0.18432842592232623,0.019691374136094675,-0.0056474509090955125,0.04503019918128486
ds006850,labram_ridge_base,combined_calibration_gain,4,0,0.1613446456810528,0.0494848073303316,0.273204484031774,2000,0.02692102276313016,0.2957682685989754,0.0001294587584599327,-0.02054515486239903,0.020804072379318896
ds006850,labram_ridge_base,combined_calibration_gain,4,1,0.05876005595094902,-0.014408858299092484,0.13192897020099054,2000,-0.07566356696697363,0.19318367886887167,0.0027275531651327345,-0.014694749153540573,0.02014985548380604
ds006850,labram_ridge_base,combined_calibration_gain,4,2,0.060096575496716376,-0.026013527429761596,0.14620667842319435,2000,-0.07432704742120627,0.19452019841463902,0.0005523987430620103,-0.018410470691826778,0.0195152681779508
ds006850,labram_ridge_base,combined_calibration_gain,4,4,0.07225129349782916,-0.017632528716489293,0.16213511571214761,2000,-0.062172329420093486,0.2066749164157518,0.002626835295428398,-0.01615444196269664,0.021408112553553436
ds006850,labram_ridge_base,combined_calibration_gain,4,8,0.08109259313272349,-0.013990763555778302,0.17617594982122528,2000,-0.05333102978519916,0.21551621605064614,0.001419298540821845,-0.017376101718640735,0.020214698800284425
ds006850,labram_ridge_base,combined_calibration_gain,8,0,0.1637798287788277,0.058113872398538505,0.26944578515911694,2000,0.029356205860905066,0.29820345169675033,-0.004874498786820031,-0.02345693479297806,0.013707937219337999
ds006850,labram_ridge_base,combined_calibration_gain,8,1,0.06510767514580773,-0.003894742219717015,0.1341100925113325,2000,-0.06931594777211492,0.19953129806373038,0.0003609044025262853,-0.013983447073116499,0.014705255878169069
ds006850,labram_ridge_base,combined_calibration_gain,8,2,0.07061716284057046,-0.008915457375258798,0.1501497830563997,2000,-0.06380646007735219,0.2050407857584931,-0.0021370486292732194,-0.017882578389134804,0.013608481130588365
ds006850,labram_ridge_base,combined_calibration_gain,8,4,0.08272475741640756,-0.0021219785889287357,0.16757149342174385,2000,-0.05169886550151509,0.2171483803343302,0.00041764470281085986,-0.015009509803165538,0.015844799208787258
ds006850,labram_ridge_base,combined_calibration_gain,8,8,0.09014064778341996,0.0001087891130259061,0.180172506453814,2000,-0.04428297513450269,0.2245642707013426,-0.0025974903018533,-0.018711608762595235,0.013516628158888634
ds006850,labram_ridge_base,total_minus_uncalibrated_prior,0,0,-0.018244874066969365,-0.08408236349001119,0.047592615356072454,2000,-0.15614523001489516,0.11965548188095643,0.01170206132273885,0.0030424799468714223,0.020361642698606276
ds006850,labram_ridge_base,total_minus_uncalibrated_prior,0,1,-0.016287667172347836,-0.05311076948354675,0.02053543513885108,2000,-0.15418802312027363,0.12161268877557796,0.008899405025454804,0.00035683312212752075,0.017441976928782087
ds006850,labram_ridge_base,total_minus_uncalibrated_prior,0,2,-0.0226339103163532,-0.06846567579229171,0.023197855159585314,2000,-0.160534266264279,0.1152664456315726,0.008409367516332922,-0.0001807071333523088,0.016999442166018154
ds006850,labram_ridge_base,total_minus_uncalibrated_prior,0,4,-0.023247062826827314,-0.07123801440418281,0.02474388875052818,2000,-0.1611474187747531,0.11465329312109848,0.007083086651230863,-0.0014574247576578433,0.01562359806011957
ds006850,labram_ridge_base,total_minus_uncalibrated_prior,0,8,-0.03139773009036012,-0.08339180664518525,0.020596346464465017,2000,-0.16929808603828592,0.10650262585756567,0.009299633827295678,0.0011383033600013952,0.01746096429458996
ds006850,labram_ridge_base,total_minus_uncalibrated_prior,1,0,0.054165463661962655,-0.0713265932451062,0.1796575205690315,2000,-0.08373489228596315,0.19206581960988844,0.06542080102339148,0.02898567735567105,0.10185592469111192
ds006850,labram_ridge_base,total_minus_uncalibrated_prior,1,1,-0.040999854839127436,-0.14451406179727372,0.06251435211901886,2000,-0.17890021078705323,0.09690050110879836,0.06132526921018544,0.026190049119675284,0.09646048930069559
ds006850,labram_ridge_base,total_minus_uncalibrated_prior,1,2,-0.08103077870428527,-0.19525304197236124,0.0331914845637907,2000,-0.21893113465221106,0.05686957724364053,0.06727719832896528,0.03275911770581582,0.10179527895211474
ds006850,labram_ridge_base,total_minus_uncalibrated_prior,1,4,-0.07732979765195164,-0.20009819842316828,0.045438603119264995,2000,-0.21523015359987743,0.06057055829597416,0.06860578617509788,0.03343763764520419,0.10377393470499158
ds006850,labram_ridge_base,total_minus_uncalibrated_prior,1,8,-0.09178282552184078,-0.2163281210795997,0.032762470035918145,2000,-0.22968318146976657,0.04611753042608502,0.07528513837231307,0.040125576574421805,0.11044470017020433
ds006850,labram_ridge_base,total_minus_uncalibrated_prior,2,0,0.12950554088735305,0.00879763959133495,0.25021344218337116,2000,-0.008394815060572741,0.2674058968352788,0.028045139168119154,0.000271300190060917,0.055818978146177395
ds006850,labram_ridge_base,total_minus_uncalibrated_prior,2,1,0.022180645057583215,-0.06305047655208494,0.10741176666725137,2000,-0.11571971089034258,0.160081001005509,0.025139865636994607,0.0006505412173362889,0.04962919005665292
ds006850,labram_ridge_base,total_minus_uncalibrated_prior,2,2,0.009229255675859915,-0.08883865283762468,0.10729716418934451,2000,-0.12867110027206588,0.1471296116237857,0.025275246606608626,-0.00036149251822478745,0.05091198573144204
ds006850,labram_ridge_base,total_minus_uncalibrated_prior,2,4,0.021964826837662932,-0.08412230178342553,0.1280519554587514,2000,-0.11593552911026286,0.15986518278558873,0.02780188123364341,0.0021344464127244743,0.053469316054562344
ds006850,labram_ridge_base,total_minus_uncalibrated_prior,2,8,0.018507072914043465,-0.09263674481252732,0.12965089064061425,2000,-0.11939328303388233,0.15640742886196926,0.028991007963390353,0.003190608705286032,0.05479140722149467
ds006850,labram_ridge_base,total_minus_uncalibrated_prior,4,0,0.14309977161408344,0.014522965039119984,0.2716765781890469,2000,0.005199415666157642,0.2810001275620092,0.011831520081198782,-0.01072343409330731,0.034386474255704874
ds006850,labram_ridge_base,total_minus_uncalibrated_prior,4,1,0.04247238877860121,-0.038892250978694115,0.12383702853589654,2000,-0.09542796716932458,0.180372744726527,0.011626958190587539,-0.007222681692175513,0.03047659807335059
ds006850,labram_ridge_base,total_minus_uncalibrated_prior,4,2,0.03746266518036312,-0.06027922025836509,0.1352045506190913,2000,-0.10043769076756268,0.17536302112828892,0.008961766259394932,-0.011423239243505197,0.02934677176229506
ds006850,labram_ridge_base,total_minus_uncalibrated_prior,4,4,0.049004230671002125,-0.05446723165812205,0.1524756930001263,2000,-0.08889612527692367,0.18690458661892792,0.009709921946659317,-0.010628040943046774,0.030047884836365408
ds006850,labram_ridge_base,total_minus_uncalibrated_prior,4,8,0.04969486304236337,-0.058107051994936085,0.15749677807966284,2000,-0.08820549290556243,0.18759521899028916,0.010718932368117523,-0.00921538538114203,0.030653250117377077
ds006850,labram_ridge_base,total_minus_uncalibrated_prior,8,0,0.14553495471185834,0.02378423111202041,0.26728567831169625,2000,0.0076345987639325485,0.2834353106597841,0.0068275625359188186,-0.013501454103668594,0.02715657917550623
ds006850,labram_ridge_base,total_minus_uncalibrated_prior,8,1,0.04882000797345992,-0.027064505237050868,0.12470452118397071,2000,-0.08908034797446587,0.18672036392138572,0.00926030942798109,-0.006916952284722569,0.025437571140684748
ds006850,labram_ridge_base,total_minus_uncalibrated_prior,8,2,0.0479832525242172,-0.041340168289146675,0.13730667333758106,2000,-0.0899171034237086,0.185883608472143,0.006272318887059702,-0.010887180450171802,0.023431818224291207
ds006850,labram_ridge_base,total_minus_uncalibrated_prior,8,4,0.05947769458958052,-0.03681561160402949,0.15577100078319053,2000,-0.07842266135834527,0.19737805053750632,0.007500731354041779,-0.0094785451020921,0.024480007810175657
ds006850,labram_ridge_base,total_minus_uncalibrated_prior,8,8,0.05874291769305984,-0.042343203994088904,0.1598290393802086,2000,-0.07915743825486596,0.19664327364098563,0.006702143525442378,-0.011010637087901235,0.02441492413878599
ds006850,labram_ridge_strong,eeg_added_population,0,0,-0.0020510741633811003,-0.04480766727937177,0.04070551895260957,2000,-0.04131327392989642,0.03721112560313422,0.0053467000846064705,-0.000128133656820433,0.010821533826033375
ds006850,labram_ridge_strong,eeg_added_population,0,1,-0.003787786849032193,-0.027605995714265908,0.020030422016201522,2000,-0.043049986615547514,0.03547441291748313,0.0043897623160149835,-0.0012460999319450217,0.010025624563974989
ds006850,labram_ridge_strong,eeg_added_population,0,2,-0.005236315339594788,-0.035247322689326226,0.02477469201013665,2000,-0.04449851510611011,0.03402588442692053,0.003404171993391353,-0.0022149509628329993,0.009023294949615705
ds006850,labram_ridge_strong,eeg_added_population,0,4,-0.005172072695635244,-0.03712171331511089,0.026777567923840402,2000,-0.044434272462150565,0.03409012707088008,0.0018343079868249346,-0.0038427413121023667,0.007511357285752236
ds006850,labram_ridge_strong,eeg_added_population,0,8,-0.014700579306637984,-0.05751584260753879,0.02811468399426282,2000,-0.053962779073153305,0.024561620459877337,0.004404283396904907,-0.002206577084117811,0.011015143877927625
ds006850,labram_ridge_strong,eeg_added_population,1,0,-0.0020510741633815817,-0.04480766727937225,0.04070551895260909,2000,-0.0413132739298969,0.03721112560313374,0.0053467000846064705,-0.00012813365682043387,0.010821533826033375
ds006850,labram_ridge_strong,eeg_added_population,1,1,-0.003787786849032193,-0.027605995714265905,0.02003042201620152,2000,-0.043049986615547514,0.03547441291748313,0.0043897623160149835,-0.0012460999319450217,0.010025624563974989
ds006850,labram_ridge_strong,eeg_added_population,1,2,-0.005236315339594788,-0.035247322689326226,0.02477469201013665,2000,-0.04449851510611011,0.03402588442692053,0.003404171993391353,-0.0022149509628329993,0.009023294949615705
ds006850,labram_ridge_strong,eeg_added_population,1,4,-0.005172072695635244,-0.03712171331511089,0.026777567923840402,2000,-0.044434272462150565,0.03409012707088008,0.0018343079868249346,-0.0038427413121023667,0.007511357285752236
ds006850,labram_ridge_strong,eeg_added_population,1,8,-0.014700579306637984,-0.05751584260753879,0.02811468399426282,2000,-0.053962779073153305,0.024561620459877337,0.004404283396904907,-0.0022065770841178103,0.011015143877927625
ds006850,labram_ridge_strong,eeg_added_population,2,0,-0.002051074163381265,-0.04480766727937194,0.040705518952609404,2000,-0.04131327392989659,0.037211125603134054,0.0053467000846064705,-0.00012813365682043387,0.010821533826033375
ds006850,labram_ridge_strong,eeg_added_population,2,1,-0.003787786849032193,-0.0276059957142659,0.020030422016201515,2000,-0.043049986615547514,0.03547441291748313,0.0043897623160149835,-0.00124609993194502,0.010025624563974987
ds006850,labram_ridge_strong,eeg_added_population,2,2,-0.005236315339594788,-0.03524732268932622,0.024774692010136642,2000,-0.04449851510611011,0.03402588442692053,0.003404171993391353,-0.0022149509628329993,0.009023294949615705
ds006850,labram_ridge_strong,eeg_added_population,2,4,-0.005172072695635244,-0.03712171331511089,0.026777567923840402,2000,-0.044434272462150565,0.03409012707088008,0.0018343079868249346,-0.0038427413121023667,0.007511357285752236
ds006850,labram_ridge_strong,eeg_added_population,2,8,-0.014700579306637984,-0.05751584260753879,0.02811468399426282,2000,-0.053962779073153305,0.024561620459877337,0.004404283396904907,-0.002206577084117811,0.011015143877927625
ds006850,labram_ridge_strong,eeg_added_population,4,0,-0.002051074163381519,-0.04480766727937219,0.040705518952609154,2000,-0.04131327392989684,0.037211125603133804,0.0053467000846064705,-0.0001281336568204356,0.010821533826033377
ds006850,labram_ridge_strong,eeg_added_population,4,1,-0.003787786849032193,-0.027605995714265898,0.02003042201620151,2000,-0.043049986615547514,0.03547441291748313,0.0043897623160149835,-0.0012460999319450217,0.010025624563974989
ds006850,labram_ridge_strong,eeg_added_population,4,2,-0.005236315339594788,-0.03524732268932623,0.024774692010136656,2000,-0.04449851510611011,0.03402588442692053,0.003404171993391353,-0.0022149509628329993,0.009023294949615705
ds006850,labram_ridge_strong,eeg_added_population,4,4,-0.005172072695635244,-0.03712171331511089,0.026777567923840402,2000,-0.044434272462150565,0.03409012707088008,0.0018343079868249346,-0.0038427413121023667,0.007511357285752236
ds006850,labram_ridge_strong,eeg_added_population,4,8,-0.014700579306637984,-0.057515842607538795,0.028114683994262826,2000,-0.053962779073153305,0.024561620459877337,0.004404283396904907,-0.0022065770841178103,0.011015143877927625
ds006850,labram_ridge_strong,eeg_added_population,8,0,-0.002051074163381519,-0.04480766727937219,0.040705518952609154,2000,-0.04131327392989684,0.037211125603133804,0.0053467000846064705,-0.0001281336568204356,0.010821533826033377
ds006850,labram_ridge_strong,eeg_added_population,8,1,-0.003787786849032193,-0.027605995714265898,0.02003042201620151,2000,-0.043049986615547514,0.03547441291748313,0.0043897623160149835,-0.0012460999319450217,0.010025624563974989
ds006850,labram_ridge_strong,eeg_added_population,8,2,-0.005236315339594788,-0.03524732268932623,0.024774692010136656,2000,-0.04449851510611011,0.03402588442692053,0.003404171993391353,-0.0022149509628329993,0.009023294949615705
ds006850,labram_ridge_strong,eeg_added_population,8,4,-0.005172072695635244,-0.03712171331511089,0.026777567923840402,2000,-0.044434272462150565,0.03409012707088008,0.0018343079868249346,-0.0038427413121023667,0.007511357285752236
ds006850,labram_ridge_strong,eeg_added_population,8,8,-0.014700579306637984,-0.057515842607538795,0.028114683994262826,2000,-0.053962779073153305,0.024561620459877337,0.004404283396904907,-0.0022065770841178103,0.011015143877927625
ds006850,labram_ridge_strong,eeg_added_matched_calibration,0,0,-0.0020510741633811003,-0.04480766727937177,0.04070551895260957,2000,-0.042083933310376256,0.037981784983614056,0.0053467000846064705,-0.000128133656820433,0.010821533826033375
ds006850,labram_ridge_strong,eeg_added_matched_calibration,0,1,-0.003787786849032193,-0.027605995714265908,0.020030422016201522,2000,-0.04382064599602735,0.03624507229796296,0.0043897623160149835,-0.0012460999319450217,0.010025624563974989
ds006850,labram_ridge_strong,eeg_added_matched_calibration,0,2,-0.005236315339594788,-0.035247322689326226,0.02477469201013665,2000,-0.045269174486589944,0.03479654380740037,0.003404171993391353,-0.0022149509628329993,0.009023294949615705
ds006850,labram_ridge_strong,eeg_added_matched_calibration,0,4,-0.005172072695635244,-0.03712171331511089,0.026777567923840402,2000,-0.0452049318426304,0.03486078645135991,0.0018343079868249346,-0.0038427413121023667,0.007511357285752236
ds006850,labram_ridge_strong,eeg_added_matched_calibration,0,8,-0.014700579306637984,-0.05751584260753879,0.02811468399426282,2000,-0.05473343845363314,0.025332279840357172,0.004404283396904907,-0.002206577084117811,0.011015143877927625
ds006850,labram_ridge_strong,eeg_added_matched_calibration,1,0,-0.004427426567443479,-0.028007155881794272,0.019152302746907313,2000,-0.044460285714438635,0.03560543257955168,0.006194939511368791,-0.000806763963134836,0.013196642985872418
ds006850,labram_ridge_strong,eeg_added_matched_calibration,1,1,-0.004509056308234338,-0.02015168767099872,0.011133575054530043,2000,-0.044541915455229494,0.03552380283876082,0.0034630317885623874,-0.0031018857714595286,0.010027949348584303
ds006850,labram_ridge_strong,eeg_added_matched_calibration,1,2,-0.005351560861660554,-0.02366567855291988,0.012962556829598772,2000,-0.04538442000865571,0.0346812982853346,0.005374080605280607,-0.001299552330104042,0.012047713540665255
ds006850,labram_ridge_strong,eeg_added_matched_calibration,1,4,-0.006057040043703388,-0.026311616285025007,0.014197536197618231,2000,-0.046089899190698544,0.03397581910329177,0.005356477895309908,-0.0021018015336830564,0.012814757324302872
ds006850,labram_ridge_strong,eeg_added_matched_calibration,1,8,-0.011805907376782887,-0.03609725025546831,0.01248543550190254,2000,-0.05183876652377804,0.02822695177021227,0.009640540145910453,0.0015938334898059538,0.01768724680201495
ds006850,labram_ridge_strong,eeg_added_matched_calibration,2,0,0.0007538379423859543,-0.027024715359250627,0.028532391244022536,2000,-0.0392790212046092,0.04078669708938111,0.002306764497081615,-0.003529717110223142,0.008143246104386371
ds006850,labram_ridge_strong,eeg_added_matched_calibration,2,1,0.00014913366238722414,-0.01740114931600134,0.01769941664077579,2000,-0.03988372548460793,0.04018199280938238,0.0007057415514507004,-0.004996316347405914,0.0064077994503073145
ds006850,labram_ridge_strong,eeg_added_matched_calibration,2,2,0.0007119401498142386,-0.020466606943187686,0.021890487242816163,2000,-0.03932091899718092,0.040744799296809395,0.0018675536595943176,-0.004637643753327644,0.008372751072516279
ds006850,labram_ridge_strong,eeg_added_matched_calibration,2,4,0.0014862433355639082,-0.02156021018753208,0.024532696858659896,2000,-0.03854661581143125,0.041519102482559064,0.002787235824446732,-0.0032656318553196603,0.008840103504213125
ds006850,labram_ridge_strong,eeg_added_matched_calibration,2,8,-0.0034248726880892755,-0.03329491199052897,0.026445166614350417,2000,-0.04345773183508443,0.03660798645890588,0.005322504402162087,-0.0029376521642249086,0.013582660968549083
ds006850,labram_ridge_strong,eeg_added_matched_calibration,4,0,-4.552074730773681e-05,-0.030659667761379707,0.030568626266764234,2000,-0.04007837989430289,0.03998733839968742,0.0033383690690438894,-0.0017818114715964454,0.008458549609684224
ds006850,labram_ridge_strong,eeg_added_matched_calibration,4,1,-0.0005183568071319145,-0.018874211833036024,0.017837498218772195,2000,-0.04055121595412707,0.03951450233986324,0.0012145698565144414,-0.004074851190872827,0.00650399090390171
ds006850,labram_ridge_strong,eeg_added_matched_calibration,4,2,-0.0003051984634450666,-0.02277363864233879,0.022163241715448655,2000,-0.04033805761044022,0.03972766068355009,0.0017593854380649476,-0.0037706233885428653,0.0072893942646727605
ds006850,labram_ridge_strong,eeg_added_matched_calibration,4,4,-0.0018698413425820015,-0.025198857991391096,0.021459175306227093,2000,-0.04190270048957716,0.038163017804413155,0.002751798002721406,-0.0029089044529692267,0.008412500458412039
ds006850,labram_ridge_strong,eeg_added_matched_calibration,4,8,-0.006497114286280192,-0.03806913053991224,0.025074901967351855,2000,-0.04652997343327535,0.033535744860714964,0.005372829546264363,-0.0017143799121549204,0.012460039004683645
ds006850,labram_ridge_strong,eeg_added_matched_calibration,8,0,-9.613493776075566e-05,-0.031820543716018244,0.03162827384049673,2000,-0.04012899408475591,0.0399367242092344,0.003968947739182188,-0.0011374787903940392,0.009075374268758415
ds006850,labram_ridge_strong,eeg_added_matched_calibration,8,1,-0.0017594606573910765,-0.019634401495224947,0.016115480180442794,2000,-0.04179231980438623,0.03827339848960408,0.0018134982226347685,-0.0034033689913540756,0.0070303654366236125
ds006850,labram_ridge_strong,eeg_added_matched_calibration,8,2,-0.0009022862289031486,-0.022994263966331703,0.021189691508525406,2000,-0.040935145375898305,0.03913057291809201,0.0026310451089674447,-0.0024405957043248487,0.007702685922259738
ds006850,labram_ridge_strong,eeg_added_matched_calibration,8,4,-0.0030243469997758288,-0.02626355516609381,0.020214861166542152,2000,-0.043057206146770985,0.03700851214721933,0.0037946863912606543,-0.0014545442120035782,0.009043916994524887
ds006850,labram_ridge_strong,eeg_added_matched_calibration,8,8,-0.008511227851154823,-0.040722330318668974,0.023699874616359327,2000,-0.04854408699814998,0.03152163129584033,0.005956040460517453,-0.00025743924419870893,0.012169520165233615
ds006850,labram_ridge_strong,prior_calibration_gain,0,0,0.0,0.0,0.0,2000,-0.13169041129046133,0.13169041129046133,0.0,0.0,0.0
ds006850,labram_ridge_strong,prior_calibration_gain,0,1,0.0,0.0,0.0,2000,-0.13169041129046133,0.13169041129046133,0.0,0.0,0.0
ds006850,labram_ridge_strong,prior_calibration_gain,0,2,0.0,0.0,0.0,2000,-0.13169041129046133,0.13169041129046133,0.0,0.0,0.0
ds006850,labram_ridge_strong,prior_calibration_gain,0,4,0.0,0.0,0.0,2000,-0.13169041129046133,0.13169041129046133,0.0,0.0,0.0
ds006850,labram_ridge_strong,prior_calibration_gain,0,8,0.0,0.0,0.0,2000,-0.13169041129046133,0.13169041129046133,0.0,0.0,0.0
ds006850,labram_ridge_strong,prior_calibration_gain,1,0,0.08274658665210007,-0.042535461921799786,0.2080286352259999,2000,-0.048943824638361264,0.21443699794256138,0.04829210949033019,0.013870851281162867,0.08271336769949753
ds006850,labram_ridge_strong,prior_calibration_gain,1,1,-0.017840541017210887,-0.11814412837047635,0.08246304633605457,2000,-0.14953095230767222,0.11384987027325044,0.04984485751565715,0.016601209163550894,0.0830885058677634
ds006850,labram_ridge_strong,prior_calibration_gain,1,2,-0.05445749363486263,-0.16615678579679902,0.057241798527073756,2000,-0.18614790492532396,0.0772329176555987,0.05215490427631708,0.018967766206257605,0.08534204234637656
ds006850,labram_ridge_strong,prior_calibration_gain,1,4,-0.04634931158613692,-0.16541952768520451,0.07272090451293069,2000,-0.17803972287659825,0.08534109970432441,0.05244606023854048,0.019307383588758005,0.08558473688832297
ds006850,labram_ridge_strong,prior_calibration_gain,1,8,-0.05573286110738246,-0.17786380625485793,0.06639808404009302,2000,-0.1874232723978438,0.07595755018307887,0.05712164248389051,0.023882874908876785,0.09036041005890424
ds006850,labram_ridge_strong,prior_calibration_gain,2,0,0.1409623719153005,0.027009984720989158,0.25491475910961187,2000,0.009271960624839176,0.2726527832057618,0.02171333893995578,-0.004967831161776813,0.04839450904168837
ds006850,labram_ridge_strong,prior_calibration_gain,2,1,0.03008480655524437,-0.052270661239887536,0.11244027435037628,2000,-0.10160560473521696,0.1617752178457057,0.02113654341703447,-0.003186712177732833,0.04545979901180178
ds006850,labram_ridge_strong,prior_calibration_gain,2,2,0.018033997403535007,-0.07737830576494031,0.11344630057201033,2000,-0.11365641388692632,0.14972440869399634,0.019661663519724953,-0.005946788998996245,0.04527011603844615
ds006850,labram_ridge_strong,prior_calibration_gain,2,4,0.031354011727983466,-0.07045514499317782,0.13316316844914475,2000,-0.10033639956247786,0.1630444230184448,0.021985026115436623,-0.0032631848216661125,0.04723323705253936
ds006850,labram_ridge_strong,prior_calibration_gain,2,8,0.03173182574778072,-0.07547630059419888,0.13893995208976032,2000,-0.09995858554268061,0.16342223703824205,0.021333222696912374,-0.0040347772429989125,0.046701222636823664
ds006850,labram_ridge_strong,prior_calibration_gain,4,0,0.15361825253941824,0.03709768373786511,0.2701388213409714,2000,0.021927841248956914,0.28530866382987957,0.0037453044281207104,-0.017089614484499128,0.02458022334074055
ds006850,labram_ridge_strong,prior_calibration_gain,4,1,0.04990305602774725,-0.023865579014826846,0.12367169107032135,2000,-0.08178735526271408,0.18159346731820858,0.007241785673276158,-0.010144031058022699,0.024627602404575014
ds006850,labram_ridge_strong,prior_calibration_gain,4,2,0.047808429390673146,-0.04088359021266835,0.13650044899401464,2000,-0.08388198189978818,0.17949884068113447,0.0032053671646432025,-0.01612523906023305,0.022535973389519456
ds006850,labram_ridge_strong,prior_calibration_gain,4,4,0.06296689395012922,-0.031467033467209124,0.15740082136746758,2000,-0.06872351734033211,0.19465730524059055,0.002973396960041813,-0.01623344010166362,0.022180234021747246
ds006850,labram_ridge_strong,prior_calibration_gain,4,8,0.06567263606507251,-0.03279585778572719,0.1641411299158722,2000,-0.06601777522538882,0.19736304735553384,0.0024981387496020024,-0.01630855809833101,0.021304835597535016
ds006850,labram_ridge_strong,prior_calibration_gain,8,0,0.15644082287592032,0.04918720344839675,0.26369444230344385,2000,0.024750411585458987,0.28813123416638164,-0.0024385431923127365,-0.02043948863464686,0.015562402250021388
ds006850,labram_ridge_strong,prior_calibration_gain,8,1,0.05838563020613474,-0.008925957034504106,0.1256972174467736,2000,-0.07330478108432659,0.19007604149659607,0.002948584691531392,-0.010849144839254797,0.01674631422231758
ds006850,labram_ridge_strong,prior_calibration_gain,8,2,0.05999771846865137,-0.019567348551193256,0.139562785488496,2000,-0.07169269282180996,0.1916881297591127,-0.0012767056092662377,-0.016776955214751248,0.014223543996218772
ds006850,labram_ridge_strong,prior_calibration_gain,8,4,0.07519470815880047,-0.010471416654310131,0.16086083297191106,2000,-0.05649570313166086,0.2068851194492618,-0.0016221975957553258,-0.01762015210740216,0.014375756915891508
ds006850,labram_ridge_strong,prior_calibration_gain,8,8,0.07736957634443592,-0.012390903137842482,0.1671300558267143,2000,-0.05432083494602541,0.20905998763489725,-0.00304765247792807,-0.01899809259420866,0.012902787638352519
ds006850,labram_ridge_strong,combined_calibration_gain,0,0,0.0,0.0,0.0,2000,-0.1311482049246532,0.1311482049246532,0.0,0.0,0.0
ds006850,labram_ridge_strong,combined_calibration_gain,0,1,0.0,0.0,0.0,2000,-0.1311482049246532,0.1311482049246532,0.0,0.0,0.0
ds006850,labram_ridge_strong,combined_calibration_gain,0,2,0.0,0.0,0.0,2000,-0.1311482049246532,0.1311482049246532,0.0,0.0,0.0
ds006850,labram_ridge_strong,combined_calibration_gain,0,4,0.0,0.0,0.0,2000,-0.1311482049246532,0.1311482049246532,0.0,0.0,0.0
ds006850,labram_ridge_strong,combined_calibration_gain,0,8,0.0,0.0,0.0,2000,-0.1311482049246532,0.1311482049246532,0.0,0.0,0.0
ds006850,labram_ridge_strong,combined_calibration_gain,1,0,0.08037023424803816,-0.04563805326273132,0.20637852175880764,2000,-0.05077797067661505,0.21151843917269136,0.04914034891709251,0.014677939573168368,0.08360275826101665
ds006850,labram_ridge_strong,combined_calibration_gain,1,1,-0.018561810476413032,-0.11923122722549842,0.08210760627267236,2000,-0.14971001540106624,0.11258639444824017,0.04891812698820455,0.016173422660789284,0.08166283131561983
ds006850,labram_ridge_strong,combined_calibration_gain,1,2,-0.054572739156928396,-0.16704856956194136,0.05790309124808456,2000,-0.1857209440815816,0.07657546576772481,0.054124812888206336,0.020707907084407576,0.0875417186920051
ds006850,labram_ridge_strong,combined_calibration_gain,1,4,-0.047234278934205065,-0.16639526849904634,0.07192671063063621,2000,-0.17838248385885827,0.08391392599044814,0.055968230147025455,0.02287626391465021,0.0890601963794007
ds006850,labram_ridge_strong,combined_calibration_gain,1,8,-0.05283818917752736,-0.17530310150004147,0.06962672314498675,2000,-0.18398639410218057,0.07831001574712584,0.06235789923289606,0.02865063425137982,0.0960651642144123
ds006850,labram_ridge_strong,combined_calibration_gain,2,0,0.14376728402106773,0.030537621439249804,0.25699694660288563,2000,0.01261907909641452,0.27491548894572093,0.018673403352430923,-0.0076770256823670245,0.045023832387228874
ds006850,labram_ridge_strong,combined_calibration_gain,2,1,0.03402172706666379,-0.04832684385081808,0.11637029798414565,2000,-0.09712647785798942,0.165169931991317,0.017452522652470187,-0.005907270316016504,0.04081231562095688
ds006850,labram_ridge_strong,combined_calibration_gain,2,2,0.023982252892944034,-0.07146365602312034,0.1194281618090084,2000,-0.10716595203170917,0.15513045781759724,0.018125045185927918,-0.007333163105256349,0.043583253477112185
ds006850,labram_ridge_strong,combined_calibration_gain,2,4,0.03801232775918262,-0.06321961186334357,0.1392442673817088,2000,-0.09313587716547059,0.16916053268383582,0.02293795395305842,-0.0018187906702463903,0.04769469857636323
ds006850,labram_ridge_strong,combined_calibration_gain,2,8,0.043007532366329426,-0.06360822227359562,0.1496232870062545,2000,-0.08814067255832378,0.17415573729098263,0.022251443702169554,-0.0035286135432524637,0.04803150094759157
ds006850,labram_ridge_strong,combined_calibration_gain,4,0,0.15562380595549202,0.04442428865184757,0.2668233232591365,2000,0.024475601030838817,0.28677201088014526,0.0017369734125581293,-0.01862848425677854,0.0221024310818948
ds006850,labram_ridge_strong,combined_calibration_gain,4,1,0.05317248606964753,-0.0186287301322398,0.12497370227153486,2000,-0.07797571885500568,0.18432069099430073,0.0040665932137756156,-0.01259487014242755,0.02072805656997878
ds006850,labram_ridge_strong,combined_calibration_gain,4,2,0.05273954626682287,-0.03288706113605913,0.13836615366970487,2000,-0.07840865865783034,0.18388775119147607,0.0015605806093167973,-0.01714676420977125,0.020267925428404845
ds006850,labram_ridge_strong,combined_calibration_gain,4,4,0.06626912530318246,-0.023463866483036125,0.15600211708940104,2000,-0.06487907962147074,0.19741733022783567,0.0038908869759382847,-0.014623335067924893,0.022405109019801462
ds006850,labram_ridge_strong,combined_calibration_gain,4,8,0.0738761010854303,-0.020483295788363776,0.16823549795922438,2000,-0.057272103839222904,0.2050243060100835,0.0034666848989614585,-0.015258930335911126,0.022192300133834043
ds006850,labram_ridge_strong,combined_calibration_gain,8,0,0.15839576210154108,0.053643444614288494,0.26314807958879366,2000,0.02724755717688787,0.2895439670261943,-0.003816295537737019,-0.021672847103840317,0.014040256028366279
ds006850,labram_ridge_strong,combined_calibration_gain,8,1,0.06041395639777586,-0.006686700954672206,0.12751461375022394,2000,-0.07073424852687735,0.19156216132242906,0.0003723205981511768,-0.013111846148669492,0.013856487344971845
ds006850,labram_ridge_strong,combined_calibration_gain,8,2,0.06433174757934301,-0.013690042299844066,0.14235353745853008,2000,-0.06681645734531019,0.19547995250399622,-0.0020498324936901458,-0.01729211906178238,0.013192454074402086
ds006850,labram_ridge_strong,combined_calibration_gain,8,4,0.07734243385465989,-0.006043426842646402,0.1607282945519662,2000,-0.05380577106999332,0.2084906387793131,0.0003381808086803939,-0.014805178537613647,0.015481540154974435
ds006850,labram_ridge_strong,combined_calibration_gain,8,8,0.08355892779991908,-0.004067676047950955,0.1711855316477891,2000,-0.047589277124734125,0.21470713272457229,-0.0014958954143155234,-0.017092205465863167,0.014100414637232122
ds006850,labram_ridge_strong,total_minus_uncalibrated_prior,0,0,-0.0020510741633811003,-0.04480766727937177,0.04070551895260957,2000,-0.1365772213489152,0.132475073022153,0.0053467000846064705,-0.000128133656820433,0.010821533826033375
ds006850,labram_ridge_strong,total_minus_uncalibrated_prior,0,1,-0.003787786849032193,-0.027605995714265908,0.020030422016201522,2000,-0.1383139340345663,0.1307383603365019,0.0043897623160149835,-0.0012460999319450217,0.010025624563974989
ds006850,labram_ridge_strong,total_minus_uncalibrated_prior,0,2,-0.005236315339594788,-0.035247322689326226,0.02477469201013665,2000,-0.1397624625251289,0.1292898318459393,0.003404171993391353,-0.0022149509628329993,0.009023294949615705
ds006850,labram_ridge_strong,total_minus_uncalibrated_prior,0,4,-0.005172072695635244,-0.03712171331511089,0.026777567923840402,2000,-0.13969821988116934,0.12935407448989886,0.0018343079868249346,-0.0038427413121023667,0.007511357285752236
ds006850,labram_ridge_strong,total_minus_uncalibrated_prior,0,8,-0.014700579306637984,-0.05751584260753879,0.02811468399426282,2000,-0.14922672649217208,0.11982556787889612,0.004404283396904907,-0.002206577084117811,0.011015143877927625
ds006850,labram_ridge_strong,total_minus_uncalibrated_prior,1,0,0.07831916008465659,-0.04653944244389403,0.2031777626132072,2000,-0.056206987100877515,0.2128453072701907,0.054487049001698984,0.019632262685667458,0.08934183531773052
ds006850,labram_ridge_strong,total_minus_uncalibrated_prior,1,1,-0.022349597325445225,-0.12296678535943745,0.078267590708547,2000,-0.15687574451097933,0.11217654986008888,0.053307889304219536,0.020249224828407172,0.0863665537800319
ds006850,labram_ridge_strong,total_minus_uncalibrated_prior,1,2,-0.059809054496523184,-0.17169967224724725,0.052081563254200866,2000,-0.19433520168205728,0.07471709268901092,0.05752898488159769,0.02434124302087181,0.09071672674232356
ds006850,labram_ridge_strong,total_minus_uncalibrated_prior,1,4,-0.05240635162984031,-0.1719811838015664,0.06716848054188577,2000,-0.1869324988153744,0.08211979555569379,0.05780253813385039,0.02450679991330336,0.09109827635439742
ds006850,labram_ridge_strong,total_minus_uncalibrated_prior,1,8,-0.06753876848416535,-0.1892052140786803,0.05412767711034962,2000,-0.20206491566969945,0.06698737870136875,0.06676218262980096,0.03345133869413487,0.10007302656546706
ds006850,labram_ridge_strong,total_minus_uncalibrated_prior,2,0,0.14171620985768646,0.02529865565239603,0.2581337640629769,2000,0.007190062672152359,0.27624235704322053,0.024020103437037393,-0.00316797632827831,0.0512081832023531
ds006850,labram_ridge_strong,total_minus_uncalibrated_prior,2,1,0.030233940217631594,-0.053297841727508344,0.11376572216277153,2000,-0.1042922069679025,0.1647600874031657,0.02184228496848517,-0.002311070516919367,0.04599564045388971
ds006850,labram_ridge_strong,total_minus_uncalibrated_prior,2,2,0.018745937553349246,-0.07802010533246503,0.11551198043916353,2000,-0.11578020963218486,0.15327208473888335,0.02152921717931927,-0.004019540472356385,0.04707797483099493
ds006850,labram_ridge_strong,total_minus_uncalibrated_prior,2,4,0.032840255063547374,-0.07096524193406514,0.1366457520611599,2000,-0.10168589212198673,0.16736640224908148,0.024772261939883355,-0.0006505823867829878,0.0501951062665497
ds006850,labram_ridge_strong,total_minus_uncalibrated_prior,2,8,0.028306953059691442,-0.08120314792747235,0.13781705404685524,2000,-0.10621919412584266,0.16283310024522554,0.02665572709907446,0.0007329033015970599,0.05257855089655186
ds006850,labram_ridge_strong,total_minus_uncalibrated_prior,4,0,0.1535727317921105,0.03231134850697119,0.2748341150772498,2000,0.019046584606576406,0.28809887897764463,0.0070836734971646,-0.014482729859971188,0.028650076854300387
ds006850,labram_ridge_strong,total_minus_uncalibrated_prior,4,1,0.049384699220615336,-0.027611531083263863,0.12638092952449453,2000,-0.08514144796491876,0.18391084640614944,0.008456355529790599,-0.009504810604087463,0.02641752166366866
ds006850,labram_ridge_strong,total_minus_uncalibrated_prior,4,2,0.04750323092722808,-0.04536885582448666,0.14037531767894282,2000,-0.08702291625830602,0.18202937811276218,0.00496475260270815,-0.014646868020576947,0.024576373225993247
ds006850,labram_ridge_strong,total_minus_uncalibrated_prior,4,4,0.06109705260754722,-0.03715708756729151,0.15935119278238596,2000,-0.07342909457798688,0.19562319979308132,0.005725194962763219,-0.014143761239709528,0.025594151165235966
ds006850,labram_ridge_strong,total_minus_uncalibrated_prior,4,8,0.05917552177879232,-0.04506411223403331,0.16341515579161794,2000,-0.07535062540674178,0.19370166896432642,0.007870968295866365,-0.011844610576446118,0.02758654716817885
ds006850,labram_ridge_strong,total_minus_uncalibrated_prior,8,0,0.15634468793815956,0.04300247164305787,0.26968690423326125,2000,0.02181854075262546,0.29087083512369366,0.0015304045468694516,-0.017430737370899486,0.02049154646463839
ds006850,labram_ridge_strong,total_minus_uncalibrated_prior,8,1,0.056626169548743666,-0.014518091188160151,0.1277704302856475,2000,-0.07789997763679044,0.19115231673427777,0.00476208291416616,-0.010179844158594444,0.019704009986926764
ds006850,labram_ridge_strong,total_minus_uncalibrated_prior,8,2,0.059095432239748225,-0.024701874692455758,0.14289273917195222,2000,-0.07543071494578588,0.19362157942528233,0.001354339499701207,-0.014783367891734213,0.017492046891136627
ds006850,labram_ridge_strong,total_minus_uncalibrated_prior,8,4,0.07217036115902464,-0.018170965998833402,0.16251168831688267,2000,-0.06235578602650946,0.20669650834455874,0.0021724887955053285,-0.014304531899871919,0.018649509490882576
ds006850,labram_ridge_strong,total_minus_uncalibrated_prior,8,8,0.0688583484932811,-0.027771696555049755,0.16548839354161193,2000,-0.065667798692253,0.2033844956788152,0.0029083879825893832,-0.013984312997986498,0.019801088963165264
