dataset_id,representation,participant_dose,stimulus_dose,predictor,macro_ccc,ccc_ci_low,ccc_ci_high,valid_bootstrap,macro_mae
ds005540,de_ridge_base,0,0,prior,-3.0732194575483232e-15,-5.542567952744668e-15,-6.038709623519784e-16,1985,0.21154367944837507
ds005540,de_ridge_base,0,0,prior_personalized,-3.0732194575483232e-15,-5.542567952744668e-15,-6.038709623519784e-16,1985,0.21154367944837507
ds005540,de_ridge_base,0,0,eeg_population,0.015759027475010824,-0.0934506642239773,0.12496871917399893,1985,0.22167952811467492
ds005540,de_ridge_base,0,0,eeg_personalized,0.015759027475010824,-0.0934506642239773,0.12496871917399893,1985,0.22167952811467492
ds005540,de_ridge_base,0,0,combined_population,0.01819748369989487,-0.0801107944375036,0.11650576183729336,1985,0.2201477911141821
ds005540,de_ridge_base,0,0,combined_personalized,0.01819748369989487,-0.0801107944375036,0.11650576183729336,1985,0.2201477911141821
ds005540,de_ridge_base,0,1,prior,0.3897076368081029,0.2066169787479025,0.5727982948683032,1985,0.23195701058201063
ds005540,de_ridge_base,0,1,prior_personalized,0.3897076368081029,0.2066169787479025,0.5727982948683032,1985,0.23195701058201063
ds005540,de_ridge_base,0,1,eeg_population,0.02535990013448732,-0.08368993605177498,0.13440973632074962,1985,0.22120454659587635
ds005540,de_ridge_base,0,1,eeg_personalized,0.02535990013448732,-0.08368993605177498,0.13440973632074962,1985,0.22120454659587635
ds005540,de_ridge_base,0,1,combined_population,0.3797838547972271,0.19549124781217891,0.5640764617822753,1985,0.24258470005488988
ds005540,de_ridge_base,0,1,combined_personalized,0.3797838547972271,0.19549124781217891,0.5640764617822753,1985,0.24258470005488988
ds005540,de_ridge_base,0,2,prior,0.44729263481390646,0.28596758856546856,0.6086176810623444,1985,0.1847556216931217
ds005540,de_ridge_base,0,2,prior_personalized,0.44729263481390646,0.28596758856546856,0.6086176810623444,1985,0.1847556216931217
ds005540,de_ridge_base,0,2,eeg_population,0.019950072383017325,-0.08969390775583576,0.1295940525218704,1985,0.22215386615243485
ds005540,de_ridge_base,0,2,eeg_personalized,0.019950072383017325,-0.08969390775583576,0.1295940525218704,1985,0.22215386615243485
ds005540,de_ridge_base,0,2,combined_population,0.44072046280461485,0.2758458617041578,0.6055950639050719,1985,0.19289488400931384
ds005540,de_ridge_base,0,2,combined_personalized,0.44072046280461485,0.2758458617041578,0.6055950639050719,1985,0.19289488400931384
ds005540,de_ridge_base,0,4,prior,0.472923249015021,0.324980976673509,0.620865521356533,1985,0.16945006613756614
ds005540,de_ridge_base,0,4,prior_personalized,0.472923249015021,0.324980976673509,0.620865521356533,1985,0.16945006613756614
ds005540,de_ridge_base,0,4,eeg_population,0.024785504312946422,-0.08515787242135095,0.1347288810472438,1985,0.2209799232375293
ds005540,de_ridge_base,0,4,eeg_personalized,0.024785504312946422,-0.08515787242135095,0.1347288810472438,1985,0.2209799232375293
ds005540,de_ridge_base,0,4,combined_population,0.466511774986916,0.3088926642357397,0.6241308857380923,1985,0.1805538836988818
ds005540,de_ridge_base,0,4,combined_personalized,0.466511774986916,0.3088926642357397,0.6241308857380923,1985,0.1805538836988818
ds005540,de_ridge_base,0,8,prior,0.4907012372224836,0.34749131213137896,0.6339111623135882,1985,0.16290261243386245
ds005540,de_ridge_base,0,8,prior_personalized,0.4907012372224836,0.34749131213137896,0.6339111623135882,1985,0.16290261243386245
ds005540,de_ridge_base,0,8,eeg_population,0.02103296255292619,-0.0892187884238999,0.13128471352975227,1985,0.22084475102082296
ds005540,de_ridge_base,0,8,eeg_personalized,0.02103296255292619,-0.0892187884238999,0.13128471352975227,1985,0.22084475102082296
ds005540,de_ridge_base,0,8,combined_population,0.4831928578585477,0.3204448678235392,0.6459408478935562,1985,0.17316146304947932
ds005540,de_ridge_base,0,8,combined_personalized,0.4831928578585477,0.3204448678235392,0.6459408478935562,1985,0.17316146304947932
ds005540,de_ridge_base,1,0,prior,-3.0732194575483232e-15,-5.542567952744668e-15,-6.038709623519784e-16,1985,0.21154367944837507
ds005540,de_ridge_base,1,0,prior_personalized,0.13942400367279467,0.0029188931532936058,0.2759291141922957,1985,0.24356052006101078
ds005540,de_ridge_base,1,0,eeg_population,0.015759027475010824,-0.0934506642239773,0.12496871917399893,1985,0.22167952811467492
ds005540,de_ridge_base,1,0,eeg_personalized,0.12278550126788905,-0.0450360443414428,0.2906070468772209,1985,0.25563377638561596
ds005540,de_ridge_base,1,0,combined_population,0.01819748369989487,-0.0801107944375036,0.11650576183729336,1985,0.2201477911141821
ds005540,de_ridge_base,1,0,combined_personalized,0.13485561064151452,-9.259248144199983e-05,0.26980381376447105,1985,0.249447616468836
ds005540,de_ridge_base,1,1,prior,0.3897076368081029,0.2066169787479025,0.5727982948683032,1985,0.23195701058201063
ds005540,de_ridge_base,1,1,prior_personalized,0.40995118909402206,0.2426561911892487,0.5772461869987955,1985,0.2574170719213611
ds005540,de_ridge_base,1,1,eeg_population,0.02535990013448732,-0.08368993605177498,0.13440973632074962,1985,0.22120454659587635
ds005540,de_ridge_base,1,1,eeg_personalized,0.12816387005090024,-0.03819046078417718,0.2945182008859777,1985,0.25662660940521104
ds005540,de_ridge_base,1,1,combined_population,0.3797838547972271,0.19549124781217891,0.5640764617822753,1985,0.24258470005488988
ds005540,de_ridge_base,1,1,combined_personalized,0.4079607145528983,0.24060974981053043,0.5753116792952662,1985,0.26064176278493567
ds005540,de_ridge_base,1,2,prior,0.44729263481390646,0.28596758856546856,0.6086176810623444,1985,0.1847556216931217
ds005540,de_ridge_base,1,2,prior_personalized,0.45298874237330666,0.28579664351253026,0.620180841234083,1985,0.21862092411038486
ds005540,de_ridge_base,1,2,eeg_population,0.019950072383017325,-0.08969390775583576,0.1295940525218704,1985,0.22215386615243485
ds005540,de_ridge_base,1,2,eeg_personalized,0.12850547826542416,-0.038167524256963015,0.29517848078781134,1985,0.25718664144067743
ds005540,de_ridge_base,1,2,combined_population,0.44072046280461485,0.2758458617041578,0.6055950639050719,1985,0.19289488400931384
ds005540,de_ridge_base,1,2,combined_personalized,0.44906579970845,0.28423639906535736,0.6138952003515427,1985,0.22097757421902484
ds005540,de_ridge_base,1,4,prior,0.472923249015021,0.324980976673509,0.620865521356533,1985,0.16945006613756614
ds005540,de_ridge_base,1,4,prior_personalized,0.4734042218746855,0.3036536598180704,0.6431547839313005,1985,0.20628687898770615
ds005540,de_ridge_base,1,4,eeg_population,0.024785504312946422,-0.08515787242135095,0.1347288810472438,1985,0.2209799232375293
ds005540,de_ridge_base,1,4,eeg_personalized,0.13037315767456265,-0.035574837891942546,0.29632115324106784,1985,0.2577187952653156
ds005540,de_ridge_base,1,4,combined_population,0.466511774986916,0.3088926642357397,0.6241308857380923,1985,0.1805538836988818
ds005540,de_ridge_base,1,4,combined_personalized,0.4628223888722262,0.298028278689957,0.6276164990544955,1985,0.21033361058987463
ds005540,de_ridge_base,1,8,prior,0.4907012372224836,0.34749131213137896,0.6339111623135882,1985,0.16290261243386245
ds005540,de_ridge_base,1,8,prior_personalized,0.4855856648588942,0.3195426579835924,0.651628671734196,1985,0.20154269702058714
ds005540,de_ridge_base,1,8,eeg_population,0.02103296255292619,-0.0892187884238999,0.13128471352975227,1985,0.22084475102082296
ds005540,de_ridge_base,1,8,eeg_personalized,0.12955113452641645,-0.04010924393075732,0.2992115129835902,1985,0.2567194176665428
ds005540,de_ridge_base,1,8,combined_population,0.4831928578585477,0.3204448678235392,0.6459408478935562,1985,0.17316146304947932
ds005540,de_ridge_base,1,8,combined_personalized,0.4746062349687478,0.3129979958275474,0.6362144741099482,1985,0.20536894538770345
ds005540,de_ridge_base,2,0,prior,-3.0732194575483232e-15,-5.542567952744668e-15,-6.038709623519784e-16,1985,0.21154367944837507
ds005540,de_ridge_base,2,0,prior_personalized,0.13636464028270187,0.015011409585502941,0.2577178709799008,1985,0.211274476386932
ds005540,de_ridge_base,2,0,eeg_population,0.015759027475010824,-0.0934506642239773,0.12496871917399893,1985,0.22167952811467492
ds005540,de_ridge_base,2,0,eeg_personalized,0.13664532860832765,-0.009701076536755004,0.2829917337534103,1985,0.22452488674243543
ds005540,de_ridge_base,2,0,combined_population,0.01819748369989487,-0.0801107944375036,0.11650576183729336,1985,0.2201477911141821
ds005540,de_ridge_base,2,0,combined_personalized,0.13002980299943429,-0.0005596493468250641,0.26061925534569363,1985,0.21682346973642136
ds005540,de_ridge_base,2,1,prior,0.3897076368081029,0.2066169787479025,0.5727982948683032,1985,0.23195701058201063
ds005540,de_ridge_base,2,1,prior_personalized,0.4384746654153546,0.2632685205368168,0.6136808102938924,1985,0.23789503065886847
ds005540,de_ridge_base,2,1,eeg_population,0.02535990013448732,-0.08368993605177498,0.13440973632074962,1985,0.22120454659587635
ds005540,de_ridge_base,2,1,eeg_personalized,0.1426576997969212,-0.003280957561415637,0.288596357155258,1985,0.22488468485611562
ds005540,de_ridge_base,2,1,combined_population,0.3797838547972271,0.19549124781217891,0.5640764617822753,1985,0.24258470005488988
ds005540,de_ridge_base,2,1,combined_personalized,0.43596942780030307,0.2600465621628685,0.6118922934377377,1985,0.2376275926966615
ds005540,de_ridge_base,2,2,prior,0.44729263481390646,0.28596758856546856,0.6086176810623444,1985,0.1847556216931217
ds005540,de_ridge_base,2,2,prior_personalized,0.5141625393565328,0.3451543250171745,0.6831707536958911,1985,0.1908285463838313
ds005540,de_ridge_base,2,2,eeg_population,0.019950072383017325,-0.08969390775583576,0.1295940525218704,1985,0.22215386615243485
ds005540,de_ridge_base,2,2,eeg_personalized,0.14318727772208653,-0.0033888599125533325,0.2897634153567264,1985,0.2256227341613679
ds005540,de_ridge_base,2,2,combined_population,0.44072046280461485,0.2758458617041578,0.6055950639050719,1985,0.19289488400931384
ds005540,de_ridge_base,2,2,combined_personalized,0.506853086767365,0.34040938179108843,0.6732967917436414,1985,0.19477409549054242
ds005540,de_ridge_base,2,4,prior,0.472923249015021,0.324980976673509,0.620865521356533,1985,0.16945006613756614
ds005540,de_ridge_base,2,4,prior_personalized,0.5440407826025998,0.3775927191240329,0.7104888460811667,1985,0.17446036418306637
ds005540,de_ridge_base,2,4,eeg_population,0.024785504312946422,-0.08515787242135095,0.1347288810472438,1985,0.2209799232375293
ds005540,de_ridge_base,2,4,eeg_personalized,0.14877422769419268,0.0031897588812249966,0.2943586965071604,1985,0.22464524185065135
ds005540,de_ridge_base,2,4,combined_population,0.466511774986916,0.3088926642357397,0.6241308857380923,1985,0.1805538836988818
ds005540,de_ridge_base,2,4,combined_personalized,0.529330765894667,0.3657714867315156,0.6928900450578184,1985,0.1814116724215252
ds005540,de_ridge_base,2,8,prior,0.4907012372224836,0.34749131213137896,0.6339111623135882,1985,0.16290261243386245
ds005540,de_ridge_base,2,8,prior_personalized,0.5559170887724669,0.3954060032291151,0.7164281743158187,1985,0.167525190912936
ds005540,de_ridge_base,2,8,eeg_population,0.02103296255292619,-0.0892187884238999,0.13128471352975227,1985,0.22084475102082296
ds005540,de_ridge_base,2,8,eeg_personalized,0.14804172347762157,0.00045828574092598995,0.29562516121431714,1985,0.22435874281589538
ds005540,de_ridge_base,2,8,combined_population,0.4831928578585477,0.3204448678235392,0.6459408478935562,1985,0.17316146304947932
ds005540,de_ridge_base,2,8,combined_personalized,0.5374143961924034,0.37469143657454307,0.7001373558102637,1985,0.17362369101115033
ds005540,de_ridge_base,4,0,prior,-3.0732194575483232e-15,-5.542567952744668e-15,-6.038709623519784e-16,1985,0.21154367944837507
ds005540,de_ridge_base,4,0,prior_personalized,0.20127149421979934,0.08080584450905734,0.3217371439305413,1985,0.2002923326094837
ds005540,de_ridge_base,4,0,eeg_population,0.015759027475010824,-0.0934506642239773,0.12496871917399893,1985,0.22167952811467492
ds005540,de_ridge_base,4,0,eeg_personalized,0.1639544514693002,0.03342621652696737,0.29448268641163305,1985,0.21472053699763993
ds005540,de_ridge_base,4,0,combined_population,0.01819748369989487,-0.0801107944375036,0.11650576183729336,1985,0.2201477911141821
ds005540,de_ridge_base,4,0,combined_personalized,0.19039479388035663,0.05969026758588453,0.32109932017482873,1985,0.2031882439954133
ds005540,de_ridge_base,4,1,prior,0.3897076368081029,0.2066169787479025,0.5727982948683032,1985,0.23195701058201063
ds005540,de_ridge_base,4,1,prior_personalized,0.4722962162265828,0.29508513838392936,0.6495072940692362,1985,0.2275497664247026
ds005540,de_ridge_base,4,1,eeg_population,0.02535990013448732,-0.08368993605177498,0.13440973632074962,1985,0.22120454659587635
ds005540,de_ridge_base,4,1,eeg_personalized,0.170531618955712,0.03976154535894319,0.30130169255248085,1985,0.21452104442302353
ds005540,de_ridge_base,4,1,combined_population,0.3797838547972271,0.19549124781217891,0.5640764617822753,1985,0.24258470005488988
ds005540,de_ridge_base,4,1,combined_personalized,0.4686969005546732,0.28933536016687444,0.648058440942472,1985,0.22924835593816476
ds005540,de_ridge_base,4,2,prior,0.44729263481390646,0.28596758856546856,0.6086176810623444,1985,0.1847556216931217
ds005540,de_ridge_base,4,2,prior_personalized,0.5637120717710203,0.39091938217196365,0.736504761370077,1985,0.17898330466831794
ds005540,de_ridge_base,4,2,eeg_population,0.019950072383017325,-0.08969390775583576,0.1295940525218704,1985,0.22215386615243485
ds005540,de_ridge_base,4,2,eeg_personalized,0.16869015915237912,0.035469479324586106,0.3019108389801721,1985,0.2152261005082167
ds005540,de_ridge_base,4,2,combined_population,0.44072046280461485,0.2758458617041578,0.6055950639050719,1985,0.19289488400931384
ds005540,de_ridge_base,4,2,combined_personalized,0.5591529860951986,0.38779502675548966,0.7305109454349075,1985,0.17946398294419846
ds005540,de_ridge_base,4,4,prior,0.472923249015021,0.324980976673509,0.620865521356533,1985,0.16945006613756614
ds005540,de_ridge_base,4,4,prior_personalized,0.6082045791036811,0.4447474744603268,0.7716616837470354,1985,0.1566922013804928
ds005540,de_ridge_base,4,4,eeg_population,0.024785504312946422,-0.08515787242135095,0.1347288810472438,1985,0.2209799232375293
ds005540,de_ridge_base,4,4,eeg_personalized,0.17388444189374264,0.04176448332228988,0.3060044004651954,1985,0.2145616629540484
ds005540,de_ridge_base,4,4,combined_population,0.466511774986916,0.3088926642357397,0.6241308857380923,1985,0.1805538836988818
ds005540,de_ridge_base,4,4,combined_personalized,0.5967262057023158,0.4346616832719818,0.7587907281326498,1985,0.1632689083295233
ds005540,de_ridge_base,4,8,prior,0.4907012372224836,0.34749131213137896,0.6339111623135882,1985,0.16290261243386245
ds005540,de_ridge_base,4,8,prior_personalized,0.6274400484258289,0.4688156659338387,0.7860644309178191,1985,0.1511367072096877
ds005540,de_ridge_base,4,8,eeg_population,0.02103296255292619,-0.0892187884238999,0.13128471352975227,1985,0.22084475102082296
ds005540,de_ridge_base,4,8,eeg_personalized,0.17428637049195794,0.03901371006579357,0.3095590309181223,1985,0.2152676923030877
ds005540,de_ridge_base,4,8,combined_population,0.4831928578585477,0.3204448678235392,0.6459408478935562,1985,0.17316146304947932
ds005540,de_ridge_base,4,8,combined_personalized,0.6132964097748961,0.45289406522604414,0.773698754323748,1985,0.15547993652592376
ds005540,de_ridge_base,8,0,prior,-3.0732194575483232e-15,-5.542567952744668e-15,-6.038709623519784e-16,1985,0.21154367944837507
ds005540,de_ridge_base,8,0,prior_personalized,0.20355097551998394,0.08686608804864297,0.3202358629913249,1985,0.19155023578113023
ds005540,de_ridge_base,8,0,eeg_population,0.015759027475010824,-0.0934506642239773,0.12496871917399893,1985,0.22167952811467492
ds005540,de_ridge_base,8,0,eeg_personalized,0.17427052492313097,0.0352493743738983,0.31329167547236364,1985,0.2014027660620295
ds005540,de_ridge_base,8,0,combined_population,0.01819748369989487,-0.0801107944375036,0.11650576183729336,1985,0.2201477911141821
ds005540,de_ridge_base,8,0,combined_personalized,0.19494063262193956,0.06830486218550383,0.3215764030583753,1985,0.19423535064247172
ds005540,de_ridge_base,8,1,prior,0.3897076368081029,0.2066169787479025,0.5727982948683032,1985,0.23195701058201063
ds005540,de_ridge_base,8,1,prior_personalized,0.474201241691356,0.2926700668374944,0.6557324165452176,1985,0.222715289091138
ds005540,de_ridge_base,8,1,eeg_population,0.02535990013448732,-0.08368993605177498,0.13440973632074962,1985,0.22120454659587635
ds005540,de_ridge_base,8,1,eeg_personalized,0.18223146165534207,0.043578738095782804,0.32088418521490136,1985,0.2014373166020353
ds005540,de_ridge_base,8,1,combined_population,0.3797838547972271,0.19549124781217891,0.5640764617822753,1985,0.24258470005488988
ds005540,de_ridge_base,8,1,combined_personalized,0.47106112864024513,0.2879090159791896,0.6542132413013007,1985,0.22419010420279584
ds005540,de_ridge_base,8,2,prior,0.44729263481390646,0.28596758856546856,0.6086176810623444,1985,0.1847556216931217
ds005540,de_ridge_base,8,2,prior_personalized,0.5676535706334505,0.3900606330210051,0.7452465082458959,1985,0.17405386184083965
ds005540,de_ridge_base,8,2,eeg_population,0.019950072383017325,-0.08969390775583576,0.1295940525218704,1985,0.22215386615243485
ds005540,de_ridge_base,8,2,eeg_personalized,0.1782951584918027,0.03733904783522604,0.3192512691483793,1985,0.20207477546170427
ds005540,de_ridge_base,8,2,combined_population,0.44072046280461485,0.2758458617041578,0.6055950639050719,1985,0.19289488400931384
ds005540,de_ridge_base,8,2,combined_personalized,0.5651406505671192,0.39022845589476673,0.7400528452394716,1985,0.1739807471732621
ds005540,de_ridge_base,8,4,prior,0.472923249015021,0.324980976673509,0.620865521356533,1985,0.16945006613756614
ds005540,de_ridge_base,8,4,prior_personalized,0.6104864167450004,0.44309026433870946,0.7778825691512913,1985,0.15512004551872685
ds005540,de_ridge_base,8,4,eeg_population,0.024785504312946422,-0.08515787242135095,0.1347288810472438,1985,0.2209799232375293
ds005540,de_ridge_base,8,4,eeg_personalized,0.18372997537480482,0.045196668872484025,0.3222632818771256,1985,0.20092192211684465
ds005540,de_ridge_base,8,4,combined_population,0.466511774986916,0.3088926642357397,0.6241308857380923,1985,0.1805538836988818
ds005540,de_ridge_base,8,4,combined_personalized,0.6021260546631938,0.4356285745061784,0.7686235348202092,1985,0.15867394805344942
ds005540,de_ridge_base,8,8,prior,0.4907012372224836,0.34749131213137896,0.6339111623135882,1985,0.16290261243386245
ds005540,de_ridge_base,8,8,prior_personalized,0.6327069705103981,0.4688714910603772,0.7965424499604191,1985,0.1450768522313176
ds005540,de_ridge_base,8,8,eeg_population,0.02103296255292619,-0.0892187884238999,0.13128471352975227,1985,0.22084475102082296
ds005540,de_ridge_base,8,8,eeg_personalized,0.18276811743466775,0.04090766495726181,0.3246285699120737,1985,0.2022063547505241
ds005540,de_ridge_base,8,8,combined_population,0.4831928578585477,0.3204448678235392,0.6459408478935562,1985,0.17316146304947932
ds005540,de_ridge_base,8,8,combined_personalized,0.6219198972777702,0.4550669702621115,0.7887728242934289,1985,0.14793197760062157
ds005540,de_ridge_strong,0,0,prior,-3.0732194575483232e-15,-5.542567952744668e-15,-6.038709623519784e-16,1985,0.21154367944837507
ds005540,de_ridge_strong,0,0,prior_personalized,-3.0732194575483232e-15,-5.542567952744668e-15,-6.038709623519784e-16,1985,0.21154367944837507
ds005540,de_ridge_strong,0,0,eeg_population,-0.007512932951889953,-0.07173327984905886,0.05670741394527895,1985,0.21388356428101046
ds005540,de_ridge_strong,0,0,eeg_personalized,-0.007512932951889953,-0.07173327984905886,0.05670741394527895,1985,0.21388356428101046
ds005540,de_ridge_strong,0,0,combined_population,-0.011944173371583867,-0.09263412166653014,0.06874577492336241,1985,0.21905354611969466
ds005540,de_ridge_strong,0,0,combined_personalized,-0.011944173371583867,-0.09263412166653014,0.06874577492336241,1985,0.21905354611969466
ds005540,de_ridge_strong,0,1,prior,0.3897076368081029,0.2066169787479025,0.5727982948683032,1985,0.23195701058201063
ds005540,de_ridge_strong,0,1,prior_personalized,0.3897076368081029,0.2066169787479025,0.5727982948683032,1985,0.23195701058201063
ds005540,de_ridge_strong,0,1,eeg_population,-0.005379629080386623,-0.07091728816985221,0.06015803000907896,1985,0.21393997794154146
ds005540,de_ridge_strong,0,1,eeg_personalized,-0.005379629080386623,-0.07091728816985221,0.06015803000907896,1985,0.21393997794154146
ds005540,de_ridge_strong,0,1,combined_population,0.376861233364779,0.19195850705250692,0.5617639596770511,1985,0.23974648064718534
ds005540,de_ridge_strong,0,1,combined_personalized,0.376861233364779,0.19195850705250692,0.5617639596770511,1985,0.23974648064718534
ds005540,de_ridge_strong,0,2,prior,0.44729263481390646,0.28596758856546856,0.6086176810623444,1985,0.1847556216931217
ds005540,de_ridge_strong,0,2,prior_personalized,0.44729263481390646,0.28596758856546856,0.6086176810623444,1985,0.1847556216931217
ds005540,de_ridge_strong,0,2,eeg_population,-0.00767601113605562,-0.07436231883853908,0.05901029656642784,1985,0.2141972494674262
ds005540,de_ridge_strong,0,2,eeg_personalized,-0.00767601113605562,-0.07436231883853908,0.05901029656642784,1985,0.2141972494674262
ds005540,de_ridge_strong,0,2,combined_population,0.4285407451870228,0.26836827835334653,0.588713212020699,1985,0.19131676068123643
ds005540,de_ridge_strong,0,2,combined_personalized,0.4285407451870228,0.26836827835334653,0.588713212020699,1985,0.19131676068123643
ds005540,de_ridge_strong,0,4,prior,0.472923249015021,0.324980976673509,0.620865521356533,1985,0.16945006613756614
ds005540,de_ridge_strong,0,4,prior_personalized,0.472923249015021,0.324980976673509,0.620865521356533,1985,0.16945006613756614
ds005540,de_ridge_strong,0,4,eeg_population,0.005999429173500359,-0.07982327715296009,0.0918221354999608,1985,0.21872473867009162
ds005540,de_ridge_strong,0,4,eeg_personalized,0.005999429173500359,-0.07982327715296009,0.0918221354999608,1985,0.21872473867009162
ds005540,de_ridge_strong,0,4,combined_population,0.45943545001350783,0.30519686955627134,0.6136740304707443,1985,0.1792622744717695
ds005540,de_ridge_strong,0,4,combined_personalized,0.45943545001350783,0.30519686955627134,0.6136740304707443,1985,0.1792622744717695
ds005540,de_ridge_strong,0,8,prior,0.4907012372224836,0.34749131213137896,0.6339111623135882,1985,0.16290261243386245
ds005540,de_ridge_strong,0,8,prior_personalized,0.4907012372224836,0.34749131213137896,0.6339111623135882,1985,0.16290261243386245
ds005540,de_ridge_strong,0,8,eeg_population,0.002873323675628253,-0.08368900079848433,0.08943564814974085,1985,0.2179324173296381
ds005540,de_ridge_strong,0,8,eeg_personalized,0.002873323675628253,-0.08368900079848433,0.08943564814974085,1985,0.2179324173296381
ds005540,de_ridge_strong,0,8,combined_population,0.4778023180589491,0.31840998152980393,0.6371946545880943,1985,0.17167641118414
ds005540,de_ridge_strong,0,8,combined_personalized,0.4778023180589491,0.31840998152980393,0.6371946545880943,1985,0.17167641118414
ds005540,de_ridge_strong,1,0,prior,-3.0732194575483232e-15,-5.542567952744668e-15,-6.038709623519784e-16,1985,0.21154367944837507
ds005540,de_ridge_strong,1,0,prior_personalized,0.13942400367279467,0.0029188931532936058,0.2759291141922957,1985,0.24356052006101078
ds005540,de_ridge_strong,1,0,eeg_population,-0.007512932951889953,-0.07173327984905886,0.05670741394527895,1985,0.21388356428101046
ds005540,de_ridge_strong,1,0,eeg_personalized,0.12566863630305067,-0.03836655313990944,0.2897038257460108,1985,0.25026244745393805
ds005540,de_ridge_strong,1,0,combined_population,-0.011944173371583867,-0.09263412166653014,0.06874577492336241,1985,0.21905354611969466
ds005540,de_ridge_strong,1,0,combined_personalized,0.13600327746253832,0.0024311055202850262,0.2695754494047916,1985,0.24841297426115663
ds005540,de_ridge_strong,1,1,prior,0.3897076368081029,0.2066169787479025,0.5727982948683032,1985,0.23195701058201063
ds005540,de_ridge_strong,1,1,prior_personalized,0.40995118909402206,0.2426561911892487,0.5772461869987955,1985,0.2574170719213611
ds005540,de_ridge_strong,1,1,eeg_population,-0.005379629080386623,-0.07091728816985221,0.06015803000907896,1985,0.21393997794154146
ds005540,de_ridge_strong,1,1,eeg_personalized,0.1280557630657948,-0.03506895687992942,0.291180483011519,1985,0.2507429526152303
ds005540,de_ridge_strong,1,1,combined_population,0.376861233364779,0.19195850705250692,0.5617639596770511,1985,0.23974648064718534
ds005540,de_ridge_strong,1,1,combined_personalized,0.4064769019307469,0.23708080968661047,0.5758729941748834,1985,0.25784922600309496
ds005540,de_ridge_strong,1,2,prior,0.44729263481390646,0.28596758856546856,0.6086176810623444,1985,0.1847556216931217
ds005540,de_ridge_strong,1,2,prior_personalized,0.45298874237330666,0.28579664351253026,0.620180841234083,1985,0.21862092411038486
ds005540,de_ridge_strong,1,2,eeg_population,-0.00767601113605562,-0.07436231883853908,0.05901029656642784,1985,0.2141972494674262
ds005540,de_ridge_strong,1,2,eeg_personalized,0.1286176466375345,-0.034997868855444786,0.29223316213051376,1985,0.2506953195081445
ds005540,de_ridge_strong,1,2,combined_population,0.4285407451870228,0.26836827835334653,0.588713212020699,1985,0.19131676068123643
ds005540,de_ridge_strong,1,2,combined_personalized,0.45322342520339803,0.28809617224518724,0.6183506781616088,1985,0.217486273666143
ds005540,de_ridge_strong,1,4,prior,0.472923249015021,0.324980976673509,0.620865521356533,1985,0.16945006613756614
ds005540,de_ridge_strong,1,4,prior_personalized,0.4734042218746855,0.3036536598180704,0.6431547839313005,1985,0.20628687898770615
ds005540,de_ridge_strong,1,4,eeg_population,0.005999429173500359,-0.07982327715296009,0.0918221354999608,1985,0.21872473867009162
ds005540,de_ridge_strong,1,4,eeg_personalized,0.13138772384818592,-0.030883410320120097,0.29365885801649194,1985,0.25170940333076686
ds005540,de_ridge_strong,1,4,combined_population,0.45943545001350783,0.30519686955627134,0.6136740304707443,1985,0.1792622744717695
ds005540,de_ridge_strong,1,4,combined_personalized,0.4618665748475409,0.2975183720452078,0.626214777649874,1985,0.2107039052872884
ds005540,de_ridge_strong,1,8,prior,0.4907012372224836,0.34749131213137896,0.6339111623135882,1985,0.16290261243386245
ds005540,de_ridge_strong,1,8,prior_personalized,0.4855856648588942,0.3195426579835924,0.651628671734196,1985,0.20154269702058714
ds005540,de_ridge_strong,1,8,eeg_population,0.002873323675628253,-0.08368900079848433,0.08943564814974085,1985,0.2179324173296381
ds005540,de_ridge_strong,1,8,eeg_personalized,0.13303295089037714,-0.029323482721828636,0.2953893845025829,1985,0.25060158617099504
ds005540,de_ridge_strong,1,8,combined_population,0.4778023180589491,0.31840998152980393,0.6371946545880943,1985,0.17167641118414
ds005540,de_ridge_strong,1,8,combined_personalized,0.4742004855526509,0.3125132536595615,0.6358877174457402,1985,0.2053440418639219
ds005540,de_ridge_strong,2,0,prior,-3.0732194575483232e-15,-5.542567952744668e-15,-6.038709623519784e-16,1985,0.21154367944837507
ds005540,de_ridge_strong,2,0,prior_personalized,0.13636464028270187,0.015011409585502941,0.2577178709799008,1985,0.211274476386932
ds005540,de_ridge_strong,2,0,eeg_population,-0.007512932951889953,-0.07173327984905886,0.05670741394527895,1985,0.21388356428101046
ds005540,de_ridge_strong,2,0,eeg_personalized,0.13695664902055688,0.002613897944785004,0.27129940009632875,1985,0.2207186665092983
ds005540,de_ridge_strong,2,0,combined_population,-0.011944173371583867,-0.09263412166653014,0.06874577492336241,1985,0.21905354611969466
ds005540,de_ridge_strong,2,0,combined_personalized,0.12691297754629194,-0.0007666968244773587,0.25459265191706126,1985,0.21597260769752244
ds005540,de_ridge_strong,2,1,prior,0.3897076368081029,0.2066169787479025,0.5727982948683032,1985,0.23195701058201063
ds005540,de_ridge_strong,2,1,prior_personalized,0.4384746654153546,0.2632685205368168,0.6136808102938924,1985,0.23789503065886847
ds005540,de_ridge_strong,2,1,eeg_population,-0.005379629080386623,-0.07091728816985221,0.06015803000907896,1985,0.21393997794154146
ds005540,de_ridge_strong,2,1,eeg_personalized,0.1386601047805652,0.00385452496694369,0.27346568459418674,1985,0.22087471110133108
ds005540,de_ridge_strong,2,1,combined_population,0.376861233364779,0.19195850705250692,0.5617639596770511,1985,0.23974648064718534
ds005540,de_ridge_strong,2,1,combined_personalized,0.4340861846167322,0.25680771671789604,0.6113646525155684,1985,0.2379201762427182
ds005540,de_ridge_strong,2,2,prior,0.44729263481390646,0.28596758856546856,0.6086176810623444,1985,0.1847556216931217
ds005540,de_ridge_strong,2,2,prior_personalized,0.5141625393565328,0.3451543250171745,0.6831707536958911,1985,0.1908285463838313
ds005540,de_ridge_strong,2,2,eeg_population,-0.00767601113605562,-0.07436231883853908,0.05901029656642784,1985,0.2141972494674262
ds005540,de_ridge_strong,2,2,eeg_personalized,0.1394396775108504,0.004781032832788801,0.274098322188912,1985,0.22093674790592002
ds005540,de_ridge_strong,2,2,combined_population,0.4285407451870228,0.26836827835334653,0.588713212020699,1985,0.19131676068123643
ds005540,de_ridge_strong,2,2,combined_personalized,0.5084967399771063,0.3414616412148984,0.6755318387393142,1985,0.19276971233506787
ds005540,de_ridge_strong,2,4,prior,0.472923249015021,0.324980976673509,0.620865521356533,1985,0.16945006613756614
ds005540,de_ridge_strong,2,4,prior_personalized,0.5440407826025998,0.3775927191240329,0.7104888460811667,1985,0.17446036418306637
ds005540,de_ridge_strong,2,4,eeg_population,0.005999429173500359,-0.07982327715296009,0.0918221354999608,1985,0.21872473867009162
ds005540,de_ridge_strong,2,4,eeg_personalized,0.14979989725557688,0.012923956160119598,0.28667583835103416,1985,0.22053052455684163
ds005540,de_ridge_strong,2,4,combined_population,0.45943545001350783,0.30519686955627134,0.6136740304707443,1985,0.1792622744717695
ds005540,de_ridge_strong,2,4,combined_personalized,0.5289094676680965,0.36619295350635384,0.6916259818298393,1985,0.1813464820979928
ds005540,de_ridge_strong,2,8,prior,0.4907012372224836,0.34749131213137896,0.6339111623135882,1985,0.16290261243386245
ds005540,de_ridge_strong,2,8,prior_personalized,0.5559170887724669,0.3954060032291151,0.7164281743158187,1985,0.167525190912936
ds005540,de_ridge_strong,2,8,eeg_population,0.002873323675628253,-0.08368900079848433,0.08943564814974085,1985,0.2179324173296381
ds005540,de_ridge_strong,2,8,eeg_personalized,0.14891257159846086,0.00990995803519451,0.2879151851617272,1985,0.22014103343067185
ds005540,de_ridge_strong,2,8,combined_population,0.4778023180589491,0.31840998152980393,0.6371946545880943,1985,0.17167641118414
ds005540,de_ridge_strong,2,8,combined_personalized,0.5380022035272852,0.37587807284105834,0.7001263342135121,1985,0.17315581255070098
ds005540,de_ridge_strong,4,0,prior,-3.0732194575483232e-15,-5.542567952744668e-15,-6.038709623519784e-16,1985,0.21154367944837507
ds005540,de_ridge_strong,4,0,prior_personalized,0.20127149421979934,0.08080584450905734,0.3217371439305413,1985,0.2002923326094837
ds005540,de_ridge_strong,4,0,eeg_population,-0.007512932951889953,-0.07173327984905886,0.05670741394527895,1985,0.21388356428101046
ds005540,de_ridge_strong,4,0,eeg_personalized,0.16852635361056162,0.04703794637193123,0.290014760849192,1985,0.21153293989778996
ds005540,de_ridge_strong,4,0,combined_population,-0.011944173371583867,-0.09263412166653015,0.06874577492336242,1985,0.21905354611969466
ds005540,de_ridge_strong,4,0,combined_personalized,0.18947582896701015,0.06215979572878244,0.31679186220523786,1985,0.20236308989782667
ds005540,de_ridge_strong,4,1,prior,0.3897076368081029,0.2066169787479025,0.5727982948683032,1985,0.23195701058201063
ds005540,de_ridge_strong,4,1,prior_personalized,0.4722962162265828,0.29508513838392936,0.6495072940692362,1985,0.2275497664247026
ds005540,de_ridge_strong,4,1,eeg_population,-0.005379629080386623,-0.07091728816985221,0.06015803000907896,1985,0.21393997794154146
ds005540,de_ridge_strong,4,1,eeg_personalized,0.17059686038363545,0.04874830966430495,0.29244541110296596,1985,0.2115690547330082
ds005540,de_ridge_strong,4,1,combined_population,0.376861233364779,0.19195850705250692,0.5617639596770511,1985,0.23974648064718534
ds005540,de_ridge_strong,4,1,combined_personalized,0.4698103914515947,0.2905591456785635,0.6490616372246258,1985,0.2293378465476545
ds005540,de_ridge_strong,4,2,prior,0.44729263481390646,0.28596758856546856,0.6086176810623444,1985,0.1847556216931217
ds005540,de_ridge_strong,4,2,prior_personalized,0.5637120717710203,0.39091938217196365,0.736504761370077,1985,0.17898330466831794
ds005540,de_ridge_strong,4,2,eeg_population,-0.00767601113605562,-0.07436231883853908,0.05901029656642784,1985,0.2141972494674262
ds005540,de_ridge_strong,4,2,eeg_personalized,0.17002316136307688,0.047505261928622936,0.29254106079753084,1985,0.21169557030442557
ds005540,de_ridge_strong,4,2,combined_population,0.4285407451870228,0.26836827835334653,0.588713212020699,1985,0.19131676068123643
ds005540,de_ridge_strong,4,2,combined_personalized,0.5597328676871993,0.387123916431784,0.7323418189426146,1985,0.179878312473914
ds005540,de_ridge_strong,4,4,prior,0.472923249015021,0.324980976673509,0.620865521356533,1985,0.16945006613756614
ds005540,de_ridge_strong,4,4,prior_personalized,0.6082045791036811,0.4447474744603268,0.7716616837470354,1985,0.1566922013804928
ds005540,de_ridge_strong,4,4,eeg_population,0.005999429173500359,-0.07982327715296009,0.0918221354999608,1985,0.21872473867009162
ds005540,de_ridge_strong,4,4,eeg_personalized,0.17903341148664426,0.053020173979233726,0.30504664899405476,1985,0.21167135544715193
ds005540,de_ridge_strong,4,4,combined_population,0.45943545001350783,0.30519686955627134,0.6136740304707443,1985,0.1792622744717695
ds005540,de_ridge_strong,4,4,combined_personalized,0.5971616318423759,0.4347610478479188,0.759562215836833,1985,0.16274794516753
ds005540,de_ridge_strong,4,8,prior,0.4907012372224836,0.34749131213137896,0.6339111623135882,1985,0.16290261243386245
ds005540,de_ridge_strong,4,8,prior_personalized,0.6274400484258289,0.4688156659338387,0.7860644309178191,1985,0.1511367072096877
ds005540,de_ridge_strong,4,8,eeg_population,0.002873323675628253,-0.08368900079848433,0.08943564814974085,1985,0.2179324173296381
ds005540,de_ridge_strong,4,8,eeg_personalized,0.17839548312016854,0.04903184328034901,0.3077591229599881,1985,0.21197286698462578
ds005540,de_ridge_strong,4,8,combined_population,0.4778023180589491,0.31840998152980393,0.6371946545880943,1985,0.17167641118414
ds005540,de_ridge_strong,4,8,combined_personalized,0.6145955411959848,0.45367130190442106,0.7755197804875485,1985,0.15490062178136593
ds005540,de_ridge_strong,8,0,prior,-3.0732194575483232e-15,-5.542567952744668e-15,-6.038709623519784e-16,1985,0.21154367944837507
ds005540,de_ridge_strong,8,0,prior_personalized,0.20355097551998394,0.08686608804864297,0.3202358629913249,1985,0.19155023578113023
ds005540,de_ridge_strong,8,0,eeg_population,-0.007512932951889953,-0.07173327984905886,0.05670741394527895,1985,0.21388356428101046
ds005540,de_ridge_strong,8,0,eeg_personalized,0.17730299826847168,0.05036885374740857,0.3042371427895348,1985,0.19746029468377438
ds005540,de_ridge_strong,8,0,combined_population,-0.011944173371583867,-0.09263412166653014,0.06874577492336241,1985,0.21905354611969466
ds005540,de_ridge_strong,8,0,combined_personalized,0.19302269866086091,0.06880769542826648,0.31723770189345535,1985,0.19357268518900664
ds005540,de_ridge_strong,8,1,prior,0.3897076368081029,0.2066169787479025,0.5727982948683032,1985,0.23195701058201063
ds005540,de_ridge_strong,8,1,prior_personalized,0.474201241691356,0.2926700668374944,0.6557324165452176,1985,0.222715289091138
ds005540,de_ridge_strong,8,1,eeg_population,-0.005379629080386623,-0.07091728816985221,0.06015803000907896,1985,0.21393997794154146
ds005540,de_ridge_strong,8,1,eeg_personalized,0.18031234978493912,0.05338359054027497,0.3072411090296033,1985,0.19742418544519214
ds005540,de_ridge_strong,8,1,combined_population,0.376861233364779,0.19195850705250692,0.5617639596770511,1985,0.23974648064718534
ds005540,de_ridge_strong,8,1,combined_personalized,0.4716150696119147,0.2886951627702787,0.6545349764535506,1985,0.22466430838757798
ds005540,de_ridge_strong,8,2,prior,0.44729263481390646,0.28596758856546856,0.6086176810623444,1985,0.1847556216931217
ds005540,de_ridge_strong,8,2,prior_personalized,0.5676535706334505,0.3900606330210051,0.7452465082458959,1985,0.17405386184083965
ds005540,de_ridge_strong,8,2,eeg_population,-0.00767601113605562,-0.07436231883853908,0.05901029656642784,1985,0.2141972494674262
ds005540,de_ridge_strong,8,2,eeg_personalized,0.1783862797474487,0.050605411073477796,0.30616714842141957,1985,0.19742285814669763
ds005540,de_ridge_strong,8,2,combined_population,0.4285407451870228,0.26836827835334653,0.588713212020699,1985,0.19131676068123643
ds005540,de_ridge_strong,8,2,combined_personalized,0.5654026593628655,0.3899561937790318,0.7408491249466992,1985,0.1741936770285682
ds005540,de_ridge_strong,8,4,prior,0.472923249015021,0.324980976673509,0.620865521356533,1985,0.16945006613756614
ds005540,de_ridge_strong,8,4,prior_personalized,0.6104864167450004,0.44309026433870946,0.7778825691512913,1985,0.15512004551872685
ds005540,de_ridge_strong,8,4,eeg_population,0.005999429173500359,-0.07982327715296009,0.0918221354999608,1985,0.21872473867009162
ds005540,de_ridge_strong,8,4,eeg_personalized,0.18842354846442855,0.05595441580089955,0.32089268112795755,1985,0.19844149382901954
ds005540,de_ridge_strong,8,4,combined_population,0.45943545001350783,0.30519686955627134,0.6136740304707443,1985,0.1792622744717695
ds005540,de_ridge_strong,8,4,combined_personalized,0.6016821149408258,0.4353709660785343,0.7679932638031173,1985,0.15881266088005433
ds005540,de_ridge_strong,8,8,prior,0.4907012372224836,0.34749131213137896,0.6339111623135882,1985,0.16290261243386245
ds005540,de_ridge_strong,8,8,prior_personalized,0.6327069705103981,0.4688714910603772,0.7965424499604191,1985,0.1450768522313176
ds005540,de_ridge_strong,8,8,eeg_population,0.002873323675628253,-0.08368900079848433,0.08943564814974085,1985,0.2179324173296381
ds005540,de_ridge_strong,8,8,eeg_personalized,0.186549333762572,0.050725788067702754,0.3223728794574412,1985,0.19938452239107846
ds005540,de_ridge_strong,8,8,combined_population,0.4778023180589491,0.31840998152980393,0.6371946545880943,1985,0.17167641118414
ds005540,de_ridge_strong,8,8,combined_personalized,0.622467076042624,0.4553757188513008,0.7895584332339471,1985,0.14792216650629253
ds005540,eegnet_lr1e3,0,0,prior,-3.0732194575483232e-15,-5.542567952744668e-15,-6.038709623519784e-16,1985,0.21154367944837507
ds005540,eegnet_lr1e3,0,0,prior_personalized,-3.0732194575483232e-15,-5.542567952744668e-15,-6.038709623519784e-16,1985,0.21154367944837507
ds005540,eegnet_lr1e3,0,0,eeg_population,0.005012621700976257,-0.03831669652572357,0.04834193992767609,1985,0.21039528357506612
ds005540,eegnet_lr1e3,0,0,eeg_personalized,0.005012627880579412,-0.03831669016178032,0.048341945922939146,1985,0.21039528308111052
ds005540,eegnet_lr1e3,0,0,combined_population,-0.00040099605147748756,-0.023969615139896417,0.023167623036941445,1985,0.21110374318742023
ds005540,eegnet_lr1e3,0,0,combined_personalized,-0.00040099605147748756,-0.023969615139896417,0.023167623036941445,1985,0.21110374318742023
ds005540,eegnet_lr1e3,0,1,prior,0.3897076368081029,0.2066169787479025,0.5727982948683032,1985,0.23195701058201063
ds005540,eegnet_lr1e3,0,1,prior_personalized,0.3897076368081029,0.2066169787479025,0.5727982948683032,1985,0.23195701058201063
ds005540,eegnet_lr1e3,0,1,eeg_population,-0.004917842001770759,-0.034848051532359745,0.025012367528818222,1985,0.21402014238988093
ds005540,eegnet_lr1e3,0,1,eeg_personalized,-0.004917835203852724,-0.034848043417591464,0.025012373009886017,1985,0.21402014203665276
ds005540,eegnet_lr1e3,0,1,combined_population,0.387092168714107,0.20472870971071694,0.5694556277174971,1985,0.23381953017231996
ds005540,eegnet_lr1e3,0,1,combined_personalized,0.387092168714107,0.20472870971071694,0.5694556277174971,1985,0.23381953017231996
ds005540,eegnet_lr1e3,0,2,prior,0.44729263481390646,0.28596758856546856,0.6086176810623444,1985,0.1847556216931217
ds005540,eegnet_lr1e3,0,2,prior_personalized,0.44729263481390646,0.28596758856546856,0.6086176810623444,1985,0.1847556216931217
ds005540,eegnet_lr1e3,0,2,eeg_population,-0.0032937860087992724,-0.030836807597022627,0.02424923557942408,1985,0.2128357267949735
ds005540,eegnet_lr1e3,0,2,eeg_personalized,-0.003293787766574334,-0.030836806878139555,0.024249231344990886,1985,0.21283572696858927
ds005540,eegnet_lr1e3,0,2,combined_population,0.44956708614104074,0.28693502847484464,0.6121991438072368,1985,0.1855103955721338
ds005540,eegnet_lr1e3,0,2,combined_personalized,0.44956708614104074,0.28693502847484464,0.6121991438072368,1985,0.1855103955721338
ds005540,eegnet_lr1e3,0,4,prior,0.472923249015021,0.324980976673509,0.620865521356533,1985,0.16945006613756614
ds005540,eegnet_lr1e3,0,4,prior_personalized,0.472923249015021,0.324980976673509,0.620865521356533,1985,0.16945006613756614
ds005540,eegnet_lr1e3,0,4,eeg_population,-0.0005278963833165344,-0.017759200256284698,0.016703407489651628,1985,0.21206701064451056
ds005540,eegnet_lr1e3,0,4,eeg_personalized,-0.0005278949934798113,-0.01775919770730037,0.01670340772034075,1985,0.21206701019177676
ds005540,eegnet_lr1e3,0,4,combined_population,0.48281024614796086,0.3365049946596579,0.6291154976362638,1985,0.16870468268990862
ds005540,eegnet_lr1e3,0,4,combined_personalized,0.48281024614796086,0.3365049946596579,0.6291154976362638,1985,0.16870468268990862
ds005540,eegnet_lr1e3,0,8,prior,0.4907012372224836,0.34749131213137896,0.6339111623135882,1985,0.16290261243386245
ds005540,eegnet_lr1e3,0,8,prior_personalized,0.4907012372224836,0.34749131213137896,0.6339111623135882,1985,0.16290261243386245
ds005540,eegnet_lr1e3,0,8,eeg_population,0.0019186794170957336,-0.03415631654689987,0.03799367538109134,1985,0.20915107414451056
ds005540,eegnet_lr1e3,0,8,eeg_personalized,0.0019186805611115672,-0.03415631614181284,0.03799367726403597,1985,0.20915107382494935
ds005540,eegnet_lr1e3,0,8,combined_population,0.48279012253137077,0.3416187610238205,0.623961484038921,1985,0.1644614030667833
ds005540,eegnet_lr1e3,0,8,combined_personalized,0.48279012253137077,0.3416187610238205,0.623961484038921,1985,0.1644614030667833
ds005540,eegnet_lr1e3,1,0,prior,-3.0732194575483232e-15,-5.542567952744668e-15,-6.038709623519784e-16,1985,0.21154367944837507
ds005540,eegnet_lr1e3,1,0,prior_personalized,0.13942400367279467,0.0029188931532936058,0.2759291141922957,1985,0.24356052006101078
ds005540,eegnet_lr1e3,1,0,eeg_population,0.005012621700976257,-0.03831669652572357,0.04834193992767609,1985,0.21039528357506612
ds005540,eegnet_lr1e3,1,0,eeg_personalized,0.12146192973916206,-0.04543156331095394,0.28835542278927806,1985,0.2543085523293841
ds005540,eegnet_lr1e3,1,0,combined_population,-0.00040099605147748756,-0.023969615139896417,0.023167623036941445,1985,0.21110374318742023
ds005540,eegnet_lr1e3,1,0,combined_personalized,0.1426599350461797,0.005857883343076187,0.2794619867492832,1985,0.24329632808751805
ds005540,eegnet_lr1e3,1,1,prior,0.3897076368081029,0.2066169787479025,0.5727982948683032,1985,0.23195701058201063
ds005540,eegnet_lr1e3,1,1,prior_personalized,0.40995118909402206,0.2426561911892487,0.5772461869987955,1985,0.2574170719213611
ds005540,eegnet_lr1e3,1,1,eeg_population,-0.004917842001770759,-0.034848051532359745,0.025012367528818222,1985,0.21402014238988093
ds005540,eegnet_lr1e3,1,1,eeg_personalized,0.13410972149862133,-0.033180479670672725,0.3013999226679154,1985,0.24879817008219224
ds005540,eegnet_lr1e3,1,1,combined_population,0.387092168714107,0.20472870971071694,0.5694556277174971,1985,0.23381953017231996
ds005540,eegnet_lr1e3,1,1,combined_personalized,0.40938205946548567,0.2421463251703064,0.5766177937606649,1985,0.25817285266534784
ds005540,eegnet_lr1e3,1,2,prior,0.44729263481390646,0.28596758856546856,0.6086176810623444,1985,0.1847556216931217
ds005540,eegnet_lr1e3,1,2,prior_personalized,0.45298874237330666,0.28579664351253026,0.620180841234083,1985,0.21862092411038486
ds005540,eegnet_lr1e3,1,2,eeg_population,-0.0032937860087992724,-0.030836807597022627,0.02424923557942408,1985,0.2128357267949735
ds005540,eegnet_lr1e3,1,2,eeg_personalized,0.13126862679809298,-0.035612232229045415,0.2981494858252314,1985,0.2501923175999727
ds005540,eegnet_lr1e3,1,2,combined_population,0.44956708614104074,0.28693502847484464,0.6121991438072368,1985,0.1855103955721338
ds005540,eegnet_lr1e3,1,2,combined_personalized,0.4552325262183,0.2851651599687868,0.6252998924678133,1985,0.2181659746408798
ds005540,eegnet_lr1e3,1,4,prior,0.472923249015021,0.324980976673509,0.620865521356533,1985,0.16945006613756614
ds005540,eegnet_lr1e3,1,4,prior_personalized,0.4734042218746855,0.3036536598180704,0.6431547839313005,1985,0.20628687898770615
ds005540,eegnet_lr1e3,1,4,eeg_population,-0.0005278963833165344,-0.017759200256284698,0.016703407489651628,1985,0.21206701064451056
ds005540,eegnet_lr1e3,1,4,eeg_personalized,0.13520818958076142,-0.03014836454108813,0.300564743702611,1985,0.2480071757622654
ds005540,eegnet_lr1e3,1,4,combined_population,0.48281024614796086,0.3365049946596579,0.6291154976362638,1985,0.16870468268990862
ds005540,eegnet_lr1e3,1,4,combined_personalized,0.476583757660393,0.3063038650830878,0.6468636502376982,1985,0.20649311949006982
ds005540,eegnet_lr1e3,1,8,prior,0.4907012372224836,0.34749131213137896,0.6339111623135882,1985,0.16290261243386245
ds005540,eegnet_lr1e3,1,8,prior_personalized,0.4855856648588942,0.3195426579835924,0.651628671734196,1985,0.20154269702058714
ds005540,eegnet_lr1e3,1,8,eeg_population,0.0019186794170957336,-0.03415631654689987,0.03799367538109134,1985,0.20915107414451056
ds005540,eegnet_lr1e3,1,8,eeg_personalized,0.12661860808908557,-0.04218684247182358,0.2954240586499947,1985,0.25046451775666584
ds005540,eegnet_lr1e3,1,8,combined_population,0.48279012253137077,0.3416187610238205,0.623961484038921,1985,0.1644614030667833
ds005540,eegnet_lr1e3,1,8,combined_personalized,0.48373259730412854,0.3182081860567068,0.6492570085515503,1985,0.20185034013885045
ds005540,eegnet_lr1e3,2,0,prior,-3.0732194575483232e-15,-5.542567952744668e-15,-6.038709623519784e-16,1985,0.21154367944837507
ds005540,eegnet_lr1e3,2,0,prior_personalized,0.13636464028270187,0.015011409585502941,0.2577178709799008,1985,0.211274476386932
ds005540,eegnet_lr1e3,2,0,eeg_population,0.005012621700976257,-0.03831669652572357,0.04834193992767609,1985,0.21039528357506612
ds005540,eegnet_lr1e3,2,0,eeg_personalized,0.1318016228098458,0.001264358328509435,0.26233888729118215,1985,0.2196066803514721
ds005540,eegnet_lr1e3,2,0,combined_population,-0.00040099605147748756,-0.023969615139896417,0.023167623036941445,1985,0.21110374318742023
ds005540,eegnet_lr1e3,2,0,combined_personalized,0.13703936822049606,0.015341359375821206,0.2587373770651709,1985,0.21159035998752143
ds005540,eegnet_lr1e3,2,1,prior,0.3897076368081029,0.2066169787479025,0.5727982948683032,1985,0.23195701058201063
ds005540,eegnet_lr1e3,2,1,prior_personalized,0.4384746654153546,0.2632685205368168,0.6136808102938924,1985,0.23789503065886847
ds005540,eegnet_lr1e3,2,1,eeg_population,-0.004917842001770759,-0.034848051532359745,0.025012367528818222,1985,0.21402014238988093
ds005540,eegnet_lr1e3,2,1,eeg_personalized,0.14292110726308743,0.009776475657229416,0.2760657388689455,1985,0.21981670070431694
ds005540,eegnet_lr1e3,2,1,combined_population,0.387092168714107,0.20472870971071694,0.5694556277174971,1985,0.23381953017231996
ds005540,eegnet_lr1e3,2,1,combined_personalized,0.43714630666579446,0.2622322973192617,0.6120603160123272,1985,0.2381243674989455
ds005540,eegnet_lr1e3,2,2,prior,0.44729263481390646,0.28596758856546856,0.6086176810623444,1985,0.1847556216931217
ds005540,eegnet_lr1e3,2,2,prior_personalized,0.5141625393565328,0.3451543250171745,0.6831707536958911,1985,0.1908285463838313
ds005540,eegnet_lr1e3,2,2,eeg_population,-0.0032937860087992724,-0.030836807597022627,0.02424923557942408,1985,0.2128357267949735
ds005540,eegnet_lr1e3,2,2,eeg_personalized,0.14336163374749467,0.013167466582324039,0.2735558009126653,1985,0.21904117715957933
ds005540,eegnet_lr1e3,2,2,combined_population,0.44956708614104074,0.28693502847484464,0.6121991438072368,1985,0.1855103955721338
ds005540,eegnet_lr1e3,2,2,combined_personalized,0.5122898396022464,0.3414685087185232,0.6831111704859696,1985,0.19060810285112298
ds005540,eegnet_lr1e3,2,4,prior,0.472923249015021,0.324980976673509,0.620865521356533,1985,0.16945006613756614
ds005540,eegnet_lr1e3,2,4,prior_personalized,0.5440407826025998,0.3775927191240329,0.7104888460811667,1985,0.17446036418306637
ds005540,eegnet_lr1e3,2,4,eeg_population,-0.0005278963833165344,-0.017759200256284698,0.016703407489651628,1985,0.21206701064451056
ds005540,eegnet_lr1e3,2,4,eeg_personalized,0.1444443111746111,0.01348841148324681,0.2754002108659754,1985,0.21876065393501803
ds005540,eegnet_lr1e3,2,4,combined_population,0.48281024614796086,0.3365049946596579,0.6291154976362638,1985,0.16870468268990862
ds005540,eegnet_lr1e3,2,4,combined_personalized,0.543775941728184,0.377577430973586,0.709974452482782,1985,0.17473344273951624
ds005540,eegnet_lr1e3,2,8,prior,0.4907012372224836,0.34749131213137896,0.6339111623135882,1985,0.16290261243386245
ds005540,eegnet_lr1e3,2,8,prior_personalized,0.5559170887724669,0.3954060032291151,0.7164281743158187,1985,0.167525190912936
ds005540,eegnet_lr1e3,2,8,eeg_population,0.0019186794170957336,-0.03415631654689987,0.03799367538109134,1985,0.20915107414451056
ds005540,eegnet_lr1e3,2,8,eeg_personalized,0.13859989158185293,0.005568319958996121,0.27163146320470977,1985,0.2193102373151631
ds005540,eegnet_lr1e3,2,8,combined_population,0.48279012253137077,0.3416187610238205,0.623961484038921,1985,0.1644614030667833
ds005540,eegnet_lr1e3,2,8,combined_personalized,0.5531892521280698,0.3930049408998165,0.7133735633563231,1985,0.16813897696080293
ds005540,eegnet_lr1e3,4,0,prior,-3.0732194575483232e-15,-5.542567952744668e-15,-6.038709623519784e-16,1985,0.21154367944837507
ds005540,eegnet_lr1e3,4,0,prior_personalized,0.20127149421979934,0.08080584450905734,0.3217371439305413,1985,0.2002923326094837
ds005540,eegnet_lr1e3,4,0,eeg_population,0.005012621700976257,-0.03831669652572357,0.04834193992767609,1985,0.21039528357506612
ds005540,eegnet_lr1e3,4,0,eeg_personalized,0.16417909518003043,0.04433369474272798,0.2840244956173329,1985,0.21017712469611846
ds005540,eegnet_lr1e3,4,0,combined_population,-0.00040099605147748756,-0.023969615139896417,0.023167623036941445,1985,0.21110374318742023
ds005540,eegnet_lr1e3,4,0,combined_personalized,0.20304502948558642,0.08108926716673048,0.32500079180444236,1985,0.19991757133342136
ds005540,eegnet_lr1e3,4,1,prior,0.3897076368081029,0.2066169787479025,0.5727982948683032,1985,0.23195701058201063
ds005540,eegnet_lr1e3,4,1,prior_personalized,0.4722962162265828,0.29508513838392936,0.6495072940692362,1985,0.2275497664247026
ds005540,eegnet_lr1e3,4,1,eeg_population,-0.004917842001770759,-0.034848051532359745,0.025012367528818222,1985,0.21402014238988093
ds005540,eegnet_lr1e3,4,1,eeg_personalized,0.17311378672398317,0.05288168094238613,0.2933458925055802,1985,0.2088432740325492
ds005540,eegnet_lr1e3,4,1,combined_population,0.387092168714107,0.20472870971071694,0.5694556277174971,1985,0.23381953017231996
ds005540,eegnet_lr1e3,4,1,combined_personalized,0.47143895096638666,0.29372935865447947,0.6491485432782939,1985,0.22799995461104325
ds005540,eegnet_lr1e3,4,2,prior,0.44729263481390646,0.28596758856546856,0.6086176810623444,1985,0.1847556216931217
ds005540,eegnet_lr1e3,4,2,prior_personalized,0.5637120717710203,0.39091938217196365,0.736504761370077,1985,0.17898330466831794
ds005540,eegnet_lr1e3,4,2,eeg_population,-0.0032937860087992724,-0.030836807597022627,0.02424923557942408,1985,0.2128357267949735
ds005540,eegnet_lr1e3,4,2,eeg_personalized,0.17558125221476964,0.05850025431587717,0.2926622501136621,1985,0.20849213309771325
ds005540,eegnet_lr1e3,4,2,combined_population,0.44956708614104074,0.28693502847484464,0.6121991438072368,1985,0.1855103955721338
ds005540,eegnet_lr1e3,4,2,combined_personalized,0.5633060182838866,0.38817159191350176,0.7384404446542714,1985,0.178700032313475
ds005540,eegnet_lr1e3,4,4,prior,0.472923249015021,0.324980976673509,0.620865521356533,1985,0.16945006613756614
ds005540,eegnet_lr1e3,4,4,prior_personalized,0.6082045791036811,0.4447474744603268,0.7716616837470354,1985,0.1566922013804928
ds005540,eegnet_lr1e3,4,4,eeg_population,-0.0005278963833165344,-0.017759200256284698,0.016703407489651628,1985,0.21206701064451056
ds005540,eegnet_lr1e3,4,4,eeg_personalized,0.17576318871610916,0.05695264814906638,0.29457372928315195,1985,0.20761352422659987
ds005540,eegnet_lr1e3,4,4,combined_population,0.48281024614796086,0.3365049946596579,0.6291154976362638,1985,0.16870468268990862
ds005540,eegnet_lr1e3,4,4,combined_personalized,0.6071386818144365,0.443471471506689,0.7708058921221841,1985,0.15700946490492754
ds005540,eegnet_lr1e3,4,8,prior,0.4907012372224836,0.34749131213137896,0.6339111623135882,1985,0.16290261243386245
ds005540,eegnet_lr1e3,4,8,prior_personalized,0.6274400484258289,0.4688156659338387,0.7860644309178191,1985,0.1511367072096877
ds005540,eegnet_lr1e3,4,8,eeg_population,0.0019186794170957336,-0.03415631654689987,0.03799367538109134,1985,0.20915107414451056
ds005540,eegnet_lr1e3,4,8,eeg_personalized,0.17089603600876807,0.05099115065849444,0.2908009213590417,1985,0.20939050320665986
ds005540,eegnet_lr1e3,4,8,combined_population,0.48279012253137077,0.3416187610238205,0.623961484038921,1985,0.1644614030667833
ds005540,eegnet_lr1e3,4,8,combined_personalized,0.6259832620763847,0.46740810760543067,0.7845584165473387,1985,0.15128532669088074
ds005540,eegnet_lr1e3,8,0,prior,-3.0732194575483232e-15,-5.542567952744668e-15,-6.038709623519784e-16,1985,0.21154367944837507
ds005540,eegnet_lr1e3,8,0,prior_personalized,0.20355097551998394,0.08686608804864297,0.3202358629913249,1985,0.19155023578113023
ds005540,eegnet_lr1e3,8,0,eeg_population,0.005012621700976257,-0.03831669652572357,0.04834193992767609,1985,0.21039528357506612
ds005540,eegnet_lr1e3,8,0,eeg_personalized,0.17177947429173418,0.04637757258527292,0.29718137599819544,1985,0.19920127783776825
ds005540,eegnet_lr1e3,8,0,combined_population,-0.00040099605147748756,-0.023969615139896417,0.023167623036941445,1985,0.21110374318742023
ds005540,eegnet_lr1e3,8,0,combined_personalized,0.20655346077515988,0.08767185071084277,0.325435070839477,1985,0.1910359046824806
ds005540,eegnet_lr1e3,8,1,prior,0.3897076368081029,0.2066169787479025,0.5727982948683032,1985,0.23195701058201063
ds005540,eegnet_lr1e3,8,1,prior_personalized,0.474201241691356,0.2926700668374944,0.6557324165452176,1985,0.222715289091138
ds005540,eegnet_lr1e3,8,1,eeg_population,-0.004917842001770759,-0.034848051532359745,0.025012367528818222,1985,0.21402014238988093
ds005540,eegnet_lr1e3,8,1,eeg_personalized,0.1834576890608825,0.05824570111874913,0.30866967700301584,1985,0.196756971747915
ds005540,eegnet_lr1e3,8,1,combined_population,0.387092168714107,0.20472870971071694,0.5694556277174971,1985,0.23381953017231996
ds005540,eegnet_lr1e3,8,1,combined_personalized,0.47362530123596314,0.2917672088242762,0.6554833936476501,1985,0.22310929094931717
ds005540,eegnet_lr1e3,8,2,prior,0.44729263481390646,0.28596758856546856,0.6086176810623444,1985,0.1847556216931217
ds005540,eegnet_lr1e3,8,2,prior_personalized,0.5676535706334505,0.3900606330210051,0.7452465082458959,1985,0.17405386184083965
ds005540,eegnet_lr1e3,8,2,eeg_population,-0.0032937860087992724,-0.030836807597022627,0.02424923557942408,1985,0.2128357267949735
ds005540,eegnet_lr1e3,8,2,eeg_personalized,0.18457564148620537,0.06281046698528421,0.30634081598712654,1985,0.196482992457423
ds005540,eegnet_lr1e3,8,2,combined_population,0.44956708614104074,0.28693502847484464,0.6121991438072368,1985,0.1855103955721338
ds005540,eegnet_lr1e3,8,2,combined_personalized,0.5670358837031422,0.3865990162855796,0.7474727511207048,1985,0.1740807499892888
ds005540,eegnet_lr1e3,8,4,prior,0.472923249015021,0.324980976673509,0.620865521356533,1985,0.16945006613756614
ds005540,eegnet_lr1e3,8,4,prior_personalized,0.6104864167450004,0.44309026433870946,0.7778825691512913,1985,0.15512004551872685
ds005540,eegnet_lr1e3,8,4,eeg_population,-0.0005278963833165344,-0.017759200256284698,0.016703407489651628,1985,0.21206701064451056
ds005540,eegnet_lr1e3,8,4,eeg_personalized,0.18518101995219344,0.062449396973196444,0.3079126429311904,1985,0.1959621608084038
ds005540,eegnet_lr1e3,8,4,combined_population,0.48281024614796086,0.3365049946596579,0.6291154976362638,1985,0.16870468268990862
ds005540,eegnet_lr1e3,8,4,combined_personalized,0.609305405576605,0.44131633185594277,0.7772944792972671,1985,0.1556775820068698
ds005540,eegnet_lr1e3,8,8,prior,0.4907012372224836,0.34749131213137896,0.6339111623135882,1985,0.16290261243386245
ds005540,eegnet_lr1e3,8,8,prior_personalized,0.6327069705103981,0.4688714910603772,0.7965424499604191,1985,0.1450768522313176
ds005540,eegnet_lr1e3,8,8,eeg_population,0.0019186794170957336,-0.03415631654689987,0.03799367538109134,1985,0.20915107414451056
ds005540,eegnet_lr1e3,8,8,eeg_personalized,0.1818709123660529,0.05721640332996908,0.30652542140213673,1985,0.19765973800047246
ds005540,eegnet_lr1e3,8,8,combined_population,0.48279012253137077,0.3416187610238205,0.623961484038921,1985,0.1644614030667833
ds005540,eegnet_lr1e3,8,8,combined_personalized,0.6307208532493085,0.46716171825297337,0.7942799882456436,1985,0.14541505984465442
ds005540,eegnet_lr1e4,0,0,prior,-3.0732194575483232e-15,-5.542567952744668e-15,-6.038709623519784e-16,1985,0.21154367944837507
ds005540,eegnet_lr1e4,0,0,prior_personalized,-3.0732194575483232e-15,-5.542567952744668e-15,-6.038709623519784e-16,1985,0.21154367944837507
ds005540,eegnet_lr1e4,0,0,eeg_population,0.00019363384265401825,-0.012003723548981294,0.01239099123428933,1985,0.2114764597486772
ds005540,eegnet_lr1e4,0,0,eeg_personalized,0.000193632202121922,-0.01200372504934459,0.012390989453588436,1985,0.21147645992308695
ds005540,eegnet_lr1e4,0,0,combined_population,9.45160194897451e-05,-0.01047246847480842,0.010661500513787912,1985,0.21135321669549337
ds005540,eegnet_lr1e4,0,0,combined_personalized,9.45160194897451e-05,-0.01047246847480842,0.010661500513787912,1985,0.21135321669549337
ds005540,eegnet_lr1e4,0,1,prior,0.3897076368081029,0.2066169787479025,0.5727982948683032,1985,0.23195701058201063
ds005540,eegnet_lr1e4,0,1,prior_personalized,0.3897076368081029,0.2066169787479025,0.5727982948683032,1985,0.23195701058201063
ds005540,eegnet_lr1e4,0,1,eeg_population,-0.00031218150919389356,-0.011349477394516354,0.010725114376128567,1985,0.21159247957738098
ds005540,eegnet_lr1e4,0,1,eeg_personalized,-0.0003121798465615472,-0.011349479695769533,0.010725120002646438,1985,0.2115924791292775
ds005540,eegnet_lr1e4,0,1,combined_population,0.38856408999931763,0.20602150198237007,0.5711066780162652,1985,0.2328309548281881
ds005540,eegnet_lr1e4,0,1,combined_personalized,0.38856408999931763,0.20602150198237007,0.5711066780162652,1985,0.2328309548281881
ds005540,eegnet_lr1e4,0,2,prior,0.44729263481390646,0.28596758856546856,0.6086176810623444,1985,0.1847556216931217
ds005540,eegnet_lr1e4,0,2,prior_personalized,0.44729263481390646,0.28596758856546856,0.6086176810623444,1985,0.1847556216931217
ds005540,eegnet_lr1e4,0,2,eeg_population,-0.0010241312969914765,-0.012767107999751788,0.010718845405768836,1985,0.21160421186210318
ds005540,eegnet_lr1e4,0,2,eeg_personalized,-0.0010241306696917886,-0.012767110221608964,0.010718848882225388,1985,0.21160421177930142
ds005540,eegnet_lr1e4,0,2,combined_population,0.4461007338186408,0.2856325688218264,0.6065688988154552,1985,0.1848672276470665
ds005540,eegnet_lr1e4,0,2,combined_personalized,0.4461007338186408,0.2856325688218264,0.6065688988154552,1985,0.1848672276470665
ds005540,eegnet_lr1e4,0,4,prior,0.472923249015021,0.324980976673509,0.620865521356533,1985,0.16945006613756614
ds005540,eegnet_lr1e4,0,4,prior_personalized,0.472923249015021,0.324980976673509,0.620865521356533,1985,0.16945006613756614
ds005540,eegnet_lr1e4,0,4,eeg_population,0.0004136714381552621,-0.013784399292557512,0.014611742168868035,1985,0.2113792398806217
ds005540,eegnet_lr1e4,0,4,eeg_personalized,0.0004136754476212298,-0.013784393879353152,0.014611744774595613,1985,0.21137923949259144
ds005540,eegnet_lr1e4,0,4,combined_population,0.4738187214173501,0.3265747447152202,0.62106269811948,1985,0.16946484002227435
ds005540,eegnet_lr1e4,0,4,combined_personalized,0.4738187214173501,0.3265747447152202,0.62106269811948,1985,0.16946484002227435
ds005540,eegnet_lr1e4,0,8,prior,0.4907012372224836,0.34749131213137896,0.6339111623135882,1985,0.16290261243386245
ds005540,eegnet_lr1e4,0,8,prior_personalized,0.4907012372224836,0.34749131213137896,0.6339111623135882,1985,0.16290261243386245
ds005540,eegnet_lr1e4,0,8,eeg_population,-0.0006746942589774063,-0.012395478988765952,0.011046090470811138,1985,0.2111492048690476
ds005540,eegnet_lr1e4,0,8,eeg_personalized,-0.0006746957296865705,-0.012395479503280427,0.011046088043907285,1985,0.21114920498781578
ds005540,eegnet_lr1e4,0,8,combined_population,0.4912029972755912,0.34757806451536827,0.6348279300358142,1985,0.16251895880062456
ds005540,eegnet_lr1e4,0,8,combined_personalized,0.4912029972755912,0.34757806451536827,0.6348279300358142,1985,0.16251895880062456
ds005540,eegnet_lr1e4,1,0,prior,-3.0732194575483232e-15,-5.542567952744668e-15,-6.038709623519784e-16,1985,0.21154367944837507
ds005540,eegnet_lr1e4,1,0,prior_personalized,0.13942400367279467,0.0029188931532936058,0.2759291141922957,1985,0.24356052006101078
ds005540,eegnet_lr1e4,1,0,eeg_population,0.00019363384265401825,-0.012003723548981294,0.01239099123428933,1985,0.2114764597486772
ds005540,eegnet_lr1e4,1,0,eeg_personalized,0.13134577878602297,-0.033365521224168415,0.29605707879621435,1985,0.24955598295278966
ds005540,eegnet_lr1e4,1,0,combined_population,9.45160194897451e-05,-0.01047246847480842,0.010661500513787912,1985,0.21135321669549337
ds005540,eegnet_lr1e4,1,0,combined_personalized,0.1404027651178606,0.0048489011056706,0.2759566291300506,1985,0.24452201602246598
ds005540,eegnet_lr1e4,1,1,prior,0.3897076368081029,0.2066169787479025,0.5727982948683032,1985,0.23195701058201063
ds005540,eegnet_lr1e4,1,1,prior_personalized,0.40995118909402206,0.2426561911892487,0.5772461869987955,1985,0.2574170719213611
ds005540,eegnet_lr1e4,1,1,eeg_population,-0.00031218150919389356,-0.011349477394516354,0.010725114376128567,1985,0.21159247957738098
ds005540,eegnet_lr1e4,1,1,eeg_personalized,0.13132462828177896,-0.03326170090772221,0.29591095747128016,1985,0.24933527409332612
ds005540,eegnet_lr1e4,1,1,combined_population,0.38856408999931763,0.20602150198237007,0.5711066780162652,1985,0.2328309548281881
ds005540,eegnet_lr1e4,1,1,combined_personalized,0.40965982498407805,0.2425343566513663,0.5767852933167898,1985,0.25792913596550593
ds005540,eegnet_lr1e4,1,2,prior,0.44729263481390646,0.28596758856546856,0.6086176810623444,1985,0.1847556216931217
ds005540,eegnet_lr1e4,1,2,prior_personalized,0.45298874237330666,0.28579664351253026,0.620180841234083,1985,0.21862092411038486
ds005540,eegnet_lr1e4,1,2,eeg_population,-0.0010241312969914765,-0.012767107999751788,0.010718845405768836,1985,0.21160421186210318
ds005540,eegnet_lr1e4,1,2,eeg_personalized,0.13122759494370498,-0.03347166740429594,0.29592685729170587,1985,0.24935536360925942
ds005540,eegnet_lr1e4,1,2,combined_population,0.4461007338186408,0.2856325688218264,0.6065688988154552,1985,0.1848672276470665
ds005540,eegnet_lr1e4,1,2,combined_personalized,0.45336638928630074,0.28667615055683804,0.6200566280157634,1985,0.2192309795949678
ds005540,eegnet_lr1e4,1,4,prior,0.472923249015021,0.324980976673509,0.620865521356533,1985,0.16945006613756614
ds005540,eegnet_lr1e4,1,4,prior_personalized,0.4734042218746855,0.3036536598180704,0.6431547839313005,1985,0.20628687898770615
ds005540,eegnet_lr1e4,1,4,eeg_population,0.0004136714381552621,-0.013784399292557512,0.014611742168868035,1985,0.2113792398806217
ds005540,eegnet_lr1e4,1,4,eeg_personalized,0.13166836771571036,-0.03278516769683723,0.2961219031282579,1985,0.24976476259990815
ds005540,eegnet_lr1e4,1,4,combined_population,0.4738187214173501,0.3265747447152202,0.62106269811948,1985,0.16946484002227435
ds005540,eegnet_lr1e4,1,4,combined_personalized,0.4737911476950066,0.3050538061608607,0.6425284892291525,1985,0.20728152333932903
ds005540,eegnet_lr1e4,1,8,prior,0.4907012372224836,0.34749131213137896,0.6339111623135882,1985,0.16290261243386245
ds005540,eegnet_lr1e4,1,8,prior_personalized,0.4855856648588942,0.3195426579835924,0.651628671734196,1985,0.20154269702058714
ds005540,eegnet_lr1e4,1,8,eeg_population,-0.0006746942589774063,-0.012395478988765952,0.011046090470811138,1985,0.2111492048690476
ds005540,eegnet_lr1e4,1,8,eeg_personalized,0.13099955195734664,-0.03349480819756909,0.2954939121122624,1985,0.24960070794233413
ds005540,eegnet_lr1e4,1,8,combined_population,0.4912029972755912,0.34757806451536827,0.6348279300358142,1985,0.16251895880062456
ds005540,eegnet_lr1e4,1,8,combined_personalized,0.485011541550233,0.319535953856348,0.6504871292441181,1985,0.20234561327522532
ds005540,eegnet_lr1e4,2,0,prior,-3.0732194575483232e-15,-5.542567952744668e-15,-6.038709623519784e-16,1985,0.21154367944837507
ds005540,eegnet_lr1e4,2,0,prior_personalized,0.13636464028270187,0.015011409585502941,0.2577178709799008,1985,0.211274476386932
ds005540,eegnet_lr1e4,2,0,eeg_population,0.00019363384265401825,-0.012003723548981294,0.01239099123428933,1985,0.2114764597486772
ds005540,eegnet_lr1e4,2,0,eeg_personalized,0.14440234036174032,0.015047952123504682,0.27375672859997596,1985,0.21908346324323347
ds005540,eegnet_lr1e4,2,0,combined_population,9.45160194897451e-05,-0.01047246847480842,0.010661500513787912,1985,0.21135321669549337
ds005540,eegnet_lr1e4,2,0,combined_personalized,0.1378055727579998,0.01662617389081958,0.25898497162517997,1985,0.21139712696550866
ds005540,eegnet_lr1e4,2,1,prior,0.3897076368081029,0.2066169787479025,0.5727982948683032,1985,0.23195701058201063
ds005540,eegnet_lr1e4,2,1,prior_personalized,0.4384746654153546,0.2632685205368168,0.6136808102938924,1985,0.23789503065886847
ds005540,eegnet_lr1e4,2,1,eeg_population,-0.00031218150919389356,-0.011349477394516354,0.010725114376128567,1985,0.21159247957738098
ds005540,eegnet_lr1e4,2,1,eeg_personalized,0.143708475092153,0.014145451897083328,0.2732714982872227,1985,0.21905986837482955
ds005540,eegnet_lr1e4,2,1,combined_population,0.38856408999931763,0.20602150198237007,0.5711066780162652,1985,0.2328309548281881
ds005540,eegnet_lr1e4,2,1,combined_personalized,0.43841738852517187,0.26355751948768347,0.6132772575626603,1985,0.23806607725611678
ds005540,eegnet_lr1e4,2,2,prior,0.44729263481390646,0.28596758856546856,0.6086176810623444,1985,0.1847556216931217
ds005540,eegnet_lr1e4,2,2,prior_personalized,0.5141625393565328,0.3451543250171745,0.6831707536958911,1985,0.1908285463838313
ds005540,eegnet_lr1e4,2,2,eeg_population,-0.0010241312969914765,-0.012767107999751788,0.010718845405768836,1985,0.21160421186210318
ds005540,eegnet_lr1e4,2,2,eeg_personalized,0.14366738462543757,0.014104827895214916,0.27322994135566026,1985,0.21914259024646388
ds005540,eegnet_lr1e4,2,2,combined_population,0.4461007338186408,0.2856325688218264,0.6065688988154552,1985,0.1848672276470665
ds005540,eegnet_lr1e4,2,2,combined_personalized,0.514608450962071,0.3465375255074133,0.6826793764167287,1985,0.19057413555597888
ds005540,eegnet_lr1e4,2,4,prior,0.472923249015021,0.324980976673509,0.620865521356533,1985,0.16945006613756614
ds005540,eegnet_lr1e4,2,4,prior_personalized,0.5440407826025998,0.3775927191240329,0.7104888460811667,1985,0.17446036418306637
ds005540,eegnet_lr1e4,2,4,eeg_population,0.0004136714381552621,-0.013784399292557512,0.014611742168868035,1985,0.2113792398806217
ds005540,eegnet_lr1e4,2,4,eeg_personalized,0.1445302996055417,0.01560941251810749,0.2734511866929759,1985,0.21923266167489305
ds005540,eegnet_lr1e4,2,4,combined_population,0.4738187214173501,0.3265747447152202,0.62106269811948,1985,0.16946484002227435
ds005540,eegnet_lr1e4,2,4,combined_personalized,0.5449335251745329,0.37944952564187595,0.7104175247071898,1985,0.17447478213902737
ds005540,eegnet_lr1e4,2,8,prior,0.4907012372224836,0.34749131213137896,0.6339111623135882,1985,0.16290261243386245
ds005540,eegnet_lr1e4,2,8,prior_personalized,0.5559170887724669,0.3954060032291151,0.7164281743158187,1985,0.167525190912936
ds005540,eegnet_lr1e4,2,8,eeg_population,-0.0006746942589774063,-0.012395478988765952,0.011046090470811138,1985,0.2111492048690476
ds005540,eegnet_lr1e4,2,8,eeg_personalized,0.14359643094360325,0.014418498851584666,0.27277436303562186,1985,0.2194429362100899
ds005540,eegnet_lr1e4,2,8,combined_population,0.4912029972755912,0.34757806451536827,0.6348279300358142,1985,0.16251895880062456
ds005540,eegnet_lr1e4,2,8,combined_personalized,0.5564350714281676,0.3960189655701045,0.7168511772862307,1985,0.16723931971216033
ds005540,eegnet_lr1e4,4,0,prior,-3.0732194575483232e-15,-5.542567952744668e-15,-6.038709623519784e-16,1985,0.21154367944837507
ds005540,eegnet_lr1e4,4,0,prior_personalized,0.20127149421979934,0.08080584450905734,0.3217371439305413,1985,0.2002923326094837
ds005540,eegnet_lr1e4,4,0,eeg_population,0.00019363384265401825,-0.012003723548981294,0.01239099123428933,1985,0.2114764597486772
ds005540,eegnet_lr1e4,4,0,eeg_personalized,0.1754859972533134,0.05803087571061656,0.29294111879601026,1985,0.20805107037232268
ds005540,eegnet_lr1e4,4,0,combined_population,9.45160194897451e-05,-0.01047246847480842,0.010661500513787912,1985,0.21135321669549337
ds005540,eegnet_lr1e4,4,0,combined_personalized,0.20190590654815796,0.0817327593440583,0.32207905375225765,1985,0.20039870207172106
ds005540,eegnet_lr1e4,4,1,prior,0.3897076368081029,0.2066169787479025,0.5727982948683032,1985,0.23195701058201063
ds005540,eegnet_lr1e4,4,1,prior_personalized,0.4722962162265828,0.29508513838392936,0.6495072940692362,1985,0.2275497664247026
ds005540,eegnet_lr1e4,4,1,eeg_population,-0.00031218150919389356,-0.011349477394516354,0.010725114376128567,1985,0.21159247957738098
ds005540,eegnet_lr1e4,4,1,eeg_personalized,0.17483291639290396,0.05737486932384561,0.2922909634619623,1985,0.20812927237986809
ds005540,eegnet_lr1e4,4,1,combined_population,0.38856408999931763,0.20602150198237007,0.5711066780162652,1985,0.2328309548281881
ds005540,eegnet_lr1e4,4,1,combined_personalized,0.4722409565624942,0.29522187399696154,0.6492600391280269,1985,0.22784430544627474
ds005540,eegnet_lr1e4,4,2,prior,0.44729263481390646,0.28596758856546856,0.6086176810623444,1985,0.1847556216931217
ds005540,eegnet_lr1e4,4,2,prior_personalized,0.5637120717710203,0.39091938217196365,0.736504761370077,1985,0.17898330466831794
ds005540,eegnet_lr1e4,4,2,eeg_population,-0.0010241312969914765,-0.012767107999751788,0.010718845405768836,1985,0.21160421186210318
ds005540,eegnet_lr1e4,4,2,eeg_personalized,0.17470997846426725,0.057286258918551505,0.292133698009983,1985,0.2081811181383316
ds005540,eegnet_lr1e4,4,2,combined_population,0.4461007338186408,0.2856325688218264,0.6065688988154552,1985,0.1848672276470665
ds005540,eegnet_lr1e4,4,2,combined_personalized,0.5642539617755491,0.39208316235398244,0.7364247611971158,1985,0.1788135280511663
ds005540,eegnet_lr1e4,4,4,prior,0.472923249015021,0.324980976673509,0.620865521356533,1985,0.16945006613756614
ds005540,eegnet_lr1e4,4,4,prior_personalized,0.6082045791036811,0.4447474744603268,0.7716616837470354,1985,0.1566922013804928
ds005540,eegnet_lr1e4,4,4,eeg_population,0.0004136714381552621,-0.013784399292557512,0.014611742168868035,1985,0.2113792398806217
ds005540,eegnet_lr1e4,4,4,eeg_personalized,0.17529006762244706,0.058279355960033016,0.2923007792848611,1985,0.20815924272457603
ds005540,eegnet_lr1e4,4,4,combined_population,0.4738187214173501,0.3265747447152202,0.62106269811948,1985,0.16946484002227435
ds005540,eegnet_lr1e4,4,4,combined_personalized,0.6091759882691934,0.4470298915136235,0.7713220850247633,1985,0.15702471120767186
ds005540,eegnet_lr1e4,4,8,prior,0.4907012372224836,0.34749131213137896,0.6339111623135882,1985,0.16290261243386245
ds005540,eegnet_lr1e4,4,8,prior_personalized,0.6274400484258289,0.4688156659338387,0.7860644309178191,1985,0.1511367072096877
ds005540,eegnet_lr1e4,4,8,eeg_population,-0.0006746942589774063,-0.012395478988765952,0.011046090470811138,1985,0.2111492048690476
ds005540,eegnet_lr1e4,4,8,eeg_personalized,0.17445376893601808,0.05753305373592302,0.2913744841361131,1985,0.20819367998071683
ds005540,eegnet_lr1e4,4,8,combined_population,0.4912029972755912,0.34757806451536827,0.6348279300358142,1985,0.16251895880062456
ds005540,eegnet_lr1e4,4,8,combined_personalized,0.6277150450835169,0.4696611527179556,0.7857689374490783,1985,0.1512531102102292
ds005540,eegnet_lr1e4,8,0,prior,-3.0732194575483232e-15,-5.542567952744668e-15,-6.038709623519784e-16,1985,0.21154367944837507
ds005540,eegnet_lr1e4,8,0,prior_personalized,0.20355097551998394,0.08686608804864297,0.3202358629913249,1985,0.19155023578113023
ds005540,eegnet_lr1e4,8,0,eeg_population,0.00019363384265401825,-0.012003723548981294,0.01239099123428933,1985,0.2114764597486772
ds005540,eegnet_lr1e4,8,0,eeg_personalized,0.18323658307226176,0.06291270033122488,0.30356046581329865,1985,0.19643475142948172
ds005540,eegnet_lr1e4,8,0,combined_population,9.45160194897451e-05,-0.01047246847480842,0.010661500513787912,1985,0.21135321669549337
ds005540,eegnet_lr1e4,8,0,combined_personalized,0.20410796841749318,0.08776723967869018,0.3204486971562962,1985,0.1914774976524138
ds005540,eegnet_lr1e4,8,1,prior,0.3897076368081029,0.2066169787479025,0.5727982948683032,1985,0.23195701058201063
ds005540,eegnet_lr1e4,8,1,prior_personalized,0.474201241691356,0.2926700668374944,0.6557324165452176,1985,0.222715289091138
ds005540,eegnet_lr1e4,8,1,eeg_population,-0.00031218150919389356,-0.011349477394516354,0.010725114376128567,1985,0.21159247957738098
ds005540,eegnet_lr1e4,8,1,eeg_personalized,0.1826405371753081,0.06227726532344764,0.30300380902716856,1985,0.19650082839003435
ds005540,eegnet_lr1e4,8,1,combined_population,0.38856408999931763,0.20602150198237007,0.5711066780162652,1985,0.2328309548281881
ds005540,eegnet_lr1e4,8,1,combined_personalized,0.47414890985617647,0.29282422779238027,0.6554735919199727,1985,0.2229434741153274
ds005540,eegnet_lr1e4,8,2,prior,0.44729263481390646,0.28596758856546856,0.6086176810623444,1985,0.1847556216931217
ds005540,eegnet_lr1e4,8,2,prior_personalized,0.5676535706334505,0.3900606330210051,0.7452465082458959,1985,0.17405386184083965
ds005540,eegnet_lr1e4,8,2,eeg_population,-0.0010241312969914765,-0.012767107999751788,0.010718845405768836,1985,0.21160421186210318
ds005540,eegnet_lr1e4,8,2,eeg_personalized,0.182291431112845,0.062028886691596646,0.30255397553409336,1985,0.19654719052462782
ds005540,eegnet_lr1e4,8,2,combined_population,0.4461007338186408,0.2856325688218264,0.6065688988154552,1985,0.1848672276470665
ds005540,eegnet_lr1e4,8,2,combined_personalized,0.5680948690677259,0.39144161297998625,0.7447481251554655,1985,0.17389627535545205
ds005540,eegnet_lr1e4,8,4,prior,0.472923249015021,0.324980976673509,0.620865521356533,1985,0.16945006613756614
ds005540,eegnet_lr1e4,8,4,prior_personalized,0.6104864167450004,0.44309026433870946,0.7778825691512913,1985,0.15512004551872685
ds005540,eegnet_lr1e4,8,4,eeg_population,0.0004136714381552621,-0.013784399292557512,0.014611742168868035,1985,0.2113792398806217
ds005540,eegnet_lr1e4,8,4,eeg_personalized,0.18314970508563616,0.06331387240166962,0.3029855377696027,1985,0.19662004609211844
ds005540,eegnet_lr1e4,8,4,combined_population,0.4738187214173501,0.3265747447152202,0.62106269811948,1985,0.16946484002227435
ds005540,eegnet_lr1e4,8,4,combined_personalized,0.6111284841747666,0.44524648502581654,0.7770104833237167,1985,0.15537388804777813
ds005540,eegnet_lr1e4,8,8,prior,0.4907012372224836,0.34749131213137896,0.6339111623135882,1985,0.16290261243386245
ds005540,eegnet_lr1e4,8,8,prior_personalized,0.6327069705103981,0.4688714910603772,0.7965424499604191,1985,0.1450768522313176
ds005540,eegnet_lr1e4,8,8,eeg_population,-0.0006746942589774063,-0.012395478988765952,0.011046090470811138,1985,0.2111492048690476
ds005540,eegnet_lr1e4,8,8,eeg_personalized,0.18202005242256056,0.062198171798795124,0.301841933046326,1985,0.19663261641809351
ds005540,eegnet_lr1e4,8,8,combined_population,0.4912029972755912,0.34757806451536827,0.6348279300358142,1985,0.16251895880062456
ds005540,eegnet_lr1e4,8,8,combined_personalized,0.6327476148151502,0.46946427686177583,0.7960309527685245,1985,0.14521346447636058
ds005540,labram_ridge_base,0,0,prior,-3.0732194575483232e-15,-5.542567952744668e-15,-6.038709623519784e-16,1985,0.21154367944837507
ds005540,labram_ridge_base,0,0,prior_personalized,-3.0732194575483232e-15,-5.542567952744668e-15,-6.038709623519784e-16,1985,0.21154367944837507
ds005540,labram_ridge_base,0,0,eeg_population,-0.05742180163057677,-0.16792240394002236,0.053078800678868825,1985,0.22760533583310782
ds005540,labram_ridge_base,0,0,eeg_personalized,-0.05742180163057677,-0.16792240394002236,0.053078800678868825,1985,0.22760533583310782
ds005540,labram_ridge_base,0,0,combined_population,-0.04332162573689368,-0.14977662427919325,0.06313337280540587,1985,0.22675993234947306
ds005540,labram_ridge_base,0,0,combined_personalized,-0.04332162573689368,-0.14977662427919325,0.06313337280540587,1985,0.22675993234947306
ds005540,labram_ridge_base,0,1,prior,0.3897076368081029,0.2066169787479025,0.5727982948683032,1985,0.23195701058201063
ds005540,labram_ridge_base,0,1,prior_personalized,0.3897076368081029,0.2066169787479025,0.5727982948683032,1985,0.23195701058201063
ds005540,labram_ridge_base,0,1,eeg_population,-0.04798358641506265,-0.15893443972949395,0.06296726689936863,1985,0.22627949469580608
ds005540,labram_ridge_base,0,1,eeg_personalized,-0.04798358641506265,-0.15893443972949395,0.06296726689936863,1985,0.22627949469580608
ds005540,labram_ridge_base,0,1,combined_population,0.3586491395649338,0.18002267820607537,0.5372756009237922,1985,0.24627498817496568
ds005540,labram_ridge_base,0,1,combined_personalized,0.3586491395649338,0.18002267820607537,0.5372756009237922,1985,0.24627498817496568
ds005540,labram_ridge_base,0,2,prior,0.44729263481390646,0.28596758856546856,0.6086176810623444,1985,0.1847556216931217
ds005540,labram_ridge_base,0,2,prior_personalized,0.44729263481390646,0.28596758856546856,0.6086176810623444,1985,0.1847556216931217
ds005540,labram_ridge_base,0,2,eeg_population,-0.049632488681125506,-0.1589031282858252,0.059638150923574204,1985,0.22681384317334877
ds005540,labram_ridge_base,0,2,eeg_personalized,-0.049632488681125506,-0.1589031282858252,0.059638150923574204,1985,0.22681384317334877
ds005540,labram_ridge_base,0,2,combined_population,0.4017822740520681,0.23789851972668263,0.5656660283774536,1985,0.20041668738097265
ds005540,labram_ridge_base,0,2,combined_personalized,0.4017822740520681,0.23789851972668263,0.5656660283774536,1985,0.20041668738097265
ds005540,labram_ridge_base,0,4,prior,0.472923249015021,0.324980976673509,0.620865521356533,1985,0.16945006613756614
ds005540,labram_ridge_base,0,4,prior_personalized,0.472923249015021,0.324980976673509,0.620865521356533,1985,0.16945006613756614
ds005540,labram_ridge_base,0,4,eeg_population,-0.03876505467603898,-0.1459630647930227,0.06843295544094474,1985,0.22547328789859383
ds005540,labram_ridge_base,0,4,eeg_personalized,-0.03876505467603898,-0.1459630647930227,0.06843295544094474,1985,0.22547328789859383
ds005540,labram_ridge_base,0,4,combined_population,0.42246710544506777,0.26993770919451177,0.5749965016956238,1985,0.18774776078765348
ds005540,labram_ridge_base,0,4,combined_personalized,0.42246710544506777,0.26993770919451177,0.5749965016956238,1985,0.18774776078765348
ds005540,labram_ridge_base,0,8,prior,0.4907012372224836,0.34749131213137896,0.6339111623135882,1985,0.16290261243386245
ds005540,labram_ridge_base,0,8,prior_personalized,0.4907012372224836,0.34749131213137896,0.6339111623135882,1985,0.16290261243386245
ds005540,labram_ridge_base,0,8,eeg_population,-0.043041078573263475,-0.16144616886681504,0.07536401172028809,1985,0.2251499127104181
ds005540,labram_ridge_base,0,8,eeg_personalized,-0.043041078573263475,-0.16144616886681504,0.07536401172028809,1985,0.2251499127104181
ds005540,labram_ridge_base,0,8,combined_population,0.42318354859754165,0.26520487102634177,0.5811622261687415,1985,0.1830196887813934
ds005540,labram_ridge_base,0,8,combined_personalized,0.42318354859754165,0.26520487102634177,0.5811622261687415,1985,0.1830196887813934
ds005540,labram_ridge_base,1,0,prior,-3.0732194575483232e-15,-5.542567952744668e-15,-6.038709623519784e-16,1985,0.21154367944837507
ds005540,labram_ridge_base,1,0,prior_personalized,0.13942400367279467,0.0029188931532936058,0.2759291141922957,1985,0.24356052006101078
ds005540,labram_ridge_base,1,0,eeg_population,-0.05742180163057677,-0.16792240394002236,0.053078800678868825,1985,0.22760533583310782
ds005540,labram_ridge_base,1,0,eeg_personalized,0.12143315586696415,-0.04099497895031279,0.2838612906842411,1985,0.2743084149486374
ds005540,labram_ridge_base,1,0,combined_population,-0.04332162573689368,-0.14977662427919325,0.06313337280540587,1985,0.22675993234947306
ds005540,labram_ridge_base,1,0,combined_personalized,0.1255301111505866,-0.009501892827900732,0.2605621151290739,1985,0.2662646540009104
ds005540,labram_ridge_base,1,1,prior,0.3897076368081029,0.2066169787479025,0.5727982948683032,1985,0.23195701058201063
ds005540,labram_ridge_base,1,1,prior_personalized,0.40995118909402206,0.2426561911892487,0.5772461869987955,1985,0.2574170719213611
ds005540,labram_ridge_base,1,1,eeg_population,-0.04798358641506265,-0.15893443972949395,0.06296726689936863,1985,0.22627949469580608
ds005540,labram_ridge_base,1,1,eeg_personalized,0.12616248191609314,-0.03496994057334049,0.28729490440552674,1985,0.27365651896204374
ds005540,labram_ridge_base,1,1,combined_population,0.3586491395649338,0.18002267820607537,0.5372756009237922,1985,0.24627498817496568
ds005540,labram_ridge_base,1,1,combined_personalized,0.38879238299470165,0.23095735830363828,0.546627407685765,1985,0.2792082181643082
ds005540,labram_ridge_base,1,2,prior,0.44729263481390646,0.28596758856546856,0.6086176810623444,1985,0.1847556216931217
ds005540,labram_ridge_base,1,2,prior_personalized,0.45298874237330666,0.28579664351253026,0.620180841234083,1985,0.21862092411038486
ds005540,labram_ridge_base,1,2,eeg_population,-0.049632488681125506,-0.1589031282858252,0.059638150923574204,1985,0.22681384317334877
ds005540,labram_ridge_base,1,2,eeg_personalized,0.12576375856948907,-0.035093883755900696,0.28662140089487886,1985,0.2715679123935564
ds005540,labram_ridge_base,1,2,combined_population,0.4017822740520681,0.23789851972668263,0.5656660283774536,1985,0.20041668738097265
ds005540,labram_ridge_base,1,2,combined_personalized,0.42657420689380354,0.2718408931937515,0.5813075205938556,1985,0.24104281244893638
ds005540,labram_ridge_base,1,4,prior,0.472923249015021,0.324980976673509,0.620865521356533,1985,0.16945006613756614
ds005540,labram_ridge_base,1,4,prior_personalized,0.4734042218746855,0.3036536598180704,0.6431547839313005,1985,0.20628687898770615
ds005540,labram_ridge_base,1,4,eeg_population,-0.03876505467603898,-0.1459630647930227,0.06843295544094474,1985,0.22547328789859383
ds005540,labram_ridge_base,1,4,eeg_personalized,0.13204390655246354,-0.030006050659412364,0.29409386376433944,1985,0.27044738055088885
ds005540,labram_ridge_base,1,4,combined_population,0.42246710544506777,0.26993770919451177,0.5749965016956238,1985,0.18774776078765348
ds005540,labram_ridge_base,1,4,combined_personalized,0.44258490038292797,0.28441483753297236,0.6007549632328836,1985,0.22435225839203907
ds005540,labram_ridge_base,1,8,prior,0.4907012372224836,0.34749131213137896,0.6339111623135882,1985,0.16290261243386245
ds005540,labram_ridge_base,1,8,prior_personalized,0.4855856648588942,0.3195426579835924,0.651628671734196,1985,0.20154269702058714
ds005540,labram_ridge_base,1,8,eeg_population,-0.043041078573263475,-0.16144616886681504,0.07536401172028809,1985,0.2251499127104181
ds005540,labram_ridge_base,1,8,eeg_personalized,0.13935883112479514,-0.021722462045551505,0.3004401242951418,1985,0.266811630166958
ds005540,labram_ridge_base,1,8,combined_population,0.42318354859754165,0.26520487102634177,0.5811622261687415,1985,0.1830196887813934
ds005540,labram_ridge_base,1,8,combined_personalized,0.4531085478693333,0.2946228287177513,0.6115942670209153,1985,0.22011882332070334
ds005540,labram_ridge_base,2,0,prior,-3.0732194575483232e-15,-5.542567952744668e-15,-6.038709623519784e-16,1985,0.21154367944837507
ds005540,labram_ridge_base,2,0,prior_personalized,0.13636464028270187,0.015011409585502941,0.2577178709799008,1985,0.211274476386932
ds005540,labram_ridge_base,2,0,eeg_population,-0.05742180163057677,-0.16792240394002236,0.053078800678868825,1985,0.22760533583310782
ds005540,labram_ridge_base,2,0,eeg_personalized,0.11735209843947318,-0.015602542045890969,0.25030673892483735,1985,0.23073198164998762
ds005540,labram_ridge_base,2,0,combined_population,-0.04332162573689368,-0.14977662427919325,0.06313337280540587,1985,0.22675993234947306
ds005540,labram_ridge_base,2,0,combined_personalized,0.11233369238821748,-0.024771310467557275,0.24943869524399226,1985,0.22581766362192984
ds005540,labram_ridge_base,2,1,prior,0.3897076368081029,0.2066169787479025,0.5727982948683032,1985,0.23195701058201063
ds005540,labram_ridge_base,2,1,prior_personalized,0.4384746654153546,0.2632685205368168,0.6136808102938924,1985,0.23789503065886847
ds005540,labram_ridge_base,2,1,eeg_population,-0.04798358641506265,-0.15893443972949395,0.06296726689936863,1985,0.22627949469580608
ds005540,labram_ridge_base,2,1,eeg_personalized,0.12557294742485742,-0.006647110887215507,0.2577930057369303,1985,0.229944838800616
ds005540,labram_ridge_base,2,1,combined_population,0.3586491395649338,0.18002267820607537,0.5372756009237922,1985,0.24627498817496568
ds005540,labram_ridge_base,2,1,combined_personalized,0.4223375204869394,0.25594123822514553,0.5887338027487332,1985,0.24628564184809426
ds005540,labram_ridge_base,2,2,prior,0.44729263481390646,0.28596758856546856,0.6086176810623444,1985,0.1847556216931217
ds005540,labram_ridge_base,2,2,prior_personalized,0.5141625393565328,0.3451543250171745,0.6831707536958911,1985,0.1908285463838313
ds005540,labram_ridge_base,2,2,eeg_population,-0.049632488681125506,-0.1589031282858252,0.059638150923574204,1985,0.22681384317334877
ds005540,labram_ridge_base,2,2,eeg_personalized,0.1264101128415512,-0.004672313929861116,0.25749253961296353,1985,0.2301167430950403
ds005540,labram_ridge_base,2,2,combined_population,0.4017822740520681,0.23789851972668263,0.5656660283774536,1985,0.20041668738097265
ds005540,labram_ridge_base,2,2,combined_personalized,0.49108319625348607,0.3323455535020624,0.6498208390049097,1985,0.20268338081923645
ds005540,labram_ridge_base,2,4,prior,0.472923249015021,0.324980976673509,0.620865521356533,1985,0.16945006613756614
ds005540,labram_ridge_base,2,4,prior_personalized,0.5440407826025998,0.3775927191240329,0.7104888460811667,1985,0.17446036418306637
ds005540,labram_ridge_base,2,4,eeg_population,-0.03876505467603898,-0.1459630647930227,0.06843295544094474,1985,0.22547328789859383
ds005540,labram_ridge_base,2,4,eeg_personalized,0.13581481512885304,0.005886352762509206,0.2657432774951969,1985,0.22792562651837703
ds005540,labram_ridge_base,2,4,combined_population,0.42246710544506777,0.26993770919451177,0.5749965016956238,1985,0.18774776078765348
ds005540,labram_ridge_base,2,4,combined_personalized,0.5144568160662848,0.3573893064005197,0.6715243257320499,1985,0.18720325472921312
ds005540,labram_ridge_base,2,8,prior,0.4907012372224836,0.34749131213137896,0.6339111623135882,1985,0.16290261243386245
ds005540,labram_ridge_base,2,8,prior_personalized,0.5559170887724669,0.3954060032291151,0.7164281743158187,1985,0.167525190912936
ds005540,labram_ridge_base,2,8,eeg_population,-0.043041078573263475,-0.16144616886681504,0.07536401172028809,1985,0.2251499127104181
ds005540,labram_ridge_base,2,8,eeg_personalized,0.14699583324503482,0.01318408865616083,0.2808075778339088,1985,0.22712086453391173
ds005540,labram_ridge_base,2,8,combined_population,0.42318354859754165,0.26520487102634177,0.5811622261687415,1985,0.1830196887813934
ds005540,labram_ridge_base,2,8,combined_personalized,0.5128989852073289,0.35369877703475017,0.6720991933799076,1985,0.18397748096781302
ds005540,labram_ridge_base,4,0,prior,-3.0732194575483232e-15,-5.542567952744668e-15,-6.038709623519784e-16,1985,0.21154367944837507
ds005540,labram_ridge_base,4,0,prior_personalized,0.20127149421979934,0.08080584450905734,0.3217371439305413,1985,0.2002923326094837
ds005540,labram_ridge_base,4,0,eeg_population,-0.05742180163057677,-0.16792240394002236,0.053078800678868825,1985,0.22760533583310782
ds005540,labram_ridge_base,4,0,eeg_personalized,0.13633361000266125,0.012965498589803073,0.25970172141551945,1985,0.22528409866823482
ds005540,labram_ridge_base,4,0,combined_population,-0.04332162573689368,-0.14977662427919325,0.06313337280540587,1985,0.22675993234947306
ds005540,labram_ridge_base,4,0,combined_personalized,0.1649429454116143,0.0384069973294591,0.29147889349376954,1985,0.21673411070806847
ds005540,labram_ridge_base,4,1,prior,0.3897076368081029,0.2066169787479025,0.5727982948683032,1985,0.23195701058201063
ds005540,labram_ridge_base,4,1,prior_personalized,0.4722962162265828,0.29508513838392936,0.6495072940692362,1985,0.2275497664247026
ds005540,labram_ridge_base,4,1,eeg_population,-0.04798358641506265,-0.15893443972949395,0.06296726689936863,1985,0.22627949469580608
ds005540,labram_ridge_base,4,1,eeg_personalized,0.14365968778848578,0.021149929032169487,0.26616944654480207,1985,0.22433232711389062
ds005540,labram_ridge_base,4,1,combined_population,0.3586491395649338,0.18002267820607537,0.5372756009237922,1985,0.24627498817496568
ds005540,labram_ridge_base,4,1,combined_personalized,0.4536315836238806,0.2852408877535484,0.6220222794942128,1985,0.23982880974014936
ds005540,labram_ridge_base,4,2,prior,0.44729263481390646,0.28596758856546856,0.6086176810623444,1985,0.1847556216931217
ds005540,labram_ridge_base,4,2,prior_personalized,0.5637120717710203,0.39091938217196365,0.736504761370077,1985,0.17898330466831794
ds005540,labram_ridge_base,4,2,eeg_population,-0.049632488681125506,-0.1589031282858252,0.059638150923574204,1985,0.22681384317334877
ds005540,labram_ridge_base,4,2,eeg_personalized,0.14436867785397992,0.022977468577254107,0.26575988713070575,1985,0.22476434447316446
ds005540,labram_ridge_base,4,2,combined_population,0.4017822740520681,0.23789851972668263,0.5656660283774536,1985,0.20041668738097265
ds005540,labram_ridge_base,4,2,combined_personalized,0.5384279898823275,0.37408289755122515,0.7027730822134299,1985,0.19034406346827323
ds005540,labram_ridge_base,4,4,prior,0.472923249015021,0.324980976673509,0.620865521356533,1985,0.16945006613756614
ds005540,labram_ridge_base,4,4,prior_personalized,0.6082045791036811,0.4447474744603268,0.7716616837470354,1985,0.1566922013804928
ds005540,labram_ridge_base,4,4,eeg_population,-0.03876505467603898,-0.1459630647930227,0.06843295544094474,1985,0.22547328789859383
ds005540,labram_ridge_base,4,4,eeg_personalized,0.15377934272801702,0.03364501878968287,0.2739136666663512,1985,0.2222584254036603
ds005540,labram_ridge_base,4,4,combined_population,0.42246710544506777,0.26993770919451177,0.5749965016956238,1985,0.18774776078765348
ds005540,labram_ridge_base,4,4,combined_personalized,0.5771797441163353,0.4206244594405117,0.7337350287921589,1985,0.16981326497550905
ds005540,labram_ridge_base,4,8,prior,0.4907012372224836,0.34749131213137896,0.6339111623135882,1985,0.16290261243386245
ds005540,labram_ridge_base,4,8,prior_personalized,0.6274400484258289,0.4688156659338387,0.7860644309178191,1985,0.1511367072096877
ds005540,labram_ridge_base,4,8,eeg_population,-0.043041078573263475,-0.16144616886681504,0.07536401172028809,1985,0.2251499127104181
ds005540,labram_ridge_base,4,8,eeg_personalized,0.16382496496063795,0.039054993121195855,0.28859493680008,1985,0.22008284768408934
ds005540,labram_ridge_base,4,8,combined_population,0.42318354859754165,0.26520487102634177,0.5811622261687415,1985,0.1830196887813934
ds005540,labram_ridge_base,4,8,combined_personalized,0.5779597428248335,0.4204297346662905,0.7354897509833765,1985,0.16915859305387348
ds005540,labram_ridge_base,8,0,prior,-3.0732194575483232e-15,-5.542567952744668e-15,-6.038709623519784e-16,1985,0.21154367944837507
ds005540,labram_ridge_base,8,0,prior_personalized,0.20355097551998394,0.08686608804864297,0.3202358629913249,1985,0.19155023578113023
ds005540,labram_ridge_base,8,0,eeg_population,-0.05742180163057677,-0.16792240394002236,0.053078800678868825,1985,0.22760533583310782
ds005540,labram_ridge_base,8,0,eeg_personalized,0.1472332206810274,0.014078235144588142,0.28038820621746663,1985,0.21046451078749392
ds005540,labram_ridge_base,8,0,combined_population,-0.04332162573689368,-0.14977662427919325,0.06313337280540587,1985,0.22675993234947306
ds005540,labram_ridge_base,8,0,combined_personalized,0.1717610470915545,0.04285620736597165,0.30066588681713735,1985,0.20486590766509555
ds005540,labram_ridge_base,8,1,prior,0.3897076368081029,0.2066169787479025,0.5727982948683032,1985,0.23195701058201063
ds005540,labram_ridge_base,8,1,prior_personalized,0.474201241691356,0.2926700668374944,0.6557324165452176,1985,0.222715289091138
ds005540,labram_ridge_base,8,1,eeg_population,-0.04798358641506265,-0.15893443972949395,0.06296726689936863,1985,0.22627949469580608
ds005540,labram_ridge_base,8,1,eeg_personalized,0.15411874920198027,0.02069446194581498,0.28754303645814555,1985,0.21022315385876675
ds005540,labram_ridge_base,8,1,combined_population,0.3586491395649338,0.18002267820607537,0.5372756009237922,1985,0.24627498817496568
ds005540,labram_ridge_base,8,1,combined_personalized,0.4584776637231073,0.28426155962694755,0.632693767819267,1985,0.23107640550100209
ds005540,labram_ridge_base,8,2,prior,0.44729263481390646,0.28596758856546856,0.6086176810623444,1985,0.1847556216931217
ds005540,labram_ridge_base,8,2,prior_personalized,0.5676535706334505,0.3900606330210051,0.7452465082458959,1985,0.17405386184083965
ds005540,labram_ridge_base,8,2,eeg_population,-0.049632488681125506,-0.1589031282858252,0.059638150923574204,1985,0.22681384317334877
ds005540,labram_ridge_base,8,2,eeg_personalized,0.1529896137112357,0.02015502575279407,0.28582420166967737,1985,0.2106440542652793
ds005540,labram_ridge_base,8,2,combined_population,0.4017822740520681,0.23789851972668263,0.5656660283774536,1985,0.20041668738097265
ds005540,labram_ridge_base,8,2,combined_personalized,0.5470023706558246,0.3785227697235106,0.7154819715881385,1985,0.1829261692702384
ds005540,labram_ridge_base,8,4,prior,0.472923249015021,0.324980976673509,0.620865521356533,1985,0.16945006613756614
ds005540,labram_ridge_base,8,4,prior_personalized,0.6104864167450004,0.44309026433870946,0.7778825691512913,1985,0.15512004551872685
ds005540,labram_ridge_base,8,4,eeg_population,-0.03876505467603898,-0.1459630647930227,0.06843295544094474,1985,0.22547328789859383
ds005540,labram_ridge_base,8,4,eeg_personalized,0.16226731209328163,0.0303323947732016,0.29420222941336166,1985,0.208673173928024
ds005540,labram_ridge_base,8,4,combined_population,0.42246710544506777,0.26993770919451177,0.5749965016956238,1985,0.18774776078765348
ds005540,labram_ridge_base,8,4,combined_personalized,0.5825963768815864,0.4216884914749688,0.743504262288204,1985,0.164237131654287
ds005540,labram_ridge_base,8,8,prior,0.4907012372224836,0.34749131213137896,0.6339111623135882,1985,0.16290261243386245
ds005540,labram_ridge_base,8,8,prior_personalized,0.6327069705103981,0.4688714910603772,0.7965424499604191,1985,0.1450768522313176
ds005540,labram_ridge_base,8,8,eeg_population,-0.043041078573263475,-0.16144616886681504,0.07536401172028809,1985,0.2251499127104181
ds005540,labram_ridge_base,8,8,eeg_personalized,0.17267871062803178,0.034446307152670996,0.31091111410339256,1985,0.2066076652345657
ds005540,labram_ridge_base,8,8,combined_population,0.42318354859754165,0.26520487102634177,0.5811622261687415,1985,0.1830196887813934
ds005540,labram_ridge_base,8,8,combined_personalized,0.5868465723289671,0.42437379374137785,0.7493193509165563,1985,0.16144170510935713
ds005540,labram_ridge_strong,0,0,prior,-3.0732194575483232e-15,-5.542567952744668e-15,-6.038709623519784e-16,1985,0.21154367944837507
ds005540,labram_ridge_strong,0,0,prior_personalized,-3.0732194575483232e-15,-5.542567952744668e-15,-6.038709623519784e-16,1985,0.21154367944837507
ds005540,labram_ridge_strong,0,0,eeg_population,-0.02530823491870557,-0.09627785480446835,0.04566138496705721,1985,0.21613344626210945
ds005540,labram_ridge_strong,0,0,eeg_personalized,-0.02530823491870557,-0.09627785480446835,0.04566138496705721,1985,0.21613344626210945
ds005540,labram_ridge_strong,0,0,combined_population,-0.022924548047233727,-0.09733947670811227,0.05149038061364481,1985,0.21712421402085935
ds005540,labram_ridge_strong,0,0,combined_personalized,-0.022924548047233727,-0.09733947670811227,0.05149038061364481,1985,0.21712421402085935
ds005540,labram_ridge_strong,0,1,prior,0.3897076368081029,0.2066169787479025,0.5727982948683032,1985,0.23195701058201063
ds005540,labram_ridge_strong,0,1,prior_personalized,0.3897076368081029,0.2066169787479025,0.5727982948683032,1985,0.23195701058201063
ds005540,labram_ridge_strong,0,1,eeg_population,-0.021362087425751727,-0.09289349198013512,0.050169317128631666,1985,0.2159238199203485
ds005540,labram_ridge_strong,0,1,eeg_personalized,-0.021362087425751727,-0.09289349198013512,0.050169317128631666,1985,0.2159238199203485
ds005540,labram_ridge_strong,0,1,combined_population,0.3746002456618499,0.1936671849003887,0.5555333064233111,1985,0.23940623729317653
ds005540,labram_ridge_strong,0,1,combined_personalized,0.3746002456618499,0.1936671849003887,0.5555333064233111,1985,0.23940623729317653
ds005540,labram_ridge_strong,0,2,prior,0.44729263481390646,0.28596758856546856,0.6086176810623444,1985,0.1847556216931217
ds005540,labram_ridge_strong,0,2,prior_personalized,0.44729263481390646,0.28596758856546856,0.6086176810623444,1985,0.1847556216931217
ds005540,labram_ridge_strong,0,2,eeg_population,-0.024258350371614435,-0.09514081470006615,0.046624113956837285,1985,0.21640576399653888
ds005540,labram_ridge_strong,0,2,eeg_personalized,-0.024258350371614435,-0.09514081470006615,0.046624113956837285,1985,0.21640576399653888
ds005540,labram_ridge_strong,0,2,combined_population,0.4255033712507239,0.2604658080073341,0.5905409344941137,1985,0.19208239257460993
ds005540,labram_ridge_strong,0,2,combined_personalized,0.4255033712507239,0.2604658080073341,0.5905409344941137,1985,0.19208239257460993
ds005540,labram_ridge_strong,0,4,prior,0.472923249015021,0.324980976673509,0.620865521356533,1985,0.16945006613756614
ds005540,labram_ridge_strong,0,4,prior_personalized,0.472923249015021,0.324980976673509,0.620865521356533,1985,0.16945006613756614
ds005540,labram_ridge_strong,0,4,eeg_population,-0.018518864901488068,-0.08979439897820163,0.052756669175225486,1985,0.21605031447436662
ds005540,labram_ridge_strong,0,4,eeg_personalized,-0.018518864901488068,-0.08979439897820163,0.052756669175225486,1985,0.21605031447436662
ds005540,labram_ridge_strong,0,4,combined_population,0.450335511393633,0.29602860365600187,0.604642419131264,1985,0.17783262859847287
ds005540,labram_ridge_strong,0,4,combined_personalized,0.450335511393633,0.29602860365600187,0.604642419131264,1985,0.17783262859847287
ds005540,labram_ridge_strong,0,8,prior,0.4907012372224836,0.34749131213137896,0.6339111623135882,1985,0.16290261243386245
ds005540,labram_ridge_strong,0,8,prior_personalized,0.4907012372224836,0.34749131213137896,0.6339111623135882,1985,0.16290261243386245
ds005540,labram_ridge_strong,0,8,eeg_population,-0.020465009838597482,-0.09615066456845617,0.055220644891261196,1985,0.2153389338490884
ds005540,labram_ridge_strong,0,8,eeg_personalized,-0.020465009838597482,-0.09615066456845617,0.055220644891261196,1985,0.2153389338490884
ds005540,labram_ridge_strong,0,8,combined_population,0.4634916475873898,0.312249633125792,0.6147336620489876,1985,0.1706641694254966
ds005540,labram_ridge_strong,0,8,combined_personalized,0.4634916475873898,0.312249633125792,0.6147336620489876,1985,0.1706641694254966
ds005540,labram_ridge_strong,1,0,prior,-3.0732194575483232e-15,-5.542567952744668e-15,-6.038709623519784e-16,1985,0.21154367944837507
ds005540,labram_ridge_strong,1,0,prior_personalized,0.13942400367279467,0.0029188931532936058,0.2759291141922957,1985,0.24356052006101078
ds005540,labram_ridge_strong,1,0,eeg_population,-0.02530823491870557,-0.09627785480446835,0.04566138496705721,1985,0.21613344626210945
ds005540,labram_ridge_strong,1,0,eeg_personalized,0.12489867540127601,-0.04014611849860035,0.2899434693011524,1985,0.25811489531549525
ds005540,labram_ridge_strong,1,0,combined_population,-0.022924548047233727,-0.09733947670811227,0.05149038061364481,1985,0.21712421402085935
ds005540,labram_ridge_strong,1,0,combined_personalized,0.12762637234182186,-0.006716773666935766,0.26196951835057947,1985,0.2536440032199605
ds005540,labram_ridge_strong,1,1,prior,0.3897076368081029,0.2066169787479025,0.5727982948683032,1985,0.23195701058201063
ds005540,labram_ridge_strong,1,1,prior_personalized,0.40995118909402206,0.2426561911892487,0.5772461869987955,1985,0.2574170719213611
ds005540,labram_ridge_strong,1,1,eeg_population,-0.021362087425751727,-0.09289349198013512,0.050169317128631666,1985,0.2159238199203485
ds005540,labram_ridge_strong,1,1,eeg_personalized,0.1270487893548919,-0.03741411176806289,0.29151169047784664,1985,0.2585064307274249
ds005540,labram_ridge_strong,1,1,combined_population,0.3746002456618499,0.1936671849003887,0.5555333064233111,1985,0.23940623729317653
ds005540,labram_ridge_strong,1,1,combined_personalized,0.3972706206831854,0.2350865814449709,0.5594546599213999,1985,0.2686035185222795
ds005540,labram_ridge_strong,1,2,prior,0.44729263481390646,0.28596758856546856,0.6086176810623444,1985,0.1847556216931217
ds005540,labram_ridge_strong,1,2,prior_personalized,0.45298874237330666,0.28579664351253026,0.620180841234083,1985,0.21862092411038486
ds005540,labram_ridge_strong,1,2,eeg_population,-0.024258350371614435,-0.09514081470006615,0.046624113956837285,1985,0.21640576399653888
ds005540,labram_ridge_strong,1,2,eeg_personalized,0.12680232306439537,-0.038073524291210165,0.2916781704200009,1985,0.25789393532748855
ds005540,labram_ridge_strong,1,2,combined_population,0.4255033712507239,0.2604658080073341,0.5905409344941137,1985,0.19208239257460993
ds005540,labram_ridge_strong,1,2,combined_personalized,0.4365604927037334,0.27655240951861626,0.5965685758888506,1985,0.23126412655725584
ds005540,labram_ridge_strong,1,4,prior,0.472923249015021,0.324980976673509,0.620865521356533,1985,0.16945006613756614
ds005540,labram_ridge_strong,1,4,prior_personalized,0.4734042218746855,0.3036536598180704,0.6431547839313005,1985,0.20628687898770615
ds005540,labram_ridge_strong,1,4,eeg_population,-0.018518864901488068,-0.08979439897820163,0.052756669175225486,1985,0.21605031447436662
ds005540,labram_ridge_strong,1,4,eeg_personalized,0.13002953212231588,-0.035106194116189315,0.2951652583608211,1985,0.2575171861206479
ds005540,labram_ridge_strong,1,4,combined_population,0.450335511393633,0.29602860365600187,0.604642419131264,1985,0.17783262859847287
ds005540,labram_ridge_strong,1,4,combined_personalized,0.4547891278082525,0.2922680695946288,0.6173101860218762,1985,0.21619532378477233
ds005540,labram_ridge_strong,1,8,prior,0.4907012372224836,0.34749131213137896,0.6339111623135882,1985,0.16290261243386245
ds005540,labram_ridge_strong,1,8,prior_personalized,0.4855856648588942,0.3195426579835924,0.651628671734196,1985,0.20154269702058714
ds005540,labram_ridge_strong,1,8,eeg_population,-0.020465009838597482,-0.09615066456845617,0.055220644891261196,1985,0.2153389338490884
ds005540,labram_ridge_strong,1,8,eeg_personalized,0.13480523966301236,-0.02831420046920305,0.29792467979522774,1985,0.25620613521390967
ds005540,labram_ridge_strong,1,8,combined_population,0.4634916475873898,0.312249633125792,0.6147336620489876,1985,0.1706641694254966
ds005540,labram_ridge_strong,1,8,combined_personalized,0.4710249367389688,0.3120649904927745,0.6299848829851631,1985,0.20958620062419295
ds005540,labram_ridge_strong,2,0,prior,-3.0732194575483232e-15,-5.542567952744668e-15,-6.038709623519784e-16,1985,0.21154367944837507
ds005540,labram_ridge_strong,2,0,prior_personalized,0.13636464028270187,0.015011409585502941,0.2577178709799008,1985,0.211274476386932
ds005540,labram_ridge_strong,2,0,eeg_population,-0.02530823491870557,-0.09627785480446835,0.04566138496705721,1985,0.21613344626210945
ds005540,labram_ridge_strong,2,0,eeg_personalized,0.1355914905200881,0.0058368723400357425,0.2653461087001404,1985,0.22260790352962645
ds005540,labram_ridge_strong,2,0,combined_population,-0.022924548047233727,-0.09733947670811227,0.05149038061364481,1985,0.21712421402085935
ds005540,labram_ridge_strong,2,0,combined_personalized,0.12493800835826914,-0.0018417186525702817,0.2517177353691086,1985,0.2166048354133061
ds005540,labram_ridge_strong,2,1,prior,0.3897076368081029,0.2066169787479025,0.5727982948683032,1985,0.23195701058201063
ds005540,labram_ridge_strong,2,1,prior_personalized,0.4384746654153546,0.2632685205368168,0.6136808102938924,1985,0.23789503065886847
ds005540,labram_ridge_strong,2,1,eeg_population,-0.021362087425751727,-0.09289349198013512,0.050169317128631666,1985,0.2159238199203485
ds005540,labram_ridge_strong,2,1,eeg_personalized,0.1390289400004104,0.008890662505178504,0.2691672174956423,1985,0.2227301815656034
ds005540,labram_ridge_strong,2,1,combined_population,0.3746002456618499,0.1936671849003887,0.5555333064233111,1985,0.23940623729317653
ds005540,labram_ridge_strong,2,1,combined_personalized,0.43127010676160965,0.25954286943675614,0.6029973440864631,1985,0.2423391706204666
ds005540,labram_ridge_strong,2,2,prior,0.44729263481390646,0.28596758856546856,0.6086176810623444,1985,0.1847556216931217
ds005540,labram_ridge_strong,2,2,prior_personalized,0.5141625393565328,0.3451543250171745,0.6831707536958911,1985,0.1908285463838313
ds005540,labram_ridge_strong,2,2,eeg_population,-0.024258350371614435,-0.09514081470006615,0.046624113956837285,1985,0.21640576399653888
ds005540,labram_ridge_strong,2,2,eeg_personalized,0.1390513131632825,0.009456027624968721,0.2686465987015963,1985,0.22294530122590248
ds005540,labram_ridge_strong,2,2,combined_population,0.4255033712507239,0.2604658080073341,0.5905409344941137,1985,0.19208239257460993
ds005540,labram_ridge_strong,2,2,combined_personalized,0.5057609394043652,0.34116588867867165,0.6703559901300586,1985,0.19632177700946823
ds005540,labram_ridge_strong,2,4,prior,0.472923249015021,0.324980976673509,0.620865521356533,1985,0.16945006613756614
ds005540,labram_ridge_strong,2,4,prior_personalized,0.5440407826025998,0.3775927191240329,0.7104888460811667,1985,0.17446036418306637
ds005540,labram_ridge_strong,2,4,eeg_population,-0.018518864901488068,-0.08979439897820163,0.052756669175225486,1985,0.21605031447436662
ds005540,labram_ridge_strong,2,4,eeg_personalized,0.14285395362123085,0.014174842280977346,0.2715330649614843,1985,0.22220762619774273
ds005540,labram_ridge_strong,2,4,combined_population,0.450335511393633,0.29602860365600187,0.604642419131264,1985,0.17783262859847287
ds005540,labram_ridge_strong,2,4,combined_personalized,0.5331112659733233,0.37064529094084264,0.6955772410058039,1985,0.1796720503426011
ds005540,labram_ridge_strong,2,8,prior,0.4907012372224836,0.34749131213137896,0.6339111623135882,1985,0.16290261243386245
ds005540,labram_ridge_strong,2,8,prior_personalized,0.5559170887724669,0.3954060032291151,0.7164281743158187,1985,0.167525190912936
ds005540,labram_ridge_strong,2,8,eeg_population,-0.020465009838597482,-0.09615066456845617,0.055220644891261196,1985,0.2153389338490884
ds005540,labram_ridge_strong,2,8,eeg_personalized,0.14659697769268104,0.015557249728293837,0.2776367056570682,1985,0.22177829872465854
ds005540,labram_ridge_strong,2,8,combined_population,0.4634916475873898,0.312249633125792,0.6147336620489876,1985,0.1706641694254966
ds005540,labram_ridge_strong,2,8,combined_personalized,0.5454967888787925,0.3871644874218986,0.7038290903356864,1985,0.17288959387513086
ds005540,labram_ridge_strong,4,0,prior,-3.0732194575483232e-15,-5.542567952744668e-15,-6.038709623519784e-16,1985,0.21154367944837507
ds005540,labram_ridge_strong,4,0,prior_personalized,0.20127149421979934,0.08080584450905734,0.3217371439305413,1985,0.2002923326094837
ds005540,labram_ridge_strong,4,0,eeg_population,-0.02530823491870557,-0.09627785480446835,0.04566138496705721,1985,0.21613344626210945
ds005540,labram_ridge_strong,4,0,eeg_personalized,0.16149446102154832,0.04593390054838563,0.277055021494711,1985,0.21363336741595393
ds005540,labram_ridge_strong,4,0,combined_population,-0.022924548047233727,-0.09733947670811227,0.05149038061364481,1985,0.21712421402085935
ds005540,labram_ridge_strong,4,0,combined_personalized,0.1846546055996891,0.06574188542794504,0.3035673257714332,1985,0.20643892007117035
ds005540,labram_ridge_strong,4,1,prior,0.3897076368081029,0.2066169787479025,0.5727982948683032,1985,0.23195701058201063
ds005540,labram_ridge_strong,4,1,prior_personalized,0.4722962162265828,0.29508513838392936,0.6495072940692362,1985,0.2275497664247026
ds005540,labram_ridge_strong,4,1,eeg_population,-0.021362087425751727,-0.09289349198013512,0.050169317128631666,1985,0.2159238199203485
ds005540,labram_ridge_strong,4,1,eeg_personalized,0.1646518392184926,0.04887306185631195,0.28043061658067325,1985,0.21386646511201315
ds005540,labram_ridge_strong,4,1,combined_population,0.3746002456618499,0.1936671849003887,0.5555333064233111,1985,0.23940623729317653
ds005540,labram_ridge_strong,4,1,combined_personalized,0.4644718972472258,0.2909763803322736,0.6379674141621781,1985,0.23353266197904793
ds005540,labram_ridge_strong,4,2,prior,0.44729263481390646,0.28596758856546856,0.6086176810623444,1985,0.1847556216931217
ds005540,labram_ridge_strong,4,2,prior_personalized,0.5637120717710203,0.39091938217196365,0.736504761370077,1985,0.17898330466831794
ds005540,labram_ridge_strong,4,2,eeg_population,-0.024258350371614435,-0.09514081470006615,0.046624113956837285,1985,0.21640576399653888
ds005540,labram_ridge_strong,4,2,eeg_personalized,0.16453426626491674,0.048938945181735694,0.2801295873480978,1985,0.21390597420182664
ds005540,labram_ridge_strong,4,2,combined_population,0.4255033712507239,0.2604658080073341,0.5905409344941137,1985,0.19208239257460993
ds005540,labram_ridge_strong,4,2,combined_personalized,0.5540407888361429,0.3853834765278491,0.7226981011444368,1985,0.18313111413045013
ds005540,labram_ridge_strong,4,4,prior,0.472923249015021,0.324980976673509,0.620865521356533,1985,0.16945006613756614
ds005540,labram_ridge_strong,4,4,prior_personalized,0.6082045791036811,0.4447474744603268,0.7716616837470354,1985,0.1566922013804928
ds005540,labram_ridge_strong,4,4,eeg_population,-0.018518864901488068,-0.08979439897820163,0.052756669175225486,1985,0.21605031447436662
ds005540,labram_ridge_strong,4,4,eeg_personalized,0.16866671979033127,0.053133924079540956,0.28419951550112155,1985,0.2131554966197739
ds005540,labram_ridge_strong,4,4,combined_population,0.450335511393633,0.29602860365600187,0.604642419131264,1985,0.17783262859847287
ds005540,labram_ridge_strong,4,4,combined_personalized,0.5965587624989475,0.43596422714882316,0.7571532978490718,1985,0.16225642701305049
ds005540,labram_ridge_strong,4,8,prior,0.4907012372224836,0.34749131213137896,0.6339111623135882,1985,0.16290261243386245
ds005540,labram_ridge_strong,4,8,prior_personalized,0.6274400484258289,0.4688156659338387,0.7860644309178191,1985,0.1511367072096877
ds005540,labram_ridge_strong,4,8,eeg_population,-0.020465009838597482,-0.09615066456845617,0.055220644891261196,1985,0.2153389338490884
ds005540,labram_ridge_strong,4,8,eeg_personalized,0.17330715997072235,0.05513983096252545,0.29147448897891926,1985,0.21188883056372226
ds005540,labram_ridge_strong,4,8,combined_population,0.4634916475873898,0.312249633125792,0.6147336620489876,1985,0.1706641694254966
ds005540,labram_ridge_strong,4,8,combined_personalized,0.6173000803930391,0.4627211502725304,0.7718790105135478,1985,0.15532219360273208
ds005540,labram_ridge_strong,8,0,prior,-3.0732194575483232e-15,-5.542567952744668e-15,-6.038709623519784e-16,1985,0.21154367944837507
ds005540,labram_ridge_strong,8,0,prior_personalized,0.20355097551998394,0.08686608804864297,0.3202358629913249,1985,0.19155023578113023
ds005540,labram_ridge_strong,8,0,eeg_population,-0.02530823491870557,-0.09627785480446835,0.04566138496705721,1985,0.21613344626210945
ds005540,labram_ridge_strong,8,0,eeg_personalized,0.17243041791625538,0.04698386637693369,0.29787696945557707,1985,0.20007401725557677
ds005540,labram_ridge_strong,8,0,combined_population,-0.022924548047233727,-0.09733947670811227,0.05149038061364481,1985,0.21712421402085935
ds005540,labram_ridge_strong,8,0,combined_personalized,0.18887295853758154,0.06974990580748515,0.30799601126767795,1985,0.19732318233011464
ds005540,labram_ridge_strong,8,1,prior,0.3897076368081029,0.2066169787479025,0.5727982948683032,1985,0.23195701058201063
ds005540,labram_ridge_strong,8,1,prior_personalized,0.474201241691356,0.2926700668374944,0.6557324165452176,1985,0.222715289091138
ds005540,labram_ridge_strong,8,1,eeg_population,-0.021362087425751727,-0.09289349198013512,0.050169317128631666,1985,0.2159238199203485
ds005540,labram_ridge_strong,8,1,eeg_personalized,0.17519534738325984,0.04942667941242784,0.30096401535409184,1985,0.20039724583571633
ds005540,labram_ridge_strong,8,1,combined_population,0.3746002456618499,0.1936671849003887,0.5555333064233111,1985,0.23940623729317653
ds005540,labram_ridge_strong,8,1,combined_personalized,0.4662013795618596,0.28851760229193335,0.6438851568317858,1985,0.22703223510544168
ds005540,labram_ridge_strong,8,2,prior,0.44729263481390646,0.28596758856546856,0.6086176810623444,1985,0.1847556216931217
ds005540,labram_ridge_strong,8,2,prior_personalized,0.5676535706334505,0.3900606330210051,0.7452465082458959,1985,0.17405386184083965
ds005540,labram_ridge_strong,8,2,eeg_population,-0.024258350371614435,-0.09514081470006615,0.046624113956837285,1985,0.21640576399653888
ds005540,labram_ridge_strong,8,2,eeg_personalized,0.17406456291820677,0.04823648889776272,0.2998926369386508,1985,0.200581368330678
ds005540,labram_ridge_strong,8,2,combined_population,0.4255033712507239,0.2604658080073341,0.5905409344941137,1985,0.19208239257460993
ds005540,labram_ridge_strong,8,2,combined_personalized,0.5580502001269784,0.38588411414528223,0.7302162861086745,1985,0.17793177037213642
ds005540,labram_ridge_strong,8,4,prior,0.472923249015021,0.324980976673509,0.620865521356533,1985,0.16945006613756614
ds005540,labram_ridge_strong,8,4,prior_personalized,0.6104864167450004,0.44309026433870946,0.7778825691512913,1985,0.15512004551872685
ds005540,labram_ridge_strong,8,4,eeg_population,-0.018518864901488068,-0.08979439897820163,0.052756669175225486,1985,0.21605031447436662
ds005540,labram_ridge_strong,8,4,eeg_personalized,0.17790231651725122,0.05201041363878528,0.30379421939571716,1985,0.199997695513783
ds005540,labram_ridge_strong,8,4,combined_population,0.450335511393633,0.29602860365600187,0.604642419131264,1985,0.17783262859847287
ds005540,labram_ridge_strong,8,4,combined_personalized,0.5984125427502656,0.43413038779222807,0.7626946977083031,1985,0.15882730258709757
ds005540,labram_ridge_strong,8,8,prior,0.4907012372224836,0.34749131213137896,0.6339111623135882,1985,0.16290261243386245
ds005540,labram_ridge_strong,8,8,prior_personalized,0.6327069705103981,0.4688714910603772,0.7965424499604191,1985,0.1450768522313176
ds005540,labram_ridge_strong,8,8,eeg_population,-0.020465009838597482,-0.09615066456845617,0.055220644891261196,1985,0.2153389338490884
ds005540,labram_ridge_strong,8,8,eeg_personalized,0.18268523820092075,0.05396963756676204,0.31140083883507946,1985,0.1984099239147677
ds005540,labram_ridge_strong,8,8,combined_population,0.4634916475873898,0.312249633125792,0.6147336620489876,1985,0.1706641694254966
ds005540,labram_ridge_strong,8,8,combined_personalized,0.6231609201132849,0.4619257324754477,0.7843961077511221,1985,0.14861636996357264
ds006850,bandpower_ridge_base,0,0,prior,-6.635784198480622e-16,-6.7915516920845896e-15,5.464394852388465e-15,2000,0.20432291577740386
ds006850,bandpower_ridge_base,0,0,prior_personalized,-6.635784198480622e-16,-6.7915516920845896e-15,5.464394852388465e-15,2000,0.20432291577740386
ds006850,bandpower_ridge_base,0,0,eeg_population,0.010564283319343667,-0.10391814704652157,0.1250467136852089,2000,0.21862456227357976
ds006850,bandpower_ridge_base,0,0,eeg_personalized,0.010564283319343667,-0.10391814704652157,0.1250467136852089,2000,0.21862456227357976
ds006850,bandpower_ridge_base,0,0,combined_population,0.008094316706140043,-0.095476288980682,0.11166492239296208,2000,0.2165682002620073
ds006850,bandpower_ridge_base,0,0,combined_personalized,0.008094316706140043,-0.095476288980682,0.11166492239296208,2000,0.2165682002620073
ds006850,bandpower_ridge_base,0,1,prior,0.2524773125728417,0.06177591716571418,0.44317870797996917,2000,0.23557692307692296
ds006850,bandpower_ridge_base,0,1,prior_personalized,0.2524773125728417,0.06177591716571418,0.44317870797996917,2000,0.23557692307692296
ds006850,bandpower_ridge_base,0,1,eeg_population,0.012086719656647107,-0.10093987599192676,0.12511331530522096,2000,0.21868075845204843
ds006850,bandpower_ridge_base,0,1,eeg_personalized,0.012086719656647107,-0.10093987599192676,0.12511331530522096,2000,0.21868075845204843
ds006850,bandpower_ridge_base,0,1,combined_population,0.2480930482051285,0.05993745461123068,0.43624864179902634,2000,0.24542738456454072
ds006850,bandpower_ridge_base,0,1,combined_personalized,0.2480930482051285,0.05993745461123068,0.43624864179902634,2000,0.24542738456454072
ds006850,bandpower_ridge_base,0,2,prior,0.3327785294901091,0.154003290617752,0.5115537683624662,2000,0.2026005244755245
ds006850,bandpower_ridge_base,0,2,prior_personalized,0.3327785294901091,0.154003290617752,0.5115537683624662,2000,0.2026005244755245
ds006850,bandpower_ridge_base,0,2,eeg_population,0.015126090641383311,-0.09927049542721361,0.12952267670998024,2000,0.21829654765226675
ds006850,bandpower_ridge_base,0,2,eeg_personalized,0.015126090641383311,-0.09927049542721361,0.12952267670998024,2000,0.21829654765226675
ds006850,bandpower_ridge_base,0,2,combined_population,0.31714172762098364,0.14159944745141748,0.49268400779054977,2000,0.21019035199129998
ds006850,bandpower_ridge_base,0,2,combined_personalized,0.31714172762098364,0.14159944745141748,0.49268400779054977,2000,0.21019035199129998
ds006850,bandpower_ridge_base,0,4,prior,0.3122403043035985,0.14969508787344923,0.4747855207337478,2000,0.19083260489510495
ds006850,bandpower_ridge_base,0,4,prior_personalized,0.3122403043035985,0.14969508787344923,0.4747855207337478,2000,0.19083260489510495
ds006850,bandpower_ridge_base,0,4,eeg_population,0.02620057469973816,-0.09101877550646442,0.14341992490594074,2000,0.21739113645915675
ds006850,bandpower_ridge_base,0,4,eeg_personalized,0.02620057469973816,-0.09101877550646442,0.14341992490594074,2000,0.21739113645915675
ds006850,bandpower_ridge_base,0,4,combined_population,0.307146345722377,0.14092879394778926,0.4733638974969647,2000,0.19680156653616696
ds006850,bandpower_ridge_base,0,4,combined_personalized,0.307146345722377,0.14092879394778926,0.4733638974969647,2000,0.19680156653616696
ds006850,bandpower_ridge_base,0,8,prior,0.34077330322157423,0.18539110531081307,0.4961555011323354,2000,0.18296729312354318
ds006850,bandpower_ridge_base,0,8,prior_personalized,0.34077330322157423,0.18539110531081307,0.4961555011323354,2000,0.18296729312354318
ds006850,bandpower_ridge_base,0,8,eeg_population,0.008278705497996643,-0.09849015796490587,0.11504756896089915,2000,0.21957182436812164
ds006850,bandpower_ridge_base,0,8,eeg_personalized,0.008278705497996643,-0.09849015796490587,0.11504756896089915,2000,0.21957182436812164
ds006850,bandpower_ridge_base,0,8,combined_population,0.3228569720474993,0.16294940972277336,0.4827645343722252,2000,0.19303250948924078
ds006850,bandpower_ridge_base,0,8,combined_personalized,0.3228569720474993,0.16294940972277336,0.4827645343722252,2000,0.19303250948924078
ds006850,bandpower_ridge_base,1,0,prior,-6.635784198480622e-16,-6.791374144327373e-15,5.4642173046312485e-15,2000,0.20432291577740386
ds006850,bandpower_ridge_base,1,0,prior_personalized,0.0827465866520994,-0.07336519705566917,0.23885837035986796,2000,0.25261502526773405
ds006850,bandpower_ridge_base,1,0,eeg_population,0.010564283319343665,-0.10391814704652157,0.1250467136852089,2000,0.21862456227357976
ds006850,bandpower_ridge_base,1,0,eeg_personalized,0.08533921168313026,-0.07759380354745642,0.24827222691371692,2000,0.28460261318688723
ds006850,bandpower_ridge_base,1,0,combined_population,0.008094316706140445,-0.0954762889806816,0.11166492239296248,2000,0.2165682002620073
ds006850,bandpower_ridge_base,1,0,combined_personalized,0.08391758485544243,-0.07406259486285274,0.2418977645737376,2000,0.25918060020404804
ds006850,bandpower_ridge_base,1,1,prior,0.2524773125728417,0.06177591716571418,0.44317870797996917,2000,0.23557692307692296
ds006850,bandpower_ridge_base,1,1,prior_personalized,0.23463677155563079,0.051889258607550864,0.4173842845037107,2000,0.2854217805925801
ds006850,bandpower_ridge_base,1,1,eeg_population,0.012086719656647107,-0.10093987599192676,0.12511331530522096,2000,0.21868075845204843
ds006850,bandpower_ridge_base,1,1,eeg_personalized,0.08498943914705415,-0.0778353980476911,0.2478142763417994,2000,0.2849421768863073
ds006850,bandpower_ridge_base,1,1,combined_population,0.2480930482051285,0.05993745461123065,0.43624864179902634,2000,0.24542738456454072
ds006850,bandpower_ridge_base,1,1,combined_personalized,0.2267837747314557,0.046005504424663946,0.40756204503824744,2000,0.29177775020565233
ds006850,bandpower_ridge_base,1,2,prior,0.3327785294901091,0.154003290617752,0.5115537683624662,2000,0.2026005244755245
ds006850,bandpower_ridge_base,1,2,prior_personalized,0.2783210358552465,0.09603259303464914,0.4606094786758438,2000,0.2547554287518416
ds006850,bandpower_ridge_base,1,2,eeg_population,0.0151260906413829,-0.09927049542721397,0.12952267670997977,2000,0.21829654765226675
ds006850,bandpower_ridge_base,1,2,eeg_personalized,0.08446080462192541,-0.07966709428930784,0.24858870353315865,2000,0.2844743730600109
ds006850,bandpower_ridge_base,1,2,combined_population,0.31714172762098364,0.14159944745141748,0.49268400779054977,2000,0.21019035199129998
ds006850,bandpower_ridge_base,1,2,combined_personalized,0.2701612115766067,0.09020245110963884,0.45011997204357457,2000,0.2605868064684356
ds006850,bandpower_ridge_base,1,4,prior,0.3122403043035985,0.14969508787344923,0.4747855207337478,2000,0.19083260489510495
ds006850,bandpower_ridge_base,1,4,prior_personalized,0.2658909927174616,0.08641151007868933,0.44537047535623386,2000,0.24327866513364543
ds006850,bandpower_ridge_base,1,4,eeg_population,0.026200574699738154,-0.09101877550646442,0.14341992490594072,2000,0.21739113645915675
ds006850,bandpower_ridge_base,1,4,eeg_personalized,0.08710183255293048,-0.07571373154633211,0.2499173966521931,2000,0.2874308573341649
ds006850,bandpower_ridge_base,1,4,combined_population,0.307146345722377,0.14092879394778926,0.4733638974969647,2000,0.19680156653616696
ds006850,bandpower_ridge_base,1,4,combined_personalized,0.2584910133625024,0.08168530628149395,0.43529672044351087,2000,0.25177551439682955
ds006850,bandpower_ridge_base,1,8,prior,0.34077330322157423,0.18539110531081307,0.4961555011323354,2000,0.18296729312354318
ds006850,bandpower_ridge_base,1,8,prior_personalized,0.28504044211419177,0.1082975908859361,0.46178329334244744,2000,0.2400889356074337
ds006850,bandpower_ridge_base,1,8,eeg_population,0.008278705497996643,-0.09849015796490587,0.11504756896089915,2000,0.21957182436812167
ds006850,bandpower_ridge_base,1,8,eeg_personalized,0.0853449113447751,-0.07650966068432212,0.24719948337387232,2000,0.2887934795975524
ds006850,bandpower_ridge_base,1,8,combined_population,0.32285697204749914,0.1629494097227732,0.4827645343722251,2000,0.1930325094892408
ds006850,bandpower_ridge_base,1,8,combined_personalized,0.2751152482457745,0.09865478797740251,0.45157570851414647,2000,0.2472585611590989
ds006850,bandpower_ridge_base,2,0,prior,-6.635784198480622e-16,-6.791374144327373e-15,5.4642173046312485e-15,2000,0.20432291577740386
ds006850,bandpower_ridge_base,2,0,prior_personalized,0.14096237191529984,-0.0010317176223473279,0.282956461452947,2000,0.22603625471735964
ds006850,bandpower_ridge_base,2,0,eeg_population,0.010564283319343665,-0.10391814704652157,0.1250467136852089,2000,0.21862456227357976
ds006850,bandpower_ridge_base,2,0,eeg_personalized,0.12467257157212723,-0.026983586412392943,0.2763287295566474,2000,0.2458340448713238
ds006850,bandpower_ridge_base,2,0,combined_population,0.008094316706140168,-0.09547628898068189,0.11166492239296222,2000,0.2165682002620073
ds006850,bandpower_ridge_base,2,0,combined_personalized,0.14730447034161104,-0.0037597373717129234,0.298368678054935,2000,0.23071422455338503
ds006850,bandpower_ridge_base,2,1,prior,0.2524773125728417,0.06177591716571418,0.44317870797996917,2000,0.23557692307692296
ds006850,bandpower_ridge_base,2,1,prior_personalized,0.28256211912808604,0.09896826853390675,0.46615596972226536,2000,0.25671346649395743
ds006850,bandpower_ridge_base,2,1,eeg_population,0.012086719656647107,-0.10093987599192679,0.12511331530522102,2000,0.21868075845204843
ds006850,bandpower_ridge_base,2,1,eeg_personalized,0.1271482957626678,-0.02382456863940996,0.2781211601647456,2000,0.2445903553677038
ds006850,bandpower_ridge_base,2,1,combined_population,0.2480930482051285,0.059937454611230595,0.43624864179902645,2000,0.24542738456454072
ds006850,bandpower_ridge_base,2,1,combined_personalized,0.28164335142611713,0.10059194751443432,0.4626947553377999,2000,0.2620391443016906
ds006850,bandpower_ridge_base,2,2,prior,0.3327785294901091,0.154003290617752,0.5115537683624662,2000,0.2026005244755245
ds006850,bandpower_ridge_base,2,2,prior_personalized,0.3508125268936441,0.17349537242802365,0.5281296813592646,2000,0.22226218799524947
ds006850,bandpower_ridge_base,2,2,eeg_population,0.015126090641382631,-0.09927049542721428,0.12952267670997955,2000,0.21829654765226675
ds006850,bandpower_ridge_base,2,2,eeg_personalized,0.12380302431240409,-0.028762652325536653,0.2763687009503448,2000,0.2446470734557753
ds006850,bandpower_ridge_base,2,2,combined_population,0.31714172762098347,0.1415994474514173,0.49268400779054966,2000,0.21019035199129998
ds006850,bandpower_ridge_base,2,2,combined_personalized,0.3474924837961094,0.17494778948710807,0.5200371781051107,2000,0.22541330660781309
ds006850,bandpower_ridge_base,2,4,prior,0.3122403043035985,0.14969508787344923,0.4747855207337478,2000,0.19083260489510495
ds006850,bandpower_ridge_base,2,4,prior_personalized,0.34359431603158197,0.17697248013075545,0.5102161519324084,2000,0.21281763101054157
ds006850,bandpower_ridge_base,2,4,eeg_population,0.026200574699738154,-0.09101877550646442,0.14341992490594072,2000,0.21739113645915675
ds006850,bandpower_ridge_base,2,4,eeg_personalized,0.12766347150762655,-0.024875424364786736,0.28020236738003984,2000,0.24553717923546042
ds006850,bandpower_ridge_base,2,4,combined_population,0.307146345722377,0.14092879394778923,0.4733638974969647,2000,0.19680156653616696
ds006850,bandpower_ridge_base,2,4,combined_personalized,0.33968562546933523,0.17423937160744876,0.5051318793312217,2000,0.21621511534018362
ds006850,bandpower_ridge_base,2,8,prior,0.34077330322157423,0.18539110531081307,0.4961555011323354,2000,0.18296729312354318
ds006850,bandpower_ridge_base,2,8,prior_personalized,0.37250512896935495,0.21210961200310297,0.5329006459356069,2000,0.20430051582045555
ds006850,bandpower_ridge_base,2,8,eeg_population,0.008278705497996643,-0.09849015796490587,0.11504756896089915,2000,0.21957182436812164
ds006850,bandpower_ridge_base,2,8,eeg_personalized,0.12665537513328246,-0.024147205404249028,0.27745795567081394,2000,0.24579998924701235
ds006850,bandpower_ridge_base,2,8,combined_population,0.32285697204749914,0.1629494097227732,0.4827645343722251,2000,0.1930325094892408
ds006850,bandpower_ridge_base,2,8,combined_personalized,0.3670764301140818,0.20727798077230358,0.52687487945586,2000,0.2087848215058974
ds006850,bandpower_ridge_base,4,0,prior,-6.635784198480622e-16,-6.7915516920845896e-15,5.464394852388465e-15,2000,0.20432291577740386
ds006850,bandpower_ridge_base,4,0,prior_personalized,0.15361825253941758,0.008423996528155453,0.2988125085506797,2000,0.20806822020552457
ds006850,bandpower_ridge_base,4,0,eeg_population,0.01056428331934384,-0.1039181470465214,0.1250467136852091,2000,0.21862456227357976
ds006850,bandpower_ridge_base,4,0,eeg_personalized,0.14901799252414416,-0.015994059638878177,0.3140300446871665,2000,0.22297627133294468
ds006850,bandpower_ridge_base,4,0,combined_population,0.008094316706140064,-0.09547628898068201,0.11166492239296215,2000,0.2165682002620073
ds006850,bandpower_ridge_base,4,0,combined_personalized,0.1552804382183984,-0.004159290582745306,0.3147201670195421,2000,0.21470024124021117
ds006850,bandpower_ridge_base,4,1,prior,0.2524773125728417,0.06177591716571418,0.44317870797996917,2000,0.23557692307692296
ds006850,bandpower_ridge_base,4,1,prior_personalized,0.3023803686005889,0.11314349004437405,0.49161724715680377,2000,0.24281870875019912
ds006850,bandpower_ridge_base,4,1,eeg_population,0.012086719656647085,-0.10093987599192686,0.12511331530522102,2000,0.21868075845204848
ds006850,bandpower_ridge_base,4,1,eeg_personalized,0.1507848076715679,-0.013562350973664955,0.31513196631680074,2000,0.22262363350476239
ds006850,bandpower_ridge_base,4,1,combined_population,0.24809304820512837,0.059937454611230456,0.4362486417990263,2000,0.24542738456454072
ds006850,bandpower_ridge_base,4,1,combined_personalized,0.30011417429509846,0.11282268483848451,0.4874056637517124,2000,0.24789396037783035
ds006850,bandpower_ridge_base,4,2,prior,0.3327785294901091,0.154003290617752,0.5115537683624662,2000,0.2026005244755245
ds006850,bandpower_ridge_base,4,2,prior_personalized,0.38058695888078226,0.19875871065867265,0.5624152071028918,2000,0.20580589164016772
ds006850,bandpower_ridge_base,4,2,eeg_population,0.015126090641382478,-0.09927049542721443,0.12952267670997938,2000,0.21829654765226675
ds006850,bandpower_ridge_base,4,2,eeg_personalized,0.14548725109402316,-0.020675247765172933,0.31164974995321926,2000,0.22320394140654876
ds006850,bandpower_ridge_base,4,2,combined_population,0.31714172762098364,0.14159944745141748,0.49268400779054977,2000,0.21019035199129998
ds006850,bandpower_ridge_base,4,2,combined_personalized,0.37047581606750607,0.19127915122684674,0.5496724809081655,2000,0.20937897375628642
ds006850,bandpower_ridge_base,4,4,prior,0.3122403043035985,0.14969508787344923,0.4747855207337478,2000,0.19083260489510495
ds006850,bandpower_ridge_base,4,4,prior_personalized,0.3752071982537277,0.2020587473843936,0.5483556491230619,2000,0.19380600185514676
ds006850,bandpower_ridge_base,4,4,eeg_population,0.026200574699737755,-0.09101877550646477,0.14341992490594027,2000,0.21739113645915675
ds006850,bandpower_ridge_base,4,4,eeg_personalized,0.15112920900396956,-0.014190792733153462,0.31644921074109256,2000,0.22312893388115224
ds006850,bandpower_ridge_base,4,4,combined_population,0.30714634572237703,0.1409287939477893,0.4733638974969648,2000,0.19680156653616696
ds006850,bandpower_ridge_base,4,4,combined_personalized,0.3678963699471144,0.19448664100825427,0.5413060988859745,2000,0.1991925177042118
ds006850,bandpower_ridge_base,4,8,prior,0.34077330322157423,0.18539110531081307,0.4961555011323354,2000,0.18296729312354318
ds006850,bandpower_ridge_base,4,8,prior_personalized,0.40644593928664674,0.24076641789582123,0.5721254606774723,2000,0.18546543187314518
ds006850,bandpower_ridge_base,4,8,eeg_population,0.008278705497996681,-0.0984901579649058,0.11504756896089917,2000,0.21957182436812167
ds006850,bandpower_ridge_base,4,8,eeg_personalized,0.15004738626982425,-0.01477815975202304,0.31487293229167157,2000,0.22368333995440395
ds006850,bandpower_ridge_base,4,8,combined_population,0.32285697204749975,0.16294940972277383,0.48276453437222566,2000,0.1930325094892408
ds006850,bandpower_ridge_base,4,8,combined_personalized,0.3966583844575256,0.22944794319044837,0.5638688257246028,2000,0.19246603245829255
ds006850,bandpower_ridge_base,8,0,prior,-6.635784198480622e-16,-6.791374144327373e-15,5.4642173046312485e-15,2000,0.20432291577740386
ds006850,bandpower_ridge_base,8,0,prior_personalized,0.15644082287591965,0.022793951448299654,0.29008769430353964,2000,0.20188437258509112
ds006850,bandpower_ridge_base,8,0,eeg_population,0.01056428331934384,-0.1039181470465214,0.1250467136852091,2000,0.21862456227357976
ds006850,bandpower_ridge_base,8,0,eeg_personalized,0.14550027493389778,-0.016365028803973808,0.3073655786717694,2000,0.21141875111856973
ds006850,bandpower_ridge_base,8,0,combined_population,0.008094316706140064,-0.09547628898068201,0.11166492239296215,2000,0.2165682002620073
ds006850,bandpower_ridge_base,8,0,combined_personalized,0.15170862675118785,-0.0011932722491636294,0.30461052575153935,2000,0.2090775253757589
ds006850,bandpower_ridge_base,8,1,prior,0.2524773125728417,0.06177591716571418,0.44317870797996917,2000,0.23557692307692296
ds006850,bandpower_ridge_base,8,1,prior_personalized,0.3108629427789764,0.12723837409019187,0.49448751146776093,2000,0.23852550776845435
ds006850,bandpower_ridge_base,8,1,eeg_population,0.012086719656647085,-0.10093987599192686,0.12511331530522102,2000,0.21868075845204848
ds006850,bandpower_ridge_base,8,1,eeg_personalized,0.14869700392657412,-0.012624958640640782,0.310018966493789,2000,0.21081861341228153
ds006850,bandpower_ridge_base,8,1,combined_population,0.24809304820512837,0.059937454611230456,0.4362486417990263,2000,0.24542738456454072
ds006850,bandpower_ridge_base,8,1,combined_personalized,0.30601273495631115,0.12346052631591475,0.48856494359670755,2000,0.2435410536383294
ds006850,bandpower_ridge_base,8,2,prior,0.3327785294901091,0.154003290617752,0.5115537683624662,2000,0.2026005244755245
ds006850,bandpower_ridge_base,8,2,prior_personalized,0.3927762479587605,0.21673015662301523,0.5688223392945058,2000,0.20132381886625828
ds006850,bandpower_ridge_base,8,2,eeg_population,0.015126090641382478,-0.09927049542721443,0.12952267670997938,2000,0.21829654765226675
ds006850,bandpower_ridge_base,8,2,eeg_personalized,0.14542331313424833,-0.0178287464733298,0.30867537274182644,2000,0.21143038986463214
ds006850,bandpower_ridge_base,8,2,combined_population,0.31714172762098364,0.14159944745141748,0.49268400779054977,2000,0.21019035199129998
ds006850,bandpower_ridge_base,8,2,combined_personalized,0.37926476282112176,0.20425737450932258,0.5542721511329209,2000,0.20547358718939512
ds006850,bandpower_ridge_base,8,4,prior,0.3122403043035985,0.14969508787344923,0.4747855207337478,2000,0.19083260489510495
ds006850,bandpower_ridge_base,8,4,prior_personalized,0.387435012462399,0.22382874476039574,0.5510412801644022,2000,0.18921040729934963
ds006850,bandpower_ridge_base,8,4,eeg_population,0.026200574699737755,-0.09101877550646477,0.14341992490594027,2000,0.21739113645915675
ds006850,bandpower_ridge_base,8,4,eeg_personalized,0.15107894596081378,-0.011793627426142927,0.3139515193477705,2000,0.21151785217978877
ds006850,bandpower_ridge_base,8,4,combined_population,0.30714634572237703,0.1409287939477893,0.4733638974969648,2000,0.19680156653616696
ds006850,bandpower_ridge_base,8,4,combined_personalized,0.3752228574517388,0.20817136169055625,0.5422743532129213,2000,0.19535883817858807
ds006850,bandpower_ridge_base,8,8,prior,0.34077330322157423,0.18539110531081307,0.4961555011323354,2000,0.18296729312354318
ds006850,bandpower_ridge_base,8,8,prior_personalized,0.41814287956601015,0.2619179161162156,0.5743678430158047,2000,0.1799196406456151
ds006850,bandpower_ridge_base,8,8,eeg_population,0.008278705497996681,-0.0984901579649058,0.11504756896089917,2000,0.21957182436812167
ds006850,bandpower_ridge_base,8,8,eeg_personalized,0.15003196614355516,-0.009950878534591034,0.31001481082170135,2000,0.21190416949786509
ds006850,bandpower_ridge_base,8,8,combined_population,0.32285697204749975,0.16294940972277383,0.48276453437222566,2000,0.1930325094892408
ds006850,bandpower_ridge_base,8,8,combined_personalized,0.404626973016658,0.24515538558552363,0.5640985604477924,2000,0.18718561041748932
ds006850,bandpower_ridge_strong,0,0,prior,-6.635784198480622e-16,-6.791374144327373e-15,5.4642173046312485e-15,2000,0.20432291577740386
ds006850,bandpower_ridge_strong,0,0,prior_personalized,-6.635784198480622e-16,-6.791374144327373e-15,5.4642173046312485e-15,2000,0.20432291577740386
ds006850,bandpower_ridge_strong,0,0,eeg_population,-0.005174736366955383,-0.08821862465920509,0.07786915192529432,2000,0.21561115454595417
ds006850,bandpower_ridge_strong,0,0,eeg_personalized,-0.005174736366955383,-0.08821862465920509,0.07786915192529432,2000,0.21561115454595417
ds006850,bandpower_ridge_strong,0,0,combined_population,-0.012123062089835424,-0.08519509722840476,0.06094897304873392,2000,0.2136790662481165
ds006850,bandpower_ridge_strong,0,0,combined_personalized,-0.012123062089835424,-0.08519509722840476,0.06094897304873392,2000,0.2136790662481165
ds006850,bandpower_ridge_strong,0,1,prior,0.2524773125728417,0.06177591716571418,0.44317870797996917,2000,0.23557692307692296
ds006850,bandpower_ridge_strong,0,1,prior_personalized,0.2524773125728417,0.06177591716571418,0.44317870797996917,2000,0.23557692307692296
ds006850,bandpower_ridge_strong,0,1,eeg_population,-0.003037706620635818,-0.08571940628194398,0.07964399304067234,2000,0.21551548189379077
ds006850,bandpower_ridge_strong,0,1,eeg_personalized,-0.003037706620635818,-0.08571940628194398,0.07964399304067234,2000,0.21551548189379077
ds006850,bandpower_ridge_strong,0,1,combined_population,0.24262947397367363,0.05133837250794171,0.43392057543940554,2000,0.24187651159747872
ds006850,bandpower_ridge_strong,0,1,combined_personalized,0.24262947397367363,0.05133837250794171,0.43392057543940554,2000,0.24187651159747872
ds006850,bandpower_ridge_strong,0,2,prior,0.3327785294901091,0.154003290617752,0.5115537683624662,2000,0.2026005244755245
ds006850,bandpower_ridge_strong,0,2,prior_personalized,0.3327785294901091,0.154003290617752,0.5115537683624662,2000,0.2026005244755245
ds006850,bandpower_ridge_strong,0,2,eeg_population,-0.002080799483007185,-0.0848516025396117,0.08069000357359733,2000,0.21559535651692974
ds006850,bandpower_ridge_strong,0,2,eeg_personalized,-0.002080799483007185,-0.0848516025396117,0.08069000357359733,2000,0.21559535651692974
ds006850,bandpower_ridge_strong,0,2,combined_population,0.31303559422224964,0.13268642873131664,0.49338475971318263,2000,0.20789962805776888
ds006850,bandpower_ridge_strong,0,2,combined_personalized,0.31303559422224964,0.13268642873131664,0.49338475971318263,2000,0.20789962805776888
ds006850,bandpower_ridge_strong,0,4,prior,0.3122403043035985,0.14969508787344923,0.4747855207337478,2000,0.19083260489510495
ds006850,bandpower_ridge_strong,0,4,prior_personalized,0.3122403043035985,0.14969508787344923,0.4747855207337478,2000,0.19083260489510495
ds006850,bandpower_ridge_strong,0,4,eeg_population,0.0070342028741832655,-0.07757984631619541,0.09164825206456195,2000,0.21468434500902892
ds006850,bandpower_ridge_strong,0,4,eeg_personalized,0.0070342028741832655,-0.07757984631619541,0.09164825206456195,2000,0.21468434500902892
ds006850,bandpower_ridge_strong,0,4,combined_population,0.2990889982632157,0.1302540450882967,0.46792395143813476,2000,0.1939842481041224
ds006850,bandpower_ridge_strong,0,4,combined_personalized,0.2990889982632157,0.1302540450882967,0.46792395143813476,2000,0.1939842481041224
ds006850,bandpower_ridge_strong,0,8,prior,0.34077330322157423,0.18539110531081307,0.4961555011323354,2000,0.18296729312354318
ds006850,bandpower_ridge_strong,0,8,prior_personalized,0.34077330322157423,0.18539110531081307,0.4961555011323354,2000,0.18296729312354318
ds006850,bandpower_ridge_strong,0,8,eeg_population,-0.0008398697905440428,-0.07739522619864053,0.07571548661755245,2000,0.21477597095323472
ds006850,bandpower_ridge_strong,0,8,eeg_personalized,-0.0008398697905440428,-0.07739522619864053,0.07571548661755245,2000,0.21477597095323472
ds006850,bandpower_ridge_strong,0,8,combined_population,0.3245796711362553,0.1649546958096474,0.4842046464628632,2000,0.1894181957796353
ds006850,bandpower_ridge_strong,0,8,combined_personalized,0.3245796711362553,0.1649546958096474,0.4842046464628632,2000,0.1894181957796353
ds006850,bandpower_ridge_strong,1,0,prior,-6.635784198480622e-16,-6.791374144327373e-15,5.4642173046312485e-15,2000,0.20432291577740386
ds006850,bandpower_ridge_strong,1,0,prior_personalized,0.0827465866520994,-0.07336519705566917,0.23885837035986796,2000,0.25261502526773405
ds006850,bandpower_ridge_strong,1,0,eeg_population,-0.005174736366955383,-0.08821862465920509,0.07786915192529432,2000,0.21561115454595417
ds006850,bandpower_ridge_strong,1,0,eeg_personalized,0.08893222604694931,-0.07586888461452537,0.253733336708424,2000,0.2769655997717706
ds006850,bandpower_ridge_strong,1,0,combined_population,-0.012123062089835424,-0.08519509722840476,0.06094897304873392,2000,0.2136790662481165
ds006850,bandpower_ridge_strong,1,0,combined_personalized,0.08102299647396845,-0.07841428073716435,0.24046027368510126,2000,0.25628613555245705
ds006850,bandpower_ridge_strong,1,1,prior,0.2524773125728417,0.06177591716571418,0.44317870797996917,2000,0.23557692307692296
ds006850,bandpower_ridge_strong,1,1,prior_personalized,0.23463677155563079,0.051889258607550864,0.4173842845037107,2000,0.2854217805925801
ds006850,bandpower_ridge_strong,1,1,eeg_population,-0.003037706620635818,-0.08571940628194398,0.07964399304067234,2000,0.21551548189379077
ds006850,bandpower_ridge_strong,1,1,eeg_personalized,0.08921416029010619,-0.0755244876762755,0.25395280825648786,2000,0.2772261162249202
ds006850,bandpower_ridge_strong,1,1,combined_population,0.24262947397367363,0.05133837250794171,0.43392057543940554,2000,0.24187651159747872
ds006850,bandpower_ridge_strong,1,1,combined_personalized,0.2293456592711139,0.0461042791491692,0.4125870393930586,2000,0.28919063930329975
ds006850,bandpower_ridge_strong,1,2,prior,0.3327785294901091,0.154003290617752,0.5115537683624662,2000,0.2026005244755245
ds006850,bandpower_ridge_strong,1,2,prior_personalized,0.2783210358552465,0.09603259303464914,0.4606094786758438,2000,0.2547554287518416
ds006850,bandpower_ridge_strong,1,2,eeg_population,-0.002080799483007185,-0.0848516025396117,0.08069000357359733,2000,0.21559535651692974
ds006850,bandpower_ridge_strong,1,2,eeg_personalized,0.08845589442363054,-0.07655144234385071,0.2534632311911118,2000,0.2773529967762736
ds006850,bandpower_ridge_strong,1,2,combined_population,0.31303559422224964,0.13268642873131664,0.49338475971318263,2000,0.20789962805776888
ds006850,bandpower_ridge_strong,1,2,combined_personalized,0.27204741241935537,0.09000381345685216,0.4540910113818586,2000,0.2584800422662498
ds006850,bandpower_ridge_strong,1,4,prior,0.3122403043035985,0.14969508787344923,0.4747855207337478,2000,0.19083260489510495
ds006850,bandpower_ridge_strong,1,4,prior_personalized,0.2658909927174616,0.08641151007868933,0.44537047535623386,2000,0.24327866513364543
ds006850,bandpower_ridge_strong,1,4,eeg_population,0.007034202874183734,-0.07757984631619497,0.09164825206456242,2000,0.21468434500902892
ds006850,bandpower_ridge_strong,1,4,eeg_personalized,0.09158431004577902,-0.07277952681246128,0.25594814690401935,2000,0.2785648368411036
ds006850,bandpower_ridge_strong,1,4,combined_population,0.2990889982632157,0.1302540450882967,0.46792395143813476,2000,0.1939842481041224
ds006850,bandpower_ridge_strong,1,4,combined_personalized,0.26032343118324786,0.08051152723189811,0.44013533513459757,2000,0.2484658084595328
ds006850,bandpower_ridge_strong,1,8,prior,0.34077330322157423,0.18539110531081307,0.4961555011323354,2000,0.18296729312354318
ds006850,bandpower_ridge_strong,1,8,prior_personalized,0.28504044211419177,0.1082975908859361,0.46178329334244744,2000,0.2400889356074337
ds006850,bandpower_ridge_strong,1,8,eeg_population,-0.0008398697905440428,-0.07739522619864055,0.07571548661755247,2000,0.21477597095323472
ds006850,bandpower_ridge_strong,1,8,eeg_personalized,0.08993647575734062,-0.0742716247209215,0.2541445762356027,2000,0.2803323871033353
ds006850,bandpower_ridge_strong,1,8,combined_population,0.3245796711362553,0.1649546958096474,0.4842046464628632,2000,0.1894181957796353
ds006850,bandpower_ridge_strong,1,8,combined_personalized,0.2775234874034459,0.0988231230468623,0.4562238517600295,2000,0.244623777099703
ds006850,bandpower_ridge_strong,2,0,prior,-6.635784198480622e-16,-6.791374144327373e-15,5.4642173046312485e-15,2000,0.20432291577740386
ds006850,bandpower_ridge_strong,2,0,prior_personalized,0.14096237191529984,-0.0010317176223473279,0.282956461452947,2000,0.22603625471735964
ds006850,bandpower_ridge_strong,2,0,eeg_population,-0.005174736366955383,-0.08821862465920509,0.07786915192529432,2000,0.21561115454595417
ds006850,bandpower_ridge_strong,2,0,eeg_personalized,0.13110365900282256,-0.01717475836103105,0.27938207636667617,2000,0.2411625028851327
ds006850,bandpower_ridge_strong,2,0,combined_population,-0.012123062089835424,-0.08519509722840476,0.06094897304873392,2000,0.2136790662481165
ds006850,bandpower_ridge_strong,2,0,combined_personalized,0.14643996369728762,-0.0020455104278372382,0.2949254378224125,2000,0.22807480225439872
ds006850,bandpower_ridge_strong,2,1,prior,0.2524773125728417,0.06177591716571418,0.44317870797996917,2000,0.23557692307692296
ds006850,bandpower_ridge_strong,2,1,prior_personalized,0.28256211912808604,0.09896826853390675,0.46615596972226536,2000,0.25671346649395743
ds006850,bandpower_ridge_strong,2,1,eeg_population,-0.0030377066206358156,-0.08571940628194398,0.07964399304067234,2000,0.21551548189379077
ds006850,bandpower_ridge_strong,2,1,eeg_personalized,0.1327008244299567,-0.015266084170497185,0.2806677330304106,2000,0.24071810945042257
ds006850,bandpower_ridge_strong,2,1,combined_population,0.24262947397367354,0.051338372507941626,0.43392057543940543,2000,0.24187651159747872
ds006850,bandpower_ridge_strong,2,1,combined_personalized,0.28394195860518173,0.09945066156823654,0.4684332556421269,2000,0.25814699576521744
ds006850,bandpower_ridge_strong,2,2,prior,0.3327785294901091,0.154003290617752,0.5115537683624662,2000,0.2026005244755245
ds006850,bandpower_ridge_strong,2,2,prior_personalized,0.3508125268936441,0.17349537242802365,0.5281296813592646,2000,0.22226218799524947
ds006850,bandpower_ridge_strong,2,2,eeg_population,-0.002080799483006881,-0.0848516025396114,0.08069000357359764,2000,0.21559535651692974
ds006850,bandpower_ridge_strong,2,2,eeg_personalized,0.13038776858037698,-0.01770852901318884,0.27848406617394283,2000,0.24093463734701506
ds006850,bandpower_ridge_strong,2,2,combined_population,0.31303559422224964,0.1326864287313167,0.4933847597131826,2000,0.20789962805776888
ds006850,bandpower_ridge_strong,2,2,combined_personalized,0.3512023869976275,0.17476801017227467,0.5276367638229804,2000,0.22295872978758807
ds006850,bandpower_ridge_strong,2,4,prior,0.3122403043035985,0.14969508787344923,0.4747855207337478,2000,0.19083260489510495
ds006850,bandpower_ridge_strong,2,4,prior_personalized,0.34359431603158197,0.17697248013075545,0.5102161519324084,2000,0.21281763101054157
ds006850,bandpower_ridge_strong,2,4,eeg_population,0.007034202874183729,-0.07757984631619497,0.09164825206456242,2000,0.21468434500902892
ds006850,bandpower_ridge_strong,2,4,eeg_personalized,0.13401738858728146,-0.013490115488200283,0.2815248926627632,2000,0.24106168491334215
ds006850,bandpower_ridge_strong,2,4,combined_population,0.2990889982632157,0.1302540450882967,0.46792395143813476,2000,0.1939842481041224
ds006850,bandpower_ridge_strong,2,4,combined_personalized,0.34547369144722867,0.17853739278954203,0.5124099901049153,2000,0.21349209936242158
ds006850,bandpower_ridge_strong,2,8,prior,0.34077330322157423,0.18539110531081307,0.4961555011323354,2000,0.18296729312354318
ds006850,bandpower_ridge_strong,2,8,prior_personalized,0.37250512896935495,0.21210961200310297,0.5329006459356069,2000,0.20430051582045555
ds006850,bandpower_ridge_strong,2,8,eeg_population,-0.0008398697905440428,-0.07739522619864053,0.07571548661755245,2000,0.21477597095323472
ds006850,bandpower_ridge_strong,2,8,eeg_personalized,0.13328243751019336,-0.01387523979646052,0.2804401148168473,2000,0.2412388415208287
ds006850,bandpower_ridge_strong,2,8,combined_population,0.3245796711362553,0.1649546958096474,0.4842046464628632,2000,0.1894181957796353
ds006850,bandpower_ridge_strong,2,8,combined_personalized,0.37402825651751687,0.2133446735993183,0.5347118394357154,2000,0.20496148338383255
ds006850,bandpower_ridge_strong,4,0,prior,-6.635784198480622e-16,-6.791374144327373e-15,5.4642173046312485e-15,2000,0.20432291577740386
ds006850,bandpower_ridge_strong,4,0,prior_personalized,0.15361825253941758,0.008423996528155453,0.2988125085506797,2000,0.20806822020552457
ds006850,bandpower_ridge_strong,4,0,eeg_population,-0.005174736366955207,-0.08821862465920492,0.07786915192529452,2000,0.21561115454595411
ds006850,bandpower_ridge_strong,4,0,eeg_personalized,0.15097964411188972,-0.010738632171884366,0.3126979203956638,2000,0.2191184562570955
ds006850,bandpower_ridge_strong,4,0,combined_population,-0.012123062089835218,-0.08519509722840456,0.060948973048734124,2000,0.2136790662481165
ds006850,bandpower_ridge_strong,4,0,combined_personalized,0.15095360230662583,-0.005043872240860892,0.30695107685411255,2000,0.2124153288614395
ds006850,bandpower_ridge_strong,4,1,prior,0.2524773125728417,0.06177591716571418,0.44317870797996917,2000,0.23557692307692296
ds006850,bandpower_ridge_strong,4,1,prior_personalized,0.3023803686005889,0.11314349004437405,0.49161724715680377,2000,0.24281870875019912
ds006850,bandpower_ridge_strong,4,1,eeg_population,-0.0030377066206358294,-0.085719406281944,0.07964399304067232,2000,0.21551548189379077
ds006850,bandpower_ridge_strong,4,1,eeg_personalized,0.15194830073101379,-0.009416123347020938,0.3133127248090485,2000,0.21913709444869373
ds006850,bandpower_ridge_strong,4,1,combined_population,0.2426294739736734,0.05133837250794149,0.4339205754394053,2000,0.24187651159747875
ds006850,bandpower_ridge_strong,4,1,combined_personalized,0.29871286750043724,0.10867996017088571,0.48874577482998877,2000,0.2453414175113866
ds006850,bandpower_ridge_strong,4,2,prior,0.3327785294901091,0.154003290617752,0.5115537683624662,2000,0.2026005244755245
ds006850,bandpower_ridge_strong,4,2,prior_personalized,0.38058695888078226,0.19875871065867265,0.5624152071028918,2000,0.20580589164016772
ds006850,bandpower_ridge_strong,4,2,eeg_population,-0.0020807994830070392,-0.08485160253961158,0.08069000357359749,2000,0.21559535651692974
ds006850,bandpower_ridge_strong,4,2,eeg_personalized,0.14885966530568204,-0.01290991421737675,0.3106292448287408,2000,0.2194699488856798
ds006850,bandpower_ridge_strong,4,2,combined_population,0.3130355942222497,0.13268642873131675,0.49338475971318263,2000,0.20789962805776888
ds006850,bandpower_ridge_strong,4,2,combined_personalized,0.3718776950405104,0.18918604863132632,0.5545693414496944,2000,0.20815273834393572
ds006850,bandpower_ridge_strong,4,4,prior,0.3122403043035985,0.14969508787344923,0.4747855207337478,2000,0.19083260489510495
ds006850,bandpower_ridge_strong,4,4,prior_personalized,0.3752071982537277,0.2020587473843936,0.5483556491230619,2000,0.19380600185514676
ds006850,bandpower_ridge_strong,4,4,eeg_population,0.007034202874183571,-0.07757984631619508,0.09164825206456223,2000,0.21468434500902886
ds006850,bandpower_ridge_strong,4,4,eeg_personalized,0.15362013184336315,-0.007322367204370711,0.31456263089109704,2000,0.21934688031955357
ds006850,bandpower_ridge_strong,4,4,combined_population,0.2990889982632158,0.13025404508829677,0.4679239514381348,2000,0.1939842481041224
ds006850,bandpower_ridge_strong,4,4,combined_personalized,0.3685345103380793,0.1928211829791916,0.544247837696967,2000,0.19709494629332402
ds006850,bandpower_ridge_strong,4,8,prior,0.34077330322157423,0.18539110531081307,0.4961555011323354,2000,0.18296729312354318
ds006850,bandpower_ridge_strong,4,8,prior_personalized,0.40644593928664674,0.24076641789582123,0.5721254606774723,2000,0.18546543187314518
ds006850,bandpower_ridge_strong,4,8,eeg_population,-0.0008398697905442218,-0.07739522619864073,0.07571548661755229,2000,0.21477597095323472
ds006850,bandpower_ridge_strong,4,8,eeg_personalized,0.1527216164560171,-0.007837621909667275,0.3132808548217014,2000,0.21907510620866058
ds006850,bandpower_ridge_strong,4,8,combined_population,0.3245796711362553,0.1649546958096474,0.4842046464628632,2000,0.1894181957796353
ds006850,bandpower_ridge_strong,4,8,combined_personalized,0.39845943374778947,0.22999740022259563,0.5669214672729833,2000,0.1895558091837059
ds006850,bandpower_ridge_strong,8,0,prior,-6.635784198480622e-16,-6.791374144327373e-15,5.4642173046312485e-15,2000,0.20432291577740386
ds006850,bandpower_ridge_strong,8,0,prior_personalized,0.15644082287591965,0.022793951448299654,0.29008769430353964,2000,0.20188437258509112
ds006850,bandpower_ridge_strong,8,0,eeg_population,-0.005174736366955207,-0.08821862465920492,0.07786915192529452,2000,0.21561115454595411
ds006850,bandpower_ridge_strong,8,0,eeg_personalized,0.14636730757101418,-0.007405388302322347,0.3001400034443507,2000,0.20779230999060125
ds006850,bandpower_ridge_strong,8,0,combined_population,-0.012123062089835218,-0.08519509722840456,0.060948973048734124,2000,0.2136790662481165
ds006850,bandpower_ridge_strong,8,0,combined_personalized,0.14595665544111175,-0.00047529799456236255,0.29238860887678586,2000,0.20699082353308543
ds006850,bandpower_ridge_strong,8,1,prior,0.2524773125728417,0.06177591716571418,0.44317870797996917,2000,0.23557692307692296
ds006850,bandpower_ridge_strong,8,1,prior_personalized,0.3108629427789764,0.12723837409019187,0.49448751146776093,2000,0.23852550776845435
ds006850,bandpower_ridge_strong,8,1,eeg_population,-0.0030377066206358294,-0.085719406281944,0.07964399304067232,2000,0.21551548189379077
ds006850,bandpower_ridge_strong,8,1,eeg_personalized,0.1480658965195783,-0.005647335875179654,0.3017791289143362,2000,0.20747407000716117
ds006850,bandpower_ridge_strong,8,1,combined_population,0.2426294739736734,0.05133837250794149,0.4339205754394053,2000,0.24187651159747875
ds006850,bandpower_ridge_strong,8,1,combined_personalized,0.3042198964999326,0.11962316658357494,0.4888166264162902,2000,0.24082872810353867
ds006850,bandpower_ridge_strong,8,2,prior,0.3327785294901091,0.154003290617752,0.5115537683624662,2000,0.2026005244755245
ds006850,bandpower_ridge_strong,8,2,prior_personalized,0.3927762479587605,0.21673015662301523,0.5688223392945058,2000,0.20132381886625828
ds006850,bandpower_ridge_strong,8,2,eeg_population,-0.0020807994830070392,-0.08485160253961158,0.08069000357359749,2000,0.21559535651692974
ds006850,bandpower_ridge_strong,8,2,eeg_personalized,0.1465744811298457,-0.0074297468161835245,0.3005787090758749,2000,0.20789350164809065
ds006850,bandpower_ridge_strong,8,2,combined_population,0.3130355942222497,0.13268642873131675,0.49338475971318263,2000,0.20789962805776888
ds006850,bandpower_ridge_strong,8,2,combined_personalized,0.3799265621673532,0.20257707937228286,0.5572760449624236,2000,0.20398831606619455
ds006850,bandpower_ridge_strong,8,4,prior,0.3122403043035985,0.14969508787344923,0.4747855207337478,2000,0.19083260489510495
ds006850,bandpower_ridge_strong,8,4,prior_personalized,0.387435012462399,0.22382874476039574,0.5510412801644022,2000,0.18921040729934963
ds006850,bandpower_ridge_strong,8,4,eeg_population,0.007034202874183571,-0.07757984631619508,0.09164825206456223,2000,0.21468434500902886
ds006850,bandpower_ridge_strong,8,4,eeg_personalized,0.15208446638369635,-0.0013469831952462596,0.30551591596263894,2000,0.2078949403885067
ds006850,bandpower_ridge_strong,8,4,combined_population,0.2990889982632158,0.13025404508829677,0.4679239514381348,2000,0.1939842481041224
ds006850,bandpower_ridge_strong,8,4,combined_personalized,0.3757381766144595,0.20818670285101828,0.5432896503779008,2000,0.19267126159115283
ds006850,bandpower_ridge_strong,8,8,prior,0.34077330322157423,0.18539110531081307,0.4961555011323354,2000,0.18296729312354318
ds006850,bandpower_ridge_strong,8,8,prior_personalized,0.41814287956601015,0.2619179161162156,0.5743678430158047,2000,0.1799196406456151
ds006850,bandpower_ridge_strong,8,8,eeg_population,-0.0008398697905442218,-0.07739522619864073,0.07571548661755229,2000,0.21477597095323472
ds006850,bandpower_ridge_strong,8,8,eeg_personalized,0.150577339897529,-0.0013265001648659902,0.30248117995992396,2000,0.20731943073340214
ds006850,bandpower_ridge_strong,8,8,combined_population,0.3245796711362553,0.1649546958096474,0.4842046464628632,2000,0.1894181957796353
ds006850,bandpower_ridge_strong,8,8,combined_personalized,0.40503555672038016,0.2450325386538696,0.5650385747868907,2000,0.18464771897697702
ds006850,eegnet_lr1e3,0,0,prior,-6.635784198480622e-16,-6.7915516920845896e-15,5.464394852388465e-15,2000,0.20432291577740386
ds006850,eegnet_lr1e3,0,0,prior_personalized,-6.635784198480622e-16,-6.791374144327373e-15,5.4642173046312485e-15,2000,0.20432291577740386
ds006850,eegnet_lr1e3,0,0,eeg_population,0.019172480506750033,-0.02250789754582035,0.06085285855932042,2000,0.207306459030303
ds006850,eegnet_lr1e3,0,0,eeg_personalized,0.019172482014608846,-0.022507896719855175,0.06085286074907287,2000,0.20730645863951502
ds006850,eegnet_lr1e3,0,0,combined_population,0.010144771042117608,-0.024999449677774153,0.04528899176200937,2000,0.20501719480817387
ds006850,eegnet_lr1e3,0,0,combined_personalized,0.010144771042117608,-0.024999449677774153,0.04528899176200937,2000,0.20501719480817387
ds006850,eegnet_lr1e3,0,1,prior,0.2524773125728417,0.06177591716571418,0.44317870797996917,2000,0.23557692307692296
ds006850,eegnet_lr1e3,0,1,prior_personalized,0.2524773125728417,0.06177591716571418,0.44317870797996917,2000,0.23557692307692296
ds006850,eegnet_lr1e3,0,1,eeg_population,0.009980592924219968,-0.022725734565108235,0.04268692041354817,2000,0.2054196462097902
ds006850,eegnet_lr1e3,0,1,eeg_personalized,0.009980590120208811,-0.02272573969195637,0.042686919932373994,2000,0.20541964619309755
ds006850,eegnet_lr1e3,0,1,combined_population,0.25857716914351053,0.06997019808574048,0.4471841402012806,2000,0.23714133055446376
ds006850,eegnet_lr1e3,0,1,combined_personalized,0.25857716914351053,0.06997019808574048,0.4471841402012806,2000,0.23714133055446376
ds006850,eegnet_lr1e3,0,2,prior,0.3327785294901091,0.154003290617752,0.5115537683624662,2000,0.2026005244755245
ds006850,eegnet_lr1e3,0,2,prior_personalized,0.3327785294901091,0.154003290617752,0.5115537683624662,2000,0.2026005244755245
ds006850,eegnet_lr1e3,0,2,eeg_population,0.018706713555152556,-0.019221104428308017,0.05663453153861313,2000,0.2065882863006993
ds006850,eegnet_lr1e3,0,2,eeg_personalized,0.01870671745887382,-0.019221099060786166,0.0566345339785338,2000,0.20658828550146452
ds006850,eegnet_lr1e3,0,2,combined_population,0.3472962983446062,0.17074250498633461,0.5238500917028778,2000,0.2035354727174318
ds006850,eegnet_lr1e3,0,2,combined_personalized,0.3472962983446062,0.17074250498633461,0.5238500917028778,2000,0.2035354727174318
ds006850,eegnet_lr1e3,0,4,prior,0.3122403043035985,0.14969508787344923,0.4747855207337478,2000,0.19083260489510495
ds006850,eegnet_lr1e3,0,4,prior_personalized,0.3122403043035985,0.14969508787344923,0.4747855207337478,2000,0.19083260489510495
ds006850,eegnet_lr1e3,0,4,eeg_population,0.011937288225114527,-0.03462998073363186,0.05850455718386092,2000,0.20605187901864802
ds006850,eegnet_lr1e3,0,4,eeg_personalized,0.011937290166231625,-0.03462997862213739,0.05850455895460065,2000,0.20605187866237618
ds006850,eegnet_lr1e3,0,4,combined_population,0.3239084768071994,0.16232315732379754,0.4854937962906013,2000,0.19154524473290407
ds006850,eegnet_lr1e3,0,4,combined_personalized,0.3239084768071994,0.16232315732379754,0.4854937962906013,2000,0.19154524473290407
ds006850,eegnet_lr1e3,0,8,prior,0.34077330322157423,0.18539110531081307,0.4961555011323354,2000,0.18296729312354318
ds006850,eegnet_lr1e3,0,8,prior_personalized,0.34077330322157423,0.18539110531081307,0.4961555011323354,2000,0.18296729312354318
ds006850,eegnet_lr1e3,0,8,eeg_population,0.018921326290052873,-0.027171832176821703,0.06501448475692745,2000,0.2059638683356643
ds006850,eegnet_lr1e3,0,8,eeg_personalized,0.018921326592309003,-0.02717183277047519,0.0650144859550932,2000,0.2059638679166496
ds006850,eegnet_lr1e3,0,8,combined_population,0.35765749646767675,0.201112396790049,0.5142025961453045,2000,0.18315228357688945
ds006850,eegnet_lr1e3,0,8,combined_personalized,0.35765749646767675,0.201112396790049,0.5142025961453045,2000,0.18315228357688945
ds006850,eegnet_lr1e3,1,0,prior,-6.635784198480622e-16,-6.791374144327373e-15,5.4642173046312485e-15,2000,0.20432291577740386
ds006850,eegnet_lr1e3,1,0,prior_personalized,0.0827465866520994,-0.07336519705566917,0.23885837035986796,2000,0.25261502526773405
ds006850,eegnet_lr1e3,1,0,eeg_population,0.019172480506750033,-0.02250789754582035,0.06085285855932042,2000,0.207306459030303
ds006850,eegnet_lr1e3,1,0,eeg_personalized,0.09240764663371315,-0.06650761793889864,0.25132291120632494,2000,0.2751119487039693
ds006850,eegnet_lr1e3,1,0,combined_population,0.010144771042117608,-0.024999449677774153,0.04528899176200937,2000,0.20501719480817387
ds006850,eegnet_lr1e3,1,0,combined_personalized,0.08938922189301837,-0.06670465859165134,0.24548310237768808,2000,0.254361871971652
ds006850,eegnet_lr1e3,1,1,prior,0.2524773125728417,0.06177591716571418,0.44317870797996917,2000,0.23557692307692296
ds006850,eegnet_lr1e3,1,1,prior_personalized,0.23463677155563079,0.051889258607550864,0.4173842845037107,2000,0.2854217805925801
ds006850,eegnet_lr1e3,1,1,eeg_population,0.009980592924219968,-0.022725734565108235,0.04268692041354817,2000,0.2054196462097902
ds006850,eegnet_lr1e3,1,1,eeg_personalized,0.09246909304963424,-0.0680998947447656,0.2530380808440341,2000,0.2734749799008137
ds006850,eegnet_lr1e3,1,1,combined_population,0.25857716914351053,0.06997019808574048,0.4471841402012806,2000,0.23714133055446376
ds006850,eegnet_lr1e3,1,1,combined_personalized,0.24011549136023072,0.05875446064201997,0.42147652207844144,2000,0.2870749499310695
ds006850,eegnet_lr1e3,1,2,prior,0.3327785294901091,0.154003290617752,0.5115537683624662,2000,0.2026005244755245
ds006850,eegnet_lr1e3,1,2,prior_personalized,0.2783210358552465,0.09603259303464914,0.4606094786758438,2000,0.2547554287518416
ds006850,eegnet_lr1e3,1,2,eeg_population,0.018706713555152556,-0.019221104428308017,0.05663453153861313,2000,0.2065882863006993
ds006850,eegnet_lr1e3,1,2,eeg_personalized,0.09088144209960468,-0.0674091081222442,0.24917199232145354,2000,0.2753643104038038
ds006850,eegnet_lr1e3,1,2,combined_population,0.3472962983446062,0.17074250498633461,0.5238500917028778,2000,0.2035354727174318
ds006850,eegnet_lr1e3,1,2,combined_personalized,0.2828894857082494,0.10261940854112023,0.46315956287537857,2000,0.25920705603700495
ds006850,eegnet_lr1e3,1,4,prior,0.3122403043035985,0.14969508787344923,0.4747855207337478,2000,0.19083260489510495
ds006850,eegnet_lr1e3,1,4,prior_personalized,0.2658909927174616,0.08641151007868933,0.44537047535623386,2000,0.24327866513364543
ds006850,eegnet_lr1e3,1,4,eeg_population,0.011937288225114527,-0.03462998073363186,0.05850455718386092,2000,0.20605187901864802
ds006850,eegnet_lr1e3,1,4,eeg_personalized,0.09074674077218893,-0.06881760053345003,0.2503110820778279,2000,0.2764846388901864
ds006850,eegnet_lr1e3,1,4,combined_population,0.3239084768071994,0.16232315732379754,0.4854937962906013,2000,0.19154524473290407
ds006850,eegnet_lr1e3,1,4,combined_personalized,0.2722594260765151,0.09381010858088834,0.45070874357214186,2000,0.24530265594172262
ds006850,eegnet_lr1e3,1,8,prior,0.34077330322157423,0.18539110531081307,0.4961555011323354,2000,0.18296729312354318
ds006850,eegnet_lr1e3,1,8,prior_personalized,0.28504044211419177,0.1082975908859361,0.46178329334244744,2000,0.2400889356074337
ds006850,eegnet_lr1e3,1,8,eeg_population,0.018921326290052873,-0.027171832176821703,0.06501448475692745,2000,0.2059638683356643
ds006850,eegnet_lr1e3,1,8,eeg_personalized,0.0940441711326855,-0.06540792712736422,0.25349626939273523,2000,0.2748436027195626
ds006850,eegnet_lr1e3,1,8,combined_population,0.35765749646767675,0.201112396790049,0.5142025961453045,2000,0.18315228357688945
ds006850,eegnet_lr1e3,1,8,combined_personalized,0.29086793962524954,0.11533316111014921,0.46640271814034984,2000,0.24359333064399674
ds006850,eegnet_lr1e3,2,0,prior,-6.635784198480622e-16,-6.791374144327373e-15,5.4642173046312485e-15,2000,0.20432291577740386
ds006850,eegnet_lr1e3,2,0,prior_personalized,0.14096237191529984,-0.0010317176223473279,0.282956461452947,2000,0.22603625471735964
ds006850,eegnet_lr1e3,2,0,eeg_population,0.019172480506750033,-0.02250789754582035,0.06085285855932042,2000,0.207306459030303
ds006850,eegnet_lr1e3,2,0,eeg_personalized,0.13705562078308048,-0.0026385153162706287,0.2767497568824316,2000,0.2411264154929798
ds006850,eegnet_lr1e3,2,0,combined_population,0.010144771042117608,-0.024999449677774153,0.04528899176200937,2000,0.20501719480817387
ds006850,eegnet_lr1e3,2,0,combined_personalized,0.14583732499899868,-0.000825362991287576,0.29250001298928496,2000,0.22921552299129688
ds006850,eegnet_lr1e3,2,1,prior,0.2524773125728417,0.06177591716571418,0.44317870797996917,2000,0.23557692307692296
ds006850,eegnet_lr1e3,2,1,prior_personalized,0.28256211912808604,0.09896826853390675,0.46615596972226536,2000,0.25671346649395743
ds006850,eegnet_lr1e3,2,1,eeg_population,0.009980592924219968,-0.022725734565108235,0.04268692041354817,2000,0.2054196462097902
ds006850,eegnet_lr1e3,2,1,eeg_personalized,0.13088465495306306,-0.011913799879457787,0.2736831097855839,2000,0.2405829765440978
ds006850,eegnet_lr1e3,2,1,combined_population,0.25857716914351053,0.06997019808574048,0.4471841402012806,2000,0.23714133055446376
ds006850,eegnet_lr1e3,2,1,combined_personalized,0.28382902736673166,0.10161485702950077,0.4660431977039625,2000,0.2601835994535022
ds006850,eegnet_lr1e3,2,2,prior,0.3327785294901091,0.154003290617752,0.5115537683624662,2000,0.2026005244755245
ds006850,eegnet_lr1e3,2,2,prior_personalized,0.3508125268936441,0.17349537242802365,0.5281296813592646,2000,0.22226218799524947
ds006850,eegnet_lr1e3,2,2,eeg_population,0.018706713555152556,-0.019221104428308017,0.05663453153861313,2000,0.2065882863006993
ds006850,eegnet_lr1e3,2,2,eeg_personalized,0.12701852707817546,-0.016541687738041516,0.27057874189439246,2000,0.24278740440006863
ds006850,eegnet_lr1e3,2,2,combined_population,0.3472962983446062,0.17074250498633461,0.5238500917028778,2000,0.2035354727174318
ds006850,eegnet_lr1e3,2,2,combined_personalized,0.33508754939007834,0.15196103336761596,0.5182140654125407,2000,0.2331539393454479
ds006850,eegnet_lr1e3,2,4,prior,0.3122403043035985,0.14969508787344923,0.4747855207337478,2000,0.19083260489510495
ds006850,eegnet_lr1e3,2,4,prior_personalized,0.34359431603158197,0.17697248013075545,0.5102161519324084,2000,0.21281763101054157
ds006850,eegnet_lr1e3,2,4,eeg_population,0.011937288225114527,-0.03462998073363186,0.05850455718386092,2000,0.20605187901864802
ds006850,eegnet_lr1e3,2,4,eeg_personalized,0.13300244657720825,-0.008964210034882042,0.27496910318929857,2000,0.2419455371085025
ds006850,eegnet_lr1e3,2,4,combined_population,0.3239084768071994,0.16232315732379754,0.4854937962906013,2000,0.19154524473290407
ds006850,eegnet_lr1e3,2,4,combined_personalized,0.34938360440882316,0.18218497554348032,0.516582233274166,2000,0.21592087230446105
ds006850,eegnet_lr1e3,2,8,prior,0.34077330322157423,0.18539110531081307,0.4961555011323354,2000,0.18296729312354318
ds006850,eegnet_lr1e3,2,8,prior_personalized,0.37250512896935495,0.21210961200310297,0.5329006459356069,2000,0.20430051582045555
ds006850,eegnet_lr1e3,2,8,eeg_population,0.018921326290052873,-0.027171832176821703,0.06501448475692745,2000,0.2059638683356643
ds006850,eegnet_lr1e3,2,8,eeg_personalized,0.1324308021350194,-0.009795061199069366,0.27465666546910816,2000,0.24238117821948793
ds006850,eegnet_lr1e3,2,8,combined_population,0.35765749646767675,0.201112396790049,0.5142025961453045,2000,0.18315228357688945
ds006850,eegnet_lr1e3,2,8,combined_personalized,0.37085286001193696,0.2051649275159877,0.5365407925078862,2000,0.21046386933567773
ds006850,eegnet_lr1e3,4,0,prior,-6.635784198480622e-16,-6.791374144327373e-15,5.4642173046312485e-15,2000,0.20432291577740386
ds006850,eegnet_lr1e3,4,0,prior_personalized,0.15361825253941758,0.008423996528155453,0.2988125085506797,2000,0.20806822020552457
ds006850,eegnet_lr1e3,4,0,eeg_population,0.019172480506750033,-0.02250789754582035,0.06085285855932042,2000,0.207306459030303
ds006850,eegnet_lr1e3,4,0,eeg_personalized,0.16818209904272557,0.022271082450315338,0.3140931156351358,2000,0.21521144824706034
ds006850,eegnet_lr1e3,4,0,combined_population,0.010144771042117608,-0.024999449677774153,0.04528899176200937,2000,0.20501719480817387
ds006850,eegnet_lr1e3,4,0,combined_personalized,0.16904568888333088,0.02164610565048483,0.3164452721161769,2000,0.2092759548454505
ds006850,eegnet_lr1e3,4,1,prior,0.2524773125728417,0.06177591716571418,0.44317870797996917,2000,0.23557692307692296
ds006850,eegnet_lr1e3,4,1,prior_personalized,0.3023803686005889,0.11314349004437405,0.49161724715680377,2000,0.24281870875019912
ds006850,eegnet_lr1e3,4,1,eeg_population,0.009980592924219968,-0.022725734565108235,0.04268692041354817,2000,0.2054196462097902
ds006850,eegnet_lr1e3,4,1,eeg_personalized,0.16146194362242036,0.01271307669860744,0.3102108105462333,2000,0.21505417720455947
ds006850,eegnet_lr1e3,4,1,combined_population,0.25857716914351053,0.06997019808574048,0.4471841402012806,2000,0.23714133055446376
ds006850,eegnet_lr1e3,4,1,combined_personalized,0.31010722409293723,0.12341163867121138,0.49680280951466305,2000,0.24455889559473326
ds006850,eegnet_lr1e3,4,2,prior,0.3327785294901091,0.154003290617752,0.5115537683624662,2000,0.2026005244755245
ds006850,eegnet_lr1e3,4,2,prior_personalized,0.38058695888078226,0.19875871065867265,0.5624152071028918,2000,0.20580589164016772
ds006850,eegnet_lr1e3,4,2,eeg_population,0.018706713555152556,-0.019221104428308017,0.05663453153861313,2000,0.2065882863006993
ds006850,eegnet_lr1e3,4,2,eeg_personalized,0.1641858031505327,0.016913410800133366,0.311458195500932,2000,0.2151447847798154
ds006850,eegnet_lr1e3,4,2,combined_population,0.3472962983446062,0.17074250498633461,0.5238500917028778,2000,0.2035354727174318
ds006850,eegnet_lr1e3,4,2,combined_personalized,0.38352935735523663,0.20121953763617462,0.5658391770742986,2000,0.2110879611535248
ds006850,eegnet_lr1e3,4,4,prior,0.3122403043035985,0.14969508787344923,0.4747855207337478,2000,0.19083260489510495
ds006850,eegnet_lr1e3,4,4,prior_personalized,0.3752071982537277,0.2020587473843936,0.5483556491230619,2000,0.19380600185514676
ds006850,eegnet_lr1e3,4,4,eeg_population,0.011937288225114527,-0.03462998073363186,0.05850455718386092,2000,0.20605187901864802
ds006850,eegnet_lr1e3,4,4,eeg_personalized,0.16255913350238843,0.013512307871817703,0.3116059591329592,2000,0.2153822106133391
ds006850,eegnet_lr1e3,4,4,combined_population,0.3239084768071994,0.16232315732379754,0.4854937962906013,2000,0.19154524473290407
ds006850,eegnet_lr1e3,4,4,combined_personalized,0.3875771603541093,0.21529007794212407,0.5598642427660945,2000,0.19524404081377678
ds006850,eegnet_lr1e3,4,8,prior,0.34077330322157423,0.18539110531081307,0.4961555011323354,2000,0.18296729312354318
ds006850,eegnet_lr1e3,4,8,prior_personalized,0.40644593928664674,0.24076641789582123,0.5721254606774723,2000,0.18546543187314518
ds006850,eegnet_lr1e3,4,8,eeg_population,0.018921326290052873,-0.027171832176821703,0.06501448475692745,2000,0.2059638683356643
ds006850,eegnet_lr1e3,4,8,eeg_personalized,0.16221117728834938,0.01547705333096569,0.30894530124573305,2000,0.21586807689657714
ds006850,eegnet_lr1e3,4,8,combined_population,0.35765749646767675,0.201112396790049,0.5142025961453045,2000,0.18315228357688945
ds006850,eegnet_lr1e3,4,8,combined_personalized,0.417267692247954,0.2505044058397204,0.5840309786561877,2000,0.1889033568339676
ds006850,eegnet_lr1e3,8,0,prior,-6.635784198480622e-16,-6.791374144327373e-15,5.4642173046312485e-15,2000,0.20432291577740386
ds006850,eegnet_lr1e3,8,0,prior_personalized,0.15644082287591965,0.022793951448299654,0.29008769430353964,2000,0.20188437258509112
ds006850,eegnet_lr1e3,8,0,eeg_population,0.019172480506750033,-0.02250789754582035,0.06085285855932042,2000,0.207306459030303
ds006850,eegnet_lr1e3,8,0,eeg_personalized,0.1743613488186026,0.04143290017186138,0.3072897974653438,2000,0.20367290571349345
ds006850,eegnet_lr1e3,8,0,combined_population,0.010144771042117608,-0.024999449677774153,0.04528899176200937,2000,0.20501719480817387
ds006850,eegnet_lr1e3,8,0,combined_personalized,0.1702365130184117,0.03383197994651438,0.306641046090309,2000,0.2030865261592588
ds006850,eegnet_lr1e3,8,1,prior,0.2524773125728417,0.06177591716571418,0.44317870797996917,2000,0.23557692307692296
ds006850,eegnet_lr1e3,8,1,prior_personalized,0.3108629427789764,0.12723837409019187,0.49448751146776093,2000,0.23852550776845435
ds006850,eegnet_lr1e3,8,1,eeg_population,0.009980592924219968,-0.022725734565108235,0.04268692041354817,2000,0.2054196462097902
ds006850,eegnet_lr1e3,8,1,eeg_personalized,0.16579989295259256,0.030405604101176154,0.301194181804009,2000,0.202684602489161
ds006850,eegnet_lr1e3,8,1,combined_population,0.25857716914351053,0.06997019808574048,0.4471841402012806,2000,0.23714133055446376
ds006850,eegnet_lr1e3,8,1,combined_personalized,0.3179881831021663,0.13626920439624066,0.49970716180809194,2000,0.23985336838492857
ds006850,eegnet_lr1e3,8,2,prior,0.3327785294901091,0.154003290617752,0.5115537683624662,2000,0.2026005244755245
ds006850,eegnet_lr1e3,8,2,prior_personalized,0.3927762479587605,0.21673015662301523,0.5688223392945058,2000,0.20132381886625828
ds006850,eegnet_lr1e3,8,2,eeg_population,0.018706713555152556,-0.019221104428308017,0.05663453153861313,2000,0.2065882863006993
ds006850,eegnet_lr1e3,8,2,eeg_personalized,0.17540883194257587,0.0431062908829965,0.30771137300215523,2000,0.20271877018270237
ds006850,eegnet_lr1e3,8,2,combined_population,0.3472962983446062,0.17074250498633461,0.5238500917028778,2000,0.2035354727174318
ds006850,eegnet_lr1e3,8,2,combined_personalized,0.40119428762683285,0.22517157493415194,0.5772170003195137,2000,0.20439069579916036
ds006850,eegnet_lr1e3,8,4,prior,0.3122403043035985,0.14969508787344923,0.4747855207337478,2000,0.19083260489510495
ds006850,eegnet_lr1e3,8,4,prior_personalized,0.387435012462399,0.22382874476039574,0.5510412801644022,2000,0.18921040729934963
ds006850,eegnet_lr1e3,8,4,eeg_population,0.011937288225114527,-0.03462998073363186,0.05850455718386092,2000,0.20605187901864802
ds006850,eegnet_lr1e3,8,4,eeg_personalized,0.164155606355772,0.028430085017308593,0.2998811276942354,2000,0.20340166379955957
ds006850,eegnet_lr1e3,8,4,combined_population,0.3239084768071994,0.16232315732379754,0.4854937962906013,2000,0.19154524473290407
ds006850,eegnet_lr1e3,8,4,combined_personalized,0.397802778526051,0.23488223187331894,0.5607233251787831,2000,0.19099741378500518
ds006850,eegnet_lr1e3,8,8,prior,0.34077330322157423,0.18539110531081307,0.4961555011323354,2000,0.18296729312354318
ds006850,eegnet_lr1e3,8,8,prior_personalized,0.41814287956601015,0.2619179161162156,0.5743678430158047,2000,0.1799196406456151
ds006850,eegnet_lr1e3,8,8,eeg_population,0.018921326290052873,-0.027171832176821703,0.06501448475692745,2000,0.2059638683356643
ds006850,eegnet_lr1e3,8,8,eeg_personalized,0.1701598814246037,0.03284032913970855,0.3074794337094988,2000,0.20365489859585506
ds006850,eegnet_lr1e3,8,8,combined_population,0.35765749646767675,0.201112396790049,0.5142025961453045,2000,0.18315228357688945
ds006850,eegnet_lr1e3,8,8,combined_personalized,0.429242975492215,0.2707445814977149,0.5877413694867151,2000,0.18345616942049459
ds006850,eegnet_lr1e4,0,0,prior,-6.635784198480622e-16,-6.7915516920845896e-15,5.464394852388465e-15,2000,0.20432291577740386
ds006850,eegnet_lr1e4,0,0,prior_personalized,-6.635784198480622e-16,-6.7915516920845896e-15,5.464394852388465e-15,2000,0.20432291577740386
ds006850,eegnet_lr1e4,0,0,eeg_population,0.015982621787752494,-0.02677774527384291,0.058742988849347894,2000,0.2064017360967366
ds006850,eegnet_lr1e4,0,0,eeg_personalized,0.0159826313694154,-0.026777736146247306,0.05874299888507811,2000,0.2064017351134952
ds006850,eegnet_lr1e4,0,0,combined_population,0.013586601179738523,-0.029400290388141587,0.05657349274761864,2000,0.2065029732763644
ds006850,eegnet_lr1e4,0,0,combined_personalized,0.013586601179738523,-0.029400290388141587,0.05657349274761864,2000,0.2065029732763644
ds006850,eegnet_lr1e4,0,1,prior,0.2524773125728417,0.06177591716571418,0.44317870797996917,2000,0.23557692307692296
ds006850,eegnet_lr1e4,0,1,prior_personalized,0.2524773125728417,0.06177591716571418,0.44317870797996917,2000,0.23557692307692296
ds006850,eegnet_lr1e4,0,1,eeg_population,0.012449201480700459,-0.032560665354976634,0.05745906831637755,2000,0.2063932743951049
ds006850,eegnet_lr1e4,0,1,eeg_personalized,0.012449203186792495,-0.032560663417660084,0.05745906979124508,2000,0.20639327461625037
ds006850,eegnet_lr1e4,0,1,combined_population,0.26389624641042475,0.07608018684871734,0.4517123059721322,2000,0.23763115744094582
ds006850,eegnet_lr1e4,0,1,combined_personalized,0.26389624641042475,0.07608018684871734,0.4517123059721322,2000,0.23763115744094582
ds006850,eegnet_lr1e4,0,2,prior,0.3327785294901091,0.154003290617752,0.5115537683624662,2000,0.2026005244755245
ds006850,eegnet_lr1e4,0,2,prior_personalized,0.3327785294901091,0.154003290617752,0.5115537683624662,2000,0.2026005244755245
ds006850,eegnet_lr1e4,0,2,eeg_population,0.006080263645307122,-0.028146438020723086,0.04030696531133733,2000,0.20642763976689976
ds006850,eegnet_lr1e4,0,2,eeg_personalized,0.006080257517649625,-0.028146444749347077,0.04030695978464632,2000,0.20642764031678645
ds006850,eegnet_lr1e4,0,2,combined_population,0.3367661048646303,0.15916913435806973,0.514363075371191,2000,0.20253105592794615
ds006850,eegnet_lr1e4,0,2,combined_personalized,0.3367661048646303,0.15916913435806973,0.514363075371191,2000,0.20253105592794615
ds006850,eegnet_lr1e4,0,4,prior,0.3122403043035985,0.14969508787344923,0.4747855207337478,2000,0.19083260489510495
ds006850,eegnet_lr1e4,0,4,prior_personalized,0.3122403043035985,0.14969508787344923,0.4747855207337478,2000,0.19083260489510495
ds006850,eegnet_lr1e4,0,4,eeg_population,0.011345571442289159,-0.030183895870203165,0.052875038754781487,2000,0.2064993626165501
ds006850,eegnet_lr1e4,0,4,eeg_personalized,0.011345572359465941,-0.03018389517547823,0.052875039894410114,2000,0.20649936287761572
ds006850,eegnet_lr1e4,0,4,combined_population,0.32195432694415527,0.16011844934616568,0.48379020454214483,2000,0.1906955493896751
ds006850,eegnet_lr1e4,0,4,combined_personalized,0.32195432694415527,0.16011844934616568,0.48379020454214483,2000,0.1906955493896751
ds006850,eegnet_lr1e4,0,8,prior,0.34077330322157423,0.18539110531081307,0.4961555011323354,2000,0.18296729312354318
ds006850,eegnet_lr1e4,0,8,prior_personalized,0.34077330322157423,0.18539110531081307,0.4961555011323354,2000,0.18296729312354318
ds006850,eegnet_lr1e4,0,8,eeg_population,0.007650379302037523,-0.021906794237119595,0.03720755284119464,2000,0.2056497511538462
ds006850,eegnet_lr1e4,0,8,eeg_personalized,0.007650373594796647,-0.021906797542637888,0.03720754473223118,2000,0.20564975182076434
ds006850,eegnet_lr1e4,0,8,combined_population,0.3483556285448535,0.19296524679952717,0.5037460102901798,2000,0.18282029568931885
ds006850,eegnet_lr1e4,0,8,combined_personalized,0.3483556285448535,0.19296524679952717,0.5037460102901798,2000,0.18282029568931885
ds006850,eegnet_lr1e4,1,0,prior,-6.635784198480622e-16,-6.791374144327373e-15,5.4642173046312485e-15,2000,0.20432291577740386
ds006850,eegnet_lr1e4,1,0,prior_personalized,0.0827465866520994,-0.07336519705566917,0.23885837035986796,2000,0.25261502526773405
ds006850,eegnet_lr1e4,1,0,eeg_population,0.015982621787752494,-0.02677774527384291,0.058742988849347894,2000,0.2064017360967366
ds006850,eegnet_lr1e4,1,0,eeg_personalized,0.08973531009677845,-0.0686607632568585,0.2481313834504154,2000,0.27612475815700205
ds006850,eegnet_lr1e4,1,0,combined_population,0.013586601179738523,-0.029400290388141587,0.05657349274761864,2000,0.2065029732763644
ds006850,eegnet_lr1e4,1,0,combined_personalized,0.08729545745562504,-0.06770761868406817,0.24229853359531828,2000,0.25441846595989076
ds006850,eegnet_lr1e4,1,1,prior,0.2524773125728417,0.06177591716571418,0.44317870797996917,2000,0.23557692307692296
ds006850,eegnet_lr1e4,1,1,prior_personalized,0.23463677155563079,0.051889258607550864,0.4173842845037107,2000,0.2854217805925801
ds006850,eegnet_lr1e4,1,1,eeg_population,0.012449201480700459,-0.032560665354976634,0.05745906831637755,2000,0.2063932743951049
ds006850,eegnet_lr1e4,1,1,eeg_personalized,0.09091378700317276,-0.0684497879728932,0.2502773619792387,2000,0.27549556832769245
ds006850,eegnet_lr1e4,1,1,combined_population,0.26389624641042475,0.07608018684871734,0.4517123059721322,2000,0.23763115744094582
ds006850,eegnet_lr1e4,1,1,combined_personalized,0.24073018754605915,0.060189320645881866,0.42127105444623647,2000,0.28822918642750134
ds006850,eegnet_lr1e4,1,2,prior,0.3327785294901091,0.154003290617752,0.5115537683624662,2000,0.2026005244755245
ds006850,eegnet_lr1e4,1,2,prior_personalized,0.2783210358552465,0.09603259303464914,0.4606094786758438,2000,0.2547554287518416
ds006850,eegnet_lr1e4,1,2,eeg_population,0.006080263645307122,-0.028146438020723086,0.04030696531133733,2000,0.20642763976689976
ds006850,eegnet_lr1e4,1,2,eeg_personalized,0.08768543257271014,-0.07184398576253234,0.24721485090795262,2000,0.2754989838718256
ds006850,eegnet_lr1e4,1,2,combined_population,0.3367661048646303,0.15916913435806973,0.514363075371191,2000,0.20253105592794615
ds006850,eegnet_lr1e4,1,2,combined_personalized,0.27858046714380974,0.09731339136232356,0.45984754292529595,2000,0.25598655546305776
ds006850,eegnet_lr1e4,1,4,prior,0.3122403043035985,0.14969508787344923,0.4747855207337478,2000,0.19083260489510495
ds006850,eegnet_lr1e4,1,4,prior_personalized,0.2658909927174616,0.08641151007868933,0.44537047535623386,2000,0.24327866513364543
ds006850,eegnet_lr1e4,1,4,eeg_population,0.011345571442289159,-0.030183895870203165,0.052875038754781487,2000,0.2064993626165501
ds006850,eegnet_lr1e4,1,4,eeg_personalized,0.08767079637850557,-0.07134957699948503,0.2466911697564962,2000,0.27606098136771257
ds006850,eegnet_lr1e4,1,4,combined_population,0.32195432694415527,0.16011844934616568,0.48379020454214483,2000,0.1906955493896751
ds006850,eegnet_lr1e4,1,4,combined_personalized,0.2682248529256336,0.09025555964642878,0.4461941462048384,2000,0.24583513998646703
ds006850,eegnet_lr1e4,1,8,prior,0.34077330322157423,0.18539110531081307,0.4961555011323354,2000,0.18296729312354318
ds006850,eegnet_lr1e4,1,8,prior_personalized,0.28504044211419177,0.1082975908859361,0.46178329334244744,2000,0.2400889356074337
ds006850,eegnet_lr1e4,1,8,eeg_population,0.007650379302037523,-0.021906794237119595,0.03720755284119464,2000,0.2056497511538462
ds006850,eegnet_lr1e4,1,8,eeg_personalized,0.08843868900373156,-0.07169944860079641,0.24857682660825953,2000,0.2740888492210762
ds006850,eegnet_lr1e4,1,8,combined_population,0.3483556285448535,0.19296524679952717,0.5037460102901798,2000,0.18282029568931885
ds006850,eegnet_lr1e4,1,8,combined_personalized,0.28860314195528847,0.11327269417817426,0.4639335897324027,2000,0.24068541090448034
ds006850,eegnet_lr1e4,2,0,prior,-6.635784198480622e-16,-6.791374144327373e-15,5.4642173046312485e-15,2000,0.20432291577740386
ds006850,eegnet_lr1e4,2,0,prior_personalized,0.14096237191529984,-0.0010317176223473279,0.282956461452947,2000,0.22603625471735964
ds006850,eegnet_lr1e4,2,0,eeg_population,0.015982621787752494,-0.026777745273842902,0.058742988849347894,2000,0.2064017360967366
ds006850,eegnet_lr1e4,2,0,eeg_personalized,0.137801567684667,-0.0027734664677046827,0.2783766018370387,2000,0.23997100266195956
ds006850,eegnet_lr1e4,2,0,combined_population,0.013586601179738523,-0.029400290388141587,0.05657349274761864,2000,0.2065029732763644
ds006850,eegnet_lr1e4,2,0,combined_personalized,0.15339309742386004,0.009138135195880276,0.2976480596518398,2000,0.22785693322848358
ds006850,eegnet_lr1e4,2,1,prior,0.2524773125728417,0.06177591716571418,0.44317870797996917,2000,0.23557692307692296
ds006850,eegnet_lr1e4,2,1,prior_personalized,0.28256211912808604,0.09896826853390675,0.46615596972226536,2000,0.25671346649395743
ds006850,eegnet_lr1e4,2,1,eeg_population,0.012449201480700459,-0.032560665354976634,0.05745906831637755,2000,0.2063932743951049
ds006850,eegnet_lr1e4,2,1,eeg_personalized,0.13737459467703125,-0.004343600591716262,0.2790927899457788,2000,0.2395477131286979
ds006850,eegnet_lr1e4,2,1,combined_population,0.26389624641042475,0.07608018684871734,0.4517123059721322,2000,0.23763115744094582
ds006850,eegnet_lr1e4,2,1,combined_personalized,0.2904673984488729,0.10912597138708646,0.4718088255106594,2000,0.2598323221926605
ds006850,eegnet_lr1e4,2,2,prior,0.3327785294901091,0.154003290617752,0.5115537683624662,2000,0.2026005244755245
ds006850,eegnet_lr1e4,2,2,prior_personalized,0.3508125268936441,0.17349537242802365,0.5281296813592646,2000,0.22226218799524947
ds006850,eegnet_lr1e4,2,2,eeg_population,0.006080263645307122,-0.028146438020723086,0.04030696531133733,2000,0.20642763976689976
ds006850,eegnet_lr1e4,2,2,eeg_personalized,0.13261406152355923,-0.007629040923017055,0.2728571639701355,2000,0.23935303442822747
ds006850,eegnet_lr1e4,2,2,combined_population,0.3367661048646303,0.15916913435806973,0.514363075371191,2000,0.20253105592794615
ds006850,eegnet_lr1e4,2,2,combined_personalized,0.35433247153299224,0.17712012027371157,0.5315448227922729,2000,0.22277816075151513
ds006850,eegnet_lr1e4,2,4,prior,0.3122403043035985,0.14969508787344923,0.4747855207337478,2000,0.19083260489510495
ds006850,eegnet_lr1e4,2,4,prior_personalized,0.34359431603158197,0.17697248013075545,0.5102161519324084,2000,0.21281763101054157
ds006850,eegnet_lr1e4,2,4,eeg_population,0.011345571442289159,-0.030183895870203165,0.052875038754781487,2000,0.2064993626165501
ds006850,eegnet_lr1e4,2,4,eeg_personalized,0.1351996271262049,-0.0058907106619297545,0.27628996491433955,2000,0.24018023777536027
ds006850,eegnet_lr1e4,2,4,combined_population,0.32195432694415527,0.16011844934616568,0.48379020454214483,2000,0.1906955493896751
ds006850,eegnet_lr1e4,2,4,combined_personalized,0.3509795553684117,0.18441102611630508,0.5175480846205183,2000,0.21489201357460957
ds006850,eegnet_lr1e4,2,8,prior,0.34077330322157423,0.18539110531081307,0.4961555011323354,2000,0.18296729312354318
ds006850,eegnet_lr1e4,2,8,prior_personalized,0.37250512896935495,0.21210961200310297,0.5329006459356069,2000,0.20430051582045555
ds006850,eegnet_lr1e4,2,8,eeg_population,0.007650379302037523,-0.021906794237119595,0.03720755284119464,2000,0.2056497511538462
ds006850,eegnet_lr1e4,2,8,eeg_personalized,0.13311819201752728,-0.008245659117323306,0.2744820431523779,2000,0.23937374837088693
ds006850,eegnet_lr1e4,2,8,combined_population,0.3483556285448535,0.19296524679952717,0.5037460102901798,2000,0.18282029568931885
ds006850,eegnet_lr1e4,2,8,combined_personalized,0.38030451287537126,0.21892925775480723,0.5416797679959353,2000,0.20534095319358733
ds006850,eegnet_lr1e4,4,0,prior,-6.635784198480622e-16,-6.7915516920845896e-15,5.464394852388465e-15,2000,0.20432291577740386
ds006850,eegnet_lr1e4,4,0,prior_personalized,0.15361825253941758,0.008423996528155453,0.2988125085506797,2000,0.20806822020552457
ds006850,eegnet_lr1e4,4,0,eeg_population,0.015982621787752494,-0.026777745273842902,0.058742988849347894,2000,0.2064017360967366
ds006850,eegnet_lr1e4,4,0,eeg_personalized,0.16645057190303156,0.018608772428926557,0.31429237137713656,2000,0.2149201112870987
ds006850,eegnet_lr1e4,4,0,combined_population,0.013586601179738523,-0.029400290388141594,0.05657349274761864,2000,0.2065029732763644
ds006850,eegnet_lr1e4,4,0,combined_personalized,0.17127616810560947,0.023664333710792074,0.31888800250042687,2000,0.2092516058928148
ds006850,eegnet_lr1e4,4,1,prior,0.2524773125728417,0.06177591716571418,0.44317870797996917,2000,0.23557692307692296
ds006850,eegnet_lr1e4,4,1,prior_personalized,0.3023803686005889,0.11314349004437405,0.49161724715680377,2000,0.24281870875019912
ds006850,eegnet_lr1e4,4,1,eeg_population,0.012449201480700459,-0.03256066535497664,0.05745906831637756,2000,0.2063932743951049
ds006850,eegnet_lr1e4,4,1,eeg_personalized,0.16552046555828506,0.016022441437937213,0.3150184896786329,2000,0.21588878028164243
ds006850,eegnet_lr1e4,4,1,combined_population,0.26389624641042475,0.07608018684871734,0.4517123059721322,2000,0.23763115744094582
ds006850,eegnet_lr1e4,4,1,combined_personalized,0.31973782335830603,0.13357065489871367,0.5059049918178984,2000,0.24456404546388413
ds006850,eegnet_lr1e4,4,2,prior,0.3327785294901091,0.154003290617752,0.5115537683624662,2000,0.2026005244755245
ds006850,eegnet_lr1e4,4,2,prior_personalized,0.38058695888078226,0.19875871065867265,0.5624152071028918,2000,0.20580589164016772
ds006850,eegnet_lr1e4,4,2,eeg_population,0.006080263645307122,-0.028146438020723086,0.04030696531133733,2000,0.20642763976689976
ds006850,eegnet_lr1e4,4,2,eeg_personalized,0.15991025703343484,0.010536203973743496,0.3092843100931262,2000,0.21536565908167887
ds006850,eegnet_lr1e4,4,2,combined_population,0.3367661048646303,0.15916913435806973,0.514363075371191,2000,0.20253105592794615
ds006850,eegnet_lr1e4,4,2,combined_personalized,0.3867919723611283,0.20535753456222358,0.568226410160033,2000,0.205304352078145
ds006850,eegnet_lr1e4,4,4,prior,0.3122403043035985,0.14969508787344923,0.4747855207337478,2000,0.19083260489510495
ds006850,eegnet_lr1e4,4,4,prior_personalized,0.3752071982537277,0.2020587473843936,0.5483556491230619,2000,0.19380600185514676
ds006850,eegnet_lr1e4,4,4,eeg_population,0.011345571442289159,-0.030183895870203165,0.052875038754781487,2000,0.2064993626165501
ds006850,eegnet_lr1e4,4,4,eeg_personalized,0.16318666666371665,0.014665705631534326,0.311707627695899,2000,0.21486929144910022
ds006850,eegnet_lr1e4,4,4,combined_population,0.32195432694415527,0.16011844934616568,0.48379020454214483,2000,0.1906955493896751
ds006850,eegnet_lr1e4,4,4,combined_personalized,0.38776165251806527,0.21447146509465836,0.5610518399414721,2000,0.1945425626672316
ds006850,eegnet_lr1e4,4,8,prior,0.34077330322157423,0.18539110531081307,0.4961555011323354,2000,0.18296729312354318
ds006850,eegnet_lr1e4,4,8,prior_personalized,0.40644593928664674,0.24076641789582123,0.5721254606774723,2000,0.18546543187314518
ds006850,eegnet_lr1e4,4,8,eeg_population,0.007650379302037523,-0.0219067942371196,0.03720755284119465,2000,0.2056497511538462
ds006850,eegnet_lr1e4,4,8,eeg_personalized,0.15963254266822455,0.010541101135875308,0.3087239842005738,2000,0.21499291427155617
ds006850,eegnet_lr1e4,4,8,combined_population,0.3483556285448535,0.19296524679952717,0.5037460102901798,2000,0.18282029568931885
ds006850,eegnet_lr1e4,4,8,combined_personalized,0.4164640294260657,0.24975311146929777,0.5831749473828336,2000,0.18548909532861602
ds006850,eegnet_lr1e4,8,0,prior,-6.635784198480622e-16,-6.791374144327373e-15,5.4642173046312485e-15,2000,0.20432291577740386
ds006850,eegnet_lr1e4,8,0,prior_personalized,0.15644082287591965,0.022793951448299654,0.29008769430353964,2000,0.20188437258509112
ds006850,eegnet_lr1e4,8,0,eeg_population,0.015982621787752494,-0.026777745273842902,0.058742988849347894,2000,0.2064017360967366
ds006850,eegnet_lr1e4,8,0,eeg_personalized,0.17064208125359834,0.034690136610766475,0.3065940258964302,2000,0.2038487429268189
ds006850,eegnet_lr1e4,8,0,combined_population,0.013586601179738523,-0.029400290388141594,0.05657349274761864,2000,0.2065029732763644
ds006850,eegnet_lr1e4,8,0,combined_personalized,0.17126563794695382,0.033622779717988105,0.30890849617591953,2000,0.20404337765210173
ds006850,eegnet_lr1e4,8,1,prior,0.2524773125728417,0.06177591716571418,0.44317870797996917,2000,0.23557692307692296
ds006850,eegnet_lr1e4,8,1,prior_personalized,0.3108629427789764,0.12723837409019187,0.49448751146776093,2000,0.23852550776845435
ds006850,eegnet_lr1e4,8,1,eeg_population,0.012449201480700459,-0.03256066535497664,0.05745906831637756,2000,0.2063932743951049
ds006850,eegnet_lr1e4,8,1,eeg_personalized,0.1691720906451711,0.03164742887528191,0.30669675241506034,2000,0.20391628414844026
ds006850,eegnet_lr1e4,8,1,combined_population,0.26389624641042475,0.07608018684871734,0.4517123059721322,2000,0.23763115744094582
ds006850,eegnet_lr1e4,8,1,combined_personalized,0.3240543646568635,0.14283080976118054,0.5052779195525464,2000,0.24100017627760922
ds006850,eegnet_lr1e4,8,2,prior,0.3327785294901091,0.154003290617752,0.5115537683624662,2000,0.2026005244755245
ds006850,eegnet_lr1e4,8,2,prior_personalized,0.3927762479587605,0.21673015662301523,0.5688223392945058,2000,0.20132381886625828
ds006850,eegnet_lr1e4,8,2,eeg_population,0.006080263645307122,-0.028146438020723086,0.04030696531133733,2000,0.20642763976689976
ds006850,eegnet_lr1e4,8,2,eeg_personalized,0.1614347466809524,0.026372666457398053,0.29649682690450674,2000,0.20371801716716206
ds006850,eegnet_lr1e4,8,2,combined_population,0.3367661048646303,0.15916913435806973,0.514363075371191,2000,0.20253105592794615
ds006850,eegnet_lr1e4,8,2,combined_personalized,0.3965897585360624,0.22080536810783977,0.572374148964285,2000,0.20097480564817394
ds006850,eegnet_lr1e4,8,4,prior,0.3122403043035985,0.14969508787344923,0.4747855207337478,2000,0.19083260489510495
ds006850,eegnet_lr1e4,8,4,prior_personalized,0.387435012462399,0.22382874476039574,0.5510412801644022,2000,0.18921040729934963
ds006850,eegnet_lr1e4,8,4,eeg_population,0.011345571442289159,-0.030183895870203165,0.052875038754781487,2000,0.2064993626165501
ds006850,eegnet_lr1e4,8,4,eeg_personalized,0.16546181535758037,0.029841500861924303,0.30108212985323646,2000,0.204050771389721
ds006850,eegnet_lr1e4,8,4,combined_population,0.32195432694415527,0.16011844934616568,0.48379020454214483,2000,0.1906955493896751
ds006850,eegnet_lr1e4,8,4,combined_personalized,0.3957388317825406,0.23208368626106315,0.5593939773040181,2000,0.19056531454295925
ds006850,eegnet_lr1e4,8,8,prior,0.34077330322157423,0.18539110531081307,0.4961555011323354,2000,0.18296729312354318
ds006850,eegnet_lr1e4,8,8,prior_personalized,0.41814287956601015,0.2619179161162156,0.5743678430158047,2000,0.1799196406456151
ds006850,eegnet_lr1e4,8,8,eeg_population,0.007650379302037523,-0.0219067942371196,0.03720755284119465,2000,0.2056497511538462
ds006850,eegnet_lr1e4,8,8,eeg_personalized,0.16216692711328773,0.026464555152206526,0.29786929907436893,2000,0.20337212862781223
ds006850,eegnet_lr1e4,8,8,combined_population,0.3483556285448535,0.19296524679952717,0.5037460102901798,2000,0.18282029568931885
ds006850,eegnet_lr1e4,8,8,combined_personalized,0.42590575607766257,0.26815605007488363,0.5836554620804415,2000,0.17999722796166132
ds006850,labram_ridge_base,0,0,prior,-6.635784198480622e-16,-6.791374144327373e-15,5.4642173046312485e-15,2000,0.20432291577740386
ds006850,labram_ridge_base,0,0,prior_personalized,-6.635784198480622e-16,-6.791374144327373e-15,5.4642173046312485e-15,2000,0.20432291577740386
ds006850,labram_ridge_base,0,0,eeg_population,-0.01253946961387174,-0.10777372602451639,0.0826947867967729,2000,0.21763904316558644
ds006850,labram_ridge_base,0,0,eeg_personalized,-0.01253946961387174,-0.10777372602451639,0.0826947867967729,2000,0.21763904316558644
ds006850,labram_ridge_base,0,0,combined_population,-0.018244874066970028,-0.10028382558211646,0.06379407744817639,2000,0.2160249771001427
ds006850,labram_ridge_base,0,0,combined_personalized,-0.018244874066970028,-0.10028382558211646,0.06379407744817639,2000,0.2160249771001427
ds006850,labram_ridge_base,0,1,prior,0.2524773125728417,0.06177591716571418,0.44317870797996917,2000,0.23557692307692296
ds006850,labram_ridge_base,0,1,prior_personalized,0.2524773125728417,0.06177591716571418,0.44317870797996917,2000,0.23557692307692296
ds006850,labram_ridge_base,0,1,eeg_population,-0.014999062552209463,-0.10950113247027299,0.07950300736585406,2000,0.21789189358109437
ds006850,labram_ridge_base,0,1,eeg_personalized,-0.014999062552209463,-0.10950113247027299,0.07950300736585406,2000,0.21789189358109437
ds006850,labram_ridge_base,0,1,combined_population,0.23618964540049384,0.038700057924522246,0.4336792328764654,2000,0.24447632810237777
ds006850,labram_ridge_base,0,1,combined_personalized,0.23618964540049384,0.038700057924522246,0.4336792328764654,2000,0.24447632810237777
ds006850,labram_ridge_base,0,2,prior,0.3327785294901091,0.154003290617752,0.5115537683624662,2000,0.2026005244755245
ds006850,labram_ridge_base,0,2,prior_personalized,0.3327785294901091,0.154003290617752,0.5115537683624662,2000,0.2026005244755245
ds006850,labram_ridge_base,0,2,eeg_population,-0.012694528463150589,-0.108469972044222,0.08308091511792083,2000,0.21780354904358062
ds006850,labram_ridge_base,0,2,eeg_personalized,-0.012694528463150589,-0.108469972044222,0.08308091511792083,2000,0.21780354904358062
ds006850,labram_ridge_base,0,2,combined_population,0.3101446191737559,0.11896177954648107,0.5013274588010308,2000,0.21100989199185743
ds006850,labram_ridge_base,0,2,combined_personalized,0.3101446191737559,0.11896177954648107,0.5013274588010308,2000,0.21100989199185743
ds006850,labram_ridge_base,0,4,prior,0.3122403043035985,0.14969508787344923,0.4747855207337478,2000,0.19083260489510495
ds006850,labram_ridge_base,0,4,prior_personalized,0.3122403043035985,0.14969508787344923,0.4747855207337478,2000,0.19083260489510495
ds006850,labram_ridge_base,0,4,eeg_population,-0.012337837244347317,-0.1059224190209676,0.08124674453227299,2000,0.2179966306616688
ds006850,labram_ridge_base,0,4,eeg_personalized,-0.012337837244347317,-0.1059224190209676,0.08124674453227299,2000,0.2179966306616688
ds006850,labram_ridge_base,0,4,combined_population,0.2889932414767712,0.11373711048845053,0.46424937246509185,2000,0.19791569154633581
ds006850,labram_ridge_base,0,4,combined_personalized,0.2889932414767712,0.11373711048845053,0.46424937246509185,2000,0.19791569154633581
ds006850,labram_ridge_base,0,8,prior,0.34077330322157423,0.18539110531081307,0.4961555011323354,2000,0.18296729312354318
ds006850,labram_ridge_base,0,8,prior_personalized,0.34077330322157423,0.18539110531081307,0.4961555011323354,2000,0.18296729312354318
ds006850,labram_ridge_base,0,8,eeg_population,-0.016208897646812243,-0.11187888727619259,0.07946109198256811,2000,0.21803871016542214
ds006850,labram_ridge_base,0,8,eeg_personalized,-0.016208897646812243,-0.11187888727619259,0.07946109198256811,2000,0.21803871016542214
ds006850,labram_ridge_base,0,8,combined_population,0.3093755731312141,0.1388681299435297,0.4798830163188985,2000,0.19226692695083886
ds006850,labram_ridge_base,0,8,combined_personalized,0.3093755731312141,0.1388681299435297,0.4798830163188985,2000,0.19226692695083886
ds006850,labram_ridge_base,1,0,prior,-6.635784198480622e-16,-6.791374144327373e-15,5.4642173046312485e-15,2000,0.20432291577740386
ds006850,labram_ridge_base,1,0,prior_personalized,0.0827465866520994,-0.07336519705566917,0.23885837035986796,2000,0.25261502526773405
ds006850,labram_ridge_base,1,0,eeg_population,-0.01253946961387129,-0.10777372602451593,0.08269478679677336,2000,0.21763904316558644
ds006850,labram_ridge_base,1,0,eeg_personalized,0.06198094128278566,-0.09538868357336941,0.21935056613894074,2000,0.29220765803455634
ds006850,labram_ridge_base,1,0,combined_population,-0.018244874066970028,-0.10028382558211646,0.06379407744817642,2000,0.2160249771001427
ds006850,labram_ridge_base,1,0,combined_personalized,0.05416546366196199,-0.10220800778046374,0.2105389351043877,2000,0.26974371680079534
ds006850,labram_ridge_base,1,1,prior,0.2524773125728417,0.06177591716571418,0.44317870797996917,2000,0.23557692307692296
ds006850,labram_ridge_base,1,1,prior_personalized,0.23463677155563079,0.051889258607550864,0.4173842845037107,2000,0.2854217805925801
ds006850,labram_ridge_base,1,1,eeg_population,-0.014999062552209463,-0.10950113247027302,0.07950300736585408,2000,0.21789189358109434
ds006850,labram_ridge_base,1,1,eeg_personalized,0.061955994030164455,-0.09491420150462702,0.21882618956495592,2000,0.29097454490048347
ds006850,labram_ridge_base,1,1,combined_population,0.23618964540049384,0.038700057924522246,0.4336792328764654,2000,0.24447632810237777
ds006850,labram_ridge_base,1,1,combined_personalized,0.21147745773371424,0.028413671784373623,0.3945412436830549,2000,0.2969021922871084
ds006850,labram_ridge_base,1,2,prior,0.3327785294901091,0.154003290617752,0.5115537683624662,2000,0.2026005244755245
ds006850,labram_ridge_base,1,2,prior_personalized,0.2783210358552465,0.09603259303464914,0.4606094786758438,2000,0.2547554287518416
ds006850,labram_ridge_base,1,2,eeg_population,-0.012694528463150589,-0.108469972044222,0.08308091511792083,2000,0.21780354904358062
ds006850,labram_ridge_base,1,2,eeg_personalized,0.06017394938688856,-0.09591482859614814,0.21626272736992525,2000,0.29297828802337417
ds006850,labram_ridge_base,1,2,combined_population,0.3101446191737559,0.11896177954648107,0.5013274588010308,2000,0.21100989199185743
ds006850,labram_ridge_base,1,2,combined_personalized,0.25174775078582384,0.06995654100635396,0.43353896056529373,2000,0.2698777228044898
ds006850,labram_ridge_base,1,4,prior,0.3122403043035985,0.14969508787344923,0.4747855207337478,2000,0.19083260489510495
ds006850,labram_ridge_base,1,4,prior_personalized,0.2658909927174616,0.08641151007868933,0.44537047535623386,2000,0.24327866513364543
ds006850,labram_ridge_base,1,4,eeg_population,-0.012337837244347317,-0.10592241902096763,0.08124674453227299,2000,0.2179966306616688
ds006850,labram_ridge_base,1,4,eeg_personalized,0.06253358372336755,-0.09641930995314947,0.22148647739988458,2000,0.29117994263922153
ds006850,labram_ridge_base,1,4,combined_population,0.2889932414767712,0.11373711048845053,0.46424937246509185,2000,0.19791569154633581
ds006850,labram_ridge_base,1,4,combined_personalized,0.23491050665164687,0.05500093201979575,0.414820081283498,2000,0.25943839107020283
ds006850,labram_ridge_base,1,8,prior,0.34077330322157423,0.18539110531081307,0.4961555011323354,2000,0.18296729312354318
ds006850,labram_ridge_base,1,8,prior_personalized,0.28504044211419177,0.1082975908859361,0.46178329334244744,2000,0.2400889356074337
ds006850,labram_ridge_base,1,8,eeg_population,-0.016208897646812232,-0.11187888727619257,0.07946109198256811,2000,0.21803871016542214
ds006850,labram_ridge_base,1,8,eeg_personalized,0.06013567267464669,-0.09689768089624047,0.21716902624553386,2000,0.2933960957281461
ds006850,labram_ridge_base,1,8,combined_population,0.3093755731312141,0.13886812994352968,0.4798830163188985,2000,0.19226692695083886
ds006850,labram_ridge_base,1,8,combined_personalized,0.24899047769973345,0.0728056388350023,0.4251753165644646,2000,0.25825243149585625
ds006850,labram_ridge_base,2,0,prior,-6.635784198480622e-16,-6.791374144327373e-15,5.4642173046312485e-15,2000,0.20432291577740386
ds006850,labram_ridge_base,2,0,prior_personalized,0.14096237191529984,-0.0010317176223473279,0.282956461452947,2000,0.22603625471735964
ds006850,labram_ridge_base,2,0,eeg_population,-0.01253946961387129,-0.10777372602451593,0.08269478679677336,2000,0.21763904316558644
ds006850,labram_ridge_base,2,0,eeg_personalized,0.11464714129470402,-0.032643009184337296,0.26193729177374536,2000,0.24715991139170698
ds006850,labram_ridge_base,2,0,combined_population,-0.018244874066970028,-0.10028382558211646,0.06379407744817642,2000,0.2160249771001427
ds006850,labram_ridge_base,2,0,combined_personalized,0.1295055408873524,-0.02090647738218604,0.2799175591568908,2000,0.232368054945523
ds006850,labram_ridge_base,2,1,prior,0.2524773125728417,0.06177591716571418,0.44317870797996917,2000,0.23557692307692296
ds006850,labram_ridge_base,2,1,prior_personalized,0.28256211912808604,0.09896826853390675,0.46615596972226536,2000,0.25671346649395743
ds006850,labram_ridge_base,2,1,eeg_population,-0.014999062552209763,-0.10950113247027328,0.07950300736585376,2000,0.21789189358109434
ds006850,labram_ridge_base,2,1,eeg_personalized,0.11364225317204432,-0.03316189165105449,0.26044639799514313,2000,0.2470184494229038
ds006850,labram_ridge_base,2,1,combined_population,0.23618964540049384,0.038700057924522246,0.4336792328764654,2000,0.24447632810237777
ds006850,labram_ridge_base,2,1,combined_personalized,0.2746579576304249,0.08764392928853637,0.4616719859723134,2000,0.26071678871391757
ds006850,labram_ridge_base,2,2,prior,0.3327785294901091,0.154003290617752,0.5115537683624662,2000,0.2026005244755245
ds006850,labram_ridge_base,2,2,prior_personalized,0.3508125268936441,0.17349537242802365,0.5281296813592646,2000,0.22226218799524947
ds006850,labram_ridge_base,2,2,eeg_population,-0.012694528463150589,-0.10846997204422197,0.0830809151179208,2000,0.21780354904358062
ds006850,labram_ridge_base,2,2,eeg_personalized,0.11397248595109014,-0.032493725138991514,0.2604386970411718,2000,0.24775917690345356
ds006850,labram_ridge_base,2,2,combined_population,0.3101446191737559,0.11896177954648107,0.5013274588010308,2000,0.21100989199185743
ds006850,labram_ridge_base,2,2,combined_personalized,0.342007785165969,0.16012357850910705,0.523891991822831,2000,0.22787577108213314
ds006850,labram_ridge_base,2,4,prior,0.3122403043035985,0.14969508787344923,0.4747855207337478,2000,0.19083260489510495
ds006850,labram_ridge_base,2,4,prior_personalized,0.34359431603158197,0.17697248013075545,0.5102161519324084,2000,0.21281763101054157
ds006850,labram_ridge_base,2,4,eeg_population,-0.012337837244347618,-0.10592241902096793,0.0812467445322727,2000,0.2179966306616688
ds006850,labram_ridge_base,2,4,eeg_personalized,0.11564721659196271,-0.03282739892860677,0.2641218321125322,2000,0.24754647639672478
ds006850,labram_ridge_base,2,4,combined_population,0.2889932414767712,0.11373711048845053,0.46424937246509185,2000,0.19791569154633581
ds006850,labram_ridge_base,2,4,combined_personalized,0.33420513114126144,0.16289646252143278,0.5055137997610901,2000,0.21863448612874836
ds006850,labram_ridge_base,2,8,prior,0.34077330322157423,0.18539110531081307,0.4961555011323354,2000,0.18296729312354318
ds006850,labram_ridge_base,2,8,prior_personalized,0.37250512896935495,0.21210961200310297,0.5329006459356069,2000,0.20430051582045555
ds006850,labram_ridge_base,2,8,eeg_population,-0.016208897646812232,-0.1118788872761926,0.07946109198256815,2000,0.21803871016542214
ds006850,labram_ridge_base,2,8,eeg_personalized,0.11189853813755542,-0.035496791502811084,0.2592938677779219,2000,0.24733706700758776
ds006850,labram_ridge_base,2,8,combined_population,0.3093755731312141,0.13886812994352968,0.4798830163188985,2000,0.19226692695083886
ds006850,labram_ridge_base,2,8,combined_personalized,0.3592803761356177,0.19247261651879774,0.5260881357524376,2000,0.21195830108693353
ds006850,labram_ridge_base,4,0,prior,-6.635784198480622e-16,-6.791374144327373e-15,5.4642173046312485e-15,2000,0.20432291577740386
ds006850,labram_ridge_base,4,0,prior_personalized,0.15361825253941758,0.008423996528155453,0.2988125085506797,2000,0.20806822020552457
ds006850,labram_ridge_base,4,0,eeg_population,-0.012539469613871295,-0.10777372602451595,0.08269478679677335,2000,0.21763904316558644
ds006850,labram_ridge_base,4,0,eeg_personalized,0.14642508406587745,-0.016168126425324864,0.30901829455707974,2000,0.2226024882162087
ds006850,labram_ridge_base,4,0,combined_population,-0.018244874066970035,-0.10028382558211649,0.06379407744817642,2000,0.2160249771001427
ds006850,labram_ridge_base,4,0,combined_personalized,0.14309977161408277,-0.017117552785958612,0.30331709601412415,2000,0.21615443585860264
ds006850,labram_ridge_base,4,1,prior,0.2524773125728417,0.06177591716571418,0.44317870797996917,2000,0.23557692307692296
ds006850,labram_ridge_base,4,1,prior_personalized,0.3023803686005889,0.11314349004437405,0.49161724715680377,2000,0.24281870875019912
ds006850,labram_ridge_base,4,1,eeg_population,-0.014999062552209752,-0.10950113247027332,0.0795030073658538,2000,0.21789189358109434
ds006850,labram_ridge_base,4,1,eeg_personalized,0.14557445664347024,-0.016391868191181824,0.3075407814781223,2000,0.2223798977384314
ds006850,labram_ridge_base,4,1,combined_population,0.23618964540049386,0.038700057924522274,0.4336792328764655,2000,0.24447632810237777
ds006850,labram_ridge_base,4,1,combined_personalized,0.2949497013514429,0.10220871802505954,0.4876906846778262,2000,0.2472038812675105
ds006850,labram_ridge_base,4,2,prior,0.3327785294901091,0.154003290617752,0.5115537683624662,2000,0.2026005244755245
ds006850,labram_ridge_base,4,2,prior_personalized,0.38058695888078226,0.19875871065867265,0.5624152071028918,2000,0.20580589164016772
ds006850,labram_ridge_base,4,2,eeg_population,-0.012694528463150381,-0.10846997204422176,0.08308091511792101,2000,0.21780354904358062
ds006850,labram_ridge_base,4,2,eeg_personalized,0.14651954070753462,-0.015625004007500637,0.30866408542256984,2000,0.2228090692735094
ds006850,labram_ridge_base,4,2,combined_population,0.31014461917375585,0.11896177954648102,0.5013274588010307,2000,0.21100989199185743
ds006850,labram_ridge_base,4,2,combined_personalized,0.37024119467047223,0.1810879048487346,0.5593944844922099,2000,0.21156229073491944
ds006850,labram_ridge_base,4,4,prior,0.3122403043035985,0.14969508787344923,0.4747855207337478,2000,0.19083260489510495
ds006850,labram_ridge_base,4,4,prior_personalized,0.3752071982537277,0.2020587473843936,0.5483556491230619,2000,0.19380600185514676
ds006850,labram_ridge_base,4,4,eeg_population,-0.012337837244347765,-0.10592241902096808,0.08124674453227254,2000,0.2179966306616688
ds006850,labram_ridge_base,4,4,eeg_personalized,0.14554321787808783,-0.01765458540867676,0.3087410211648524,2000,0.2228946774404037
ds006850,labram_ridge_base,4,4,combined_population,0.28899324147677147,0.11373711048845081,0.4642493724650921,2000,0.19791569154633587
ds006850,labram_ridge_base,4,4,combined_personalized,0.36124453497460063,0.18139803497486978,0.5410910349743314,2000,0.20054252684176427
ds006850,labram_ridge_base,4,8,prior,0.34077330322157423,0.18539110531081307,0.4961555011323354,2000,0.18296729312354318
ds006850,labram_ridge_base,4,8,prior_personalized,0.40644593928664674,0.24076641789582123,0.5721254606774723,2000,0.18546543187314518
ds006850,labram_ridge_base,4,8,eeg_population,-0.01620889764681229,-0.11187888727619266,0.0794610919825681,2000,0.21803871016542214
ds006850,labram_ridge_base,4,8,eeg_personalized,0.14368664702891817,-0.01872933600419935,0.3061026300620357,2000,0.22319991243072587
ds006850,labram_ridge_base,4,8,combined_population,0.3093755731312141,0.1388681299435297,0.4798830163188985,2000,0.19226692695083886
ds006850,labram_ridge_base,4,8,combined_personalized,0.3904681662639376,0.21616225767228953,0.5647740748555856,2000,0.1936862254916607
ds006850,labram_ridge_base,8,0,prior,-6.635784198480622e-16,-6.791374144327373e-15,5.4642173046312485e-15,2000,0.20432291577740386
ds006850,labram_ridge_base,8,0,prior_personalized,0.15644082287591965,0.022793951448299654,0.29008769430353964,2000,0.20188437258509112
ds006850,labram_ridge_base,8,0,eeg_population,-0.012539469613871295,-0.10777372602451595,0.08269478679677335,2000,0.21763904316558644
ds006850,labram_ridge_base,8,0,eeg_personalized,0.15117631325010938,-0.004129472744716561,0.3064820992449353,2000,0.21185725026290533
ds006850,labram_ridge_base,8,0,combined_population,-0.018244874066970035,-0.10028382558211649,0.06379407744817642,2000,0.2160249771001427
ds006850,labram_ridge_base,8,0,combined_personalized,0.14553495471185768,-0.006176506309397256,0.2972464157331126,2000,0.21115047831332268
ds006850,labram_ridge_base,8,1,prior,0.2524773125728417,0.06177591716571418,0.44317870797996917,2000,0.23557692307692296
ds006850,labram_ridge_base,8,1,prior_personalized,0.3108629427789764,0.12723837409019187,0.49448751146776093,2000,0.23852550776845435
ds006850,labram_ridge_base,8,1,eeg_population,-0.014999062552209752,-0.10950113247027332,0.0795030073658538,2000,0.21789189358109434
ds006850,labram_ridge_base,8,1,eeg_personalized,0.14908657301434453,-0.005317833898003277,0.30349097992669233,2000,0.21192237953963006
ds006850,labram_ridge_base,8,1,combined_population,0.23618964540049386,0.038700057924522274,0.4336792328764655,2000,0.24447632810237777
ds006850,labram_ridge_base,8,1,combined_personalized,0.3012973205463016,0.11436408617391872,0.4882305549186845,2000,0.24483723250490405
ds006850,labram_ridge_base,8,2,prior,0.3327785294901091,0.154003290617752,0.5115537683624662,2000,0.2026005244755245
ds006850,labram_ridge_base,8,2,prior_personalized,0.3927762479587605,0.21673015662301523,0.5688223392945058,2000,0.20132381886625828
ds006850,labram_ridge_base,8,2,eeg_population,-0.012694528463150381,-0.10846997204422176,0.08308091511792101,2000,0.21780354904358062
ds006850,labram_ridge_base,8,2,eeg_personalized,0.15243043880722165,-0.002193427658778113,0.3070543052732214,2000,0.21219035544632064
ds006850,labram_ridge_base,8,2,combined_population,0.31014461917375585,0.11896177954648102,0.5013274588010307,2000,0.21100989199185743
ds006850,labram_ridge_base,8,2,combined_personalized,0.3807617820143263,0.19824328828789076,0.5632802757407619,2000,0.20887284336258422
ds006850,labram_ridge_base,8,4,prior,0.3122403043035985,0.14969508787344923,0.4747855207337478,2000,0.19083260489510495
ds006850,labram_ridge_base,8,4,prior_personalized,0.387435012462399,0.22382874476039574,0.5510412801644022,2000,0.18921040729934963
ds006850,labram_ridge_base,8,4,eeg_population,-0.012337837244347765,-0.10592241902096808,0.08124674453227254,2000,0.2179966306616688
ds006850,labram_ridge_base,8,4,eeg_personalized,0.14835756738525568,-0.006406351270027061,0.30312148604053846,2000,0.21222946204649973
ds006850,labram_ridge_base,8,4,combined_population,0.28899324147677147,0.11373711048845081,0.4642493724650921,2000,0.19791569154633587
ds006850,labram_ridge_base,8,4,combined_personalized,0.371717998893179,0.2019450705019054,0.5414909272844526,2000,0.19833333624914673
ds006850,labram_ridge_base,8,8,prior,0.34077330322157423,0.18539110531081307,0.4961555011323354,2000,0.18296729312354318
ds006850,labram_ridge_base,8,8,prior_personalized,0.41814287956601015,0.2619179161162156,0.5743678430158047,2000,0.1799196406456151
ds006850,labram_ridge_base,8,8,eeg_population,-0.01620889764681229,-0.11187888727619266,0.0794610919825681,2000,0.21803871016542214
ds006850,labram_ridge_base,8,8,eeg_personalized,0.1483814174717034,-0.006655032038193842,0.3034178669816006,2000,0.2125767442492455
ds006850,labram_ridge_base,8,8,combined_population,0.3093755731312141,0.1388681299435297,0.4798830163188985,2000,0.19226692695083886
ds006850,labram_ridge_base,8,8,combined_personalized,0.39951622091463407,0.2343505846766554,0.5646818571526128,2000,0.18966943664898556
ds006850,labram_ridge_strong,0,0,prior,-6.635784198480622e-16,-6.7915516920845896e-15,5.464394852388465e-15,2000,0.20432291577740386
ds006850,labram_ridge_strong,0,0,prior_personalized,-6.635784198480622e-16,-6.791374144327373e-15,5.4642173046312485e-15,2000,0.20432291577740386
ds006850,labram_ridge_strong,0,0,eeg_population,0.006437608391429417,-0.05632142912040425,0.06919664590326308,2000,0.2100093979620406
ds006850,labram_ridge_strong,0,0,eeg_personalized,0.006437608391429417,-0.05632142912040425,0.06919664590326308,2000,0.2100093979620406
ds006850,labram_ridge_strong,0,0,combined_population,-0.002051074163381764,-0.05532932186594331,0.05122717353917978,2000,0.20966961586201033
ds006850,labram_ridge_strong,0,0,combined_personalized,-0.002051074163381764,-0.05532932186594331,0.05122717353917978,2000,0.20966961586201033
ds006850,labram_ridge_strong,0,1,prior,0.2524773125728417,0.06177591716571418,0.44317870797996917,2000,0.23557692307692296
ds006850,labram_ridge_strong,0,1,prior_personalized,0.2524773125728417,0.06177591716571418,0.44317870797996917,2000,0.23557692307692296
ds006850,labram_ridge_strong,0,1,eeg_population,0.00535015737166652,-0.05737238698295403,0.06807270172628707,2000,0.21017179046825488
ds006850,labram_ridge_strong,0,1,eeg_personalized,0.00535015737166652,-0.05737238698295403,0.06807270172628707,2000,0.21017179046825488
ds006850,labram_ridge_strong,0,1,combined_population,0.24868952572380948,0.05414237644417752,0.44323667500344144,2000,0.23996668539293795
ds006850,labram_ridge_strong,0,1,combined_personalized,0.24868952572380948,0.05414237644417752,0.44323667500344144,2000,0.23996668539293795
ds006850,labram_ridge_strong,0,2,prior,0.3327785294901091,0.154003290617752,0.5115537683624662,2000,0.2026005244755245
ds006850,labram_ridge_strong,0,2,prior_personalized,0.3327785294901091,0.154003290617752,0.5115537683624662,2000,0.2026005244755245
ds006850,labram_ridge_strong,0,2,eeg_population,0.007252856606170398,-0.05658998035445554,0.07109569356679633,2000,0.21006321223998398
ds006850,labram_ridge_strong,0,2,eeg_personalized,0.007252856606170398,-0.05658998035445554,0.07109569356679633,2000,0.21006321223998398
ds006850,labram_ridge_strong,0,2,combined_population,0.3275422141505143,0.1417746520859745,0.5133097762150541,2000,0.20600469646891587
ds006850,labram_ridge_strong,0,2,combined_personalized,0.3275422141505143,0.1417746520859745,0.5133097762150541,2000,0.20600469646891587
ds006850,labram_ridge_strong,0,4,prior,0.3122403043035985,0.14969508787344923,0.4747855207337478,2000,0.19083260489510495
ds006850,labram_ridge_strong,0,4,prior_personalized,0.3122403043035985,0.14969508787344923,0.4747855207337478,2000,0.19083260489510495
ds006850,labram_ridge_strong,0,4,eeg_population,0.007961512008500869,-0.054900043808688126,0.07082306782568987,2000,0.21011011891948767
ds006850,labram_ridge_strong,0,4,eeg_personalized,0.007961512008500869,-0.054900043808688126,0.07082306782568987,2000,0.21011011891948767
ds006850,labram_ridge_strong,0,4,combined_population,0.30706823160796326,0.1367111160748117,0.47742534714111484,2000,0.19266691288192989
ds006850,labram_ridge_strong,0,4,combined_personalized,0.30706823160796326,0.1367111160748117,0.47742534714111484,2000,0.19266691288192989
ds006850,labram_ridge_strong,0,8,prior,0.34077330322157423,0.18539110531081307,0.4961555011323354,2000,0.18296729312354318
ds006850,labram_ridge_strong,0,8,prior_personalized,0.34077330322157423,0.18539110531081307,0.4961555011323354,2000,0.18296729312354318
ds006850,labram_ridge_strong,0,8,eeg_population,0.004514995088380819,-0.05910691897182304,0.06813690914858468,2000,0.21016240324617125
ds006850,labram_ridge_strong,0,8,eeg_personalized,0.004514995088380819,-0.05910691897182304,0.06813690914858468,2000,0.21016240324617125
ds006850,labram_ridge_strong,0,8,combined_population,0.32607272391493625,0.15981603328677133,0.4923294145431012,2000,0.18737157652044809
ds006850,labram_ridge_strong,0,8,combined_personalized,0.32607272391493625,0.15981603328677133,0.4923294145431012,2000,0.18737157652044809
ds006850,labram_ridge_strong,1,0,prior,-6.635784198480622e-16,-6.791374144327373e-15,5.4642173046312485e-15,2000,0.20432291577740386
ds006850,labram_ridge_strong,1,0,prior_personalized,0.0827465866520994,-0.07336519705566917,0.23885837035986796,2000,0.25261502526773405
ds006850,labram_ridge_strong,1,0,eeg_population,0.006437608391429417,-0.05632142912040425,0.06919664590326308,2000,0.2100093979620406
ds006850,labram_ridge_strong,1,0,eeg_personalized,0.08454370329307626,-0.0758474792521697,0.2449348858383222,2000,0.27924926225599034
ds006850,labram_ridge_strong,1,0,combined_population,-0.002051074163382245,-0.05532932186594381,0.05122717353917932,2000,0.20966961586201033
ds006850,labram_ridge_strong,1,0,combined_personalized,0.07831916008465592,-0.07726497486420464,0.23390329503351648,2000,0.25880996477910284
ds006850,labram_ridge_strong,1,1,prior,0.2524773125728417,0.06177591716571418,0.44317870797996917,2000,0.23557692307692296
ds006850,labram_ridge_strong,1,1,prior_personalized,0.23463677155563079,0.051889258607550864,0.4173842845037107,2000,0.2854217805925801
ds006850,labram_ridge_strong,1,1,eeg_population,0.00535015737166653,-0.057372386982954,0.06807270172628706,2000,0.21017179046825488
ds006850,labram_ridge_strong,1,1,eeg_personalized,0.08484941784830181,-0.07529832444247166,0.2449971601390753,2000,0.27842462939946433
ds006850,labram_ridge_strong,1,1,combined_population,0.24868952572380948,0.05414237644417755,0.44323667500344144,2000,0.23996668539293795
ds006850,labram_ridge_strong,1,1,combined_personalized,0.23012771524739645,0.047466473080263555,0.41278895741452937,2000,0.2888848123811425
ds006850,labram_ridge_strong,1,2,prior,0.3327785294901091,0.154003290617752,0.5115537683624662,2000,0.2026005244755245
ds006850,labram_ridge_strong,1,2,prior_personalized,0.2783210358552465,0.09603259303464914,0.4606094786758438,2000,0.2547554287518416
ds006850,labram_ridge_strong,1,2,eeg_population,0.007252856606170398,-0.05658998035445554,0.07109569356679633,2000,0.21006321223998398
ds006850,labram_ridge_strong,1,2,eeg_personalized,0.08499828849358264,-0.07487317766091524,0.24486975464808053,2000,0.2794157454815981
ds006850,labram_ridge_strong,1,2,combined_population,0.3275422141505143,0.1417746520859745,0.5133097762150541,2000,0.20600469646891587
ds006850,labram_ridge_strong,1,2,combined_personalized,0.2729694749935859,0.09220135608004565,0.4537375939071262,2000,0.2601295093571222
ds006850,labram_ridge_strong,1,4,prior,0.3122403043035985,0.14969508787344923,0.4747855207337478,2000,0.19083260489510495
ds006850,labram_ridge_strong,1,4,prior_personalized,0.2658909927174616,0.08641151007868933,0.44537047535623386,2000,0.24327866513364543
ds006850,labram_ridge_strong,1,4,eeg_population,0.007961512008500869,-0.0549000438086881,0.07082306782568984,2000,0.21011011891948767
ds006850,labram_ridge_strong,1,4,eeg_personalized,0.08624419870719169,-0.07507668437013137,0.24756508178451475,2000,0.27854749399584594
ds006850,labram_ridge_strong,1,4,combined_population,0.30706823160796326,0.1367111160748117,0.47742534714111484,2000,0.19266691288192989
ds006850,labram_ridge_strong,1,4,combined_personalized,0.2598339526737582,0.08155675254472766,0.43811115280278873,2000,0.24863514302895534
ds006850,labram_ridge_strong,1,8,prior,0.34077330322157423,0.18539110531081307,0.4961555011323354,2000,0.18296729312354318
ds006850,labram_ridge_strong,1,8,prior_personalized,0.28504044211419177,0.1082975908859361,0.46178329334244744,2000,0.2400889356074337
ds006850,labram_ridge_strong,1,8,eeg_population,0.004514995088380819,-0.05910691897182304,0.06813690914858468,2000,0.21016240324617125
ds006850,labram_ridge_strong,1,8,eeg_personalized,0.08331610805268644,-0.07650931766311178,0.24314153376848466,2000,0.2801184527426469
ds006850,labram_ridge_strong,1,8,combined_population,0.32607272391493625,0.15981603328677133,0.4923294145431012,2000,0.18737157652044809
ds006850,labram_ridge_strong,1,8,combined_personalized,0.2732345347374089,0.09949887340834512,0.44697019606647265,2000,0.24972947575334414
ds006850,labram_ridge_strong,2,0,prior,-6.635784198480622e-16,-6.791374144327373e-15,5.4642173046312485e-15,2000,0.20432291577740386
ds006850,labram_ridge_strong,2,0,prior_personalized,0.14096237191529984,-0.0010317176223473279,0.282956461452947,2000,0.22603625471735964
ds006850,labram_ridge_strong,2,0,eeg_population,0.006437608391429417,-0.05632142912040425,0.06919664590326308,2000,0.2100093979620406
ds006850,labram_ridge_strong,2,0,eeg_personalized,0.12741647839657294,-0.016063173130917707,0.2708961299240636,2000,0.24212827563905978
ds006850,labram_ridge_strong,2,0,combined_population,-0.0020510741633819286,-0.055329321865943484,0.05122717353917963,2000,0.20966961586201033
ds006850,labram_ridge_strong,2,0,combined_personalized,0.1417162098576858,-0.0033496814552531062,0.2867821011706247,2000,0.22834301921444125
ds006850,labram_ridge_strong,2,1,prior,0.2524773125728417,0.06177591716571418,0.44317870797996917,2000,0.23557692307692296
ds006850,labram_ridge_strong,2,1,prior_personalized,0.28256211912808604,0.09896826853390675,0.46615596972226536,2000,0.25671346649395743
ds006850,labram_ridge_strong,2,1,eeg_population,0.0053501573716662225,-0.057372386982954326,0.06807270172628677,2000,0.21017179046825488
ds006850,labram_ridge_strong,2,1,eeg_personalized,0.12727318733252752,-0.015824759584078946,0.27037113424913395,2000,0.24201583688665956
ds006850,labram_ridge_strong,2,1,combined_population,0.24868952572380948,0.05414237644417755,0.44323667500344144,2000,0.23996668539293795
ds006850,labram_ridge_strong,2,1,combined_personalized,0.28271125279047327,0.09718989152311516,0.46823261405783134,2000,0.25741920804540813
ds006850,labram_ridge_strong,2,2,prior,0.3327785294901091,0.154003290617752,0.5115537683624662,2000,0.2026005244755245
ds006850,labram_ridge_strong,2,2,prior_personalized,0.3508125268936441,0.17349537242802365,0.5281296813592646,2000,0.22226218799524947
ds006850,labram_ridge_strong,2,2,eeg_population,0.007252856606170087,-0.05658998035445585,0.07109569356679603,2000,0.21006321223998398
ds006850,labram_ridge_strong,2,2,eeg_personalized,0.1282640808997373,-0.01479349658720866,0.2713216583866832,2000,0.24239539606797025
ds006850,labram_ridge_strong,2,2,combined_population,0.3275422141505143,0.1417746520859745,0.5133097762150541,2000,0.20600469646891587
ds006850,labram_ridge_strong,2,2,combined_personalized,0.35152446704345836,0.17164604291339225,0.5314028911735245,2000,0.22412974165484378
ds006850,labram_ridge_strong,2,4,prior,0.3122403043035985,0.14969508787344923,0.4747855207337478,2000,0.19083260489510495
ds006850,labram_ridge_strong,2,4,prior_personalized,0.34359431603158197,0.17697248013075545,0.5102161519324084,2000,0.21281763101054157
ds006850,labram_ridge_strong,2,4,eeg_population,0.007961512008500869,-0.0549000438086881,0.07082306782568984,2000,0.21011011891948767
ds006850,labram_ridge_strong,2,4,eeg_personalized,0.1295157301256443,-0.01489721575369421,0.27392867600498283,2000,0.2419628840705026
ds006850,labram_ridge_strong,2,4,combined_population,0.30706823160796326,0.1367111160748117,0.47742534714111484,2000,0.19266691288192989
ds006850,labram_ridge_strong,2,4,combined_personalized,0.3450805593671459,0.17615413025479223,0.5140069884794995,2000,0.2156048668349883
ds006850,labram_ridge_strong,2,8,prior,0.34077330322157423,0.18539110531081307,0.4961555011323354,2000,0.18296729312354318
ds006850,labram_ridge_strong,2,8,prior_personalized,0.37250512896935495,0.21210961200310297,0.5329006459356069,2000,0.20430051582045555
ds006850,labram_ridge_strong,2,8,eeg_population,0.004514995088380819,-0.059106918971823026,0.06813690914858467,2000,0.21016240324617125
ds006850,labram_ridge_strong,2,8,eeg_personalized,0.12587164853478952,-0.01834706664588079,0.2700903637154598,2000,0.24222158826513054
ds006850,labram_ridge_strong,2,8,combined_population,0.32607272391493625,0.15981603328677133,0.4923294145431012,2000,0.18737157652044809
ds006850,labram_ridge_strong,2,8,combined_personalized,0.3690802562812657,0.2056895271040085,0.5324709854585228,2000,0.20962302022261764
ds006850,labram_ridge_strong,4,0,prior,-6.635784198480622e-16,-6.791374144327373e-15,5.4642173046312485e-15,2000,0.20432291577740386
ds006850,labram_ridge_strong,4,0,prior_personalized,0.15361825253941758,0.008423996528155453,0.2988125085506797,2000,0.20806822020552457
ds006850,labram_ridge_strong,4,0,eeg_population,0.006437608391429417,-0.05632142912040425,0.06919664590326308,2000,0.2100093979620406
ds006850,labram_ridge_strong,4,0,eeg_personalized,0.1558751256723064,0.0009443854431863408,0.31080586590142645,2000,0.21731497225401036
ds006850,labram_ridge_strong,4,0,combined_population,-0.0020510741633821827,-0.05532932186594374,0.051227173539179376,2000,0.20966961586201033
ds006850,labram_ridge_strong,4,0,combined_personalized,0.15357273179210984,0.0024710292337575823,0.3046744343504621,2000,0.21140658927456846
ds006850,labram_ridge_strong,4,1,prior,0.2524773125728417,0.06177591716571418,0.44317870797996917,2000,0.23557692307692296
ds006850,labram_ridge_strong,4,1,prior_personalized,0.3023803686005889,0.11314349004437405,0.49161724715680377,2000,0.24281870875019912
ds006850,labram_ridge_strong,4,1,eeg_population,0.0053501573716664115,-0.05737238698295413,0.06807270172628696,2000,0.2101717904682549
ds006850,labram_ridge_strong,4,1,eeg_personalized,0.15540079985198757,0.0008314965143220443,0.3099701031896531,2000,0.21730293407759427
ds006850,labram_ridge_strong,4,1,combined_population,0.24868952572380948,0.05414237644417752,0.44323667500344144,2000,0.23996668539293795
ds006850,labram_ridge_strong,4,1,combined_personalized,0.301862011793457,0.11074447637723456,0.49297954720967946,2000,0.24403327860671356
ds006850,labram_ridge_strong,4,2,prior,0.3327785294901091,0.154003290617752,0.5115537683624662,2000,0.2026005244755245
ds006850,labram_ridge_strong,4,2,prior_personalized,0.38058695888078226,0.19875871065867265,0.5624152071028918,2000,0.20580589164016772
ds006850,labram_ridge_strong,4,2,eeg_population,0.007252856606170087,-0.05658998035445585,0.07109569356679603,2000,0.21006321223998398
ds006850,labram_ridge_strong,4,2,eeg_personalized,0.15733559192373137,0.0024461460428797377,0.312225037804583,2000,0.21738278179159815
ds006850,labram_ridge_strong,4,2,combined_population,0.3275422141505143,0.1417746520859745,0.5133097762150541,2000,0.20600469646891587
ds006850,labram_ridge_strong,4,2,combined_personalized,0.3802817604173372,0.1946264294386969,0.5659370913959775,2000,0.20756527707823266
ds006850,labram_ridge_strong,4,4,prior,0.3122403043035985,0.14969508787344923,0.4747855207337478,2000,0.19083260489510495
ds006850,labram_ridge_strong,4,4,prior_personalized,0.3752071982537277,0.2020587473843936,0.5483556491230619,2000,0.19380600185514676
ds006850,labram_ridge_strong,4,4,eeg_population,0.007961512008500869,-0.05490004380868811,0.07082306782568985,2000,0.21011011891948767
ds006850,labram_ridge_strong,4,4,eeg_personalized,0.15691805332446687,0.0017208226130318305,0.31211528403590194,2000,0.21734875079716795
ds006850,labram_ridge_strong,4,4,combined_population,0.30706823160796326,0.1367111160748117,0.47742534714111484,2000,0.19266691288192989
ds006850,labram_ridge_strong,4,4,combined_personalized,0.3733373569111457,0.19696998925111184,0.5497047245711796,2000,0.19655779985786817
ds006850,labram_ridge_strong,4,8,prior,0.34077330322157423,0.18539110531081307,0.4961555011323354,2000,0.18296729312354318
ds006850,labram_ridge_strong,4,8,prior_personalized,0.40644593928664674,0.24076641789582123,0.5721254606774723,2000,0.18546543187314518
ds006850,labram_ridge_strong,4,8,eeg_population,0.004514995088380621,-0.05910691897182325,0.06813690914858449,2000,0.21016240324617125
ds006850,labram_ridge_strong,4,8,eeg_personalized,0.15535231780482425,1.8522364761380805e-05,0.31068611324488715,2000,0.21761218022210307
ds006850,labram_ridge_strong,4,8,combined_population,0.32607272391493625,0.15981603328677133,0.4923294145431012,2000,0.18737157652044809
ds006850,labram_ridge_strong,4,8,combined_personalized,0.39994882500036655,0.22907810453678426,0.5708195454639489,2000,0.19083826141940954
ds006850,labram_ridge_strong,8,0,prior,-6.635784198480622e-16,-6.791374144327373e-15,5.4642173046312485e-15,2000,0.20432291577740386
ds006850,labram_ridge_strong,8,0,prior_personalized,0.15644082287591965,0.022793951448299654,0.29008769430353964,2000,0.20188437258509112
ds006850,labram_ridge_strong,8,0,eeg_population,0.006437608391429417,-0.05632142912040425,0.06919664590326308,2000,0.2100093979620406
ds006850,labram_ridge_strong,8,0,eeg_personalized,0.16067520847779923,0.017178906814829753,0.3041715101407687,2000,0.20573353604351138
ds006850,labram_ridge_strong,8,0,combined_population,-0.0020510741633821827,-0.05532932186594374,0.051227173539179376,2000,0.20966961586201033
ds006850,labram_ridge_strong,8,0,combined_personalized,0.1563446879381589,0.015110921755106449,0.2975784541212113,2000,0.2058533203242733
ds006850,labram_ridge_strong,8,1,prior,0.2524773125728417,0.06177591716571418,0.44317870797996917,2000,0.23557692307692296
ds006850,labram_ridge_strong,8,1,prior_personalized,0.3108629427789764,0.12723837409019187,0.49448751146776093,2000,0.23852550776845435
ds006850,labram_ridge_strong,8,1,eeg_population,0.0053501573716664115,-0.05737238698295413,0.06807270172628696,2000,0.2101717904682549
ds006850,labram_ridge_strong,8,1,eeg_personalized,0.15969958312323693,0.016728094266631632,0.3026710719798422,2000,0.20583550686936433
ds006850,labram_ridge_strong,8,1,combined_population,0.24868952572380948,0.05414237644417752,0.44323667500344144,2000,0.23996668539293795
ds006850,labram_ridge_strong,8,1,combined_personalized,0.30910348212158534,0.12369332616331605,0.4945136380798546,2000,0.24033900599108912
ds006850,labram_ridge_strong,8,2,prior,0.3327785294901091,0.154003290617752,0.5115537683624662,2000,0.2026005244755245
ds006850,labram_ridge_strong,8,2,prior_personalized,0.3927762479587605,0.21673015662301523,0.5688223392945058,2000,0.20132381886625828
ds006850,labram_ridge_strong,8,2,eeg_population,0.007252856606170087,-0.05658998035445585,0.07109569356679603,2000,0.21006321223998398
ds006850,labram_ridge_strong,8,2,eeg_personalized,0.16305397241493053,0.019770381899704176,0.3063375629301569,2000,0.2056660571330024
ds006850,labram_ridge_strong,8,2,combined_population,0.3275422141505143,0.1417746520859745,0.5133097762150541,2000,0.20600469646891587
ds006850,labram_ridge_strong,8,2,combined_personalized,0.39187396172985733,0.21276160026003096,0.5709863231996837,2000,0.20395486397522572
ds006850,labram_ridge_strong,8,4,prior,0.3122403043035985,0.14969508787344923,0.4747855207337478,2000,0.19083260489510495
ds006850,labram_ridge_strong,8,4,prior_personalized,0.387435012462399,0.22382874476039574,0.5510412801644022,2000,0.18921040729934963
ds006850,labram_ridge_strong,8,4,eeg_population,0.007961512008500869,-0.05490004380868811,0.07082306782568985,2000,0.21011011891948767
ds006850,labram_ridge_strong,8,4,eeg_personalized,0.16105812991249485,0.017417027804662283,0.30469923202032745,2000,0.2057079177447904
ds006850,labram_ridge_strong,8,4,combined_population,0.30706823160796326,0.1367111160748117,0.47742534714111484,2000,0.19266691288192989
ds006850,labram_ridge_strong,8,4,combined_personalized,0.38441066546262315,0.21791818828883053,0.5509031426364157,2000,0.19300509369061028
ds006850,labram_ridge_strong,8,8,prior,0.34077330322157423,0.18539110531081307,0.4961555011323354,2000,0.18296729312354318
ds006850,labram_ridge_strong,8,8,prior_personalized,0.41814287956601015,0.2619179161162156,0.5743678430158047,2000,0.1799196406456151
ds006850,labram_ridge_strong,8,8,eeg_population,0.004514995088380621,-0.05910691897182325,0.06813690914858449,2000,0.21016240324617125
ds006850,labram_ridge_strong,8,8,eeg_personalized,0.15952201373100955,0.015658212188781218,0.3033858152732379,2000,0.20593940903513355
ds006850,labram_ridge_strong,8,8,combined_population,0.32607272391493625,0.15981603328677133,0.4923294145431012,2000,0.18737157652044809
ds006850,labram_ridge_strong,8,8,combined_personalized,0.4096316517148553,0.24780032995771062,0.571462973472,2000,0.18587568110613256
