dataset_id,representation,contrast,participant_dose,stimulus_dose,ccc_delta,ccc_ci_low,ccc_ci_high,valid_bootstrap,ccc_simultaneous_low,ccc_simultaneous_high,mae_delta,mae_ci_low,mae_ci_high
ds005540,de_ridge_base,eeg_added_population,0,0,0.018197483699897946,-0.08011079443750053,0.11650576183729643,1985,-0.05427871662178768,0.09067368402158357,0.008604111665807018,-0.009977976604653545,0.027186199936267582
ds005540,de_ridge_base,eeg_added_population,0,1,-0.009923782010875792,-0.06596432079607746,0.046116756774325876,1985,-0.08239998233256142,0.06255241831080983,0.01062768947287926,-0.007802399624273509,0.029057778570032028
ds005540,de_ridge_base,eeg_added_population,0,2,-0.00657217200929161,-0.0790795551428392,0.06593521112425597,1985,-0.07904837233097724,0.06590402831239402,0.008139262316192136,-0.01082944811739454,0.027107972749778813
ds005540,de_ridge_base,eeg_added_population,0,4,-0.006411474028104991,-0.0874371020544748,0.07461415399826482,1985,-0.07888767434979062,0.06606472629358064,0.011103817561315676,-0.006036565510684384,0.028244200633315737
ds005540,de_ridge_base,eeg_added_population,0,8,-0.007508379363935891,-0.09099428153485611,0.07597752280698433,1985,-0.07998457968562152,0.06496782095774974,0.010258850615616877,-0.0066641864189476395,0.027181887650181393
ds005540,de_ridge_base,eeg_added_population,1,0,0.018197483699897946,-0.08011079443750053,0.11650576183729643,1985,-0.05427871662178768,0.09067368402158357,0.008604111665807018,-0.009977976604653545,0.027186199936267582
ds005540,de_ridge_base,eeg_added_population,1,1,-0.009923782010875792,-0.06596432079607746,0.046116756774325876,1985,-0.08239998233256142,0.06255241831080983,0.01062768947287926,-0.007802399624273509,0.029057778570032028
ds005540,de_ridge_base,eeg_added_population,1,2,-0.00657217200929161,-0.0790795551428392,0.06593521112425597,1985,-0.07904837233097724,0.06590402831239402,0.008139262316192136,-0.01082944811739454,0.027107972749778813
ds005540,de_ridge_base,eeg_added_population,1,4,-0.006411474028104991,-0.0874371020544748,0.07461415399826482,1985,-0.07888767434979062,0.06606472629358064,0.011103817561315676,-0.006036565510684384,0.028244200633315737
ds005540,de_ridge_base,eeg_added_population,1,8,-0.007508379363935891,-0.09099428153485611,0.07597752280698433,1985,-0.07998457968562152,0.06496782095774974,0.010258850615616877,-0.0066641864189476395,0.027181887650181393
ds005540,de_ridge_base,eeg_added_population,2,0,0.018197483699897946,-0.08011079443750053,0.11650576183729643,1985,-0.05427871662178768,0.09067368402158357,0.008604111665807018,-0.009977976604653545,0.027186199936267582
ds005540,de_ridge_base,eeg_added_population,2,1,-0.009923782010875792,-0.06596432079607746,0.046116756774325876,1985,-0.08239998233256142,0.06255241831080983,0.01062768947287926,-0.007802399624273509,0.029057778570032028
ds005540,de_ridge_base,eeg_added_population,2,2,-0.00657217200929161,-0.0790795551428392,0.06593521112425597,1985,-0.07904837233097724,0.06590402831239402,0.008139262316192136,-0.01082944811739454,0.027107972749778813
ds005540,de_ridge_base,eeg_added_population,2,4,-0.006411474028104991,-0.0874371020544748,0.07461415399826482,1985,-0.07888767434979062,0.06606472629358064,0.011103817561315676,-0.006036565510684384,0.028244200633315737
ds005540,de_ridge_base,eeg_added_population,2,8,-0.007508379363935891,-0.09099428153485611,0.07597752280698433,1985,-0.07998457968562152,0.06496782095774974,0.010258850615616877,-0.0066641864189476395,0.027181887650181393
ds005540,de_ridge_base,eeg_added_population,4,0,0.018197483699897946,-0.08011079443750053,0.11650576183729643,1985,-0.05427871662178768,0.09067368402158357,0.008604111665807018,-0.009977976604653545,0.027186199936267582
ds005540,de_ridge_base,eeg_added_population,4,1,-0.009923782010875792,-0.06596432079607746,0.046116756774325876,1985,-0.08239998233256142,0.06255241831080983,0.01062768947287926,-0.007802399624273509,0.029057778570032028
ds005540,de_ridge_base,eeg_added_population,4,2,-0.00657217200929161,-0.0790795551428392,0.06593521112425597,1985,-0.07904837233097724,0.06590402831239402,0.008139262316192136,-0.01082944811739454,0.027107972749778813
ds005540,de_ridge_base,eeg_added_population,4,4,-0.006411474028104991,-0.0874371020544748,0.07461415399826482,1985,-0.07888767434979062,0.06606472629358064,0.011103817561315676,-0.006036565510684384,0.028244200633315737
ds005540,de_ridge_base,eeg_added_population,4,8,-0.007508379363935891,-0.09099428153485611,0.07597752280698433,1985,-0.07998457968562152,0.06496782095774974,0.010258850615616877,-0.0066641864189476395,0.027181887650181393
ds005540,de_ridge_base,eeg_added_population,8,0,0.018197483699897946,-0.08011079443750053,0.11650576183729643,1985,-0.05427871662178768,0.09067368402158357,0.008604111665807018,-0.009977976604653545,0.027186199936267582
ds005540,de_ridge_base,eeg_added_population,8,1,-0.009923782010875792,-0.06596432079607746,0.046116756774325876,1985,-0.08239998233256142,0.06255241831080983,0.01062768947287926,-0.007802399624273509,0.029057778570032028
ds005540,de_ridge_base,eeg_added_population,8,2,-0.00657217200929161,-0.0790795551428392,0.06593521112425597,1985,-0.07904837233097724,0.06590402831239402,0.008139262316192136,-0.01082944811739454,0.027107972749778813
ds005540,de_ridge_base,eeg_added_population,8,4,-0.006411474028104991,-0.0874371020544748,0.07461415399826482,1985,-0.07888767434979062,0.06606472629358064,0.011103817561315676,-0.006036565510684384,0.028244200633315737
ds005540,de_ridge_base,eeg_added_population,8,8,-0.007508379363935891,-0.09099428153485611,0.07597752280698433,1985,-0.07998457968562152,0.06496782095774974,0.010258850615616877,-0.0066641864189476395,0.027181887650181393
ds005540,de_ridge_base,eeg_added_matched_calibration,0,0,0.018197483699897946,-0.08011079443750053,0.11650576183729643,1985,-0.05551207582893089,0.09190704322872678,0.008604111665807018,-0.009977976604653545,0.027186199936267582
ds005540,de_ridge_base,eeg_added_matched_calibration,0,1,-0.009923782010875792,-0.06596432079607746,0.046116756774325876,1985,-0.08363334153970463,0.06378577751795304,0.01062768947287926,-0.007802399624273509,0.029057778570032028
ds005540,de_ridge_base,eeg_added_matched_calibration,0,2,-0.00657217200929161,-0.0790795551428392,0.06593521112425597,1985,-0.08028173153812045,0.06713738751953723,0.008139262316192136,-0.01082944811739454,0.027107972749778813
ds005540,de_ridge_base,eeg_added_matched_calibration,0,4,-0.006411474028104991,-0.0874371020544748,0.07461415399826482,1985,-0.08012103355693383,0.06729808550072384,0.011103817561315676,-0.006036565510684384,0.028244200633315737
ds005540,de_ridge_base,eeg_added_matched_calibration,0,8,-0.007508379363935891,-0.09099428153485611,0.07597752280698433,1985,-0.08121793889276473,0.06620118016489294,0.010258850615616877,-0.0066641864189476395,0.027181887650181393
ds005540,de_ridge_base,eeg_added_matched_calibration,1,0,-0.004568393031280149,-0.055776516723269054,0.046639730660708756,1985,-0.07827795256010898,0.06914116649754869,0.005887096407825226,-0.006485599251130977,0.01825979206678143
ds005540,de_ridge_base,eeg_added_matched_calibration,1,1,-0.0019904745411237768,-0.03316965761358759,0.029188708531340035,1985,-0.07570003406995261,0.07171908498770506,0.0032246908635745752,-0.009065065721173273,0.015514447448322423
ds005540,de_ridge_base,eeg_added_matched_calibration,1,2,-0.0039229426648566545,-0.04292535743919783,0.03507947210948452,1985,-0.07763250219368549,0.06978661686397218,0.002356650108639974,-0.011587386583332816,0.016300686800612765
ds005540,de_ridge_base,eeg_added_matched_calibration,1,4,-0.010581833002459295,-0.05483349695822679,0.0336698309533082,1985,-0.08429139253128813,0.06312772652636954,0.00404673160216848,-0.010594242625988605,0.018687705830325564
ds005540,de_ridge_base,eeg_added_matched_calibration,1,8,-0.010979429890146386,-0.05901444695885817,0.0370555871785654,1985,-0.08468898941897522,0.06273012963868245,0.003826248367116314,-0.011391701503094381,0.01904419823732701
ds005540,de_ridge_base,eeg_added_matched_calibration,2,0,-0.006334837283267586,-0.0631661075348704,0.05049643296833523,1985,-0.08004439681209642,0.06737472224556125,0.005548993349489356,-0.004664817256177466,0.01576280395515618
ds005540,de_ridge_base,eeg_added_matched_calibration,2,1,-0.0025052376150515587,-0.03392261379267518,0.028912138562572062,1985,-0.0762147971438804,0.07120432191377728,-0.00026743796220696225,-0.01159668482105741,0.011061808896643486
ds005540,de_ridge_base,eeg_added_matched_calibration,2,2,-0.00730945258916782,-0.0459703742357146,0.03135146905737896,1985,-0.08101901211799666,0.06640010693966102,0.003945549106711133,-0.008597197864690428,0.016488296078112693
ds005540,de_ridge_base,eeg_added_matched_calibration,2,4,-0.014710016707932816,-0.05824214886005581,0.02882211544419018,1985,-0.08841957623676165,0.05899954282089602,0.006951308238458825,-0.005519127299898981,0.01942174377681663
ds005540,de_ridge_base,eeg_added_matched_calibration,2,8,-0.01850269258006354,-0.06484472127945318,0.027839336119326097,1985,-0.09221225210889238,0.055206866948765296,0.006098500098214332,-0.006035539490456026,0.01823253968688469
ds005540,de_ridge_base,eeg_added_matched_calibration,4,0,-0.010876700339442713,-0.07244705042779834,0.05069364974891291,1985,-0.08458625986827155,0.06283285918938612,0.002895911385929595,-0.006190291680113393,0.011982114451972583
ds005540,de_ridge_base,eeg_added_matched_calibration,4,1,-0.0035993156719095754,-0.033236895503854946,0.026038264160035796,1985,-0.07730887520073841,0.07011024385691926,0.001698589513462162,-0.008636134788319727,0.012033313815244051
ds005540,de_ridge_base,eeg_added_matched_calibration,4,2,-0.00455908567582175,-0.04072806241708409,0.03160989106544059,1985,-0.07826864520465059,0.06915047385300709,0.00048067827588052503,-0.008996228918555964,0.009957585470317014
ds005540,de_ridge_base,eeg_added_matched_calibration,4,4,-0.01147837340136526,-0.05340962614535619,0.030452879342625666,1985,-0.0851879329301941,0.062231186127463575,0.006576706949030481,-0.003125862956447756,0.016279276854508716
ds005540,de_ridge_base,eeg_added_matched_calibration,4,8,-0.014143638650932822,-0.05595866463871428,0.027671387336848638,1985,-0.08785319817976166,0.059565920877896014,0.004343229316236069,-0.005272497879078228,0.013958956511550366
ds005540,de_ridge_base,eeg_added_matched_calibration,8,0,-0.008610342898044382,-0.07614988588081843,0.05892920008472967,1985,-0.08231990242687322,0.06509921663078445,0.0026851148613414866,-0.006142972311569144,0.011513202034252117
ds005540,de_ridge_base,eeg_added_matched_calibration,8,1,-0.0031401130511108932,-0.034905781658669796,0.02862555555644801,1985,-0.07684967257993973,0.07056944647771794,0.00147481511165784,-0.00924381364445667,0.01219344386777235
ds005540,de_ridge_base,eeg_added_matched_calibration,8,2,-0.0025129200663313034,-0.04324542769640252,0.038219587563739915,1985,-0.07622247959516014,0.07119663946249753,-7.31146675775618e-05,-0.010042677487667732,0.009896448152512609
ds005540,de_ridge_base,eeg_added_matched_calibration,8,4,-0.008360362081806572,-0.05507544622458746,0.03835472206097432,1985,-0.08206992161063541,0.06534919744702226,0.0035539025347225695,-0.006232252129423157,0.013340057198868296
ds005540,de_ridge_base,eeg_added_matched_calibration,8,8,-0.010787073232627953,-0.056675042681092774,0.03510089621583687,1985,-0.08449663276145679,0.06292248629620088,0.0028551253693039624,-0.006380277376043464,0.012090528114651389
ds005540,de_ridge_base,prior_calibration_gain,0,0,0.0,0.0,0.0,1985,-0.12964144783171755,0.12964144783171755,0.0,0.0,0.0
ds005540,de_ridge_base,prior_calibration_gain,0,1,0.0,0.0,0.0,1985,-0.12964144783171755,0.12964144783171755,0.0,0.0,0.0
ds005540,de_ridge_base,prior_calibration_gain,0,2,0.0,0.0,0.0,1985,-0.12964144783171755,0.12964144783171755,0.0,0.0,0.0
ds005540,de_ridge_base,prior_calibration_gain,0,4,0.0,0.0,0.0,1985,-0.12964144783171755,0.12964144783171755,0.0,0.0,0.0
ds005540,de_ridge_base,prior_calibration_gain,0,8,0.0,0.0,0.0,1985,-0.12964144783171755,0.12964144783171755,0.0,0.0,0.0
ds005540,de_ridge_base,prior_calibration_gain,1,0,0.13942400367279775,0.0029188931532966866,0.2759291141922988,1985,0.009782555841080204,0.26906545150451533,0.03201684061263571,-0.014694753183912314,0.07872843440918373
ds005540,de_ridge_base,prior_calibration_gain,1,1,0.020243552285919175,-0.08994684099484161,0.13043394556667998,1985,-0.10939789554579837,0.14988500011763672,0.02546006133935047,-0.0185922789308409,0.06951240160954184
ds005540,de_ridge_base,prior_calibration_gain,1,2,0.005696107559400199,-0.12485000310168243,0.13624221822048282,1985,-0.12394534027231735,0.13533755539111775,0.033865302417263154,-0.005051858997183058,0.07278246383170936
ds005540,de_ridge_base,prior_calibration_gain,1,4,0.0004809728596645302,-0.13576824493518067,0.13673019065450973,1985,-0.12916047497205302,0.13012242069138208,0.03683681285014001,-0.0023605378835337143,0.07603416358381374
ds005540,de_ridge_base,prior_calibration_gain,1,8,-0.0051155723635893935,-0.14900388116339786,0.13877273643621907,1985,-0.13475702019530694,0.12452587546812816,0.03864008458672469,-0.0010152334220602313,0.0782954025955096
ds005540,de_ridge_base,prior_calibration_gain,2,0,0.13636464028270495,0.01501140958550598,0.25771787097990395,1985,0.006723192450987403,0.2660060881144225,-0.0002692030614430685,-0.027764595137132222,0.027226189014246085
ds005540,de_ridge_base,prior_calibration_gain,2,1,0.04876702860725174,-0.038559434657934474,0.13609349187243797,1985,-0.08087441922446581,0.1784084764389693,0.005938020076857842,-0.0240755178544228,0.035951558008138484
ds005540,de_ridge_base,prior_calibration_gain,2,2,0.06686990454262631,-0.03296403231072191,0.16670384139597455,1985,-0.06277154328909124,0.19651135237434386,0.00607292469070958,-0.019031322135882975,0.031177171517302135
ds005540,de_ridge_base,prior_calibration_gain,2,4,0.07111753358757883,-0.041388414452589034,0.1836234816277467,1985,-0.05852391424413872,0.20075898141929638,0.005010298045500239,-0.021159408001812957,0.031180004092813435
ds005540,de_ridge_base,prior_calibration_gain,2,8,0.06521585154998333,-0.055759363182050076,0.18619106628201673,1985,-0.06442559628173422,0.19485729938170088,0.004622578479073547,-0.022386289170469826,0.031631446128616916
ds005540,de_ridge_base,prior_calibration_gain,4,0,0.20127149421980242,0.08080584450906049,0.32173714393054437,1985,0.07163004638808487,0.33091294205152,-0.011251346838891368,-0.03774661976205787,0.015243926084275137
ds005540,de_ridge_base,prior_calibration_gain,4,1,0.08258857941847991,-0.00336493997411437,0.16854209881107418,1985,-0.047052868413237636,0.21223002725019746,-0.004407244157308032,-0.03093826675990936,0.022123778445293295
ds005540,de_ridge_base,prior_calibration_gain,4,2,0.11641943695711388,0.017549574035254784,0.21528929987897297,1985,-0.013222010874603674,0.24606088478883142,-0.005772317024803769,-0.02947154101491087,0.017926906965303333
ds005540,de_ridge_base,prior_calibration_gain,4,4,0.1352813300886601,0.024382511829871223,0.246180148347449,1985,0.005639882256942563,0.26492277792037766,-0.012757864757073328,-0.03816192020836565,0.012646190694218996
ds005540,de_ridge_base,prior_calibration_gain,4,8,0.1367388112033453,0.018356809277231947,0.25512081312945867,1985,0.007097363371627752,0.26638025903506285,-0.011765905224174755,-0.03728032652551953,0.013748516077170023
ds005540,de_ridge_base,prior_calibration_gain,8,0,0.20355097551998702,0.08686608804864614,0.3202358629913279,1985,0.07390952768826947,0.33319242335170457,-0.019993443667244842,-0.04462274817783514,0.004635860843345458
ds005540,de_ridge_base,prior_calibration_gain,8,1,0.08449360488325314,0.0014158584328454044,0.16757135133366086,1985,-0.04514784294846441,0.2141350527149707,-0.009241721490872629,-0.03329624973772427,0.014812806755979017
ds005540,de_ridge_base,prior_calibration_gain,8,2,0.12036093581954399,0.025047527292926905,0.21567434434616106,1985,-0.009280512012173558,0.25000238365126154,-0.010701759852282056,-0.03313268739672437,0.011729167692160258
ds005540,de_ridge_base,prior_calibration_gain,8,4,0.1375631677299794,0.03028959822489294,0.24483673723506585,1985,0.007921719898261848,0.26720461556169695,-0.014330020618839284,-0.03811937057303619,0.009459329335357619
ds005540,de_ridge_base,prior_calibration_gain,8,8,0.14200573328791455,0.029578554276633903,0.2544329122991952,1985,0.012364285456197,0.2716471811196321,-0.017825760202544838,-0.04171877696193126,0.006067256556841587
ds005540,de_ridge_base,combined_calibration_gain,0,0,0.0,0.0,0.0,1985,-0.13493313700914822,0.13493313700914822,0.0,0.0,0.0
ds005540,de_ridge_base,combined_calibration_gain,0,1,0.0,0.0,0.0,1985,-0.13493313700914822,0.13493313700914822,0.0,0.0,0.0
ds005540,de_ridge_base,combined_calibration_gain,0,2,0.0,0.0,0.0,1985,-0.13493313700914822,0.13493313700914822,0.0,0.0,0.0
ds005540,de_ridge_base,combined_calibration_gain,0,4,0.0,0.0,0.0,1985,-0.13493313700914822,0.13493313700914822,0.0,0.0,0.0
ds005540,de_ridge_base,combined_calibration_gain,0,8,0.0,0.0,0.0,1985,-0.13493313700914822,0.13493313700914822,0.0,0.0,0.0
ds005540,de_ridge_base,combined_calibration_gain,1,0,0.11665812694161964,-0.03194448193098498,0.26526073581422427,1985,-0.018275010067528574,0.25159126395076786,0.02929982535465392,-0.017394152975629282,0.07599380368493712
ds005540,de_ridge_base,combined_calibration_gain,1,1,0.02817685975567119,-0.08638904194491732,0.1427427614562597,1985,-0.10675627725347703,0.1631099967648194,0.018057062730045786,-0.026068829904986414,0.06218295536507799
ds005540,de_ridge_base,combined_calibration_gain,1,2,0.008345336903835154,-0.12732674851120265,0.14401742231887296,1985,-0.12658780010531306,0.14327847391298337,0.028082690209710992,-0.01304745229816729,0.06921283271758927
ds005540,de_ridge_base,combined_calibration_gain,1,4,-0.0036893861146897744,-0.14939439935998594,0.1420156271306064,1985,-0.138622523123838,0.13124375089445844,0.029779726890992814,-0.009847570783121727,0.06940702456510736
ds005540,de_ridge_base,combined_calibration_gain,1,8,-0.008586622889799889,-0.16343940069804044,0.14626615491844067,1985,-0.1435197598989481,0.12634651411934833,0.032207482338224125,-0.006599398077664138,0.07101436275411238
ds005540,de_ridge_base,combined_calibration_gain,2,0,0.1118323192995394,-0.01722623334159301,0.24089087194067182,1985,-0.023100817709608812,0.24676545630868763,-0.0033243213777607306,-0.031054819524259425,0.024406176768737964
ds005540,de_ridge_base,combined_calibration_gain,2,1,0.05618557300307597,-0.03189847465462585,0.1442696206607778,1985,-0.07874756400607225,0.1911187100122242,-0.00495710735822838,-0.035961400320926276,0.02604718560446952
ds005540,de_ridge_base,combined_calibration_gain,2,2,0.0661326239627501,-0.03963482735880297,0.17190007528430318,1985,-0.06880051304639812,0.20106576097189832,0.0018792114812285765,-0.027209811777185344,0.030968234739642497
ds005540,de_ridge_base,combined_calibration_gain,2,4,0.062818990907751,-0.055807545394988875,0.1814455272104909,1985,-0.07211414610139721,0.19775212791689922,0.0008577887226433878,-0.02762583501192656,0.029341412457213334
ds005540,de_ridge_base,combined_calibration_gain,2,8,0.05422153833385568,-0.07563999393944495,0.1840830706071563,1985,-0.08071159867529254,0.1891546753430039,0.00046222796167100233,-0.029439510153323106,0.03036396607666511
ds005540,de_ridge_base,combined_calibration_gain,4,0,0.17219731018046175,0.04760638912373191,0.29678823123719156,1985,0.03726417317131353,0.30713044718960997,-0.016959547118768792,-0.04214987510732428,0.008230780869786698
ds005540,de_ridge_base,combined_calibration_gain,4,1,0.08891304575744613,0.0048916821699838825,0.1729344093449084,1985,-0.04602009125170209,0.22384618276659435,-0.01333634411672513,-0.04035695148414778,0.013684263250697524
ds005540,de_ridge_base,combined_calibration_gain,4,2,0.11843252329058374,0.01707642589681045,0.219788620684357,1985,-0.016500613718564483,0.25336566029973195,-0.01343090106511538,-0.03920593994047109,0.012344137810240331
ds005540,de_ridge_base,combined_calibration_gain,4,4,0.13021443071539984,0.01681544480103145,0.24361341662976824,1985,-0.004718706293748376,0.26514756772454806,-0.017284975369358524,-0.04285892398072499,0.00828897324200794
ds005540,de_ridge_base,combined_calibration_gain,4,8,0.13010355191634837,0.006619441885749228,0.2535876619469475,1985,-0.0048295850927998485,0.2650366889254966,-0.017681526523555563,-0.04284349041312703,0.007480437366015905
ds005540,de_ridge_base,combined_calibration_gain,8,0,0.17674314892204468,0.05757153911824929,0.29591475872584005,1985,0.04181001191289646,0.3116762859311929,-0.025912440471710374,-0.050158723597731325,-0.0016661573456894264
ds005540,de_ridge_base,combined_calibration_gain,8,1,0.09127727384301804,0.010573390467286448,0.17198115721874963,1985,-0.04365586316613018,0.22621041085216625,-0.018394595852094048,-0.04413022458382776,0.0073410328796396675
ds005540,de_ridge_base,combined_calibration_gain,8,2,0.1244201877625043,0.02783277825012892,0.22100759727487967,1985,-0.010512949246643921,0.2593533247716525,-0.018914136836051754,-0.04374142321581208,0.005913149543708571
ds005540,de_ridge_base,combined_calibration_gain,8,4,0.13561427967627782,0.025937509094044728,0.2452910502585109,1985,0.0006811426671295973,0.27054741668542603,-0.02187993564543239,-0.045761156683040066,0.0020012853921752873
ds005540,de_ridge_base,combined_calibration_gain,8,8,0.1387270394192225,0.020998385841380127,0.25645569299706483,1985,0.003793902410074268,0.2736601764283707,-0.025229485448857752,-0.04845451703382335,-0.0020044538638921555
ds005540,de_ridge_base,total_minus_uncalibrated_prior,0,0,0.018197483699897946,-0.08011079443750053,0.11650576183729643,1985,-0.11238139922526029,0.14877636662505617,0.008604111665807018,-0.009977976604653545,0.027186199936267582
ds005540,de_ridge_base,total_minus_uncalibrated_prior,0,1,-0.009923782010875792,-0.06596432079607746,0.046116756774325876,1985,-0.14050266493603403,0.12065510091428244,0.01062768947287926,-0.007802399624273509,0.029057778570032028
ds005540,de_ridge_base,total_minus_uncalibrated_prior,0,2,-0.00657217200929161,-0.0790795551428392,0.06593521112425597,1985,-0.13715105493444985,0.12400671091586662,0.008139262316192136,-0.01082944811739454,0.027107972749778813
ds005540,de_ridge_base,total_minus_uncalibrated_prior,0,4,-0.006411474028104991,-0.0874371020544748,0.07461415399826482,1985,-0.13699035695326323,0.12416740889705324,0.011103817561315676,-0.006036565510684384,0.028244200633315737
ds005540,de_ridge_base,total_minus_uncalibrated_prior,0,8,-0.007508379363935891,-0.09099428153485611,0.07597752280698433,1985,-0.13808726228909413,0.12307050356122234,0.010258850615616877,-0.0066641864189476395,0.027181887650181393
ds005540,de_ridge_base,total_minus_uncalibrated_prior,1,0,0.1348556106415176,-9.259248143891896e-05,0.26980381376447415,1985,0.004276727716359369,0.2654344935666758,0.03790393702046094,-0.007440120193199111,0.08324799423412099
ds005540,de_ridge_base,total_minus_uncalibrated_prior,1,1,0.0182530777447954,-0.09184669640184705,0.12835285189143786,1985,-0.11232580518036284,0.14883196066995363,0.028684752202925046,-0.01316880810911867,0.07053831251496875
ds005540,de_ridge_base,total_minus_uncalibrated_prior,1,2,0.001773164894543544,-0.12582274910123895,0.12936907889032603,1985,-0.1288057180306147,0.13235204781970178,0.03622195252590313,-0.0017049443139985215,0.07414884936580478
ds005540,de_ridge_base,total_minus_uncalibrated_prior,1,4,-0.010100860142794765,-0.14009813798358764,0.11989641769799811,1985,-0.140679743067953,0.12047802278236347,0.04088354445230849,0.00342460139015989,0.07834248751445709
ds005540,de_ridge_base,total_minus_uncalibrated_prior,1,8,-0.01609500225373578,-0.15251207599719982,0.12032207148972826,1985,-0.14667388517889401,0.11448388067142246,0.042466332953841,0.005332835894761821,0.07959983001292018
ds005540,de_ridge_base,total_minus_uncalibrated_prior,2,0,0.13002980299943737,-0.0005596493468219832,0.26061925534569674,1985,-0.0005490799257208689,0.26060868592459563,0.005279790288046288,-0.023781444053770594,0.03434102462986317
ds005540,de_ridge_base,total_minus_uncalibrated_prior,2,1,0.04626179099220018,-0.04640647582364274,0.1389300578080431,1985,-0.08431709193295805,0.17684067391735842,0.0056705821146508795,-0.026190064217576962,0.03753122844687872
ds005540,de_ridge_base,total_minus_uncalibrated_prior,2,2,0.05956045195345849,-0.043797229310570354,0.16291813321748733,1985,-0.07101843097169974,0.19013933487861673,0.010018473797420713,-0.017289671157297612,0.03732661875213904
ds005540,de_ridge_base,total_minus_uncalibrated_prior,2,4,0.056407516879646014,-0.058928051826047906,0.17174308558533993,1985,-0.07417136604551222,0.18698639980480425,0.011961606283959064,-0.015868223580933746,0.039791436148851875
ds005540,de_ridge_base,total_minus_uncalibrated_prior,2,8,0.04671315896991979,-0.07798116026732281,0.1714074782071624,1985,-0.08386572395523845,0.17729204189507802,0.01072107857728788,-0.018386460422609874,0.03982861757718563
ds005540,de_ridge_base,total_minus_uncalibrated_prior,4,0,0.1903947938803597,0.05969026758588769,0.3210993201748317,1985,0.05981591095520147,0.3209736768055179,-0.008355435452961774,-0.0354613435976472,0.018750472691723658
ds005540,de_ridge_base,total_minus_uncalibrated_prior,4,1,0.07898926374657034,-0.01200202147382283,0.16998054896696352,1985,-0.0515896191785879,0.20956814667172857,-0.0027086546438458703,-0.030078383088807864,0.024661073801116123
ds005540,de_ridge_base,total_minus_uncalibrated_prior,4,2,0.11186035128129213,0.009702913172732794,0.21401778938985144,1985,-0.01871853164386611,0.24243923420645036,-0.005291638748923244,-0.02943233079632498,0.018849053298478493
ds005540,de_ridge_base,total_minus_uncalibrated_prior,4,4,0.12380295668729485,0.01222976061043711,0.23537615276415258,1985,-0.006775926237863383,0.2543818396124531,-0.0061811578080428475,-0.03056032911258202,0.018198013496496326
ds005540,de_ridge_base,total_minus_uncalibrated_prior,4,8,0.12259517255241248,0.0020050929896806707,0.2431852521151443,1985,-0.007983710372745756,0.2531740554775707,-0.007422675907938686,-0.0319219211376086,0.01707656932173122
ds005540,de_ridge_base,total_minus_uncalibrated_prior,8,0,0.19494063262194264,0.06830486218550696,0.3215764030583783,1985,0.0643617496967844,0.3255195155471009,-0.017308328805903356,-0.04308374690992984,0.008467089298123127
ds005540,de_ridge_base,total_minus_uncalibrated_prior,8,1,0.08135349183214224,-0.0055711436693190175,0.1682781273336035,1985,-0.04922539109301599,0.21193237475730048,-0.0077669063792147885,-0.0326939846102286,0.017160171851799026
ds005540,de_ridge_base,total_minus_uncalibrated_prior,8,2,0.11784801575321269,0.019141036874564393,0.21655499463186098,1985,-0.012730867171945548,0.24842689867837092,-0.010774874519859617,-0.033262250686261784,0.011712501646542549
ds005540,de_ridge_base,total_minus_uncalibrated_prior,8,4,0.12920280564817282,0.018806774773309137,0.2395988365230365,1985,-0.0013760772769854102,0.25978168857333106,-0.010776118084116715,-0.03376534747671968,0.01221311130848625
ds005540,de_ridge_base,total_minus_uncalibrated_prior,8,8,0.1312186600552866,0.014006215219740173,0.24843110489083303,1985,0.0006397771301283606,0.26179754298044483,-0.014970634833240876,-0.03776491167297605,0.007823642006494297
ds005540,de_ridge_strong,eeg_added_population,0,0,-0.011944173371580793,-0.09263412166652706,0.06874577492336546,1985,-0.0758885389071307,0.0520001921639691,0.007509866671319587,-0.005729178122316337,0.020748911464955513
ds005540,de_ridge_strong,eeg_added_population,0,1,-0.012846403443323884,-0.05599998020842584,0.03030717332177807,1985,-0.07679076897887378,0.051097962092226015,0.0077894700651747195,-0.005299389198491702,0.020878329328841143
ds005540,de_ridge_strong,eeg_added_population,0,2,-0.018751889626883678,-0.0705866819711782,0.03308290271741084,1985,-0.08269625516243358,0.04519247590866622,0.006561138988114723,-0.006172347917083794,0.01929462589331324
ds005540,de_ridge_strong,eeg_added_population,0,4,-0.013487799001513145,-0.08921896142711758,0.062243363424091286,1985,-0.07743216453706304,0.050456566534036754,0.009812208334203376,-0.005048138928519078,0.02467255559692583
ds005540,de_ridge_strong,eeg_added_population,0,8,-0.012898919163534472,-0.09193802687121409,0.06614018854414515,1985,-0.07684328469908437,0.05104544637201543,0.008773798750277562,-0.006083430783160088,0.02363102828371521
ds005540,de_ridge_strong,eeg_added_population,1,0,-0.011944173371580793,-0.09263412166652706,0.06874577492336546,1985,-0.0758885389071307,0.0520001921639691,0.007509866671319587,-0.005729178122316337,0.020748911464955513
ds005540,de_ridge_strong,eeg_added_population,1,1,-0.012846403443323884,-0.05599998020842584,0.03030717332177807,1985,-0.07679076897887378,0.051097962092226015,0.0077894700651747195,-0.005299389198491702,0.020878329328841143
ds005540,de_ridge_strong,eeg_added_population,1,2,-0.018751889626883678,-0.0705866819711782,0.03308290271741084,1985,-0.08269625516243358,0.04519247590866622,0.006561138988114723,-0.006172347917083794,0.01929462589331324
ds005540,de_ridge_strong,eeg_added_population,1,4,-0.013487799001513145,-0.08921896142711758,0.062243363424091286,1985,-0.07743216453706304,0.050456566534036754,0.009812208334203376,-0.005048138928519078,0.02467255559692583
ds005540,de_ridge_strong,eeg_added_population,1,8,-0.012898919163534472,-0.09193802687121409,0.06614018854414515,1985,-0.07684328469908437,0.05104544637201543,0.008773798750277562,-0.006083430783160088,0.02363102828371521
ds005540,de_ridge_strong,eeg_added_population,2,0,-0.011944173371580793,-0.09263412166652706,0.06874577492336546,1985,-0.0758885389071307,0.0520001921639691,0.007509866671319587,-0.005729178122316337,0.020748911464955513
ds005540,de_ridge_strong,eeg_added_population,2,1,-0.012846403443323884,-0.05599998020842584,0.03030717332177807,1985,-0.07679076897887378,0.051097962092226015,0.0077894700651747195,-0.005299389198491702,0.020878329328841143
ds005540,de_ridge_strong,eeg_added_population,2,2,-0.018751889626883678,-0.0705866819711782,0.03308290271741084,1985,-0.08269625516243358,0.04519247590866622,0.006561138988114723,-0.006172347917083794,0.01929462589331324
ds005540,de_ridge_strong,eeg_added_population,2,4,-0.013487799001513145,-0.08921896142711758,0.062243363424091286,1985,-0.07743216453706304,0.050456566534036754,0.009812208334203376,-0.005048138928519078,0.02467255559692583
ds005540,de_ridge_strong,eeg_added_population,2,8,-0.012898919163534472,-0.09193802687121409,0.06614018854414515,1985,-0.07684328469908437,0.05104544637201543,0.008773798750277562,-0.006083430783160088,0.02363102828371521
ds005540,de_ridge_strong,eeg_added_population,4,0,-0.011944173371580793,-0.09263412166652706,0.06874577492336546,1985,-0.0758885389071307,0.0520001921639691,0.007509866671319587,-0.005729178122316337,0.020748911464955513
ds005540,de_ridge_strong,eeg_added_population,4,1,-0.012846403443323884,-0.05599998020842584,0.03030717332177807,1985,-0.07679076897887378,0.051097962092226015,0.0077894700651747195,-0.005299389198491702,0.020878329328841143
ds005540,de_ridge_strong,eeg_added_population,4,2,-0.018751889626883678,-0.0705866819711782,0.03308290271741084,1985,-0.08269625516243358,0.04519247590866622,0.006561138988114723,-0.006172347917083794,0.01929462589331324
ds005540,de_ridge_strong,eeg_added_population,4,4,-0.013487799001513145,-0.08921896142711758,0.062243363424091286,1985,-0.07743216453706304,0.050456566534036754,0.009812208334203376,-0.005048138928519078,0.02467255559692583
ds005540,de_ridge_strong,eeg_added_population,4,8,-0.012898919163534472,-0.09193802687121409,0.06614018854414515,1985,-0.07684328469908437,0.05104544637201543,0.008773798750277562,-0.006083430783160088,0.02363102828371521
ds005540,de_ridge_strong,eeg_added_population,8,0,-0.011944173371580793,-0.09263412166652706,0.06874577492336546,1985,-0.0758885389071307,0.0520001921639691,0.007509866671319587,-0.005729178122316337,0.020748911464955513
ds005540,de_ridge_strong,eeg_added_population,8,1,-0.012846403443323884,-0.05599998020842584,0.03030717332177807,1985,-0.07679076897887378,0.051097962092226015,0.0077894700651747195,-0.005299389198491702,0.020878329328841143
ds005540,de_ridge_strong,eeg_added_population,8,2,-0.018751889626883678,-0.0705866819711782,0.03308290271741084,1985,-0.08269625516243358,0.04519247590866622,0.006561138988114723,-0.006172347917083794,0.01929462589331324
ds005540,de_ridge_strong,eeg_added_population,8,4,-0.013487799001513145,-0.08921896142711758,0.062243363424091286,1985,-0.07743216453706304,0.050456566534036754,0.009812208334203376,-0.005048138928519078,0.02467255559692583
ds005540,de_ridge_strong,eeg_added_population,8,8,-0.012898919163534472,-0.09193802687121409,0.06614018854414515,1985,-0.07684328469908437,0.05104544637201543,0.008773798750277562,-0.006083430783160088,0.02363102828371521
ds005540,de_ridge_strong,eeg_added_matched_calibration,0,0,-0.011944173371580793,-0.09263412166652706,0.06874577492336546,1985,-0.07661522500352984,0.052726878260368246,0.007509866671319587,-0.005729178122316337,0.020748911464955513
ds005540,de_ridge_strong,eeg_added_matched_calibration,0,1,-0.012846403443323884,-0.05599998020842584,0.03030717332177807,1985,-0.07751745507527293,0.05182464818862516,0.0077894700651747195,-0.005299389198491702,0.020878329328841143
ds005540,de_ridge_strong,eeg_added_matched_calibration,0,2,-0.018751889626883678,-0.0705866819711782,0.03308290271741084,1985,-0.08342294125883272,0.045919162005065364,0.006561138988114723,-0.006172347917083794,0.01929462589331324
ds005540,de_ridge_strong,eeg_added_matched_calibration,0,4,-0.013487799001513145,-0.08921896142711758,0.062243363424091286,1985,-0.07815885063346219,0.051183252630435896,0.009812208334203376,-0.005048138928519078,0.02467255559692583
ds005540,de_ridge_strong,eeg_added_matched_calibration,0,8,-0.012898919163534472,-0.09193802687121409,0.06614018854414515,1985,-0.07756997079548351,0.05177213246841457,0.008773798750277562,-0.006083430783160088,0.02363102828371521
ds005540,de_ridge_strong,eeg_added_matched_calibration,1,0,-0.003420726210256353,-0.04853345501472842,0.04169200259421572,1985,-0.0680917778422054,0.06125032542169269,0.00485245420014585,-0.005760391974895092,0.015465300375186793
ds005540,de_ridge_strong,eeg_added_matched_calibration,1,1,-0.003474287163275136,-0.024341545663165962,0.01739297133661569,1985,-0.06814533879522418,0.061196764468673906,0.00043215408173385983,-0.00845433090283965,0.00931863906630737
ds005540,de_ridge_strong,eeg_added_matched_calibration,1,2,0.0002346828300913706,-0.029215592586938035,0.029684958247120776,1985,-0.06443636880185767,0.06490573446204041,-0.0011346504442418526,-0.010447437072294867,0.008178136183811162
ds005540,de_ridge_strong,eeg_added_matched_calibration,1,4,-0.011537647027144604,-0.0521690700343678,0.02909377598007859,1985,-0.07620869865909365,0.05313340460480444,0.004417026299582266,-0.009136239426785571,0.017970292025950102
ds005540,de_ridge_strong,eeg_added_matched_calibration,1,8,-0.011385179306243332,-0.055179544205914796,0.03240918559342813,1985,-0.07605623093819237,0.05328587232570571,0.003801344843334775,-0.010172438762274822,0.017775128448944372
ds005540,de_ridge_strong,eeg_added_matched_calibration,2,0,-0.009451662736409933,-0.057722701286643495,0.03881937581382363,1985,-0.07412271436835897,0.05521938889553911,0.0046981313105904365,-0.0038506214071511915,0.013246884028332065
ds005540,de_ridge_strong,eeg_added_matched_calibration,2,1,-0.004388480798622418,-0.025947564232712356,0.01717060263546752,1985,-0.06905953243057146,0.060282570833326624,2.5145583849722764e-05,-0.007973258991927515,0.00802355015962696
ds005540,de_ridge_strong,eeg_added_matched_calibration,2,2,-0.005665799379426462,-0.03219814656092468,0.02086654780207176,1985,-0.0703368510113755,0.05900525225252258,0.0019411659512365842,-0.005229469732441701,0.00911180163491487
ds005540,de_ridge_strong,eeg_added_matched_calibration,2,4,-0.01513131493450326,-0.05545001939593348,0.025187389526926958,1985,-0.0798023665664523,0.04953973669744578,0.006886117914926437,-0.004712386075861023,0.0184846219057139
ds005540,de_ridge_strong,eeg_added_matched_calibration,2,8,-0.0179148852451817,-0.06019615884410821,0.024366388353744807,1985,-0.08258593687713074,0.04675616638676734,0.005630621637764982,-0.005593278946349525,0.01685452222187949
ds005540,de_ridge_strong,eeg_added_matched_calibration,4,0,-0.01179566525278919,-0.06540049094232425,0.041809160436745874,1985,-0.07646671688473823,0.05287538637915985,0.002070757288342967,-0.00536725539292268,0.009508769969608614
ds005540,de_ridge_strong,eeg_added_matched_calibration,4,1,-0.002485824774988099,-0.02190148628258452,0.01692983673260832,1985,-0.06715687640693714,0.06218522685696094,0.0017880801229518961,-0.004787191044591057,0.008363351290494848
ds005540,de_ridge_strong,eeg_added_matched_calibration,4,2,-0.00397920408382102,-0.028397220308359915,0.020438812140717875,1985,-0.06865025571577006,0.06069184754812802,0.0008950078055960653,-0.005162148115773162,0.006952163726965293
ds005540,de_ridge_strong,eeg_added_matched_calibration,4,4,-0.01104294726130517,-0.050458904887836754,0.028373010365226416,1985,-0.07571399889325421,0.05362810437064387,0.006055743787037188,-0.0026653029286136613,0.014776790502688037
ds005540,de_ridge_strong,eeg_added_matched_calibration,4,8,-0.012844507229844093,-0.05081366402352588,0.02512464956383769,1985,-0.07751555886179314,0.05182654440210495,0.0037639145716782396,-0.004434443301870339,0.011962272445226818
ds005540,de_ridge_strong,eeg_added_matched_calibration,8,0,-0.010528276859123026,-0.06933625354476837,0.04827969982652232,1985,-0.07519932849107207,0.054142774772826016,0.002022449407876409,-0.0057553561119936284,0.009800254927746447
ds005540,de_ridge_strong,eeg_added_matched_calibration,8,1,-0.00258617207944134,-0.02348823428144478,0.0183158901225621,1985,-0.06725722371139038,0.0620848795525077,0.00194901929643998,-0.0046881990357923176,0.008586237628672277
ds005540,de_ridge_strong,eeg_added_matched_calibration,8,2,-0.0022509112705849654,-0.029399248754771793,0.024897426213601862,1985,-0.06692196290253401,0.062420140361364077,0.0001398151877285425,-0.006492487475989238,0.006772117851446323
ds005540,de_ridge_strong,eeg_added_matched_calibration,8,4,-0.008804301804174575,-0.053638409187775446,0.0360298055794263,1985,-0.07347535343612362,0.05586674982777447,0.003692615361327478,-0.005330204513168324,0.01271543523582328
ds005540,de_ridge_strong,eeg_added_matched_calibration,8,8,-0.01023989446777418,-0.05320833718547329,0.03272854824992493,1985,-0.07491094609972322,0.05443115716417486,0.0028453142749749194,-0.00546900302039436,0.011159631570344199
ds005540,de_ridge_strong,prior_calibration_gain,0,0,0.0,0.0,0.0,1985,-0.12964144783171755,0.12964144783171755,0.0,0.0,0.0
ds005540,de_ridge_strong,prior_calibration_gain,0,1,0.0,0.0,0.0,1985,-0.12964144783171755,0.12964144783171755,0.0,0.0,0.0
ds005540,de_ridge_strong,prior_calibration_gain,0,2,0.0,0.0,0.0,1985,-0.12964144783171755,0.12964144783171755,0.0,0.0,0.0
ds005540,de_ridge_strong,prior_calibration_gain,0,4,0.0,0.0,0.0,1985,-0.12964144783171755,0.12964144783171755,0.0,0.0,0.0
ds005540,de_ridge_strong,prior_calibration_gain,0,8,0.0,0.0,0.0,1985,-0.12964144783171755,0.12964144783171755,0.0,0.0,0.0
ds005540,de_ridge_strong,prior_calibration_gain,1,0,0.13942400367279775,0.0029188931532966866,0.2759291141922988,1985,0.009782555841080204,0.26906545150451533,0.03201684061263571,-0.014694753183912314,0.07872843440918373
ds005540,de_ridge_strong,prior_calibration_gain,1,1,0.020243552285919175,-0.08994684099484161,0.13043394556667998,1985,-0.10939789554579837,0.14988500011763672,0.02546006133935047,-0.0185922789308409,0.06951240160954184
ds005540,de_ridge_strong,prior_calibration_gain,1,2,0.005696107559400199,-0.12485000310168243,0.13624221822048282,1985,-0.12394534027231735,0.13533755539111775,0.033865302417263154,-0.005051858997183058,0.07278246383170936
ds005540,de_ridge_strong,prior_calibration_gain,1,4,0.0004809728596645302,-0.13576824493518067,0.13673019065450973,1985,-0.12916047497205302,0.13012242069138208,0.03683681285014001,-0.0023605378835337143,0.07603416358381374
ds005540,de_ridge_strong,prior_calibration_gain,1,8,-0.0051155723635893935,-0.14900388116339786,0.13877273643621907,1985,-0.13475702019530694,0.12452587546812816,0.03864008458672469,-0.0010152334220602313,0.0782954025955096
ds005540,de_ridge_strong,prior_calibration_gain,2,0,0.13636464028270495,0.01501140958550598,0.25771787097990395,1985,0.006723192450987403,0.2660060881144225,-0.0002692030614430685,-0.027764595137132222,0.027226189014246085
ds005540,de_ridge_strong,prior_calibration_gain,2,1,0.04876702860725174,-0.038559434657934474,0.13609349187243797,1985,-0.08087441922446581,0.1784084764389693,0.005938020076857842,-0.0240755178544228,0.035951558008138484
ds005540,de_ridge_strong,prior_calibration_gain,2,2,0.06686990454262631,-0.03296403231072191,0.16670384139597455,1985,-0.06277154328909124,0.19651135237434386,0.00607292469070958,-0.019031322135882975,0.031177171517302135
ds005540,de_ridge_strong,prior_calibration_gain,2,4,0.07111753358757883,-0.041388414452589034,0.1836234816277467,1985,-0.05852391424413872,0.20075898141929638,0.005010298045500239,-0.021159408001812957,0.031180004092813435
ds005540,de_ridge_strong,prior_calibration_gain,2,8,0.06521585154998333,-0.055759363182050076,0.18619106628201673,1985,-0.06442559628173422,0.19485729938170088,0.004622578479073547,-0.022386289170469826,0.031631446128616916
ds005540,de_ridge_strong,prior_calibration_gain,4,0,0.20127149421980242,0.08080584450906049,0.32173714393054437,1985,0.07163004638808487,0.33091294205152,-0.011251346838891368,-0.03774661976205787,0.015243926084275137
ds005540,de_ridge_strong,prior_calibration_gain,4,1,0.08258857941847991,-0.00336493997411437,0.16854209881107418,1985,-0.047052868413237636,0.21223002725019746,-0.004407244157308032,-0.03093826675990936,0.022123778445293295
ds005540,de_ridge_strong,prior_calibration_gain,4,2,0.11641943695711388,0.017549574035254784,0.21528929987897297,1985,-0.013222010874603674,0.24606088478883142,-0.005772317024803769,-0.02947154101491087,0.017926906965303333
ds005540,de_ridge_strong,prior_calibration_gain,4,4,0.1352813300886601,0.024382511829871223,0.246180148347449,1985,0.005639882256942563,0.26492277792037766,-0.012757864757073328,-0.03816192020836565,0.012646190694218996
ds005540,de_ridge_strong,prior_calibration_gain,4,8,0.1367388112033453,0.018356809277231947,0.25512081312945867,1985,0.007097363371627752,0.26638025903506285,-0.011765905224174755,-0.03728032652551953,0.013748516077170023
ds005540,de_ridge_strong,prior_calibration_gain,8,0,0.20355097551998702,0.08686608804864614,0.3202358629913279,1985,0.07390952768826947,0.33319242335170457,-0.019993443667244842,-0.04462274817783514,0.004635860843345458
ds005540,de_ridge_strong,prior_calibration_gain,8,1,0.08449360488325314,0.0014158584328454044,0.16757135133366086,1985,-0.04514784294846441,0.2141350527149707,-0.009241721490872629,-0.03329624973772427,0.014812806755979017
ds005540,de_ridge_strong,prior_calibration_gain,8,2,0.12036093581954399,0.025047527292926905,0.21567434434616106,1985,-0.009280512012173558,0.25000238365126154,-0.010701759852282056,-0.03313268739672437,0.011729167692160258
ds005540,de_ridge_strong,prior_calibration_gain,8,4,0.1375631677299794,0.03028959822489294,0.24483673723506585,1985,0.007921719898261848,0.26720461556169695,-0.014330020618839284,-0.03811937057303619,0.009459329335357619
ds005540,de_ridge_strong,prior_calibration_gain,8,8,0.14200573328791455,0.029578554276633903,0.2544329122991952,1985,0.012364285456197,0.2716471811196321,-0.017825760202544838,-0.04171877696193126,0.006067256556841587
ds005540,de_ridge_strong,combined_calibration_gain,0,0,0.0,0.0,0.0,1985,-0.1438693090810711,0.1438693090810711,0.0,0.0,0.0
ds005540,de_ridge_strong,combined_calibration_gain,0,1,0.0,0.0,0.0,1985,-0.1438693090810711,0.1438693090810711,0.0,0.0,0.0
ds005540,de_ridge_strong,combined_calibration_gain,0,2,0.0,0.0,0.0,1985,-0.1438693090810711,0.1438693090810711,0.0,0.0,0.0
ds005540,de_ridge_strong,combined_calibration_gain,0,4,0.0,0.0,0.0,1985,-0.1438693090810711,0.1438693090810711,0.0,0.0,0.0
ds005540,de_ridge_strong,combined_calibration_gain,0,8,0.0,0.0,0.0,1985,-0.1438693090810711,0.1438693090810711,0.0,0.0,0.0
ds005540,de_ridge_strong,combined_calibration_gain,1,0,0.1479474508341222,0.000449037688094428,0.29544586398014994,1985,0.004078141753051101,0.2918167599151933,0.029359428141461974,-0.016433911715518695,0.07515276799844264
ds005540,de_ridge_strong,combined_calibration_gain,1,1,0.029615668565967923,-0.08830715931943806,0.1475384964513739,1985,-0.11425364051510317,0.17348497764703902,0.01810274535590961,-0.025493561932463528,0.06169905264428275
ds005540,de_ridge_strong,combined_calibration_gain,1,2,0.024682680016375247,-0.1125336843341897,0.1618990443669402,1985,-0.11918662906469585,0.16855198909744634,0.02616951298490658,-0.013196284229772676,0.06553531019958583
ds005540,de_ridge_strong,combined_calibration_gain,1,4,0.0024311248340330716,-0.14747168776631653,0.15233393743438267,1985,-0.14143818424703802,0.14630043391510417,0.0314416308155189,-0.008339537853903643,0.07122279948494145
ds005540,de_ridge_strong,combined_calibration_gain,1,8,-0.0036018325062982526,-0.1637433044852275,0.156539639472631,1985,-0.14747114158736935,0.14026747657477284,0.0336676306797819,-0.005499382227155354,0.07283464358671915
ds005540,de_ridge_strong,combined_calibration_gain,2,0,0.13885715091787582,-0.0008178781844182526,0.2785321800201699,1985,-0.005012158163195279,0.2827264599989469,-0.003080938422172219,-0.03199812021778266,0.025836243373438216
ds005540,de_ridge_strong,combined_calibration_gain,2,1,0.057224951251953204,-0.03223392688979661,0.146683829393703,1985,-0.08664435782911789,0.2010942603330243,-0.001826304404467155,-0.030413963139969295,0.026761354331034985
ds005540,de_ridge_strong,combined_calibration_gain,2,2,0.07995599479008353,-0.030815579631478948,0.19072756921164602,1985,-0.06391331429098757,0.22382530387115462,0.0014529516538314413,-0.025965477200885594,0.028871380508548476
ds005540,de_ridge_strong,combined_calibration_gain,2,4,0.06947401765458872,-0.05498634425047534,0.19393437955965276,1985,-0.07439529142648238,0.2133433267356598,0.0020842076262233,-0.02675958156968025,0.03092799682212685
ds005540,de_ridge_strong,combined_calibration_gain,2,8,0.0601998854683361,-0.07584068661825985,0.19624045755493205,1985,-0.083669423612735,0.2040691945494072,0.0014794013665609673,-0.02843010003960983,0.031388902772731764
ds005540,de_ridge_strong,combined_calibration_gain,4,0,0.20142000233859403,0.06345287453018228,0.3393871301470058,1985,0.057550693257522934,0.3452893114196651,-0.01669045622186799,-0.04466607304400837,0.01128516060027239
ds005540,de_ridge_strong,combined_calibration_gain,4,1,0.0929491580868157,0.004033360668914326,0.18186495550471707,1985,-0.0509201509942554,0.2368184671678868,-0.010408634099530856,-0.03704498606983614,0.01622771787077443
ds005540,de_ridge_strong,combined_calibration_gain,4,2,0.13119212250017653,0.020151606889576498,0.24223263811077655,1985,-0.012677186580894562,0.27506143158124763,-0.011438448207322427,-0.03775335133477674,0.014876454920131888
ds005540,de_ridge_strong,combined_calibration_gain,4,4,0.1377261818288681,0.016517354813496046,0.25893500884424014,1985,-0.006143127252203007,0.2815954909099392,-0.016514329304239517,-0.043956330330425855,0.010927671721946825
ds005540,de_ridge_strong,combined_calibration_gain,4,8,0.13679322313703568,0.005197602495173564,0.2683888437788978,1985,-0.007076085944035415,0.2806625322181068,-0.016775789402774077,-0.043931007790614006,0.010379428985065851
ds005540,de_ridge_strong,combined_calibration_gain,8,0,0.2049668720324448,0.07445348690238093,0.3354802571625086,1985,0.061097562951373696,0.3488361811135159,-0.02548086093068802,-0.05190616647270921,0.0009444446113331673
ds005540,de_ridge_strong,combined_calibration_gain,8,1,0.09475383624713568,0.008778894480618221,0.18072877801365314,1985,-0.049115472833935414,0.23862314532820678,-0.015082172259607368,-0.040194851948084406,0.01003050742886967
ds005540,de_ridge_strong,combined_calibration_gain,8,2,0.1368619141758427,0.03124065830162398,0.24248317005006143,1985,-0.007007394905228392,0.2807312232569138,-0.017123083652668236,-0.04187446539383931,0.007628298088502839
ds005540,de_ridge_strong,combined_calibration_gain,8,4,0.14224666492731797,0.024936879532439518,0.25955645032219643,1985,-0.0016226441537531278,0.28611597400838906,-0.020449613591715182,-0.046007459142263465,0.005108231958833101
ds005540,de_ridge_strong,combined_calibration_gain,8,8,0.14466475798367484,0.018972438392017926,0.2703570775753318,1985,0.0007954489026037459,0.28853406706474594,-0.02375424467784748,-0.04893356701997567,0.0014250776642807106
ds005540,de_ridge_strong,total_minus_uncalibrated_prior,0,0,-0.011944173371580793,-0.09263412166652706,0.06874577492336546,1985,-0.1423447974139821,0.1184564506708205,0.007509866671319587,-0.005729178122316337,0.020748911464955513
ds005540,de_ridge_strong,total_minus_uncalibrated_prior,0,1,-0.012846403443323884,-0.05599998020842584,0.03030717332177807,1985,-0.14324702748572518,0.11755422059907741,0.0077894700651747195,-0.005299389198491702,0.020878329328841143
ds005540,de_ridge_strong,total_minus_uncalibrated_prior,0,2,-0.018751889626883678,-0.0705866819711782,0.03308290271741084,1985,-0.14915251366928498,0.11164873441551762,0.006561138988114723,-0.006172347917083794,0.01929462589331324
ds005540,de_ridge_strong,total_minus_uncalibrated_prior,0,4,-0.013487799001513145,-0.08921896142711758,0.062243363424091286,1985,-0.14388842304391444,0.11691282504088815,0.009812208334203376,-0.005048138928519078,0.02467255559692583
ds005540,de_ridge_strong,total_minus_uncalibrated_prior,0,8,-0.012898919163534472,-0.09193802687121409,0.06614018854414515,1985,-0.14329954320593577,0.11750170487886683,0.008773798750277562,-0.006083430783160088,0.02363102828371521
ds005540,de_ridge_strong,total_minus_uncalibrated_prior,1,0,0.1360032774625414,0.0024311055202881626,0.2695754494047946,1985,0.005602653420140102,0.2664039015049427,0.03686929481278156,-0.007726967925340764,0.08146555755090389
ds005540,de_ridge_strong,total_minus_uncalibrated_prior,1,1,0.01676926512264404,-0.0929521699264521,0.1264907001717402,1985,-0.11363135891975726,0.14716988916504534,0.02589221542108433,-0.01610179863316502,0.06788622947533368
ds005540,de_ridge_strong,total_minus_uncalibrated_prior,1,2,0.005930790389491569,-0.11909762149149061,0.13095920227047375,1985,-0.12446983365290973,0.13633141443189287,0.0327306519730213,-0.004632610382688689,0.0700939143287313
ds005540,de_ridge_strong,total_minus_uncalibrated_prior,1,4,-0.011056674167480074,-0.1404178806989881,0.11830453236402796,1985,-0.14145729820988137,0.11934394987492122,0.04125383914972228,0.004256152456232967,0.07825152584321159
ds005540,de_ridge_strong,total_minus_uncalibrated_prior,1,8,-0.016500751669832725,-0.15221030389346818,0.11920880055380273,1985,-0.14690137571223402,0.11389987237256857,0.04244142943005946,0.005847890675046118,0.0790349681850728
ds005540,de_ridge_strong,total_minus_uncalibrated_prior,2,0,0.12691297754629502,-0.0007666968244743055,0.25459265191706437,1985,-0.003487646496106278,0.2573136015886963,0.004428928249147368,-0.0237226115323168,0.032580468030611535
ds005540,de_ridge_strong,total_minus_uncalibrated_prior,2,1,0.04437854780862932,-0.045048648796703936,0.1338057444139626,1985,-0.08602207623377198,0.17477917185103062,0.0059631656607075645,-0.024713324765064812,0.03663965608647994
ds005540,de_ridge_strong,total_minus_uncalibrated_prior,2,2,0.06120410516319985,-0.03750226279615429,0.159910473122554,1985,-0.06919651887920145,0.19160472920560115,0.008014090641946164,-0.016684774379117733,0.032712955663010065
ds005540,de_ridge_strong,total_minus_uncalibrated_prior,2,4,0.05598621865307557,-0.05810550611556814,0.17007794342171928,1985,-0.07441440538932573,0.18638684269547687,0.011896415960426676,-0.015900229924700245,0.0396930618455536
ds005540,de_ridge_strong,total_minus_uncalibrated_prior,2,8,0.04730096630480163,-0.07564330409350295,0.1702452367031062,1985,-0.08309965773759967,0.17770159034720293,0.010253200116838529,-0.017993661381209176,0.038500061614886234
ds005540,de_ridge_strong,total_minus_uncalibrated_prior,4,0,0.18947582896701323,0.062159795728785605,0.31679186220524086,1985,0.059075204924611935,0.31987645300941453,-0.009180589550548401,-0.03608866457651381,0.017727485475417006
ds005540,de_ridge_strong,total_minus_uncalibrated_prior,4,1,0.08010275464349181,-0.008363812766729248,0.1685693220537129,1985,-0.050297869398909484,0.2105033786858931,-0.002619164034356136,-0.029411129312309717,0.024172801243597445
ds005540,de_ridge_strong,total_minus_uncalibrated_prior,4,2,0.11244023287329286,0.012556592949125117,0.2123238727974606,1985,-0.01796039116910844,0.24284085691569415,-0.004877309219207704,-0.02856729357548812,0.018812675137072712
ds005540,de_ridge_strong,total_minus_uncalibrated_prior,4,4,0.12423838282735494,0.013073251702358166,0.2354035139523517,1985,-0.006162241215046355,0.25463900686975627,-0.006702120970036141,-0.03154938827577286,0.018145146335700583
ds005540,de_ridge_strong,total_minus_uncalibrated_prior,4,8,0.12389430397350121,0.004365753294724384,0.24342285465227803,1985,-0.00650632006890009,0.2542949280159025,-0.008001990652496516,-0.032827585752829035,0.016823604447836003
ds005540,de_ridge_strong,total_minus_uncalibrated_prior,8,0,0.193022698660864,0.06880769542826962,0.31723770189345835,1985,0.0626220746184627,0.3234233227032653,-0.017970994259368434,-0.043612355728142566,0.0076703672094056985
ds005540,de_ridge_strong,total_minus_uncalibrated_prior,8,1,0.0819074328038118,-0.0022093087807784073,0.166024174388402,1985,-0.0484931912385895,0.2123080568462131,-0.007292702194432649,-0.031512977415521254,0.016927573026655953
ds005540,de_ridge_strong,total_minus_uncalibrated_prior,8,2,0.11811002454895903,0.02238643738251367,0.21383361171540438,1985,-0.012290599493442272,0.24851064859136032,-0.010561944664553513,-0.03265946440882894,0.01153557507972192
ds005540,de_ridge_strong,total_minus_uncalibrated_prior,8,4,0.12875886592580482,0.019443392113792604,0.23807433973781705,1985,-0.0016417581165964756,0.25915948996820615,-0.010637405257511806,-0.03400516997253056,0.012730359457506942
ds005540,de_ridge_strong,total_minus_uncalibrated_prior,8,8,0.13176583882014037,0.016237097341082155,0.2472945802991986,1985,0.001365214777739071,0.26216646286254164,-0.014980445927569919,-0.038018146750524354,0.008057254895384516
ds005540,eegnet_lr1e3,eeg_added_population,0,0,-0.00040099605147441434,-0.023969615139893312,0.02316762303694448,1985,-0.024158231135544442,0.02335623903259561,-0.00043993626095484295,-0.005610902901341065,0.004731030379431379
ds005540,eegnet_lr1e3,eeg_added_population,0,1,-0.0026154680939958763,-0.013612807241353077,0.008381871053361325,1985,-0.026372703178065903,0.02114176699007415,0.0018625195903093361,-0.0029444672748765357,0.006669506455495208
ds005540,eegnet_lr1e3,eeg_added_population,0,2,0.0022744513271342748,-0.02063972758001524,0.02518863023428379,1985,-0.021482783756935752,0.0260316864112043,0.0007547738790120995,-0.0070795179144179515,0.00858906567244215
ds005540,eegnet_lr1e3,eeg_added_population,0,4,0.00988699713293989,-0.018979662515868627,0.038753656781748407,1985,-0.013870237951130137,0.03364423221700992,-0.0007453834476575105,-0.007285993780639438,0.005795226885324417
ds005540,eegnet_lr1e3,eeg_added_population,0,8,-0.00791111469111283,-0.026864762742816635,0.011042533360590974,1985,-0.03166834977518286,0.015846120392957196,0.001558790632920859,-0.004473107127009385,0.007590688392851103
ds005540,eegnet_lr1e3,eeg_added_population,1,0,-0.00040099605147441434,-0.023969615139893312,0.02316762303694448,1985,-0.024158231135544442,0.02335623903259561,-0.00043993626095484295,-0.005610902901341065,0.004731030379431379
ds005540,eegnet_lr1e3,eeg_added_population,1,1,-0.0026154680939958763,-0.013612807241353077,0.008381871053361325,1985,-0.026372703178065903,0.02114176699007415,0.0018625195903093361,-0.0029444672748765357,0.006669506455495208
ds005540,eegnet_lr1e3,eeg_added_population,1,2,0.0022744513271342748,-0.02063972758001524,0.02518863023428379,1985,-0.021482783756935752,0.0260316864112043,0.0007547738790120995,-0.0070795179144179515,0.00858906567244215
ds005540,eegnet_lr1e3,eeg_added_population,1,4,0.00988699713293989,-0.018979662515868627,0.038753656781748407,1985,-0.013870237951130137,0.03364423221700992,-0.0007453834476575105,-0.007285993780639438,0.005795226885324417
ds005540,eegnet_lr1e3,eeg_added_population,1,8,-0.00791111469111283,-0.026864762742816635,0.011042533360590974,1985,-0.03166834977518286,0.015846120392957196,0.001558790632920859,-0.004473107127009385,0.007590688392851103
ds005540,eegnet_lr1e3,eeg_added_population,2,0,-0.00040099605147441434,-0.023969615139893312,0.02316762303694448,1985,-0.024158231135544442,0.02335623903259561,-0.00043993626095484295,-0.005610902901341065,0.004731030379431379
ds005540,eegnet_lr1e3,eeg_added_population,2,1,-0.0026154680939958763,-0.013612807241353077,0.008381871053361325,1985,-0.026372703178065903,0.02114176699007415,0.0018625195903093361,-0.0029444672748765357,0.006669506455495208
ds005540,eegnet_lr1e3,eeg_added_population,2,2,0.0022744513271342748,-0.02063972758001524,0.02518863023428379,1985,-0.021482783756935752,0.0260316864112043,0.0007547738790120995,-0.0070795179144179515,0.00858906567244215
ds005540,eegnet_lr1e3,eeg_added_population,2,4,0.00988699713293989,-0.018979662515868627,0.038753656781748407,1985,-0.013870237951130137,0.03364423221700992,-0.0007453834476575105,-0.007285993780639438,0.005795226885324417
ds005540,eegnet_lr1e3,eeg_added_population,2,8,-0.00791111469111283,-0.026864762742816635,0.011042533360590974,1985,-0.03166834977518286,0.015846120392957196,0.001558790632920859,-0.004473107127009385,0.007590688392851103
ds005540,eegnet_lr1e3,eeg_added_population,4,0,-0.00040099605147441434,-0.023969615139893312,0.02316762303694448,1985,-0.024158231135544442,0.02335623903259561,-0.00043993626095484295,-0.005610902901341065,0.004731030379431379
ds005540,eegnet_lr1e3,eeg_added_population,4,1,-0.0026154680939958763,-0.013612807241353077,0.008381871053361325,1985,-0.026372703178065903,0.02114176699007415,0.0018625195903093361,-0.0029444672748765357,0.006669506455495208
ds005540,eegnet_lr1e3,eeg_added_population,4,2,0.0022744513271342748,-0.02063972758001524,0.02518863023428379,1985,-0.021482783756935752,0.0260316864112043,0.0007547738790120995,-0.0070795179144179515,0.00858906567244215
ds005540,eegnet_lr1e3,eeg_added_population,4,4,0.00988699713293989,-0.018979662515868627,0.038753656781748407,1985,-0.013870237951130137,0.03364423221700992,-0.0007453834476575105,-0.007285993780639438,0.005795226885324417
ds005540,eegnet_lr1e3,eeg_added_population,4,8,-0.00791111469111283,-0.026864762742816635,0.011042533360590974,1985,-0.03166834977518286,0.015846120392957196,0.001558790632920859,-0.004473107127009385,0.007590688392851103
ds005540,eegnet_lr1e3,eeg_added_population,8,0,-0.00040099605147441434,-0.023969615139893312,0.02316762303694448,1985,-0.024158231135544442,0.02335623903259561,-0.00043993626095484295,-0.005610902901341065,0.004731030379431379
ds005540,eegnet_lr1e3,eeg_added_population,8,1,-0.0026154680939958763,-0.013612807241353077,0.008381871053361325,1985,-0.026372703178065903,0.02114176699007415,0.0018625195903093361,-0.0029444672748765357,0.006669506455495208
ds005540,eegnet_lr1e3,eeg_added_population,8,2,0.0022744513271342748,-0.02063972758001524,0.02518863023428379,1985,-0.021482783756935752,0.0260316864112043,0.0007547738790120995,-0.0070795179144179515,0.00858906567244215
ds005540,eegnet_lr1e3,eeg_added_population,8,4,0.00988699713293989,-0.018979662515868627,0.038753656781748407,1985,-0.013870237951130137,0.03364423221700992,-0.0007453834476575105,-0.007285993780639438,0.005795226885324417
ds005540,eegnet_lr1e3,eeg_added_population,8,8,-0.00791111469111283,-0.026864762742816635,0.011042533360590974,1985,-0.03166834977518286,0.015846120392957196,0.001558790632920859,-0.004473107127009385,0.007590688392851103
ds005540,eegnet_lr1e3,eeg_added_matched_calibration,0,0,-0.00040099605147441434,-0.023969615139893312,0.02316762303694448,1985,-0.024455674451530598,0.023653682348581766,-0.00043993626095484295,-0.005610902901341065,0.004731030379431379
ds005540,eegnet_lr1e3,eeg_added_matched_calibration,0,1,-0.0026154680939958763,-0.013612807241353077,0.008381871053361325,1985,-0.02667014649405206,0.021439210306060306,0.0018625195903093361,-0.0029444672748765357,0.006669506455495208
ds005540,eegnet_lr1e3,eeg_added_matched_calibration,0,2,0.0022744513271342748,-0.02063972758001524,0.02518863023428379,1985,-0.021780227072921907,0.026329129727190457,0.0007547738790120995,-0.0070795179144179515,0.00858906567244215
ds005540,eegnet_lr1e3,eeg_added_matched_calibration,0,4,0.00988699713293989,-0.018979662515868627,0.038753656781748407,1985,-0.014167681267116292,0.03394167553299607,-0.0007453834476575105,-0.007285993780639438,0.005795226885324417
ds005540,eegnet_lr1e3,eeg_added_matched_calibration,0,8,-0.00791111469111283,-0.026864762742816635,0.011042533360590974,1985,-0.03196579309116901,0.01614356370894335,0.001558790632920859,-0.004473107127009385,0.007590688392851103
ds005540,eegnet_lr1e3,eeg_added_matched_calibration,1,0,0.003235931373385015,-0.0034328634604348833,0.009904726207204912,1985,-0.020818747026671167,0.027290609773441197,-0.00026419197349272783,-0.0022840027407214224,0.0017556187937359667
ds005540,eegnet_lr1e3,eeg_added_matched_calibration,1,1,-0.0005691296285363912,-0.005623313309749278,0.004485054052676496,1985,-0.024623808028592573,0.02348554877151979,0.0007557807439867448,-0.0011959406946359878,0.0027075021826094775
ds005540,eegnet_lr1e3,eeg_added_matched_calibration,1,2,0.0022437838449933523,-0.010375742679791902,0.014863310369778606,1985,-0.02181089455506283,0.026298462245049534,-0.000454949469505056,-0.004217766354782795,0.0033078674157726823
ds005540,eegnet_lr1e3,eeg_added_matched_calibration,1,4,0.00317953578570751,-0.010724765959634976,0.017083837531049997,1985,-0.020875142614348672,0.027234214185763692,0.00020624050236367486,-0.003907970046335872,0.004320451051063222
ds005540,eegnet_lr1e3,eeg_added_matched_calibration,1,8,-0.0018530675547656639,-0.008972664334997583,0.005266529225466257,1985,-0.025907745954821846,0.022201610845290518,0.00030764311826331214,-0.0018337543686726488,0.002449040605199273
ds005540,eegnet_lr1e3,eeg_added_matched_calibration,2,0,0.0006747279377941895,-0.00759379659139086,0.008943252466979239,1985,-0.023379950462261993,0.02472940633785037,0.0003158836005894283,-0.0015829279268609769,0.0022146951280398335
ds005540,eegnet_lr1e3,eeg_added_matched_calibration,2,1,-0.0013283587495601656,-0.006537991880916201,0.0038812743817958698,1985,-0.025383037149616348,0.022726319650496016,0.00022933684007703237,-0.0012778476833666956,0.0017365213635207604
ds005540,eegnet_lr1e3,eeg_added_matched_calibration,2,2,-0.0018726997542863888,-0.013762355987489006,0.010016956478916228,1985,-0.02592737815434257,0.022181978645769793,-0.00022044353270830874,-0.0036061544314268316,0.003165267366010214
ds005540,eegnet_lr1e3,eeg_added_matched_calibration,2,4,-0.00026484087441580595,-0.014143398115278817,0.013613716366447206,1985,-0.024319519274471988,0.023789837525640376,0.00027307855644986834,-0.002963246477299268,0.0035094035901990046
ds005540,eegnet_lr1e3,eeg_added_matched_calibration,2,8,-0.0027278366443971303,-0.011352580591121332,0.005896907302327071,1985,-0.026782515044453312,0.021326841755659052,0.0006137860478669377,-0.001504206305123594,0.0027317784008574694
ds005540,eegnet_lr1e3,eeg_added_matched_calibration,4,0,0.0017735352657870795,-0.006580673787443245,0.010127744319017404,1985,-0.022281143134269103,0.02582821366584326,-0.0003747612760623409,-0.001976423484143952,0.0012269009320192703
ds005540,eegnet_lr1e3,eeg_added_matched_calibration,4,1,-0.0008572652601961384,-0.004625633678751481,0.0029111031583592037,1985,-0.02491194366025232,0.023197413139860044,0.0004501881863406554,-0.0008155397147395157,0.0017159160874208265
ds005540,eegnet_lr1e3,eeg_added_matched_calibration,4,2,-0.00040605348713373957,-0.012006988601004291,0.011194881626736812,1985,-0.02446073188718992,0.023648624912922443,-0.0002832723548429339,-0.003648019708017347,0.0030814749983314794
ds005540,eegnet_lr1e3,eeg_added_matched_calibration,4,4,-0.001065897289244555,-0.013538832992213834,0.011407038413724724,1985,-0.025120575689300737,0.022988781110811627,0.00031726352443472994,-0.0025611349240878332,0.003195661972957293
ds005540,eegnet_lr1e3,eeg_added_matched_calibration,4,8,-0.001456786349444239,-0.008013794523524563,0.005100221824636085,1985,-0.02551146474950042,0.022597892050611943,0.00014861948119304635,-0.0017124428910702731,0.0020096818534563656
ds005540,eegnet_lr1e3,eeg_added_matched_calibration,8,0,0.003002485255175935,-0.007109677012678591,0.013114647523030461,1985,-0.021052193144880247,0.027057163655232117,-0.000514331098649623,-0.002173390709033662,0.001144728511734416
ds005540,eegnet_lr1e3,eeg_added_matched_calibration,8,1,-0.0005759404553928871,-0.004472029043066062,0.003320148132280288,1985,-0.02463061885544907,0.023478737944663295,0.00039400185817917155,-0.0009473658827974971,0.0017353695991558402
ds005540,eegnet_lr1e3,eeg_added_matched_calibration,8,2,-0.000617686930308281,-0.012898919738152484,0.011663545877535922,1985,-0.024672365330364463,0.0234369914697479,2.6888148449144555e-05,-0.0032976237408172556,0.0033514000377155447
ds005540,eegnet_lr1e3,eeg_added_matched_calibration,8,4,-0.0011810111683954183,-0.01465347074265313,0.012291448405862293,1985,-0.0252356895684516,0.022873667231660764,0.0005575364881429401,-0.002132366207703405,0.003247439183989285
ds005540,eegnet_lr1e3,eeg_added_matched_calibration,8,8,-0.0019861172610896594,-0.008626099522085262,0.004653864999905944,1985,-0.02604079566114584,0.022068561138966523,0.00033820761333680505,-0.0011450583261067748,0.001821473552780385
ds005540,eegnet_lr1e3,prior_calibration_gain,0,0,0.0,0.0,0.0,1985,-0.12964144783171755,0.12964144783171755,0.0,0.0,0.0
ds005540,eegnet_lr1e3,prior_calibration_gain,0,1,0.0,0.0,0.0,1985,-0.12964144783171755,0.12964144783171755,0.0,0.0,0.0
ds005540,eegnet_lr1e3,prior_calibration_gain,0,2,0.0,0.0,0.0,1985,-0.12964144783171755,0.12964144783171755,0.0,0.0,0.0
ds005540,eegnet_lr1e3,prior_calibration_gain,0,4,0.0,0.0,0.0,1985,-0.12964144783171755,0.12964144783171755,0.0,0.0,0.0
ds005540,eegnet_lr1e3,prior_calibration_gain,0,8,0.0,0.0,0.0,1985,-0.12964144783171755,0.12964144783171755,0.0,0.0,0.0
ds005540,eegnet_lr1e3,prior_calibration_gain,1,0,0.13942400367279775,0.0029188931532966866,0.2759291141922988,1985,0.009782555841080204,0.26906545150451533,0.03201684061263571,-0.014694753183912314,0.07872843440918373
ds005540,eegnet_lr1e3,prior_calibration_gain,1,1,0.020243552285919175,-0.08994684099484161,0.13043394556667998,1985,-0.10939789554579837,0.14988500011763672,0.02546006133935047,-0.0185922789308409,0.06951240160954184
ds005540,eegnet_lr1e3,prior_calibration_gain,1,2,0.005696107559400199,-0.12485000310168243,0.13624221822048282,1985,-0.12394534027231735,0.13533755539111775,0.033865302417263154,-0.005051858997183058,0.07278246383170936
ds005540,eegnet_lr1e3,prior_calibration_gain,1,4,0.0004809728596645302,-0.13576824493518067,0.13673019065450973,1985,-0.12916047497205302,0.13012242069138208,0.03683681285014001,-0.0023605378835337143,0.07603416358381374
ds005540,eegnet_lr1e3,prior_calibration_gain,1,8,-0.0051155723635893935,-0.14900388116339786,0.13877273643621907,1985,-0.13475702019530694,0.12452587546812816,0.03864008458672469,-0.0010152334220602313,0.0782954025955096
ds005540,eegnet_lr1e3,prior_calibration_gain,2,0,0.13636464028270495,0.01501140958550598,0.25771787097990395,1985,0.006723192450987403,0.2660060881144225,-0.0002692030614430685,-0.027764595137132222,0.027226189014246085
ds005540,eegnet_lr1e3,prior_calibration_gain,2,1,0.04876702860725174,-0.038559434657934474,0.13609349187243797,1985,-0.08087441922446581,0.1784084764389693,0.005938020076857842,-0.0240755178544228,0.035951558008138484
ds005540,eegnet_lr1e3,prior_calibration_gain,2,2,0.06686990454262631,-0.03296403231072191,0.16670384139597455,1985,-0.06277154328909124,0.19651135237434386,0.00607292469070958,-0.019031322135882975,0.031177171517302135
ds005540,eegnet_lr1e3,prior_calibration_gain,2,4,0.07111753358757883,-0.041388414452589034,0.1836234816277467,1985,-0.05852391424413872,0.20075898141929638,0.005010298045500239,-0.021159408001812957,0.031180004092813435
ds005540,eegnet_lr1e3,prior_calibration_gain,2,8,0.06521585154998333,-0.055759363182050076,0.18619106628201673,1985,-0.06442559628173422,0.19485729938170088,0.004622578479073547,-0.022386289170469826,0.031631446128616916
ds005540,eegnet_lr1e3,prior_calibration_gain,4,0,0.20127149421980242,0.08080584450906049,0.32173714393054437,1985,0.07163004638808487,0.33091294205152,-0.011251346838891368,-0.03774661976205787,0.015243926084275137
ds005540,eegnet_lr1e3,prior_calibration_gain,4,1,0.08258857941847991,-0.00336493997411437,0.16854209881107418,1985,-0.047052868413237636,0.21223002725019746,-0.004407244157308032,-0.03093826675990936,0.022123778445293295
ds005540,eegnet_lr1e3,prior_calibration_gain,4,2,0.11641943695711388,0.017549574035254784,0.21528929987897297,1985,-0.013222010874603674,0.24606088478883142,-0.005772317024803769,-0.02947154101491087,0.017926906965303333
ds005540,eegnet_lr1e3,prior_calibration_gain,4,4,0.1352813300886601,0.024382511829871223,0.246180148347449,1985,0.005639882256942563,0.26492277792037766,-0.012757864757073328,-0.03816192020836565,0.012646190694218996
ds005540,eegnet_lr1e3,prior_calibration_gain,4,8,0.1367388112033453,0.018356809277231947,0.25512081312945867,1985,0.007097363371627752,0.26638025903506285,-0.011765905224174755,-0.03728032652551953,0.013748516077170023
ds005540,eegnet_lr1e3,prior_calibration_gain,8,0,0.20355097551998702,0.08686608804864614,0.3202358629913279,1985,0.07390952768826947,0.33319242335170457,-0.019993443667244842,-0.04462274817783514,0.004635860843345458
ds005540,eegnet_lr1e3,prior_calibration_gain,8,1,0.08449360488325314,0.0014158584328454044,0.16757135133366086,1985,-0.04514784294846441,0.2141350527149707,-0.009241721490872629,-0.03329624973772427,0.014812806755979017
ds005540,eegnet_lr1e3,prior_calibration_gain,8,2,0.12036093581954399,0.025047527292926905,0.21567434434616106,1985,-0.009280512012173558,0.25000238365126154,-0.010701759852282056,-0.03313268739672437,0.011729167692160258
ds005540,eegnet_lr1e3,prior_calibration_gain,8,4,0.1375631677299794,0.03028959822489294,0.24483673723506585,1985,0.007921719898261848,0.26720461556169695,-0.014330020618839284,-0.03811937057303619,0.009459329335357619
ds005540,eegnet_lr1e3,prior_calibration_gain,8,8,0.14200573328791455,0.029578554276633903,0.2544329122991952,1985,0.012364285456197,0.2716471811196321,-0.017825760202544838,-0.04171877696193126,0.006067256556841587
ds005540,eegnet_lr1e3,combined_calibration_gain,0,0,0.0,0.0,0.0,1985,-0.13127109598667402,0.13127109598667402,0.0,0.0,0.0
ds005540,eegnet_lr1e3,combined_calibration_gain,0,1,0.0,0.0,0.0,1985,-0.13127109598667402,0.13127109598667402,0.0,0.0,0.0
ds005540,eegnet_lr1e3,combined_calibration_gain,0,2,0.0,0.0,0.0,1985,-0.13127109598667402,0.13127109598667402,0.0,0.0,0.0
ds005540,eegnet_lr1e3,combined_calibration_gain,0,4,0.0,0.0,0.0,1985,-0.13127109598667402,0.13127109598667402,0.0,0.0,0.0
ds005540,eegnet_lr1e3,combined_calibration_gain,0,8,0.0,0.0,0.0,1985,-0.13127109598667402,0.13127109598667402,0.0,0.0,0.0
ds005540,eegnet_lr1e3,combined_calibration_gain,1,0,0.14306093109765716,0.005810188312845493,0.2803116738824688,1985,0.011789835110983138,0.2743320270843312,0.032192584900097826,-0.013718456365589861,0.0781036261657855
ds005540,eegnet_lr1e3,combined_calibration_gain,1,1,0.02228989075137866,-0.08937343025646628,0.1339532117592236,1985,-0.10898120523529536,0.15356098673805268,0.02435332249302788,-0.020929837001978036,0.0696364819880338
ds005540,eegnet_lr1e3,combined_calibration_gain,1,2,0.005665440077259276,-0.12652139540006402,0.13785227555458257,1985,-0.12560565590941475,0.1369365360639333,0.032655579068746,-0.0072548000913862515,0.07256595822887825
ds005540,eegnet_lr1e3,combined_calibration_gain,1,4,-0.0062264884875678495,-0.14290506878897297,0.13045209181383727,1985,-0.13749758447424187,0.12504460749910618,0.037788436800161196,-0.002001757169445041,0.07757863076976743
ds005540,eegnet_lr1e3,combined_calibration_gain,1,8,0.0009424747727577731,-0.14500810562085348,0.14689305516636902,1985,-0.13032862121391625,0.1322135707594318,0.03738893707206714,-0.0032862072827248845,0.07806408142685917
ds005540,eegnet_lr1e3,combined_calibration_gain,2,0,0.13744036427197354,0.016105614504379737,0.2587751140395673,1985,0.006169268285299512,0.26871146025864756,0.0004866168001012028,-0.02646910729860229,0.027442340898804696
ds005540,eegnet_lr1e3,combined_calibration_gain,2,1,0.05005413795168745,-0.03842212752314016,0.13853040342651507,1985,-0.08121695803498657,0.18132523393836147,0.004304837326625538,-0.02698472050410884,0.03559439515735992
ds005540,eegnet_lr1e3,combined_calibration_gain,2,2,0.06272275346120565,-0.0371929210626354,0.16263842798504669,1985,-0.06854834252546838,0.19399384944787967,0.005097707278989172,-0.02096707954534778,0.031162494103326124
ds005540,eegnet_lr1e3,combined_calibration_gain,2,4,0.060965695580223134,-0.046359140296666115,0.16829053145711237,1985,-0.07030540040645089,0.19223679156689716,0.006028760049607618,-0.02067597838161438,0.03273349848082961
ds005540,eegnet_lr1e3,combined_calibration_gain,2,8,0.07039912959669903,-0.05359026555429859,0.19438852474769663,1985,-0.060871966389974996,0.20167022558337305,0.0036775738940196256,-0.024643116044008755,0.031998263832048006
ds005540,eegnet_lr1e3,combined_calibration_gain,4,0,0.2034460255370639,0.08003046494345979,0.326861586130668,1985,0.07217492955038987,0.3347171215237379,-0.011186171853998866,-0.037927885268896344,0.015555541560898615
ds005540,eegnet_lr1e3,combined_calibration_gain,4,1,0.08434678225227965,-0.003874438791907603,0.1725680032964669,1985,-0.046924313734394374,0.21561787823895368,-0.005819575561276713,-0.03362203225267636,0.021982881130122933
ds005540,eegnet_lr1e3,combined_calibration_gain,4,2,0.11373893214284586,0.012706102010657624,0.21477176227503408,1985,-0.017532163843828164,0.24501002812951989,-0.0068103632586588025,-0.03132490637387275,0.01770417985655515
ds005540,eegnet_lr1e3,combined_calibration_gain,4,4,0.12432843566647567,0.0171091588712311,0.23154771246172023,1985,-0.006942660320198357,0.2555995316531497,-0.011695217784981088,-0.03762736780950822,0.014236932239546043
ds005540,eegnet_lr1e3,combined_calibration_gain,4,8,0.1431931395450139,0.020246449350481074,0.2661398297395467,1985,0.011922043558339868,0.2744642355316879,-0.013176076375902568,-0.03988715320081417,0.013535000449009037
ds005540,eegnet_lr1e3,combined_calibration_gain,8,0,0.20695445682663735,0.08816015381917032,0.3257487598341044,1985,0.07568336083996333,0.33822555281331135,-0.020067838504939622,-0.0456760469072243,0.005540369897345056
ds005540,eegnet_lr1e3,combined_calibration_gain,8,1,0.08653313252185613,0.0012904158213161987,0.17177584922239605,1985,-0.0447379634648179,0.21780422850853015,-0.010710239223002793,-0.03609812596235537,0.014677647516349788
ds005540,eegnet_lr1e3,combined_calibration_gain,8,2,0.11746879756210143,0.019311671845552922,0.21562592327864993,1985,-0.01380229842457259,0.24873989354877546,-0.01142964558284501,-0.03534631873654119,0.012487027570851173
ds005540,eegnet_lr1e3,combined_calibration_gain,8,4,0.1264951594286441,0.022048637956235906,0.23094168090105227,1985,-0.004775936558029936,0.2577662554153181,-0.013027100683038834,-0.037571514064750774,0.011517312698673107
ds005540,eegnet_lr1e3,combined_calibration_gain,8,8,0.14793073071793772,0.029702009235346105,0.26615945220052933,1985,0.016659634731263695,0.27920182670461174,-0.019046343222128892,-0.044900150351965915,0.006807463907708127
ds005540,eegnet_lr1e3,total_minus_uncalibrated_prior,0,0,-0.00040099605147441434,-0.023969615139893312,0.02316762303694448,1985,-0.13130449787442344,0.1305025057714746,-0.00043993626095484295,-0.005610902901341065,0.004731030379431379
ds005540,eegnet_lr1e3,total_minus_uncalibrated_prior,0,1,-0.0026154680939958763,-0.013612807241353077,0.008381871053361325,1985,-0.1335189699169449,0.12828803372895314,0.0018625195903093361,-0.0029444672748765357,0.006669506455495208
ds005540,eegnet_lr1e3,total_minus_uncalibrated_prior,0,2,0.0022744513271342748,-0.02063972758001524,0.02518863023428379,1985,-0.12862905049581475,0.1331779531500833,0.0007547738790120995,-0.0070795179144179515,0.00858906567244215
ds005540,eegnet_lr1e3,total_minus_uncalibrated_prior,0,4,0.00988699713293989,-0.018979662515868627,0.038753656781748407,1985,-0.12101650469000913,0.1407904989558889,-0.0007453834476575105,-0.007285993780639438,0.005795226885324417
ds005540,eegnet_lr1e3,total_minus_uncalibrated_prior,0,8,-0.00791111469111283,-0.026864762742816635,0.011042533360590974,1985,-0.13881461651406185,0.12299238713183619,0.001558790632920859,-0.004473107127009385,0.007590688392851103
ds005540,eegnet_lr1e3,total_minus_uncalibrated_prior,1,0,0.14265993504618277,0.005857883343079268,0.27946198674928624,1985,0.011756433223233748,0.27356343686913176,0.03175264863914298,-0.01474854033998143,0.0782538376182674
ds005540,eegnet_lr1e3,total_minus_uncalibrated_prior,1,1,0.019674422657382784,-0.09080780479665866,0.13015665011142424,1985,-0.11122907916556624,0.1505779244803318,0.026215842083337215,-0.017883873516662173,0.07031555768333661
ds005540,eegnet_lr1e3,total_minus_uncalibrated_prior,1,2,0.007939891404393551,-0.1237283132402478,0.1396080960490349,1985,-0.12296361041855547,0.13884339322734257,0.0334103529477581,-0.005370236741253191,0.0721909426367694
ds005540,eegnet_lr1e3,total_minus_uncalibrated_prior,1,4,0.0036605086453720403,-0.1335592415341301,0.14088025882487418,1985,-0.12724299317757698,0.13456401046832106,0.037043053352503685,-0.002126406862619702,0.07621251356762707
ds005540,eegnet_lr1e3,total_minus_uncalibrated_prior,1,8,-0.006968639918355057,-0.15078845246331288,0.13685117262660276,1985,-0.13787214174130408,0.12393486190459396,0.038947727704988,-0.0007912397663102574,0.07868669517628626
ds005540,eegnet_lr1e3,total_minus_uncalibrated_prior,2,0,0.13703936822049914,0.015341359375824246,0.258737377065174,1985,0.0061358663975501215,0.2679428700434482,4.6680539146359834e-05,-0.027184741930233312,0.027278103008526032
ds005540,eegnet_lr1e3,total_minus_uncalibrated_prior,2,1,0.04743866985769157,-0.04003219561280401,0.13490953532818717,1985,-0.08346483196525745,0.1783421716806406,0.006167356916934874,-0.023855150024169988,0.03618986385803974
ds005540,eegnet_lr1e3,total_minus_uncalibrated_prior,2,2,0.06499720478833992,-0.03579888760775052,0.16579329718443037,1985,-0.0659062970346091,0.19590070661128894,0.0058524811580012714,-0.0190737703300712,0.030778732646073743
ds005540,eegnet_lr1e3,total_minus_uncalibrated_prior,2,4,0.07085269271316302,-0.04199141910958176,0.1836968045359078,1985,-0.060050809109785996,0.20175619453611204,0.005283376601950107,-0.020655988205328876,0.03122274140922909
ds005540,eegnet_lr1e3,total_minus_uncalibrated_prior,2,8,0.0624880149055862,-0.058808499662875796,0.1837845294740482,1985,-0.06841548691736282,0.19339151672853522,0.005236364526940485,-0.02181650073329317,0.032289229787174134
ds005540,eegnet_lr1e3,total_minus_uncalibrated_prior,4,0,0.2030450294855895,0.08108926716673363,0.32500079180444535,1985,0.07214152766264048,0.3339485313085385,-0.01162610811495371,-0.03859074625218016,0.015338530022272739
ds005540,eegnet_lr1e3,total_minus_uncalibrated_prior,4,1,0.08173131415828377,-0.0048820765986355985,0.16834470491520315,1985,-0.049172187664665246,0.2126348159812328,-0.003957055970967377,-0.03060549185778752,0.022691379915852766
ds005540,eegnet_lr1e3,total_minus_uncalibrated_prior,4,2,0.11601338346998014,0.016344482395957788,0.21568228454400248,1985,-0.014890118352968884,0.24691688529292916,-0.006055589379646703,-0.02974133107559115,0.017630152316297745
ds005540,eegnet_lr1e3,total_minus_uncalibrated_prior,4,4,0.13421543279941556,0.022909527675778918,0.2455213379230522,1985,0.0033119309764665372,0.2651189346223646,-0.012440601232638598,-0.03803997022897043,0.013158767763693235
ds005540,eegnet_lr1e3,total_minus_uncalibrated_prior,4,8,0.13528202485390106,0.016640254362272303,0.25392379534552983,1985,0.004378523030952042,0.2661855266768501,-0.011617285742981709,-0.03691867779717826,0.01368410631121484
ds005540,eegnet_lr1e3,total_minus_uncalibrated_prior,8,0,0.20655346077516296,0.08767185071084593,0.32543507083948,1985,0.07564995895221394,0.337456962598112,-0.020507774765894465,-0.04556056255112262,0.0045450130193336845
ds005540,eegnet_lr1e3,total_minus_uncalibrated_prior,8,1,0.08391766442786025,0.00017009976151155515,0.16766522909420895,1985,-0.04698583739508877,0.21482116625080927,-0.008847719632693457,-0.033069090710989686,0.015373651445602772
ds005540,eegnet_lr1e3,total_minus_uncalibrated_prior,8,2,0.11974324888923571,0.022165158174321686,0.21732133960414973,1985,-0.01116025293371331,0.25064675071218473,-0.010674871703832911,-0.03342225100194203,0.012072507594276211
ds005540,eegnet_lr1e3,total_minus_uncalibrated_prior,8,4,0.13638215656158398,0.028318118584201024,0.24444619453896693,1985,0.005478654738634958,0.267285658384533,-0.013772484130696344,-0.03773147611264917,0.010186507851256483
ds005540,eegnet_lr1e3,total_minus_uncalibrated_prior,8,8,0.1400196160268249,0.027205821901648802,0.252833410152001,1985,0.009116114203875869,0.2709231178497739,-0.017487552589208033,-0.0412893789758043,0.0063142737973882306
ds005540,eegnet_lr1e4,eeg_added_population,0,0,9.451601949281833e-05,-0.010472468474805246,0.010661500513790882,1985,-0.008534505987082011,0.008723538026067647,-0.00019046275288170378,-0.0018967384760818654,0.0015158129703184578
ds005540,eegnet_lr1e4,eeg_added_population,0,1,-0.0011435468087852563,-0.006468807449371879,0.004181713831801367,1985,-0.009772568815360086,0.007485475197789573,0.0008739442461774827,-0.0006398851760218989,0.0023877736683768644
ds005540,eegnet_lr1e4,eeg_added_population,0,2,-0.0011919009952656712,-0.00953680089998492,0.007152998909453577,1985,-0.0098209230018405,0.007437121011309158,0.00011160595394479889,-0.0016430598258203107,0.0018662717337099084
ds005540,eegnet_lr1e4,eeg_added_population,0,4,0.0008954724023291227,-0.009620829424796418,0.011411774229454663,1985,-0.007733549604245707,0.009524494408903952,1.4773884708219054e-05,-0.001943248808184377,0.001972796577600815
ds005540,eegnet_lr1e4,eeg_added_population,0,8,0.0005017600531075916,-0.007609918571285304,0.008613438677500487,1985,-0.008127261953467238,0.009130782059682421,-0.00038365363323789037,-0.0020254242032425197,0.0012581169367667387
ds005540,eegnet_lr1e4,eeg_added_population,1,0,9.451601949281833e-05,-0.010472468474805246,0.010661500513790882,1985,-0.008534505987082011,0.008723538026067647,-0.00019046275288170378,-0.0018967384760818654,0.0015158129703184578
ds005540,eegnet_lr1e4,eeg_added_population,1,1,-0.0011435468087852563,-0.006468807449371879,0.004181713831801367,1985,-0.009772568815360086,0.007485475197789573,0.0008739442461774827,-0.0006398851760218989,0.0023877736683768644
ds005540,eegnet_lr1e4,eeg_added_population,1,2,-0.0011919009952656712,-0.00953680089998492,0.007152998909453577,1985,-0.0098209230018405,0.007437121011309158,0.00011160595394479889,-0.0016430598258203107,0.0018662717337099084
ds005540,eegnet_lr1e4,eeg_added_population,1,4,0.0008954724023291227,-0.009620829424796418,0.011411774229454663,1985,-0.007733549604245707,0.009524494408903952,1.4773884708219054e-05,-0.001943248808184377,0.001972796577600815
ds005540,eegnet_lr1e4,eeg_added_population,1,8,0.0005017600531075916,-0.007609918571285304,0.008613438677500487,1985,-0.008127261953467238,0.009130782059682421,-0.00038365363323789037,-0.0020254242032425197,0.0012581169367667387
ds005540,eegnet_lr1e4,eeg_added_population,2,0,9.451601949281833e-05,-0.010472468474805246,0.010661500513790882,1985,-0.008534505987082011,0.008723538026067647,-0.00019046275288170378,-0.0018967384760818654,0.0015158129703184578
ds005540,eegnet_lr1e4,eeg_added_population,2,1,-0.0011435468087852563,-0.006468807449371879,0.004181713831801367,1985,-0.009772568815360086,0.007485475197789573,0.0008739442461774827,-0.0006398851760218989,0.0023877736683768644
ds005540,eegnet_lr1e4,eeg_added_population,2,2,-0.0011919009952656712,-0.00953680089998492,0.007152998909453577,1985,-0.0098209230018405,0.007437121011309158,0.00011160595394479889,-0.0016430598258203107,0.0018662717337099084
ds005540,eegnet_lr1e4,eeg_added_population,2,4,0.0008954724023291227,-0.009620829424796418,0.011411774229454663,1985,-0.007733549604245707,0.009524494408903952,1.4773884708219054e-05,-0.001943248808184377,0.001972796577600815
ds005540,eegnet_lr1e4,eeg_added_population,2,8,0.0005017600531075916,-0.007609918571285304,0.008613438677500487,1985,-0.008127261953467238,0.009130782059682421,-0.00038365363323789037,-0.0020254242032425197,0.0012581169367667387
ds005540,eegnet_lr1e4,eeg_added_population,4,0,9.451601949281833e-05,-0.010472468474805246,0.010661500513790882,1985,-0.008534505987082011,0.008723538026067647,-0.00019046275288170378,-0.0018967384760818654,0.0015158129703184578
ds005540,eegnet_lr1e4,eeg_added_population,4,1,-0.0011435468087852563,-0.006468807449371879,0.004181713831801367,1985,-0.009772568815360086,0.007485475197789573,0.0008739442461774827,-0.0006398851760218989,0.0023877736683768644
ds005540,eegnet_lr1e4,eeg_added_population,4,2,-0.0011919009952656712,-0.00953680089998492,0.007152998909453577,1985,-0.0098209230018405,0.007437121011309158,0.00011160595394479889,-0.0016430598258203107,0.0018662717337099084
ds005540,eegnet_lr1e4,eeg_added_population,4,4,0.0008954724023291227,-0.009620829424796418,0.011411774229454663,1985,-0.007733549604245707,0.009524494408903952,1.4773884708219054e-05,-0.001943248808184377,0.001972796577600815
ds005540,eegnet_lr1e4,eeg_added_population,4,8,0.0005017600531075916,-0.007609918571285302,0.008613438677500486,1985,-0.008127261953467238,0.009130782059682421,-0.00038365363323789037,-0.0020254242032425197,0.0012581169367667387
ds005540,eegnet_lr1e4,eeg_added_population,8,0,9.451601949281833e-05,-0.010472468474805246,0.010661500513790882,1985,-0.008534505987082011,0.008723538026067647,-0.00019046275288170378,-0.0018967384760818654,0.0015158129703184578
ds005540,eegnet_lr1e4,eeg_added_population,8,1,-0.0011435468087852563,-0.006468807449371879,0.004181713831801367,1985,-0.009772568815360086,0.007485475197789573,0.0008739442461774827,-0.0006398851760218989,0.0023877736683768644
ds005540,eegnet_lr1e4,eeg_added_population,8,2,-0.0011919009952656712,-0.00953680089998492,0.007152998909453577,1985,-0.0098209230018405,0.007437121011309158,0.00011160595394479889,-0.0016430598258203107,0.0018662717337099084
ds005540,eegnet_lr1e4,eeg_added_population,8,4,0.0008954724023291227,-0.009620829424796418,0.011411774229454663,1985,-0.007733549604245707,0.009524494408903952,1.4773884708219054e-05,-0.001943248808184377,0.001972796577600815
ds005540,eegnet_lr1e4,eeg_added_population,8,8,0.0005017600531075916,-0.007609918571285304,0.008613438677500487,1985,-0.008127261953467238,0.009130782059682421,-0.00038365363323789037,-0.0020254242032425197,0.0012581169367667387
ds005540,eegnet_lr1e4,eeg_added_matched_calibration,0,0,9.451601949281833e-05,-0.010472468474805246,0.010661500513790882,1985,-0.009077062286541775,0.009266094325527411,-0.00019046275288170378,-0.0018967384760818654,0.0015158129703184578
ds005540,eegnet_lr1e4,eeg_added_matched_calibration,0,1,-0.0011435468087852563,-0.006468807449371879,0.004181713831801367,1985,-0.01031512511481985,0.008028031497249337,0.0008739442461774827,-0.0006398851760218989,0.0023877736683768644
ds005540,eegnet_lr1e4,eeg_added_matched_calibration,0,2,-0.0011919009952656712,-0.00953680089998492,0.007152998909453577,1985,-0.010363479301300264,0.007979677310768922,0.00011160595394479889,-0.0016430598258203107,0.0018662717337099084
ds005540,eegnet_lr1e4,eeg_added_matched_calibration,0,4,0.0008954724023291227,-0.009620829424796418,0.011411774229454663,1985,-0.00827610590370547,0.010067050708363716,1.4773884708219054e-05,-0.001943248808184377,0.001972796577600815
ds005540,eegnet_lr1e4,eeg_added_matched_calibration,0,8,0.0005017600531075916,-0.007609918571285304,0.008613438677500487,1985,-0.008669818252927002,0.009673338359142185,-0.00038365363323789037,-0.0020254242032425197,0.0012581169367667387
ds005540,eegnet_lr1e4,eeg_added_matched_calibration,1,0,0.0009787614450659232,-0.0049987661225472015,0.006956289012679048,1985,-0.00819281686096867,0.010150339751100516,0.0009614959614551999,-0.0007910996070810278,0.0027140915299914276
ds005540,eegnet_lr1e4,eeg_added_matched_calibration,1,1,-0.0002913641099440145,-0.003996904253762041,0.0034141760338740118,1985,-0.009462942415978608,0.008880214196090579,0.0005120640441448332,-0.0012708655151510428,0.0022949936034407092
ds005540,eegnet_lr1e4,eeg_added_matched_calibration,1,2,0.0003776469129940785,-0.004571079951471428,0.005326373777459585,1985,-0.008793931393040515,0.009549225219028672,0.0006100554845829276,-0.0013909395192474297,0.002611050488413285
ds005540,eegnet_lr1e4,eeg_added_matched_calibration,1,4,0.00038692582032107126,-0.005782307463223921,0.006556159103866063,1985,-0.008784652485713522,0.009558504126355664,0.0009946443516228864,-0.0013903224340846608,0.0033796111373304337
ds005540,eegnet_lr1e4,eeg_added_matched_calibration,1,8,-0.0005741233086611897,-0.005802124681296895,0.004653878063974516,1985,-0.009745701614695783,0.008597454997373404,0.0008029162546381863,-0.0012510257965824964,0.002856858305858869
ds005540,eegnet_lr1e4,eeg_added_matched_calibration,2,0,0.001440932475297918,-0.0068817706899087835,0.00976363564050462,1985,-0.007730645830736675,0.010612510781332511,0.00012265057857666073,-0.001262796386577498,0.0015080975437308194
ds005540,eegnet_lr1e4,eeg_added_matched_calibration,2,1,-5.7276890182755835e-05,-0.0044525989086358795,0.004338045128270368,1985,-0.009228855196217349,0.009114301415851837,0.0001710465972483144,-0.0011869553342353561,0.001529048528731985
ds005540,eegnet_lr1e4,eeg_added_matched_calibration,2,2,0.0004459116055381962,-0.005194600791062377,0.006086424002138769,1985,-0.008725666700496397,0.00961748991157279,-0.0002544108278524082,-0.0019394929127559987,0.0014306712570511823
ds005540,eegnet_lr1e4,eeg_added_matched_calibration,2,4,0.0008927425719330584,-0.006170870833463374,0.00795635597732949,1985,-0.008278835734101535,0.010064320877967652,1.44179559609936e-05,-0.00229798634873257,0.002326822260654557
ds005540,eegnet_lr1e4,eeg_added_matched_calibration,2,8,0.0005179826557006884,-0.005413725321205832,0.006449690632607209,1985,-0.008653595650333905,0.009689560961735282,-0.00028587120077566697,-0.0019528122337634766,0.0013810698322121427
ds005540,eegnet_lr1e4,eeg_added_matched_calibration,4,0,0.0006344123283586189,-0.007424290973560047,0.008693115630277285,1985,-0.008537165977675974,0.009805990634393212,0.00010636946223735455,-0.001317488561571722,0.001530227486046431
ds005540,eegnet_lr1e4,eeg_added_matched_calibration,4,1,-5.525966408859162e-05,-0.003651232002710575,0.003540712674533392,1985,-0.009226837970123185,0.009116318641946002,0.0002945390215721433,-0.001114923090814812,0.0017040011339590985
ds005540,eegnet_lr1e4,eeg_added_matched_calibration,4,2,0.0005418900045287556,-0.004318384818229161,0.005402164827286672,1985,-0.008629688301505838,0.009713468310563349,-0.00016977661715164571,-0.001859757729664289,0.0015202044953609975
ds005540,eegnet_lr1e4,eeg_added_matched_calibration,4,4,0.0009714091655123047,-0.006179196022420348,0.008122014353444958,1985,-0.008200169140522288,0.010142987471546898,0.0003325098271790561,-0.0017428548838865766,0.002407874538244689
ds005540,eegnet_lr1e4,eeg_added_matched_calibration,4,8,0.0002749966576880425,-0.0053689193062864465,0.0059189126216625315,1985,-0.00889658164834655,0.009446574963722636,0.00011640300054149844,-0.0015012823270588646,0.0017340883281418615
ds005540,eegnet_lr1e4,eeg_added_matched_calibration,8,0,0.0005569928975092397,-0.008268947636075155,0.009382933431093634,1985,-0.008614585408525353,0.009728571203543833,-7.273812871644303e-05,-0.0013188141862658866,0.0011733379288330005
ds005540,eegnet_lr1e4,eeg_added_matched_calibration,8,1,-5.23318351795532e-05,-0.0034904016185532895,0.003385737948194183,1985,-0.009223910141214146,0.00911924647085504,0.00022818502418939235,-0.0010848389300309566,0.0015412089784097413
ds005540,eegnet_lr1e4,eeg_added_matched_calibration,8,2,0.0004412984342754278,-0.004474111956486,0.005356708825036856,1985,-0.008730279871759165,0.009612876740310021,-0.00015758648538760633,-0.0016865241438412208,0.0013713511730660082
ds005540,eegnet_lr1e4,eeg_added_matched_calibration,8,4,0.0006420674297662465,-0.006493331770556253,0.007777466630088746,1985,-0.008529510876268347,0.00981364573580084,0.00025384252905127913,-0.001747868499896838,0.0022555535579993962
ds005540,eegnet_lr1e4,eeg_added_matched_calibration,8,8,4.064430475203551e-05,-0.0057821482940357315,0.0058634369035398025,1985,-0.009130934001282558,0.009212222610786629,0.00013661224504296632,-0.0013524743478063584,0.001625698837892291
ds005540,eegnet_lr1e4,prior_calibration_gain,0,0,0.0,0.0,0.0,1985,-0.12964144783171755,0.12964144783171755,0.0,0.0,0.0
ds005540,eegnet_lr1e4,prior_calibration_gain,0,1,0.0,0.0,0.0,1985,-0.12964144783171755,0.12964144783171755,0.0,0.0,0.0
ds005540,eegnet_lr1e4,prior_calibration_gain,0,2,0.0,0.0,0.0,1985,-0.12964144783171755,0.12964144783171755,0.0,0.0,0.0
ds005540,eegnet_lr1e4,prior_calibration_gain,0,4,0.0,0.0,0.0,1985,-0.12964144783171755,0.12964144783171755,0.0,0.0,0.0
ds005540,eegnet_lr1e4,prior_calibration_gain,0,8,0.0,0.0,0.0,1985,-0.12964144783171755,0.12964144783171755,0.0,0.0,0.0
ds005540,eegnet_lr1e4,prior_calibration_gain,1,0,0.13942400367279775,0.0029188931532966866,0.2759291141922988,1985,0.009782555841080204,0.26906545150451533,0.03201684061263571,-0.014694753183912314,0.07872843440918373
ds005540,eegnet_lr1e4,prior_calibration_gain,1,1,0.020243552285919175,-0.08994684099484161,0.13043394556667998,1985,-0.10939789554579837,0.14988500011763672,0.02546006133935047,-0.0185922789308409,0.06951240160954184
ds005540,eegnet_lr1e4,prior_calibration_gain,1,2,0.005696107559400199,-0.12485000310168243,0.13624221822048282,1985,-0.12394534027231735,0.13533755539111775,0.033865302417263154,-0.005051858997183058,0.07278246383170936
ds005540,eegnet_lr1e4,prior_calibration_gain,1,4,0.0004809728596645302,-0.13576824493518067,0.13673019065450973,1985,-0.12916047497205302,0.13012242069138208,0.03683681285014001,-0.0023605378835337143,0.07603416358381374
ds005540,eegnet_lr1e4,prior_calibration_gain,1,8,-0.0051155723635893935,-0.14900388116339786,0.13877273643621907,1985,-0.13475702019530694,0.12452587546812816,0.03864008458672469,-0.0010152334220602313,0.0782954025955096
ds005540,eegnet_lr1e4,prior_calibration_gain,2,0,0.13636464028270495,0.01501140958550598,0.25771787097990395,1985,0.006723192450987403,0.2660060881144225,-0.0002692030614430685,-0.027764595137132222,0.027226189014246085
ds005540,eegnet_lr1e4,prior_calibration_gain,2,1,0.04876702860725174,-0.038559434657934474,0.13609349187243797,1985,-0.08087441922446581,0.1784084764389693,0.005938020076857842,-0.0240755178544228,0.035951558008138484
ds005540,eegnet_lr1e4,prior_calibration_gain,2,2,0.06686990454262631,-0.03296403231072191,0.16670384139597455,1985,-0.06277154328909124,0.19651135237434386,0.00607292469070958,-0.019031322135882975,0.031177171517302135
ds005540,eegnet_lr1e4,prior_calibration_gain,2,4,0.07111753358757883,-0.041388414452589034,0.1836234816277467,1985,-0.05852391424413872,0.20075898141929638,0.005010298045500239,-0.021159408001812957,0.031180004092813435
ds005540,eegnet_lr1e4,prior_calibration_gain,2,8,0.06521585154998333,-0.055759363182050076,0.18619106628201673,1985,-0.06442559628173422,0.19485729938170088,0.004622578479073547,-0.022386289170469826,0.031631446128616916
ds005540,eegnet_lr1e4,prior_calibration_gain,4,0,0.20127149421980242,0.08080584450906049,0.32173714393054437,1985,0.07163004638808487,0.33091294205152,-0.011251346838891368,-0.03774661976205787,0.015243926084275137
ds005540,eegnet_lr1e4,prior_calibration_gain,4,1,0.08258857941847991,-0.00336493997411437,0.16854209881107418,1985,-0.047052868413237636,0.21223002725019746,-0.004407244157308032,-0.03093826675990936,0.022123778445293295
ds005540,eegnet_lr1e4,prior_calibration_gain,4,2,0.11641943695711388,0.017549574035254784,0.21528929987897297,1985,-0.013222010874603674,0.24606088478883142,-0.005772317024803769,-0.02947154101491087,0.017926906965303333
ds005540,eegnet_lr1e4,prior_calibration_gain,4,4,0.1352813300886601,0.024382511829871223,0.246180148347449,1985,0.005639882256942563,0.26492277792037766,-0.012757864757073328,-0.03816192020836565,0.012646190694218996
ds005540,eegnet_lr1e4,prior_calibration_gain,4,8,0.1367388112033453,0.018356809277231947,0.25512081312945867,1985,0.007097363371627752,0.26638025903506285,-0.011765905224174755,-0.03728032652551953,0.013748516077170023
ds005540,eegnet_lr1e4,prior_calibration_gain,8,0,0.20355097551998702,0.08686608804864614,0.3202358629913279,1985,0.07390952768826947,0.33319242335170457,-0.019993443667244842,-0.04462274817783514,0.004635860843345458
ds005540,eegnet_lr1e4,prior_calibration_gain,8,1,0.08449360488325314,0.0014158584328454044,0.16757135133366086,1985,-0.04514784294846441,0.2141350527149707,-0.009241721490872629,-0.03329624973772427,0.014812806755979017
ds005540,eegnet_lr1e4,prior_calibration_gain,8,2,0.12036093581954399,0.025047527292926905,0.21567434434616106,1985,-0.009280512012173558,0.25000238365126154,-0.010701759852282056,-0.03313268739672437,0.011729167692160258
ds005540,eegnet_lr1e4,prior_calibration_gain,8,4,0.1375631677299794,0.03028959822489294,0.24483673723506585,1985,0.007921719898261848,0.26720461556169695,-0.014330020618839284,-0.03811937057303619,0.009459329335357619
ds005540,eegnet_lr1e4,prior_calibration_gain,8,8,0.14200573328791455,0.029578554276633903,0.2544329122991952,1985,0.012364285456197,0.2716471811196321,-0.017825760202544838,-0.04171877696193126,0.006067256556841587
ds005540,eegnet_lr1e4,combined_calibration_gain,0,0,0.0,0.0,0.0,1985,-0.1317166093985491,0.1317166093985491,0.0,0.0,0.0
ds005540,eegnet_lr1e4,combined_calibration_gain,0,1,0.0,0.0,0.0,1985,-0.1317166093985491,0.1317166093985491,0.0,0.0,0.0
ds005540,eegnet_lr1e4,combined_calibration_gain,0,2,0.0,0.0,0.0,1985,-0.1317166093985491,0.1317166093985491,0.0,0.0,0.0
ds005540,eegnet_lr1e4,combined_calibration_gain,0,4,0.0,0.0,0.0,1985,-0.1317166093985491,0.1317166093985491,0.0,0.0,0.0
ds005540,eegnet_lr1e4,combined_calibration_gain,0,8,0.0,0.0,0.0,1985,-0.1317166093985491,0.1317166093985491,0.0,0.0,0.0
ds005540,eegnet_lr1e4,combined_calibration_gain,1,0,0.14030824909837086,0.0035498629481565402,0.2770666352485852,1985,0.008591639699821768,0.27202485849691993,0.033168799326972614,-0.013872279978384174,0.0802098786323294
ds005540,eegnet_lr1e4,combined_calibration_gain,1,1,0.021095734984760417,-0.08938432862029205,0.1315757985898129,1985,-0.11062087441378868,0.1528123443833095,0.02509818113731782,-0.01923392765444598,0.06943028992908162
ds005540,eegnet_lr1e4,combined_calibration_gain,1,2,0.007265655467659948,-0.12453421668031317,0.13906552761563307,1985,-0.12445095393088915,0.13898226486620904,0.03436375194790128,-0.005144699340413346,0.0738722032362159
ds005540,eegnet_lr1e4,combined_calibration_gain,1,4,-2.757372234352129e-05,-0.13724124087678016,0.13718609343209312,1985,-0.13174418312089262,0.13168903567620557,0.03781668331705468,-0.002009607749994917,0.07764297438410428
ds005540,eegnet_lr1e4,combined_calibration_gain,1,8,-0.006191455725358175,-0.1513726897386698,0.13898977828795345,1985,-0.13790806512390727,0.12552515367319092,0.039826654474600764,-0.0006643430135637104,0.08031765196276525
ds005540,eegnet_lr1e4,combined_calibration_gain,2,0,0.13771105673851006,0.01483421531734204,0.2605878981596781,1985,0.005994447339960962,0.26942766613705915,4.3910270015296016e-05,-0.02739482011024682,0.02748264065027741
ds005540,eegnet_lr1e4,combined_calibration_gain,2,1,0.04985329852585424,-0.03786705859430997,0.13757365564601845,1985,-0.08186331087269486,0.18156990792440333,0.0052351224279286734,-0.024920580079352574,0.035390824935209925
ds005540,eegnet_lr1e4,combined_calibration_gain,2,2,0.06850771714343018,-0.03304286450706956,0.17005829879392992,1985,-0.06320889225511891,0.20022432654197928,0.005706907908912373,-0.01975351135144765,0.031167327169272396
ds005540,eegnet_lr1e4,combined_calibration_gain,2,4,0.07111480375718277,-0.0435781687868769,0.18580777630124243,1985,-0.06060180564136633,0.20283141315573186,0.005009942116753013,-0.021647153460944406,0.03166703769445044
ds005540,eegnet_lr1e4,combined_calibration_gain,2,8,0.06523207415257642,-0.058051850663701,0.18851599896885385,1985,-0.06648453524597267,0.19694868355112552,0.00472036091153577,-0.022977919778425473,0.03241864160149702
ds005540,eegnet_lr1e4,combined_calibration_gain,4,0,0.20181139052866823,0.07978442857647651,0.32383835248085996,1985,0.07009478113011913,0.3335279999272173,-0.01095451462377231,-0.03757375822628599,0.015664728978741372
ds005540,eegnet_lr1e4,combined_calibration_gain,4,1,0.08367686656317658,-0.002883199677407647,0.1702369328037608,1985,-0.04803974283537252,0.21539347596172567,-0.004986649381913372,-0.031729165192469266,0.021755866428642523
ds005540,eegnet_lr1e4,combined_calibration_gain,4,2,0.1181532279569083,0.017366649859671443,0.21893980605414515,1985,-0.013563381441640793,0.2498698373554574,-0.006053699595900214,-0.02986211288044807,0.01775471368864764
ds005540,eegnet_lr1e4,combined_calibration_gain,4,4,0.1353572668518433,0.022563656271041177,0.2481508774326454,1985,0.0036406574532941993,0.26707387625039236,-0.012440128814602491,-0.03757088026426446,0.012690622635059472
ds005540,eegnet_lr1e4,combined_calibration_gain,4,8,0.13651204780792575,0.016531281749513183,0.2564928138663383,1985,0.004795438409376657,0.2682286572064748,-0.011265848590395366,-0.03657156391755095,0.014039866736760217
ds005540,eegnet_lr1e4,combined_calibration_gain,8,0,0.20401345239800345,0.08627409712907909,0.3217528076669278,1985,0.07229684299945435,0.3357300617965525,-0.01987571904307958,-0.044533792033821906,0.0047823539476627465
ds005540,eegnet_lr1e4,combined_calibration_gain,8,1,0.08558481985685884,0.0020810363309083924,0.1690886033828093,1985,-0.046131789541690255,0.21730142925540794,-0.009887480712860719,-0.03415315959775388,0.014378198172032442
ds005540,eegnet_lr1e4,combined_calibration_gain,8,2,0.12199413524908509,0.02507679046786604,0.21891148003030414,1985,-0.009722474149464005,0.2537107446476342,-0.01097095229161446,-0.033456632670423356,0.011514728087194438
ds005540,eegnet_lr1e4,combined_calibration_gain,8,4,0.13730976275741652,0.028241780667920935,0.2463777448469121,1985,0.005593153358867425,0.2690263721559656,-0.014090951974496224,-0.03783665842115523,0.009654754472162783
ds005540,eegnet_lr1e4,combined_calibration_gain,8,8,0.141544617539559,0.027514371950792565,0.25557486312832545,1985,0.009828008141009897,0.27326122693810806,-0.01730549432426398,-0.041061625468714405,0.006450636820186442
ds005540,eegnet_lr1e4,total_minus_uncalibrated_prior,0,0,9.451601949281833e-05,-0.010472468474805246,0.010661500513790882,1985,-0.13043791818725065,0.13062695022623627,-0.00019046275288170378,-0.0018967384760818654,0.0015158129703184578
ds005540,eegnet_lr1e4,total_minus_uncalibrated_prior,0,1,-0.0011435468087852563,-0.006468807449371879,0.004181713831801367,1985,-0.13167598101552871,0.1293888873979582,0.0008739442461774827,-0.0006398851760218989,0.0023877736683768644
ds005540,eegnet_lr1e4,total_minus_uncalibrated_prior,0,2,-0.0011919009952656712,-0.00953680089998492,0.007152998909453577,1985,-0.13172433520200913,0.1293405332114778,0.00011160595394479889,-0.0016430598258203107,0.0018662717337099084
ds005540,eegnet_lr1e4,total_minus_uncalibrated_prior,0,4,0.0008954724023291227,-0.009620829424796418,0.011411774229454663,1985,-0.12963696180441434,0.13142790660907258,1.4773884708219054e-05,-0.001943248808184377,0.001972796577600815
ds005540,eegnet_lr1e4,total_minus_uncalibrated_prior,0,8,0.0005017600531075916,-0.007609918571285304,0.008613438677500487,1985,-0.13003067415363587,0.13103419425985105,-0.00038365363323789037,-0.0020254242032425197,0.0012581169367667387
ds005540,eegnet_lr1e4,total_minus_uncalibrated_prior,1,0,0.14040276511786368,0.004848901105673681,0.2759566291300537,1985,0.009870330911120218,0.27093519932460713,0.03297833657409091,-0.014100411806773669,0.08005708495495549
ds005540,eegnet_lr1e4,total_minus_uncalibrated_prior,1,1,0.01995218817597516,-0.0902377857556783,0.13014216210762863,1985,-0.1105802460307683,0.15048462238271862,0.025972125383495304,-0.018507090661053202,0.07045134142804381
ds005540,eegnet_lr1e4,total_minus_uncalibrated_prior,1,2,0.006073754472394277,-0.12440303549032097,0.13655054443510953,1985,-0.12445867973434918,0.13660618867913774,0.03447535790184608,-0.00479850516527517,0.07374922096896733
ds005540,eegnet_lr1e4,total_minus_uncalibrated_prior,1,4,0.0008678986799856014,-0.1345936221263237,0.1363294194862949,1985,-0.12966453552675786,0.13140033288672906,0.0378314572017629,-0.0016368537193828733,0.07729976812290867
ds005540,eegnet_lr1e4,total_minus_uncalibrated_prior,1,8,-0.005689695672250583,-0.1490034797840067,0.13762408843950552,1985,-0.13622212987899404,0.12484273853449288,0.039443000841362874,-0.0007343523360888726,0.07962035401881462
ds005540,eegnet_lr1e4,total_minus_uncalibrated_prior,2,0,0.13780557275800287,0.016626173890822646,0.2589849716251831,1985,0.0072731385512594116,0.2683380069647463,-0.00014655248286640776,-0.027643441032128336,0.02735033606639552
ds005540,eegnet_lr1e4,total_minus_uncalibrated_prior,2,1,0.04870975171706898,-0.03855660488033316,0.13597610831447113,1985,-0.08182268248967448,0.17924218592381244,0.006109066674106156,-0.024095460484720194,0.036313593832932506
ds005540,eegnet_lr1e4,total_minus_uncalibrated_prior,2,2,0.06731581614816451,-0.03206735736856112,0.16669898966489013,1985,-0.06321661805857895,0.19784825035490797,0.005818513862857172,-0.019339624855159106,0.03097665258087345
ds005540,eegnet_lr1e4,total_minus_uncalibrated_prior,2,4,0.07201027615951189,-0.03966306415384571,0.1836836164728695,1985,-0.05852215804723157,0.20254271036625535,0.005024716001461232,-0.021192183948203703,0.031241615951126168
ds005540,eegnet_lr1e4,total_minus_uncalibrated_prior,2,8,0.06573383420568402,-0.05501011347084246,0.18647778188221048,1985,-0.06479860000105944,0.19626626841242747,0.00433670727829788,-0.02294113271622169,0.03161454727281745
ds005540,eegnet_lr1e4,total_minus_uncalibrated_prior,4,0,0.20190590654816104,0.08173275934406148,0.3220790537522606,1985,0.07137347234141758,0.3324383407549045,-0.011144977376654014,-0.03766936363954113,0.015379408886233105
ds005540,eegnet_lr1e4,total_minus_uncalibrated_prior,4,1,0.08253331975439132,-0.0033500438560638,0.16841668336484644,1985,-0.04799911445235214,0.21306575396113478,-0.004112705135735889,-0.0308823250462698,0.02265691477479802
ds005540,eegnet_lr1e4,total_minus_uncalibrated_prior,4,2,0.11696132696164263,0.018795563220510944,0.2151270907027743,1985,-0.013571107245100827,0.2474937611683861,-0.005942093641955415,-0.02943639370118525,0.01755220641727442
ds005540,eegnet_lr1e4,total_minus_uncalibrated_prior,4,4,0.13625273925417242,0.026923666208295796,0.24558181230004905,1985,0.0057203050474289585,0.2667851734609159,-0.012425354929894272,-0.03705100817994966,0.012200298320161122
ds005540,eegnet_lr1e4,total_minus_uncalibrated_prior,4,8,0.13701380786103334,0.019965021048080844,0.25406259467398584,1985,0.006481373654289885,0.2675462420677768,-0.011649502223633257,-0.03655286114682943,0.01325385669956292
ds005540,eegnet_lr1e4,total_minus_uncalibrated_prior,8,0,0.20410796841749626,0.08776723967869333,0.3204486971562992,1985,0.0735755342107528,0.3346404026242397,-0.020066181795961285,-0.04455436569084044,0.004422002098917868
ds005540,eegnet_lr1e4,total_minus_uncalibrated_prior,8,1,0.08444127304807358,0.0015300856731833012,0.16735246042296387,1985,-0.046091161158669874,0.21497370725481704,-0.009013536466683236,-0.033210877874419134,0.015183804941052662
ds005540,eegnet_lr1e4,total_minus_uncalibrated_prior,8,2,0.12080223425381942,0.026354309083233315,0.2152501594244055,1985,-0.00973019995292404,0.25133466846056285,-0.010859346337669662,-0.03302208817803051,0.011303395502691185
ds005540,eegnet_lr1e4,total_minus_uncalibrated_prior,8,4,0.13820523515974564,0.03267818331139867,0.24373228700809263,1985,0.0076728009530021846,0.26873766936648913,-0.014076178089788005,-0.0372206563356212,0.009068300156045192
ds005540,eegnet_lr1e4,total_minus_uncalibrated_prior,8,8,0.14204637759266658,0.03066469968968756,0.2534280554956456,1985,0.011513943385923125,0.27257881179941,-0.017689147957501872,-0.04099150429775517,0.005613208382751429
ds005540,labram_ridge_base,eeg_added_population,0,0,-0.04332162573689061,-0.14977662427919014,0.06313337280540891,1985,-0.1287157476822352,0.04207249620845399,0.015216252901097987,-0.00420332393731036,0.03463582973950634
ds005540,labram_ridge_base,eeg_added_population,0,1,-0.03105849724316906,-0.08785498802856462,0.0257379935422265,1985,-0.11645261918851366,0.05433562470217554,0.014317977592955056,-0.004878411157088973,0.033514366342999084
ds005540,labram_ridge_base,eeg_added_population,0,2,-0.04551036076183834,-0.11913963500336566,0.02811891347968898,1985,-0.13090448270718294,0.039883761183506256,0.015661065687850945,-0.0024074920794117244,0.033729623455113614
ds005540,labram_ridge_base,eeg_added_population,0,4,-0.050456143569953205,-0.1281703990980914,0.027258111958184977,1985,-0.1358502655152978,0.03493797837539139,0.01829769465008735,-0.0002389730046166716,0.03683436230479137
ds005540,labram_ridge_base,eeg_added_population,0,8,-0.06751768862494195,-0.17165561105288338,0.036620233802999475,1985,-0.15291181057028655,0.017876433320402646,0.02011707634753096,-0.0007445625198187859,0.04097871521488071
ds005540,labram_ridge_base,eeg_added_population,1,0,-0.04332162573689061,-0.14977662427919014,0.06313337280540891,1985,-0.1287157476822352,0.04207249620845399,0.015216252901097987,-0.00420332393731036,0.03463582973950634
ds005540,labram_ridge_base,eeg_added_population,1,1,-0.03105849724316906,-0.08785498802856462,0.0257379935422265,1985,-0.11645261918851366,0.05433562470217554,0.014317977592955056,-0.004878411157088973,0.033514366342999084
ds005540,labram_ridge_base,eeg_added_population,1,2,-0.04551036076183834,-0.11913963500336566,0.02811891347968898,1985,-0.13090448270718294,0.039883761183506256,0.015661065687850945,-0.0024074920794117244,0.033729623455113614
ds005540,labram_ridge_base,eeg_added_population,1,4,-0.050456143569953205,-0.1281703990980914,0.027258111958184977,1985,-0.1358502655152978,0.03493797837539139,0.01829769465008735,-0.0002389730046166716,0.03683436230479137
ds005540,labram_ridge_base,eeg_added_population,1,8,-0.06751768862494195,-0.17165561105288338,0.036620233802999475,1985,-0.15291181057028655,0.017876433320402646,0.02011707634753096,-0.0007445625198187859,0.04097871521488071
ds005540,labram_ridge_base,eeg_added_population,2,0,-0.04332162573689061,-0.14977662427919014,0.06313337280540891,1985,-0.1287157476822352,0.04207249620845399,0.015216252901097987,-0.00420332393731036,0.03463582973950634
ds005540,labram_ridge_base,eeg_added_population,2,1,-0.03105849724316906,-0.08785498802856462,0.0257379935422265,1985,-0.11645261918851366,0.05433562470217554,0.014317977592955056,-0.004878411157088973,0.033514366342999084
ds005540,labram_ridge_base,eeg_added_population,2,2,-0.04551036076183834,-0.11913963500336566,0.02811891347968898,1985,-0.13090448270718294,0.039883761183506256,0.015661065687850945,-0.0024074920794117244,0.033729623455113614
ds005540,labram_ridge_base,eeg_added_population,2,4,-0.050456143569953205,-0.1281703990980914,0.027258111958184977,1985,-0.1358502655152978,0.03493797837539139,0.01829769465008735,-0.0002389730046166716,0.03683436230479137
ds005540,labram_ridge_base,eeg_added_population,2,8,-0.06751768862494195,-0.17165561105288338,0.036620233802999475,1985,-0.15291181057028655,0.017876433320402646,0.02011707634753096,-0.0007445625198187859,0.04097871521488071
ds005540,labram_ridge_base,eeg_added_population,4,0,-0.04332162573689061,-0.14977662427919014,0.06313337280540891,1985,-0.1287157476822352,0.04207249620845399,0.015216252901097987,-0.00420332393731036,0.03463582973950634
ds005540,labram_ridge_base,eeg_added_population,4,1,-0.03105849724316906,-0.08785498802856462,0.0257379935422265,1985,-0.11645261918851366,0.05433562470217554,0.014317977592955056,-0.004878411157088973,0.033514366342999084
ds005540,labram_ridge_base,eeg_added_population,4,2,-0.04551036076183834,-0.11913963500336566,0.02811891347968898,1985,-0.13090448270718294,0.039883761183506256,0.015661065687850945,-0.0024074920794117244,0.033729623455113614
ds005540,labram_ridge_base,eeg_added_population,4,4,-0.050456143569953205,-0.1281703990980914,0.027258111958184977,1985,-0.1358502655152978,0.03493797837539139,0.01829769465008735,-0.0002389730046166716,0.03683436230479137
ds005540,labram_ridge_base,eeg_added_population,4,8,-0.06751768862494195,-0.17165561105288338,0.036620233802999475,1985,-0.15291181057028655,0.017876433320402646,0.02011707634753096,-0.0007445625198187859,0.04097871521488071
ds005540,labram_ridge_base,eeg_added_population,8,0,-0.04332162573689061,-0.14977662427919014,0.06313337280540891,1985,-0.1287157476822352,0.04207249620845399,0.015216252901097987,-0.00420332393731036,0.03463582973950634
ds005540,labram_ridge_base,eeg_added_population,8,1,-0.03105849724316906,-0.08785498802856462,0.0257379935422265,1985,-0.11645261918851366,0.05433562470217554,0.014317977592955056,-0.004878411157088973,0.033514366342999084
ds005540,labram_ridge_base,eeg_added_population,8,2,-0.04551036076183834,-0.11913963500336566,0.02811891347968898,1985,-0.13090448270718294,0.039883761183506256,0.015661065687850945,-0.0024074920794117244,0.033729623455113614
ds005540,labram_ridge_base,eeg_added_population,8,4,-0.050456143569953205,-0.1281703990980914,0.027258111958184977,1985,-0.1358502655152978,0.03493797837539139,0.01829769465008735,-0.0002389730046166716,0.03683436230479137
ds005540,labram_ridge_base,eeg_added_population,8,8,-0.06751768862494195,-0.17165561105288338,0.036620233802999475,1985,-0.15291181057028655,0.017876433320402646,0.02011707634753096,-0.0007445625198187859,0.04097871521488071
ds005540,labram_ridge_base,eeg_added_matched_calibration,0,0,-0.04332162573689061,-0.14977662427919014,0.06313337280540891,1985,-0.13717945433808626,0.05053620286430503,0.015216252901097987,-0.00420332393731036,0.03463582973950634
ds005540,labram_ridge_base,eeg_added_matched_calibration,0,1,-0.03105849724316906,-0.08785498802856462,0.0257379935422265,1985,-0.1249163258443647,0.06279933135802658,0.014317977592955056,-0.004878411157088973,0.033514366342999084
ds005540,labram_ridge_base,eeg_added_matched_calibration,0,2,-0.04551036076183834,-0.11913963500336566,0.02811891347968898,1985,-0.13936818936303397,0.0483474678393573,0.015661065687850945,-0.0024074920794117244,0.033729623455113614
ds005540,labram_ridge_base,eeg_added_matched_calibration,0,4,-0.050456143569953205,-0.1281703990980914,0.027258111958184977,1985,-0.14431397217114883,0.043401685031242435,0.01829769465008735,-0.0002389730046166716,0.03683436230479137
ds005540,labram_ridge_base,eeg_added_matched_calibration,0,8,-0.06751768862494195,-0.17165561105288338,0.036620233802999475,1985,-0.16137551722613758,0.026340139976253688,0.02011707634753096,-0.0007445625198187859,0.04097871521488071
ds005540,labram_ridge_base,eeg_added_matched_calibration,1,0,-0.013893892522208073,-0.08954965728231078,0.06176187223789463,1985,-0.10775172112340371,0.07996393607898757,0.02270413393989959,-0.0021432545826611665,0.04755152246246035
ds005540,labram_ridge_base,eeg_added_matched_calibration,1,1,-0.021158806099320415,-0.0698183980306172,0.027500785831976363,1985,-0.11501663470051605,0.07269902250187522,0.02179114624294709,-0.0012538920885902076,0.04483618457448439
ds005540,labram_ridge_base,eeg_added_matched_calibration,1,2,-0.02641453547950312,-0.0872144079035185,0.03438533694451226,1985,-0.12027236408069876,0.06744329312169252,0.02242188833855152,-0.0013028361830568005,0.04614661286015984
ds005540,labram_ridge_base,eeg_added_matched_calibration,1,4,-0.030819321491757534,-0.09743301900687117,0.0357943760233561,1985,-0.12467715009295317,0.0630385071094381,0.01806537940433292,-0.0063623899298128825,0.042493148738478724
ds005540,labram_ridge_base,eeg_added_matched_calibration,1,8,-0.032477116989560906,-0.1350460949071555,0.07009186092803368,1985,-0.12633494559075653,0.06138071161163473,0.018576126300116208,-0.014563223463513512,0.05171547606374593
ds005540,labram_ridge_base,eeg_added_matched_calibration,2,0,-0.024030947894484386,-0.10641138985039218,0.05834949406142341,1985,-0.11788877649568003,0.06982688070671125,0.01454318723499784,-0.003672572487371028,0.03275894695736671
ds005540,labram_ridge_base,eeg_added_matched_calibration,2,1,-0.016137144928415226,-0.06853723036022971,0.03626294050339927,1985,-0.10999497352961086,0.07772068367278041,0.008390611189225794,-0.012417729631156688,0.029198952009608276
ds005540,labram_ridge_base,eeg_added_matched_calibration,2,2,-0.023079343103046712,-0.08569368050449533,0.039534994298401904,1985,-0.11693717170424235,0.07077848549814893,0.011854834435405165,-0.007121449817254051,0.03083111868806438
ds005540,labram_ridge_base,eeg_added_matched_calibration,2,4,-0.02958396653631501,-0.09185606372426569,0.03268813065163568,1985,-0.12344179513751065,0.06427386206488063,0.012742890546146746,-0.004906032526766132,0.030391813619059623
ds005540,labram_ridge_base,eeg_added_matched_calibration,2,8,-0.04301810356513802,-0.12753496245030602,0.04149875532002997,1985,-0.13687593216633365,0.05083972503605762,0.016452290054877028,-0.005111219695006209,0.03801579980476026
ds005540,labram_ridge_base,eeg_added_matched_calibration,4,0,-0.036328548808185035,-0.1174303007194855,0.04477320310311543,1985,-0.13018637740938066,0.057529279793010604,0.01644177809858477,0.00011424489773110766,0.03276931129943843
ds005540,labram_ridge_base,eeg_added_matched_calibration,4,1,-0.01866463260270218,-0.06455195920247231,0.02722269399706794,1985,-0.11252246120389782,0.07519319599849346,0.01227904331544677,-0.005236261368213192,0.02979434799910673
ds005540,labram_ridge_base,eeg_added_matched_calibration,4,2,-0.0252840818886928,-0.08303296864141707,0.03246480486403147,1985,-0.11914191048988844,0.06857374671250284,0.011360758799955295,-0.004072055011353061,0.026793572611263652
ds005540,labram_ridge_base,eeg_added_matched_calibration,4,4,-0.031024834987345762,-0.08820683994832065,0.026157169973629137,1985,-0.1248826635885414,0.06283299361384988,0.013121063595016247,-0.0016976479945064599,0.027939775184538954
ds005540,labram_ridge_base,eeg_added_matched_calibration,4,8,-0.04948030560099537,-0.13020589072572575,0.031245279523735014,1985,-0.143338134202191,0.04437752300020027,0.018021885844185792,-0.0009467507037252999,0.03699052239209688
ds005540,labram_ridge_base,eeg_added_matched_calibration,8,0,-0.031789928428429454,-0.1199483350865106,0.056368478229651686,1985,-0.1256477570296251,0.062067900172766186,0.013315671883965319,-0.0013324893238118654,0.027963833091742503
ds005540,labram_ridge_base,eeg_added_matched_calibration,8,1,-0.015723577968248748,-0.062157185379320766,0.03071002944282327,1985,-0.10958140656944439,0.07813425063294689,0.008361116409864089,-0.0074400505573605814,0.02416228337708876
ds005540,labram_ridge_base,eeg_added_matched_calibration,8,2,-0.020651199977625878,-0.08164579749242401,0.04034339753717225,1985,-0.11450902857882152,0.07320662862356976,0.008872307429398735,-0.005623738179560852,0.02336835303835832
ds005540,labram_ridge_base,eeg_added_matched_calibration,8,4,-0.027890039863413985,-0.08948634854445474,0.03370626881762677,1985,-0.12174786846460962,0.06596778873778165,0.009117086135560143,-0.0046744593568596865,0.022908631627979972
ds005540,labram_ridge_base,eeg_added_matched_calibration,8,8,-0.04586039818143106,-0.13237812199825305,0.04065732563539093,1985,-0.1397182267826267,0.04799743041976458,0.016364852878039515,-0.0019895617768770253,0.03471926753295605
ds005540,labram_ridge_base,prior_calibration_gain,0,0,0.0,0.0,0.0,1985,-0.12964144783171755,0.12964144783171755,0.0,0.0,0.0
ds005540,labram_ridge_base,prior_calibration_gain,0,1,0.0,0.0,0.0,1985,-0.12964144783171755,0.12964144783171755,0.0,0.0,0.0
ds005540,labram_ridge_base,prior_calibration_gain,0,2,0.0,0.0,0.0,1985,-0.12964144783171755,0.12964144783171755,0.0,0.0,0.0
ds005540,labram_ridge_base,prior_calibration_gain,0,4,0.0,0.0,0.0,1985,-0.12964144783171755,0.12964144783171755,0.0,0.0,0.0
ds005540,labram_ridge_base,prior_calibration_gain,0,8,0.0,0.0,0.0,1985,-0.12964144783171755,0.12964144783171755,0.0,0.0,0.0
ds005540,labram_ridge_base,prior_calibration_gain,1,0,0.13942400367279775,0.0029188931532966866,0.2759291141922988,1985,0.009782555841080204,0.26906545150451533,0.03201684061263571,-0.014694753183912314,0.07872843440918373
ds005540,labram_ridge_base,prior_calibration_gain,1,1,0.020243552285919175,-0.08994684099484161,0.13043394556667998,1985,-0.10939789554579837,0.14988500011763672,0.02546006133935047,-0.0185922789308409,0.06951240160954184
ds005540,labram_ridge_base,prior_calibration_gain,1,2,0.005696107559400199,-0.12485000310168243,0.13624221822048282,1985,-0.12394534027231735,0.13533755539111775,0.033865302417263154,-0.005051858997183058,0.07278246383170936
ds005540,labram_ridge_base,prior_calibration_gain,1,4,0.0004809728596645302,-0.13576824493518067,0.13673019065450973,1985,-0.12916047497205302,0.13012242069138208,0.03683681285014001,-0.0023605378835337143,0.07603416358381374
ds005540,labram_ridge_base,prior_calibration_gain,1,8,-0.0051155723635893935,-0.14900388116339786,0.13877273643621907,1985,-0.13475702019530694,0.12452587546812816,0.03864008458672469,-0.0010152334220602313,0.0782954025955096
ds005540,labram_ridge_base,prior_calibration_gain,2,0,0.13636464028270495,0.01501140958550598,0.25771787097990395,1985,0.006723192450987403,0.2660060881144225,-0.0002692030614430685,-0.027764595137132222,0.027226189014246085
ds005540,labram_ridge_base,prior_calibration_gain,2,1,0.04876702860725174,-0.038559434657934474,0.13609349187243797,1985,-0.08087441922446581,0.1784084764389693,0.005938020076857842,-0.0240755178544228,0.035951558008138484
ds005540,labram_ridge_base,prior_calibration_gain,2,2,0.06686990454262631,-0.03296403231072191,0.16670384139597455,1985,-0.06277154328909124,0.19651135237434386,0.00607292469070958,-0.019031322135882975,0.031177171517302135
ds005540,labram_ridge_base,prior_calibration_gain,2,4,0.07111753358757883,-0.041388414452589034,0.1836234816277467,1985,-0.05852391424413872,0.20075898141929638,0.005010298045500239,-0.021159408001812957,0.031180004092813435
ds005540,labram_ridge_base,prior_calibration_gain,2,8,0.06521585154998333,-0.055759363182050076,0.18619106628201673,1985,-0.06442559628173422,0.19485729938170088,0.004622578479073547,-0.022386289170469826,0.031631446128616916
ds005540,labram_ridge_base,prior_calibration_gain,4,0,0.20127149421980242,0.08080584450906049,0.32173714393054437,1985,0.07163004638808487,0.33091294205152,-0.011251346838891368,-0.03774661976205787,0.015243926084275137
ds005540,labram_ridge_base,prior_calibration_gain,4,1,0.08258857941847991,-0.00336493997411437,0.16854209881107418,1985,-0.047052868413237636,0.21223002725019746,-0.004407244157308032,-0.03093826675990936,0.022123778445293295
ds005540,labram_ridge_base,prior_calibration_gain,4,2,0.11641943695711388,0.017549574035254784,0.21528929987897297,1985,-0.013222010874603674,0.24606088478883142,-0.005772317024803769,-0.02947154101491087,0.017926906965303333
ds005540,labram_ridge_base,prior_calibration_gain,4,4,0.1352813300886601,0.024382511829871223,0.246180148347449,1985,0.005639882256942563,0.26492277792037766,-0.012757864757073328,-0.03816192020836565,0.012646190694218996
ds005540,labram_ridge_base,prior_calibration_gain,4,8,0.1367388112033453,0.018356809277231947,0.25512081312945867,1985,0.007097363371627752,0.26638025903506285,-0.011765905224174755,-0.03728032652551953,0.013748516077170023
ds005540,labram_ridge_base,prior_calibration_gain,8,0,0.20355097551998702,0.08686608804864614,0.3202358629913279,1985,0.07390952768826947,0.33319242335170457,-0.019993443667244842,-0.04462274817783514,0.004635860843345458
ds005540,labram_ridge_base,prior_calibration_gain,8,1,0.08449360488325314,0.0014158584328454044,0.16757135133366086,1985,-0.04514784294846441,0.2141350527149707,-0.009241721490872629,-0.03329624973772427,0.014812806755979017
ds005540,labram_ridge_base,prior_calibration_gain,8,2,0.12036093581954399,0.025047527292926905,0.21567434434616106,1985,-0.009280512012173558,0.25000238365126154,-0.010701759852282056,-0.03313268739672437,0.011729167692160258
ds005540,labram_ridge_base,prior_calibration_gain,8,4,0.1375631677299794,0.03028959822489294,0.24483673723506585,1985,0.007921719898261848,0.26720461556169695,-0.014330020618839284,-0.03811937057303619,0.009459329335357619
ds005540,labram_ridge_base,prior_calibration_gain,8,8,0.14200573328791455,0.029578554276633903,0.2544329122991952,1985,0.012364285456197,0.2716471811196321,-0.017825760202544838,-0.04171877696193126,0.006067256556841587
ds005540,labram_ridge_base,combined_calibration_gain,0,0,0.0,0.0,0.0,1985,-0.15437253609033647,0.15437253609033647,0.0,0.0,0.0
ds005540,labram_ridge_base,combined_calibration_gain,0,1,0.0,0.0,0.0,1985,-0.15437253609033647,0.15437253609033647,0.0,0.0,0.0
ds005540,labram_ridge_base,combined_calibration_gain,0,2,0.0,0.0,0.0,1985,-0.15437253609033647,0.15437253609033647,0.0,0.0,0.0
ds005540,labram_ridge_base,combined_calibration_gain,0,4,0.0,0.0,0.0,1985,-0.15437253609033647,0.15437253609033647,0.0,0.0,0.0
ds005540,labram_ridge_base,combined_calibration_gain,0,8,0.0,0.0,0.0,1985,-0.15437253609033647,0.15437253609033647,0.0,0.0,0.0
ds005540,labram_ridge_base,combined_calibration_gain,1,0,0.16885173688748029,0.0015671039286958566,0.3361363698462647,1985,0.01447920079714382,0.32322427297781675,0.03950472165143731,-0.013169820226962857,0.09217926352983749
ds005540,labram_ridge_base,combined_calibration_gain,1,1,0.03014324342976782,-0.09561123347517031,0.15589772033470595,1985,-0.12422929266056865,0.18451577952010428,0.032933229989342505,-0.013823782327933791,0.07969024230661881
ds005540,labram_ridge_base,combined_calibration_gain,1,2,0.02479193284173542,-0.12834110057833056,0.1779249662618014,1985,-0.12958060324860105,0.17916446893207189,0.04062612506796373,-0.005655037263731746,0.08690728739965921
ds005540,labram_ridge_base,combined_calibration_gain,1,4,0.0201177949378602,-0.13948451921580357,0.17972010909152397,1985,-0.13425474115247626,0.17449033102819667,0.03660449760438558,-0.010379457679108639,0.0835884528878798
ds005540,labram_ridge_base,combined_calibration_gain,1,8,0.029924999271791652,-0.14057599875959603,0.20042599730317934,1985,-0.12444753681854481,0.18429753536212812,0.037099134539309936,-0.012537699995650284,0.08673596907427016
ds005540,labram_ridge_base,combined_calibration_gain,2,0,0.15565531812511116,0.000958977677839451,0.3103516585723829,1985,0.0012827820347746932,0.31002785421544765,-0.0009422687275432162,-0.03520519164855625,0.033320654193469815
ds005540,labram_ridge_base,combined_calibration_gain,2,1,0.06368838092200557,-0.03883013912234555,0.1662069009663567,1985,-0.0906841551683309,0.21806091701234204,1.065367312858001e-05,-0.032142370997995766,0.032163678344252926
ds005540,labram_ridge_base,combined_calibration_gain,2,2,0.08930092220141794,-0.03773717106854932,0.2163390154713852,1985,-0.06507161388891852,0.2436734582917544,0.0022666934382638004,-0.029358672807092367,0.03389205968361997
ds005540,labram_ridge_base,combined_calibration_gain,2,4,0.09198971062121702,-0.047794701366774855,0.2317741226092089,1985,-0.06238282546911944,0.2463622467115535,-0.0005445060584403638,-0.03444826545558184,0.033359253338701114
ds005540,labram_ridge_base,combined_calibration_gain,2,8,0.08971543660978726,-0.061024169909067644,0.24045504312864216,1985,-0.06465709948054921,0.24408797270012372,0.0009577921864196148,-0.03150119722112436,0.033416781593963586
ds005540,labram_ridge_base,combined_calibration_gain,4,0,0.208264571148508,0.06477247892124224,0.3517566633757737,1985,0.05389203505817153,0.36263710723884446,-0.010025821641404586,-0.04033284764081637,0.020281204358007197
ds005540,labram_ridge_base,combined_calibration_gain,4,1,0.09498244405894679,8.244488791259164e-05,0.189882443229981,1985,-0.059390092031389674,0.24935498014928326,-0.006446178434816319,-0.03424460616403044,0.021352249294397798
ds005540,labram_ridge_base,combined_calibration_gain,4,2,0.13664571583025942,0.019311762179642505,0.25397966948087636,1985,-0.017726820260077047,0.2910182519205959,-0.010072623912699419,-0.037450409707677663,0.017305161882278826
ds005540,labram_ridge_base,combined_calibration_gain,4,4,0.15471263867126755,0.02637438714801907,0.283050890194516,1985,0.0003401025809310898,0.309085174761604,-0.01793449581214443,-0.046788501835183155,0.010919510210894292
ds005540,labram_ridge_base,combined_calibration_gain,4,8,0.15477619422729189,0.011657405118890768,0.297894983335693,1985,0.0004036581369554204,0.30914873031762835,-0.013861095727519923,-0.04389283838137452,0.016170646926334676
ds005540,labram_ridge_base,combined_calibration_gain,8,0,0.21508267282844817,0.07640622485490747,0.3537591208019889,1985,0.06071013673811171,0.36945520891878464,-0.02189402468437751,-0.04961419850544611,0.005826149136691085
ds005540,labram_ridge_base,combined_calibration_gain,8,1,0.09982852415817345,0.006629808920275482,0.19302723939607142,1985,-0.05454401193216302,0.2542010602485099,-0.015198582673963595,-0.040997599453441336,0.010600434105514145
ds005540,labram_ridge_base,combined_calibration_gain,8,2,0.14522009660375645,0.03317359187961849,0.2572666013278944,1985,-0.00915243948658001,0.2995926326940929,-0.017490518110734266,-0.042662972761128196,0.007681936539659661
ds005540,labram_ridge_base,combined_calibration_gain,8,4,0.16012927143651862,0.03595538597077565,0.2843031569022616,1985,0.005756735346182151,0.3145018075268551,-0.02351062913336649,-0.049599489835774696,0.0025782315690417203
ds005540,labram_ridge_base,combined_calibration_gain,8,8,0.16366302373142544,0.030765648149275987,0.2965603993135749,1985,0.009290487641088974,0.3180355598217619,-0.021577983672036283,-0.048823164715537735,0.00566719737146517
ds005540,labram_ridge_base,total_minus_uncalibrated_prior,0,0,-0.04332162573689061,-0.14977662427919014,0.06313337280540891,1985,-0.1831903472916514,0.09654709581787019,0.015216252901097987,-0.00420332393731036,0.03463582973950634
ds005540,labram_ridge_base,total_minus_uncalibrated_prior,0,1,-0.03105849724316906,-0.08785498802856462,0.0257379935422265,1985,-0.17092721879792985,0.10881022431159174,0.014317977592955056,-0.004878411157088973,0.033514366342999084
ds005540,labram_ridge_base,total_minus_uncalibrated_prior,0,2,-0.04551036076183834,-0.11913963500336566,0.02811891347968898,1985,-0.18537908231659914,0.09435836079292245,0.015661065687850945,-0.0024074920794117244,0.033729623455113614
ds005540,labram_ridge_base,total_minus_uncalibrated_prior,0,4,-0.050456143569953205,-0.1281703990980914,0.027258111958184977,1985,-0.190324865124714,0.08941257798480759,0.01829769465008735,-0.0002389730046166716,0.03683436230479137
ds005540,labram_ridge_base,total_minus_uncalibrated_prior,0,8,-0.06751768862494195,-0.17165561105288338,0.036620233802999475,1985,-0.20738641017970275,0.07235103292981884,0.02011707634753096,-0.0007445625198187859,0.04097871521488071
ds005540,labram_ridge_base,total_minus_uncalibrated_prior,1,0,0.12553011115058968,-0.009501892827897596,0.26056211512907695,1985,-0.014338610404171115,0.2653988327053505,0.0547209745525353,0.002545527245666257,0.10689642185940434
ds005540,labram_ridge_base,total_minus_uncalibrated_prior,1,1,-0.00091525381340124,-0.12213480970988888,0.1203043020830864,1985,-0.14078397536816203,0.13895346774135955,0.04725120758229756,-0.0022995020475467184,0.09680191721214185
ds005540,labram_ridge_base,total_minus_uncalibrated_prior,1,2,-0.020718427920102922,-0.15904092875349918,0.11760407291329333,1985,-0.16058714947486372,0.11915029363465787,0.056287190755814676,0.01101363446159196,0.1015607470500374
ds005540,labram_ridge_base,total_minus_uncalibrated_prior,1,4,-0.030338348632093004,-0.17175813697496334,0.11108143971077733,1985,-0.1702070701868538,0.10953037292266779,0.05490219225447293,0.008741373409335298,0.10106301109961056
ds005540,labram_ridge_base,total_minus_uncalibrated_prior,1,8,-0.0375926893531503,-0.19438479649325346,0.11919941778695287,1985,-0.1774614109079111,0.1022760322016105,0.057216210886840896,0.008383997437138184,0.1060484243365436
ds005540,labram_ridge_base,total_minus_uncalibrated_prior,2,0,0.11233369238822055,-0.02477131046755421,0.2494386952439953,1985,-0.027535029166540242,0.2522024139429814,0.014273984173554771,-0.018398836525073056,0.0469468048721826
ds005540,labram_ridge_base,total_minus_uncalibrated_prior,2,1,0.03262988367883651,-0.06742020145151949,0.13267996880919253,1985,-0.10723883787592428,0.1724986052335973,0.014328631266083636,-0.02076000222945789,0.04941726476162516
ds005540,labram_ridge_base,total_minus_uncalibrated_prior,2,2,0.0437905614395796,-0.06929663978471932,0.15687776266387854,1985,-0.0960781601151812,0.1836592829943404,0.017927759126114745,-0.012144638517493454,0.04800015676972294
ds005540,labram_ridge_base,total_minus_uncalibrated_prior,2,4,0.04153356705126382,-0.08070280190238246,0.1637699360049101,1985,-0.09833515450349697,0.18140228860602461,0.017753188591646984,-0.013124406074491193,0.048630783257785165
ds005540,labram_ridge_base,total_minus_uncalibrated_prior,2,8,0.022197747984845306,-0.12125414620880398,0.1656496421784946,1985,-0.11767097356991549,0.1620664695396061,0.021074868533950575,-0.009160111944519884,0.051309849012421034
ds005540,labram_ridge_base,total_minus_uncalibrated_prior,4,0,0.1649429454116174,0.03840699732946226,0.29147889349377254,1985,0.025074223856856592,0.3048116669663782,0.005190431259693401,-0.02483934242420299,0.035220204943589795
ds005540,labram_ridge_base,total_minus_uncalibrated_prior,4,1,0.06392394681577773,-0.02820996162559912,0.1560578552571546,1985,-0.07594477473898306,0.20379266837053853,0.007871799158138737,-0.024702208746179413,0.04044580706245689
ds005540,labram_ridge_base,total_minus_uncalibrated_prior,4,2,0.09113535506842108,-0.013252464519094231,0.19552317465593638,1985,-0.04873336648633972,0.23100407662318187,0.005588441775151526,-0.02139712120276375,0.0325740047530668
ds005540,labram_ridge_base,total_minus_uncalibrated_prior,4,4,0.10425649510131435,-0.00989180647881481,0.21840479668144352,1985,-0.035612226453446444,0.24412521665607514,0.0003631988379429185,-0.028943709103472683,0.02967010677935852
ds005540,labram_ridge_base,total_minus_uncalibrated_prior,4,8,0.08725850560234993,-0.04994263075544619,0.22445964196014606,1985,-0.05261021595241086,0.22712722715711073,0.006255980620011037,-0.023478662240596266,0.035990623480618336
ds005540,labram_ridge_base,total_minus_uncalibrated_prior,8,0,0.17176104709155757,0.04285620736597481,0.30066588681714035,1985,0.03189232553679677,0.31162976864631836,-0.006677771783279524,-0.03441481504138619,0.02105927147482714
ds005540,labram_ridge_base,total_minus_uncalibrated_prior,8,1,0.06877002691500439,-0.02138387106551924,0.15892392489552803,1985,-0.0710986946397564,0.20863874846976518,-0.0008806050810085397,-0.030498393729868827,0.028737183567851748
ds005540,labram_ridge_base,total_minus_uncalibrated_prior,8,2,0.09970973584191811,-0.0022953786197536102,0.20171485030358982,1985,-0.04015898571284268,0.2395784573966789,-0.0018294524228833209,-0.026666748927541888,0.023007844081775246
ds005540,labram_ridge_base,total_minus_uncalibrated_prior,8,4,0.10967312786656541,-0.0037305232881522238,0.22307677902128303,1985,-0.030195593688195382,0.2495418494213262,-0.005212934483279141,-0.03168176003414866,0.02125589106759038
ds005540,labram_ridge_base,total_minus_uncalibrated_prior,8,8,0.09614533510648349,-0.03795538838953452,0.2302460586025015,1985,-0.04372338644827731,0.23601405666124428,-0.0014609073245053228,-0.029325968744855338,0.026404154095844692
ds005540,labram_ridge_strong,eeg_added_population,0,0,-0.022924548047230653,-0.09733947670810915,0.05149038061364784,1985,-0.08046462057523501,0.03461552448077371,0.00558053457248428,-0.006075323254858095,0.017236392399826654
ds005540,labram_ridge_strong,eeg_added_population,0,1,-0.01510739114625298,-0.05141453221524098,0.021199749922735017,1985,-0.07264746367425734,0.04243268138175138,0.007449226711165907,-0.003150740131831472,0.018049193554163286
ds005540,labram_ridge_strong,eeg_added_population,0,2,-0.02178926356318256,-0.0711632993535649,0.02758477222719978,1985,-0.07932933609118692,0.0357508089648218,0.007326770881488226,-0.0032169569446260076,0.01787049870760246
ds005540,labram_ridge_strong,eeg_added_population,0,4,-0.022587737621387993,-0.0777082151593664,0.03253273991659042,1985,-0.08012781014939235,0.03495233490661637,0.00838256246090674,-0.002350828984375686,0.019115953906189163
ds005540,labram_ridge_strong,eeg_added_population,0,8,-0.02720958963509379,-0.09237243889028872,0.03795325962010114,1985,-0.08474966216309815,0.03033048289291057,0.007761556991634139,-0.003701798389933387,0.019224912373201664
ds005540,labram_ridge_strong,eeg_added_population,1,0,-0.022924548047230653,-0.09733947670810915,0.05149038061364784,1985,-0.08046462057523501,0.03461552448077371,0.00558053457248428,-0.006075323254858095,0.017236392399826654
ds005540,labram_ridge_strong,eeg_added_population,1,1,-0.01510739114625298,-0.05141453221524098,0.021199749922735017,1985,-0.07264746367425734,0.04243268138175138,0.007449226711165907,-0.003150740131831472,0.018049193554163286
ds005540,labram_ridge_strong,eeg_added_population,1,2,-0.02178926356318256,-0.0711632993535649,0.02758477222719978,1985,-0.07932933609118692,0.0357508089648218,0.007326770881488226,-0.0032169569446260076,0.01787049870760246
ds005540,labram_ridge_strong,eeg_added_population,1,4,-0.022587737621387993,-0.0777082151593664,0.03253273991659042,1985,-0.08012781014939235,0.03495233490661637,0.00838256246090674,-0.002350828984375686,0.019115953906189163
ds005540,labram_ridge_strong,eeg_added_population,1,8,-0.02720958963509379,-0.09237243889028872,0.03795325962010114,1985,-0.08474966216309815,0.03033048289291057,0.007761556991634139,-0.003701798389933387,0.019224912373201664
ds005540,labram_ridge_strong,eeg_added_population,2,0,-0.022924548047230653,-0.09733947670810915,0.05149038061364784,1985,-0.08046462057523501,0.03461552448077371,0.00558053457248428,-0.006075323254858095,0.017236392399826654
ds005540,labram_ridge_strong,eeg_added_population,2,1,-0.01510739114625298,-0.05141453221524098,0.021199749922735017,1985,-0.07264746367425734,0.04243268138175138,0.007449226711165907,-0.003150740131831472,0.018049193554163286
ds005540,labram_ridge_strong,eeg_added_population,2,2,-0.02178926356318256,-0.0711632993535649,0.02758477222719978,1985,-0.07932933609118692,0.0357508089648218,0.007326770881488226,-0.0032169569446260076,0.01787049870760246
ds005540,labram_ridge_strong,eeg_added_population,2,4,-0.022587737621387993,-0.0777082151593664,0.03253273991659042,1985,-0.08012781014939235,0.03495233490661637,0.00838256246090674,-0.002350828984375686,0.019115953906189163
ds005540,labram_ridge_strong,eeg_added_population,2,8,-0.02720958963509379,-0.09237243889028872,0.03795325962010114,1985,-0.08474966216309815,0.03033048289291057,0.007761556991634139,-0.003701798389933387,0.019224912373201664
ds005540,labram_ridge_strong,eeg_added_population,4,0,-0.022924548047230653,-0.09733947670810915,0.05149038061364784,1985,-0.08046462057523501,0.03461552448077371,0.00558053457248428,-0.006075323254858095,0.017236392399826654
ds005540,labram_ridge_strong,eeg_added_population,4,1,-0.01510739114625298,-0.05141453221524098,0.021199749922735017,1985,-0.07264746367425734,0.04243268138175138,0.007449226711165907,-0.003150740131831472,0.018049193554163286
ds005540,labram_ridge_strong,eeg_added_population,4,2,-0.02178926356318256,-0.0711632993535649,0.02758477222719978,1985,-0.07932933609118692,0.0357508089648218,0.007326770881488226,-0.0032169569446260076,0.01787049870760246
ds005540,labram_ridge_strong,eeg_added_population,4,4,-0.022587737621387993,-0.0777082151593664,0.03253273991659042,1985,-0.08012781014939235,0.03495233490661637,0.00838256246090674,-0.002350828984375686,0.019115953906189163
ds005540,labram_ridge_strong,eeg_added_population,4,8,-0.02720958963509379,-0.09237243889028872,0.03795325962010114,1985,-0.08474966216309815,0.03033048289291057,0.007761556991634139,-0.003701798389933387,0.019224912373201664
ds005540,labram_ridge_strong,eeg_added_population,8,0,-0.022924548047230653,-0.09733947670810915,0.05149038061364784,1985,-0.08046462057523501,0.03461552448077371,0.00558053457248428,-0.006075323254858095,0.017236392399826654
ds005540,labram_ridge_strong,eeg_added_population,8,1,-0.01510739114625298,-0.05141453221524098,0.021199749922735017,1985,-0.07264746367425734,0.04243268138175138,0.007449226711165907,-0.003150740131831472,0.018049193554163286
ds005540,labram_ridge_strong,eeg_added_population,8,2,-0.02178926356318256,-0.0711632993535649,0.02758477222719978,1985,-0.07932933609118692,0.0357508089648218,0.007326770881488226,-0.0032169569446260076,0.01787049870760246
ds005540,labram_ridge_strong,eeg_added_population,8,4,-0.022587737621387993,-0.0777082151593664,0.03253273991659042,1985,-0.08012781014939235,0.03495233490661637,0.00838256246090674,-0.002350828984375686,0.019115953906189163
ds005540,labram_ridge_strong,eeg_added_population,8,8,-0.02720958963509379,-0.09237243889028872,0.03795325962010114,1985,-0.08474966216309815,0.03033048289291057,0.007761556991634139,-0.003701798389933387,0.019224912373201664
ds005540,labram_ridge_strong,eeg_added_matched_calibration,0,0,-0.022924548047230653,-0.09733947670810915,0.05149038061364784,1985,-0.08252261242580841,0.0366735163313471,0.00558053457248428,-0.006075323254858095,0.017236392399826654
ds005540,labram_ridge_strong,eeg_added_matched_calibration,0,1,-0.01510739114625298,-0.05141453221524098,0.021199749922735017,1985,-0.07470545552483074,0.04449067323232477,0.007449226711165907,-0.003150740131831472,0.018049193554163286
ds005540,labram_ridge_strong,eeg_added_matched_calibration,0,2,-0.02178926356318256,-0.0711632993535649,0.02758477222719978,1985,-0.08138732794176032,0.03780880081539519,0.007326770881488226,-0.0032169569446260076,0.01787049870760246
ds005540,labram_ridge_strong,eeg_added_matched_calibration,0,4,-0.022587737621387993,-0.0777082151593664,0.03253273991659042,1985,-0.08218580199996575,0.03701032675718976,0.00838256246090674,-0.002350828984375686,0.019115953906189163
ds005540,labram_ridge_strong,eeg_added_matched_calibration,0,8,-0.02720958963509379,-0.09237243889028872,0.03795325962010114,1985,-0.08680765401367155,0.03238847474348396,0.007761556991634139,-0.003701798389933387,0.019224912373201664
ds005540,labram_ridge_strong,eeg_added_matched_calibration,1,0,-0.011797631330972808,-0.05851062941130771,0.034915366749362096,1985,-0.07139569570955057,0.047800433047604944,0.010083483158949719,-0.0033428126287876024,0.02350977894668704
ds005540,labram_ridge_strong,eeg_added_matched_calibration,1,1,-0.012680568410836646,-0.04295531006443342,0.01759417324276013,1985,-0.0722786327894144,0.046917495967741106,0.011186446600918387,-0.0024940414487253613,0.024866934650562136
ds005540,labram_ridge_strong,eeg_added_matched_calibration,1,2,-0.016428249669573236,-0.05182181407458134,0.01896531473543487,1985,-0.076026314048151,0.043169814709004516,0.012643202446870977,-0.00041240549245223634,0.02569881038619419
ds005540,labram_ridge_strong,eeg_added_matched_calibration,1,4,-0.018615094066433024,-0.05725796560397859,0.02002777747111254,1985,-0.07821315844501078,0.04098297031214473,0.00990844479706618,-0.003375647603138677,0.023192537197271035
ds005540,labram_ridge_strong,eeg_added_matched_calibration,1,8,-0.014560728119925426,-0.05872355111629605,0.029602094876445197,1985,-0.07415879249850318,0.045037336258652326,0.008043503603605812,-0.005462142384827635,0.021549149592039258
ds005540,labram_ridge_strong,eeg_added_matched_calibration,2,0,-0.011426631924432731,-0.06323593805892133,0.04038267421005586,1985,-0.07102469630301048,0.04817143245414502,0.005330359026374104,-0.004741107994027782,0.01540182604677599
ds005540,labram_ridge_strong,eeg_added_matched_calibration,2,1,-0.007204558653744975,-0.03962118820044101,0.025212070892951063,1985,-0.06680262303232273,0.05239350572483278,0.00444413996159812,-0.007736448858643576,0.016624728781839817
ds005540,labram_ridge_strong,eeg_added_matched_calibration,2,2,-0.008401599952167604,-0.047638559721420934,0.030835359817085725,1985,-0.06799966433074536,0.05119646442641015,0.005493230625636947,-0.00542787057763928,0.01641433182891317
ds005540,labram_ridge_strong,eeg_added_matched_calibration,2,4,-0.010929516629276548,-0.0516689613426439,0.029809928084090803,1985,-0.0705275810078543,0.048668547749301204,0.005211686159534712,-0.005945459648388258,0.016368831967457684
ds005540,labram_ridge_strong,eeg_added_matched_calibration,2,8,-0.010420299893674434,-0.05493490431150548,0.03409430452415661,1985,-0.07001836427225219,0.04917776448490332,0.00536440296219487,-0.006292577007424678,0.01702138293181442
ds005540,labram_ridge_strong,eeg_added_matched_calibration,4,0,-0.016616888620110237,-0.06671068315533768,0.03347690591511721,1985,-0.076214952998688,0.042981175758467514,0.006146587461686642,-0.0028277368097526477,0.015120911733125932
ds005540,labram_ridge_strong,eeg_added_matched_calibration,4,1,-0.007824318979356981,-0.03574137111238141,0.02009273315366745,1985,-0.06742238335793474,0.05177374539922077,0.0059828955543453355,-0.0036368421825882166,0.015602633291278888
ds005540,labram_ridge_strong,eeg_added_matched_calibration,4,2,-0.009671282934877401,-0.044566447429288704,0.025223881559533902,1985,-0.06926934731345516,0.04992678144370035,0.004147809462132196,-0.0046493458044149765,0.012944964728679368
ds005540,labram_ridge_strong,eeg_added_matched_calibration,4,4,-0.011645816604733628,-0.05011899973988494,0.026827366530417687,1985,-0.07124388098331139,0.047952247773844124,0.005564225632557679,-0.0030228297660738236,0.014151281031189181
ds005540,labram_ridge_strong,eeg_added_matched_calibration,4,8,-0.010139968032789826,-0.0537505278027219,0.03347059173714225,1985,-0.06973803241136758,0.049458096345787926,0.004185486393044391,-0.005714756149411625,0.014085728935500407
ds005540,labram_ridge_strong,eeg_added_matched_calibration,8,0,-0.014678016982402398,-0.07071813782420974,0.04136210385940494,1985,-0.07427608136098016,0.044920047396175354,0.0057729465489844145,-0.0022634547336273705,0.0138093478315962
ds005540,labram_ridge_strong,eeg_added_matched_calibration,8,1,-0.007999862129496438,-0.03686582095540683,0.02086609669641396,1985,-0.0675979265080742,0.051598202249081314,0.004316946014303685,-0.004883387984528101,0.013517280013135471
ds005540,labram_ridge_strong,eeg_added_matched_calibration,8,2,-0.009603370506472086,-0.046975841880492274,0.0277691008675481,1985,-0.06920143488504985,0.049994693872105665,0.00387790853129677,-0.00424373476091461,0.01199955182350815
ds005540,labram_ridge_strong,eeg_added_matched_calibration,8,4,-0.012073873994734807,-0.05197622010378169,0.027828472114312074,1985,-0.07167193837331257,0.047524190383842944,0.0037072570683707173,-0.0050719054076485675,0.012486419544390002
ds005540,labram_ridge_strong,eeg_added_matched_calibration,8,8,-0.009546050397113204,-0.05677193715950588,0.037679836365279475,1985,-0.06914411477569096,0.05005201398146455,0.0035395177322550264,-0.006145128525692314,0.013224163990202367
ds005540,labram_ridge_strong,prior_calibration_gain,0,0,0.0,0.0,0.0,1985,-0.12964144783171755,0.12964144783171755,0.0,0.0,0.0
ds005540,labram_ridge_strong,prior_calibration_gain,0,1,0.0,0.0,0.0,1985,-0.12964144783171755,0.12964144783171755,0.0,0.0,0.0
ds005540,labram_ridge_strong,prior_calibration_gain,0,2,0.0,0.0,0.0,1985,-0.12964144783171755,0.12964144783171755,0.0,0.0,0.0
ds005540,labram_ridge_strong,prior_calibration_gain,0,4,0.0,0.0,0.0,1985,-0.12964144783171755,0.12964144783171755,0.0,0.0,0.0
ds005540,labram_ridge_strong,prior_calibration_gain,0,8,0.0,0.0,0.0,1985,-0.12964144783171755,0.12964144783171755,0.0,0.0,0.0
ds005540,labram_ridge_strong,prior_calibration_gain,1,0,0.13942400367279775,0.0029188931532966866,0.2759291141922988,1985,0.009782555841080204,0.26906545150451533,0.03201684061263571,-0.014694753183912314,0.07872843440918373
ds005540,labram_ridge_strong,prior_calibration_gain,1,1,0.020243552285919175,-0.08994684099484161,0.13043394556667998,1985,-0.10939789554579837,0.14988500011763672,0.02546006133935047,-0.0185922789308409,0.06951240160954184
ds005540,labram_ridge_strong,prior_calibration_gain,1,2,0.005696107559400199,-0.12485000310168243,0.13624221822048282,1985,-0.12394534027231735,0.13533755539111775,0.033865302417263154,-0.005051858997183058,0.07278246383170936
ds005540,labram_ridge_strong,prior_calibration_gain,1,4,0.0004809728596645302,-0.13576824493518067,0.13673019065450973,1985,-0.12916047497205302,0.13012242069138208,0.03683681285014001,-0.0023605378835337143,0.07603416358381374
ds005540,labram_ridge_strong,prior_calibration_gain,1,8,-0.0051155723635893935,-0.14900388116339786,0.13877273643621907,1985,-0.13475702019530694,0.12452587546812816,0.03864008458672469,-0.0010152334220602313,0.0782954025955096
ds005540,labram_ridge_strong,prior_calibration_gain,2,0,0.13636464028270495,0.01501140958550598,0.25771787097990395,1985,0.006723192450987403,0.2660060881144225,-0.0002692030614430685,-0.027764595137132222,0.027226189014246085
ds005540,labram_ridge_strong,prior_calibration_gain,2,1,0.04876702860725174,-0.038559434657934474,0.13609349187243797,1985,-0.08087441922446581,0.1784084764389693,0.005938020076857842,-0.0240755178544228,0.035951558008138484
ds005540,labram_ridge_strong,prior_calibration_gain,2,2,0.06686990454262631,-0.03296403231072191,0.16670384139597455,1985,-0.06277154328909124,0.19651135237434386,0.00607292469070958,-0.019031322135882975,0.031177171517302135
ds005540,labram_ridge_strong,prior_calibration_gain,2,4,0.07111753358757883,-0.041388414452589034,0.1836234816277467,1985,-0.05852391424413872,0.20075898141929638,0.005010298045500239,-0.021159408001812957,0.031180004092813435
ds005540,labram_ridge_strong,prior_calibration_gain,2,8,0.06521585154998333,-0.055759363182050076,0.18619106628201673,1985,-0.06442559628173422,0.19485729938170088,0.004622578479073547,-0.022386289170469826,0.031631446128616916
ds005540,labram_ridge_strong,prior_calibration_gain,4,0,0.20127149421980242,0.08080584450906049,0.32173714393054437,1985,0.07163004638808487,0.33091294205152,-0.011251346838891368,-0.03774661976205787,0.015243926084275137
ds005540,labram_ridge_strong,prior_calibration_gain,4,1,0.08258857941847991,-0.00336493997411437,0.16854209881107418,1985,-0.047052868413237636,0.21223002725019746,-0.004407244157308032,-0.03093826675990936,0.022123778445293295
ds005540,labram_ridge_strong,prior_calibration_gain,4,2,0.11641943695711388,0.017549574035254784,0.21528929987897297,1985,-0.013222010874603674,0.24606088478883142,-0.005772317024803769,-0.02947154101491087,0.017926906965303333
ds005540,labram_ridge_strong,prior_calibration_gain,4,4,0.1352813300886601,0.024382511829871223,0.246180148347449,1985,0.005639882256942563,0.26492277792037766,-0.012757864757073328,-0.03816192020836565,0.012646190694218996
ds005540,labram_ridge_strong,prior_calibration_gain,4,8,0.1367388112033453,0.018356809277231947,0.25512081312945867,1985,0.007097363371627752,0.26638025903506285,-0.011765905224174755,-0.03728032652551953,0.013748516077170023
ds005540,labram_ridge_strong,prior_calibration_gain,8,0,0.20355097551998702,0.08686608804864614,0.3202358629913279,1985,0.07390952768826947,0.33319242335170457,-0.019993443667244842,-0.04462274817783514,0.004635860843345458
ds005540,labram_ridge_strong,prior_calibration_gain,8,1,0.08449360488325314,0.0014158584328454044,0.16757135133366086,1985,-0.04514784294846441,0.2141350527149707,-0.009241721490872629,-0.03329624973772427,0.014812806755979017
ds005540,labram_ridge_strong,prior_calibration_gain,8,2,0.12036093581954399,0.025047527292926905,0.21567434434616106,1985,-0.009280512012173558,0.25000238365126154,-0.010701759852282056,-0.03313268739672437,0.011729167692160258
ds005540,labram_ridge_strong,prior_calibration_gain,8,4,0.1375631677299794,0.03028959822489294,0.24483673723506585,1985,0.007921719898261848,0.26720461556169695,-0.014330020618839284,-0.03811937057303619,0.009459329335357619
ds005540,labram_ridge_strong,prior_calibration_gain,8,8,0.14200573328791455,0.029578554276633903,0.2544329122991952,1985,0.012364285456197,0.2716471811196321,-0.017825760202544838,-0.04171877696193126,0.006067256556841587
ds005540,labram_ridge_strong,combined_calibration_gain,0,0,0.0,0.0,0.0,1985,-0.14329034531963594,0.14329034531963594,0.0,0.0,0.0
ds005540,labram_ridge_strong,combined_calibration_gain,0,1,0.0,0.0,0.0,1985,-0.14329034531963594,0.14329034531963594,0.0,0.0,0.0
ds005540,labram_ridge_strong,combined_calibration_gain,0,2,0.0,0.0,0.0,1985,-0.14329034531963594,0.14329034531963594,0.0,0.0,0.0
ds005540,labram_ridge_strong,combined_calibration_gain,0,4,0.0,0.0,0.0,1985,-0.14329034531963594,0.14329034531963594,0.0,0.0,0.0
ds005540,labram_ridge_strong,combined_calibration_gain,0,8,0.0,0.0,0.0,1985,-0.14329034531963594,0.14329034531963594,0.0,0.0,0.0
ds005540,labram_ridge_strong,combined_calibration_gain,1,0,0.1505509203890556,-0.005405148859844305,0.30650698963795553,1985,0.007260575069419656,0.2938412657086915,0.03651978919910115,-0.012882712180944549,0.08592229057914685
ds005540,labram_ridge_strong,combined_calibration_gain,1,1,0.02267037502133551,-0.09790792920749504,0.14324867925016604,1985,-0.12061997029830043,0.16596072034097145,0.02919728122910295,-0.015952696202730342,0.07434725866093625
ds005540,labram_ridge_strong,combined_calibration_gain,1,2,0.011057121453009522,-0.1341205949753717,0.15623483788139075,1985,-0.13223322386662642,0.15434746677264546,0.039181733982645905,-0.003149721221833879,0.08151318918712569
ds005540,labram_ridge_strong,combined_calibration_gain,1,4,0.004453616414619499,-0.14793600664765877,0.15684323947689777,1985,-0.13883672890501644,0.14774396173425544,0.03836269518629945,-0.005144397634011283,0.08186978800661018
ds005540,labram_ridge_strong,combined_calibration_gain,1,8,0.00753328915157897,-0.15353366622554004,0.16860024452869798,1985,-0.13575705616805697,0.1508236344712149,0.03892203119869636,-0.005201812590334726,0.08304587498772745
ds005540,labram_ridge_strong,combined_calibration_gain,2,0,0.14786255640550286,0.00476037205446736,0.29096474075653833,1985,0.004572211085866917,0.2911529017251388,-0.0005193786075532447,-0.031143702683349178,0.03010494546824269
ds005540,labram_ridge_strong,combined_calibration_gain,2,1,0.056669861099759744,-0.03900119863679255,0.15234092083631204,1985,-0.0866204842198762,0.1999602064193957,0.002932933327290055,-0.027410506702451935,0.03327637335703204
ds005540,labram_ridge_strong,combined_calibration_gain,2,2,0.08025756815364127,-0.035497567655453435,0.19601270396273596,1985,-0.06303277716599467,0.2235479134732772,0.004239384434858301,-0.023755864156352096,0.0322346330260687
ds005540,labram_ridge_strong,combined_calibration_gain,2,4,0.08277575457969027,-0.04626628593739865,0.2118177950967792,1985,-0.06051459073994567,0.22606609989932622,0.0018394217441282112,-0.02883733465903174,0.03251617814728816
ds005540,labram_ridge_strong,combined_calibration_gain,2,8,0.08200514129140268,-0.05613838088018236,0.22014866346298773,1985,-0.06128520402823326,0.22529548661103863,0.002225424449634278,-0.027494684733528476,0.031945533632797035
ds005540,labram_ridge_strong,combined_calibration_gain,4,0,0.20757915364692284,0.0733775896164808,0.34178071767736484,1985,0.0642888083272869,0.3508694989665588,-0.010685293949689006,-0.03870686019510444,0.01733627229572643
ds005540,labram_ridge_strong,combined_calibration_gain,4,1,0.08987165158537591,-0.002312585612884041,0.18205588878363588,1985,-0.05341869373426003,0.23316199690501185,-0.005873575314128604,-0.03329405302344379,0.021546902395186585
ds005540,labram_ridge_strong,combined_calibration_gain,4,2,0.12853741758541903,0.017888193797470545,0.23918664137336754,1985,-0.014752927734216909,0.27182776290505495,-0.0089512784441598,-0.034353564372581816,0.01645100748426222
ds005540,labram_ridge_strong,combined_calibration_gain,4,4,0.14622325110531448,0.02372544690859414,0.26872105530203483,1985,0.0029329057856785357,0.28951359642495045,-0.015576201585422389,-0.043862462294542395,0.01271005912369762
ds005540,labram_ridge_strong,combined_calibration_gain,4,8,0.15380843280564926,0.019194199274304158,0.28842266633699437,1985,0.010518087486013322,0.2970987781252852,-0.015341975822764503,-0.043160098740174256,0.01247614709464525
ds005540,labram_ridge_strong,combined_calibration_gain,8,0,0.21179750658481528,0.07957700409717117,0.3440180090724594,1985,0.06850716126517933,0.35508785190445125,-0.019801031690744708,-0.04591637115352127,0.006314307772031853
ds005540,labram_ridge_strong,combined_calibration_gain,8,1,0.09160113390000968,0.0015400147661136232,0.18166225303390574,1985,-0.05168921141962626,0.23489147921964562,-0.01237400218773485,-0.037688287995306144,0.012940283619836443
ds005540,labram_ridge_strong,combined_calibration_gain,8,2,0.13254682887625446,0.026104820397245473,0.23898883735526344,1985,-0.010743516443381479,0.2758371741958904,-0.014150622202473512,-0.03721607139781741,0.00891482699287038
ds005540,labram_ridge_strong,combined_calibration_gain,8,4,0.14807703135663258,0.02887677823325613,0.26727728448000904,1985,0.00478668603699664,0.29136737667626855,-0.019005326011375306,-0.04518732090642445,0.007176668883673843
ds005540,labram_ridge_strong,combined_calibration_gain,8,8,0.15966927252589513,0.03178232762805194,0.2875562174237383,1985,0.016378927206259192,0.30295961784553105,-0.02204779946192395,-0.04750827375913712,0.0034126748352892207
ds005540,labram_ridge_strong,total_minus_uncalibrated_prior,0,0,-0.022924548047230653,-0.09733947670810915,0.05149038061364784,1985,-0.15398065031646427,0.10813155422200296,0.00558053457248428,-0.006075323254858095,0.017236392399826654
ds005540,labram_ridge_strong,total_minus_uncalibrated_prior,0,1,-0.01510739114625298,-0.05141453221524098,0.021199749922735017,1985,-0.1461634934154866,0.11594871112298064,0.007449226711165907,-0.003150740131831472,0.018049193554163286
ds005540,labram_ridge_strong,total_minus_uncalibrated_prior,0,2,-0.02178926356318256,-0.0711632993535649,0.02758477222719978,1985,-0.15284536583241617,0.10926683870605106,0.007326770881488226,-0.0032169569446260076,0.01787049870760246
ds005540,labram_ridge_strong,total_minus_uncalibrated_prior,0,4,-0.022587737621387993,-0.0777082151593664,0.03253273991659042,1985,-0.1536438398906216,0.10846836464784562,0.00838256246090674,-0.002350828984375686,0.019115953906189163
ds005540,labram_ridge_strong,total_minus_uncalibrated_prior,0,8,-0.02720958963509379,-0.09237243889028872,0.03795325962010114,1985,-0.1582656919043274,0.10384651263413983,0.007761556991634139,-0.003701798389933387,0.019224912373201664
ds005540,labram_ridge_strong,total_minus_uncalibrated_prior,1,0,0.12762637234182495,-0.006716773666932685,0.2619695183505826,1985,-0.00342972992740867,0.25868247461105853,0.04210032377158543,-0.006634736182106457,0.09083538372527732
ds005540,labram_ridge_strong,total_minus_uncalibrated_prior,1,1,0.0075629838750825296,-0.10820031700136253,0.12332628475152758,1985,-0.12349311839415109,0.13861908614431614,0.03664650794026886,-0.009389553276116264,0.08268256915665398
ds005540,labram_ridge_strong,total_minus_uncalibrated_prior,1,2,-0.010732142110173037,-0.1432088462683823,0.12174456204803621,1985,-0.14178824437940665,0.12032396015906058,0.04650850486413413,0.005289114392973568,0.0877278953352947
ds005540,labram_ridge_strong,total_minus_uncalibrated_prior,1,4,-0.018134121206768494,-0.1547229838650581,0.1184547414515211,1985,-0.1491902234760021,0.11292198106246512,0.04674525764720619,0.00456799116369748,0.0889225241307149
ds005540,labram_ridge_strong,total_minus_uncalibrated_prior,1,8,-0.01967630048351482,-0.16293281342222773,0.1235802124551981,1985,-0.15073240275274843,0.1113798017857188,0.0466835881903305,0.0045711451182554735,0.08879603126240553
ds005540,labram_ridge_strong,total_minus_uncalibrated_prior,2,0,0.1249380083582722,-0.0018417186525672702,0.2517177353691117,1985,-0.0061180939109614085,0.2559941106275058,0.005061155964931036,-0.024774622748933717,0.03489693467879579
ds005540,labram_ridge_strong,total_minus_uncalibrated_prior,2,1,0.041562469953506764,-0.05094336660920548,0.134068306516219,1985,-0.08949363231572685,0.17261857222274038,0.010382160038455962,-0.021268203542545633,0.04203252361945756
ds005540,labram_ridge_strong,total_minus_uncalibrated_prior,2,2,0.05846830459045871,-0.045359806961302304,0.16229641614221973,1985,-0.0725877976787749,0.18952440685969232,0.011566155316346527,-0.015786738478880978,0.03891904911157403
ds005540,labram_ridge_strong,total_minus_uncalibrated_prior,2,4,0.06018801695830228,-0.05507071615711333,0.1754467500737179,1985,-0.07086808531093133,0.1912441192275359,0.01022198420503495,-0.018733654155115867,0.03917762256518577
ds005540,labram_ridge_strong,total_minus_uncalibrated_prior,2,8,0.054795551656308894,-0.07115374084515846,0.18074484415777625,1985,-0.07626055061292472,0.1858516539255425,0.009986981441268417,-0.0179353436374204,0.037909306519957234
ds005540,labram_ridge_strong,total_minus_uncalibrated_prior,4,0,0.18465460559969218,0.06574188542794822,0.30356732577143614,1985,0.05359850333045857,0.3157107078689258,-0.005104759377204726,-0.032373301861234834,0.02216378310682538
ds005540,labram_ridge_strong,total_minus_uncalibrated_prior,4,1,0.07476426043912293,-0.012902742645785184,0.16243126352403103,1985,-0.056291841830110684,0.20582036270835655,0.0015756513970373032,-0.027138166876773843,0.03028946967084845
ds005540,labram_ridge_strong,total_minus_uncalibrated_prior,4,2,0.10674815402223647,0.008982895447544367,0.20451341259692857,1985,-0.02430794824699714,0.2378042562914701,-0.0016245075626715733,-0.025816042543618797,0.02256702741827565
ds005540,labram_ridge_strong,total_minus_uncalibrated_prior,4,4,0.12363551348392648,0.013246817524802279,0.2340242094430507,1985,-0.007420588785307131,0.2546916157531601,-0.0071936391245156495,-0.03409562526154281,0.019708347012511514
ds005540,labram_ridge_strong,total_minus_uncalibrated_prior,4,8,0.12659884317055548,0.006595266810990444,0.24660241953012052,1985,-0.00445725909867814,0.25765494543978906,-0.007580418831130364,-0.03358738286056043,0.018426545198299695
ds005540,labram_ridge_strong,total_minus_uncalibrated_prior,8,0,0.18887295853758462,0.0697499058074883,0.30799601126768095,1985,0.05781685626835101,0.31992906080681827,-0.014220497118260428,-0.039639574379633974,0.011198580143113115
ds005540,labram_ridge_strong,total_minus_uncalibrated_prior,8,1,0.0764937427537567,-0.009095243581494356,0.16208272908900775,1985,-0.054562359515476916,0.20754984502299031,-0.004924775476568943,-0.031841160853098016,0.021991609899960126
ds005540,labram_ridge_strong,total_minus_uncalibrated_prior,8,2,0.1107575653130719,0.014858813534485149,0.20665631709165866,1985,-0.02029853695616171,0.24181366758230552,-0.006823851320985286,-0.029647817304584042,0.01600011466261347
ds005540,labram_ridge_strong,total_minus_uncalibrated_prior,8,4,0.1254892937352446,0.016617851512459772,0.23436073595802942,1985,-0.005566808533989026,0.25654539600447823,-0.010622763550468567,-0.0359828306949969,0.01473730359405977
ds005540,labram_ridge_strong,total_minus_uncalibrated_prior,8,8,0.13245968289080134,0.014802430471777109,0.2501169353098256,1985,0.0014035806215677293,0.26351578516003493,-0.014286242470289812,-0.03897950306568185,0.01040701812510222
ds006850,bandpower_ridge_base,eeg_added_population,0,0,0.008094316706140707,-0.0954762889806813,0.11166492239296272,2000,-0.0666762266058985,0.08286486001817991,0.012245284484603436,-0.003114578066383671,0.02760514703559054
ds006850,bandpower_ridge_base,eeg_added_population,0,1,-0.004384264367713164,-0.06657436766798272,0.057805838932556385,2000,-0.07915480767975237,0.07038627894432604,0.009850461487617757,-0.005220010005281071,0.024920932980516584
ds006850,bandpower_ridge_base,eeg_added_population,0,2,-0.015636801869125472,-0.09449434755764567,0.06322074381939473,2000,-0.09040734518116468,0.05913374144291374,0.007589827515775471,-0.008085569697578444,0.023265224729129386
ds006850,bandpower_ridge_base,eeg_added_population,0,4,-0.005093958581221525,-0.09132020533087193,0.08113228816842888,2000,-0.07986450189326073,0.06967658473081768,0.005968961641062004,-0.010514726158749432,0.02245264944087344
ds006850,bandpower_ridge_base,eeg_added_population,0,8,-0.01791633117407493,-0.10255116282609622,0.06671850047794636,2000,-0.09268687448611414,0.05685421213796428,0.010065216365697599,-0.0053102079385388655,0.025440640669934064
ds006850,bandpower_ridge_base,eeg_added_population,1,0,0.00809431670614111,-0.0954762889806809,0.11166492239296312,2000,-0.0666762266058981,0.08286486001818032,0.012245284484603436,-0.003114578066383671,0.02760514703559054
ds006850,bandpower_ridge_base,eeg_added_population,1,1,-0.004384264367713164,-0.06657436766798272,0.057805838932556385,2000,-0.07915480767975237,0.07038627894432604,0.009850461487617757,-0.005220010005281075,0.024920932980516588
ds006850,bandpower_ridge_base,eeg_added_population,1,2,-0.015636801869125472,-0.09449434755764567,0.06322074381939473,2000,-0.09040734518116468,0.05913374144291374,0.007589827515775471,-0.008085569697578444,0.023265224729129386
ds006850,bandpower_ridge_base,eeg_added_population,1,4,-0.005093958581221525,-0.09132020533087193,0.08113228816842888,2000,-0.07986450189326073,0.06967658473081768,0.005968961641062004,-0.010514726158749432,0.02245264944087344
ds006850,bandpower_ridge_base,eeg_added_population,1,8,-0.017916331174075095,-0.10255116282609637,0.06671850047794618,2000,-0.0926868744861143,0.056854212137964114,0.010065216365697627,-0.005310207938538838,0.02544064066993409
ds006850,bandpower_ridge_base,eeg_added_population,2,0,0.008094316706140832,-0.09547628898068121,0.11166492239296287,2000,-0.06667622660589838,0.08286486001818004,0.012245284484603436,-0.003114578066383671,0.02760514703559054
ds006850,bandpower_ridge_base,eeg_added_population,2,1,-0.004384264367713164,-0.06657436766798272,0.057805838932556385,2000,-0.07915480767975237,0.07038627894432604,0.009850461487617757,-0.005220010005281075,0.024920932980516588
ds006850,bandpower_ridge_base,eeg_added_population,2,2,-0.01563680186912564,-0.09449434755764584,0.06322074381939456,2000,-0.09040734518116485,0.05913374144291357,0.007589827515775471,-0.008085569697578444,0.023265224729129386
ds006850,bandpower_ridge_base,eeg_added_population,2,4,-0.005093958581221525,-0.09132020533087193,0.08113228816842888,2000,-0.07986450189326073,0.06967658473081768,0.005968961641062004,-0.010514726158749432,0.02245264944087344
ds006850,bandpower_ridge_base,eeg_added_population,2,8,-0.017916331174075095,-0.10255116282609637,0.06671850047794618,2000,-0.0926868744861143,0.056854212137964114,0.010065216365697627,-0.005310207938538838,0.02544064066993409
ds006850,bandpower_ridge_base,eeg_added_population,4,0,0.008094316706140728,-0.09547628898068132,0.11166492239296279,2000,-0.06667622660589848,0.08286486001817994,0.012245284484603436,-0.003114578066383671,0.02760514703559054
ds006850,bandpower_ridge_base,eeg_added_population,4,1,-0.004384264367713303,-0.06657436766798283,0.05780583893255623,2000,-0.07915480767975251,0.0703862789443259,0.009850461487617757,-0.005220010005281075,0.024920932980516588
ds006850,bandpower_ridge_base,eeg_added_population,4,2,-0.015636801869125472,-0.09449434755764567,0.06322074381939473,2000,-0.09040734518116468,0.05913374144291374,0.007589827515775471,-0.008085569697578444,0.023265224729129386
ds006850,bandpower_ridge_base,eeg_added_population,4,4,-0.005093958581221469,-0.09132020533087187,0.08113228816842893,2000,-0.07986450189326068,0.06967658473081774,0.005968961641062004,-0.010514726158749432,0.02245264944087344
ds006850,bandpower_ridge_base,eeg_added_population,4,8,-0.017916331174074485,-0.10255116282609575,0.06671850047794678,2000,-0.0926868744861137,0.056854212137964724,0.010065216365697627,-0.005310207938538838,0.02544064066993409
ds006850,bandpower_ridge_base,eeg_added_population,8,0,0.008094316706140728,-0.09547628898068132,0.11166492239296279,2000,-0.06667622660589848,0.08286486001817994,0.012245284484603436,-0.003114578066383671,0.02760514703559054
ds006850,bandpower_ridge_base,eeg_added_population,8,1,-0.004384264367713303,-0.06657436766798283,0.05780583893255623,2000,-0.07915480767975251,0.0703862789443259,0.009850461487617757,-0.005220010005281075,0.024920932980516588
ds006850,bandpower_ridge_base,eeg_added_population,8,2,-0.015636801869125472,-0.09449434755764567,0.06322074381939473,2000,-0.09040734518116468,0.05913374144291374,0.007589827515775471,-0.008085569697578444,0.023265224729129386
ds006850,bandpower_ridge_base,eeg_added_population,8,4,-0.005093958581221469,-0.09132020533087187,0.08113228816842893,2000,-0.07986450189326068,0.06967658473081774,0.005968961641062004,-0.010514726158749432,0.02245264944087344
ds006850,bandpower_ridge_base,eeg_added_population,8,8,-0.017916331174074485,-0.10255116282609575,0.06671850047794678,2000,-0.0926868744861137,0.056854212137964724,0.010065216365697627,-0.005310207938538838,0.02544064066993409
ds006850,bandpower_ridge_base,eeg_added_matched_calibration,0,0,0.008094316706140707,-0.0954762889806813,0.11166492239296272,2000,-0.06964777965449702,0.08583641306677843,0.012245284484603436,-0.003114578066383671,0.02760514703559054
ds006850,bandpower_ridge_base,eeg_added_matched_calibration,0,1,-0.004384264367713164,-0.06657436766798272,0.057805838932556385,2000,-0.08212636072835089,0.07335783199292456,0.009850461487617757,-0.005220010005281071,0.024920932980516584
ds006850,bandpower_ridge_base,eeg_added_matched_calibration,0,2,-0.015636801869125472,-0.09449434755764567,0.06322074381939473,2000,-0.0933788982297632,0.06210529449151225,0.007589827515775471,-0.008085569697578444,0.023265224729129386
ds006850,bandpower_ridge_base,eeg_added_matched_calibration,0,4,-0.005093958581221525,-0.09132020533087193,0.08113228816842888,2000,-0.08283605494185925,0.0726481377794162,0.005968961641062004,-0.010514726158749432,0.02245264944087344
ds006850,bandpower_ridge_base,eeg_added_matched_calibration,0,8,-0.01791633117407493,-0.10255116282609622,0.06671850047794636,2000,-0.09565842753471265,0.059825765186562796,0.010065216365697599,-0.0053102079385388655,0.025440640669934064
ds006850,bandpower_ridge_base,eeg_added_matched_calibration,1,0,0.0011709982033430294,-0.06407875828922223,0.06642075469590829,2000,-0.0765710981572947,0.07891309456398075,0.006565574936313989,-0.010940620806153902,0.02407177067878188
ds006850,bandpower_ridge_base,eeg_added_matched_calibration,1,1,-0.00785299682417509,-0.05313443418379433,0.03742844053544415,2000,-0.08559509318481281,0.06988909953646263,0.006355969613072221,-0.009406671562602838,0.02211861078874728
ds006850,bandpower_ridge_base,eeg_added_matched_calibration,1,2,-0.00815982427863976,-0.06317812258445339,0.04685847402717387,2000,-0.08590192063927748,0.06958227208199796,0.005831377716593977,-0.011443375963094391,0.023106131396282346
ds006850,bandpower_ridge_base,eeg_added_matched_calibration,1,4,-0.007399979354959174,-0.06534138894148439,0.05054143023156604,2000,-0.0851420757155969,0.07034211700567855,0.008496849263184114,-0.008898436910450749,0.025892135436818977
ds006850,bandpower_ridge_base,eeg_added_matched_calibration,1,8,-0.009925193868417281,-0.06928547818031743,0.04943509044348286,2000,-0.087667290229055,0.06781690249222044,0.0071696255516651985,-0.011089462675060002,0.0254287137783904
ds006850,bandpower_ridge_base,eeg_added_matched_calibration,2,0,0.006342098426311199,-0.06733778202541253,0.08002197887803493,2000,-0.07139999793432653,0.08408419478694892,0.004677969836025392,-0.0121402850023422,0.021496224674392984
ds006850,bandpower_ridge_base,eeg_added_matched_calibration,2,1,-0.0009187677019689144,-0.04874319531878713,0.0469056599148493,2000,-0.07866086406260664,0.07682332865866881,0.005325677807733187,-0.009570000868844216,0.020221356484310588
ds006850,bandpower_ridge_base,eeg_added_matched_calibration,2,2,-0.0033200430975346973,-0.06310013082421595,0.05646004462914655,2000,-0.08106213945817242,0.07442205326310303,0.0031511186125636192,-0.012645081602687805,0.018947318827815043
ds006850,bandpower_ridge_base,eeg_added_matched_calibration,2,4,-0.003908690562246742,-0.06829618459680485,0.06047880347231137,2000,-0.08165078692288447,0.07383340579839098,0.003397484329642042,-0.013640102030217392,0.020435070689501476
ds006850,bandpower_ridge_base,eeg_added_matched_calibration,2,8,-0.00542869885527314,-0.0729084135795148,0.06205101586896852,2000,-0.08317079521591086,0.07231339750536458,0.004484305685441836,-0.013107044769318149,0.02207565614020182
ds006850,bandpower_ridge_base,eeg_added_matched_calibration,4,0,0.0016621856789808265,-0.0768546162111038,0.08017898756906545,2000,-0.0760799106816569,0.07940428203961855,0.006632021034686603,-0.007725663009613635,0.020989705078986842
ds006850,bandpower_ridge_base,eeg_added_matched_calibration,4,1,-0.0022661943054904654,-0.051106176731381174,0.04657378812040024,2000,-0.08000829066612819,0.07547590205514726,0.005075251627631228,-0.007654183146140902,0.017804686401403355
ds006850,bandpower_ridge_base,eeg_added_matched_calibration,4,2,-0.010111142813276186,-0.069972923207065,0.04975063758051262,2000,-0.08785323917391391,0.06763095354736154,0.003573082116118703,-0.010119916930579525,0.01726608116281693
ds006850,bandpower_ridge_base,eeg_added_matched_calibration,4,4,-0.007310828306613337,-0.0713981503301716,0.05677649371694493,2000,-0.08505292466725106,0.07043126805402439,0.005386515849065049,-0.008885444015422213,0.01965847571355231
ds006850,bandpower_ridge_base,eeg_added_matched_calibration,4,8,-0.009787554829121137,-0.076492588931833,0.056917479273590726,2000,-0.08752965118975886,0.06795454153151659,0.007000600585147371,-0.007576136036674105,0.021577337206968847
ds006850,bandpower_ridge_base,eeg_added_matched_calibration,8,0,-0.004732196124731802,-0.08277344954632149,0.07330905729685788,2000,-0.08247429248536953,0.07300990023590592,0.0071931527906677895,-0.006030815928423852,0.020417121509759432
ds006850,bandpower_ridge_base,eeg_added_matched_calibration,8,1,-0.0048502078226652645,-0.053029924289899145,0.043329508644568616,2000,-0.08259230418330299,0.07289188853797246,0.005015545869875043,-0.007454825682327427,0.017485917422077515
ds006850,bandpower_ridge_base,eeg_added_matched_calibration,8,2,-0.013511485137638723,-0.0733613249328848,0.046338354657607356,2000,-0.09125358149827645,0.064230611222999,0.004149768323136849,-0.008827816018633085,0.01712735266490678
ds006850,bandpower_ridge_base,eeg_added_matched_calibration,8,4,-0.012212155010660197,-0.07694300260345315,0.05251869258213275,2000,-0.08995425137129792,0.06552994134997753,0.006148430879238442,-0.007389865337217678,0.019686727095694564
ds006850,bandpower_ridge_base,eeg_added_matched_calibration,8,8,-0.013515906549352141,-0.07846947095193814,0.051437657853233856,2000,-0.09125800290998987,0.06422618981128558,0.0072659697718742144,-0.006581112792112438,0.021113052335860867
ds006850,bandpower_ridge_base,prior_calibration_gain,0,0,0.0,0.0,0.0,2000,-0.13169041129046133,0.13169041129046133,0.0,0.0,0.0
ds006850,bandpower_ridge_base,prior_calibration_gain,0,1,0.0,0.0,0.0,2000,-0.13169041129046133,0.13169041129046133,0.0,0.0,0.0
ds006850,bandpower_ridge_base,prior_calibration_gain,0,2,0.0,0.0,0.0,2000,-0.13169041129046133,0.13169041129046133,0.0,0.0,0.0
ds006850,bandpower_ridge_base,prior_calibration_gain,0,4,0.0,0.0,0.0,2000,-0.13169041129046133,0.13169041129046133,0.0,0.0,0.0
ds006850,bandpower_ridge_base,prior_calibration_gain,0,8,0.0,0.0,0.0,2000,-0.13169041129046133,0.13169041129046133,0.0,0.0,0.0
ds006850,bandpower_ridge_base,prior_calibration_gain,1,0,0.08274658665210007,-0.07336519705566828,0.2388583703598684,2000,-0.048943824638361264,0.21443699794256138,0.04829210949033019,0.005400377772444995,0.09118384120821539
ds006850,bandpower_ridge_base,prior_calibration_gain,1,1,-0.017840541017210887,-0.1428270982474731,0.10714601621305134,2000,-0.14953095230767222,0.11384987027325044,0.04984485751565715,0.00842052497738556,0.09126919005392874
ds006850,bandpower_ridge_base,prior_calibration_gain,1,2,-0.05445749363486263,-0.19364404060459206,0.0847290533348668,2000,-0.18614790492532396,0.0772329176555987,0.05215490427631708,0.01080098821852752,0.09350882033410665
ds006850,bandpower_ridge_base,prior_calibration_gain,1,4,-0.04634931158613692,-0.19472063878973273,0.10202201561745888,2000,-0.17803972287659825,0.08534109970432441,0.05244606023854048,0.011152531114446307,0.09373958936263466
ds006850,bandpower_ridge_base,prior_calibration_gain,1,8,-0.05573286110738246,-0.20791810959205698,0.09645238737729206,2000,-0.1874232723978438,0.07595755018307887,0.05712164248389051,0.015703391797140892,0.09853989317064013
ds006850,bandpower_ridge_base,prior_calibration_gain,2,0,0.1409623719153005,-0.0010317176223467173,0.2829564614529477,2000,0.009271960624839176,0.2726527832057618,0.02171333893995578,-0.01153360348639599,0.054960281366307547
ds006850,bandpower_ridge_base,prior_calibration_gain,2,1,0.03008480655524437,-0.07253691077724309,0.13270652388773183,2000,-0.10160560473521696,0.1617752178457057,0.02113654341703447,-0.009172242715555504,0.05144532954962444
ds006850,bandpower_ridge_base,prior_calibration_gain,2,2,0.018033997403535007,-0.10085761559967164,0.13692561040674167,2000,-0.11365641388692632,0.14972440869399634,0.019661663519724953,-0.01224858416699847,0.05157191120644838
ds006850,bandpower_ridge_base,prior_calibration_gain,2,4,0.031354011727983466,-0.09550860932940683,0.15821663278537376,2000,-0.10033639956247786,0.1630444230184448,0.021985026115436623,-0.009476330796332776,0.05344638302720602
ds006850,bandpower_ridge_base,prior_calibration_gain,2,8,0.03173182574778072,-0.10185835753647429,0.16532200903203573,2000,-0.09995858554268061,0.16342223703824205,0.021333222696912374,-0.01027740120968898,0.05294384660351373
ds006850,bandpower_ridge_base,prior_calibration_gain,4,0,0.15361825253941824,0.008423996528156036,0.2988125085506804,2000,0.021927841248956914,0.28530866382987957,0.0037453044281207104,-0.02221672598150505,0.02970733483774647
ds006850,bandpower_ridge_base,prior_calibration_gain,4,1,0.04990305602774725,-0.04201875822476012,0.14182487028025462,2000,-0.08178735526271408,0.18159346731820858,0.007241785673276158,-0.014422378443089235,0.02890594978964155
ds006850,bandpower_ridge_base,prior_calibration_gain,4,2,0.047808429390673146,-0.06270915504006647,0.15832601382141276,2000,-0.08388198189978818,0.17949884068113447,0.0032053671646432025,-0.020882165345154934,0.02729289967444134
ds006850,bandpower_ridge_base,prior_calibration_gain,4,4,0.06296689395012922,-0.05470558203077429,0.18063936993103274,2000,-0.06872351734033211,0.19465730524059055,0.002973396960041813,-0.020959908946259993,0.02690670286634362
ds006850,bandpower_ridge_base,prior_calibration_gain,4,8,0.06567263606507251,-0.05702724304009918,0.1883725151702442,2000,-0.06601777522538882,0.19736304735553384,0.0024981387496020024,-0.02093655938953536,0.025932836888739364
ds006850,bandpower_ridge_base,prior_calibration_gain,8,0,0.15644082287592032,0.022793951448300126,0.29008769430354053,2000,0.024750411585458987,0.28813123416638164,-0.0024385431923127365,-0.024869208506436973,0.0199921221218115
ds006850,bandpower_ridge_base,prior_calibration_gain,8,1,0.05838563020613474,-0.025490168984192055,0.14226142939646153,2000,-0.07330478108432659,0.19007604149659607,0.002948584691531392,-0.0142445263142949,0.020141695697357683
ds006850,bandpower_ridge_base,prior_calibration_gain,8,2,0.05999771846865137,-0.03914692894641146,0.15914236588371422,2000,-0.07169269282180996,0.1916881297591127,-0.0012767056092662377,-0.02059129729556479,0.018037886077032314
ds006850,bandpower_ridge_base,prior_calibration_gain,8,4,0.07519470815880047,-0.03155236135466151,0.18194177767226244,2000,-0.05649570313166086,0.2068851194492618,-0.0016221975957553258,-0.021556970717027765,0.018312575525517114
ds006850,bandpower_ridge_base,prior_calibration_gain,8,8,0.07736957634443592,-0.03447939737487073,0.18921855006374255,2000,-0.05432083494602541,0.20905998763489725,-0.00304765247792807,-0.02292321873679001,0.01682791378093387
ds006850,bandpower_ridge_base,combined_calibration_gain,0,0,0.0,0.0,0.0,2000,-0.13080371354425735,0.13080371354425735,0.0,0.0,0.0
ds006850,bandpower_ridge_base,combined_calibration_gain,0,1,0.0,0.0,0.0,2000,-0.13080371354425735,0.13080371354425735,0.0,0.0,0.0
ds006850,bandpower_ridge_base,combined_calibration_gain,0,2,0.0,0.0,0.0,2000,-0.13080371354425735,0.13080371354425735,0.0,0.0,0.0
ds006850,bandpower_ridge_base,combined_calibration_gain,0,4,0.0,0.0,0.0,2000,-0.13080371354425735,0.13080371354425735,0.0,0.0,0.0
ds006850,bandpower_ridge_base,combined_calibration_gain,0,8,0.0,0.0,0.0,2000,-0.13080371354425735,0.13080371354425735,0.0,0.0,0.0
ds006850,bandpower_ridge_base,combined_calibration_gain,1,0,0.07582326814930199,-0.0844178459465566,0.23606438224516058,2000,-0.05498044539495536,0.20662698169355934,0.042612399942040746,-0.003432986936551488,0.08865778682063298
ds006850,bandpower_ridge_base,combined_calibration_gain,1,1,-0.021309273473672813,-0.1472659309124789,0.10464738396513326,2000,-0.15211298701793016,0.10949444007058454,0.04635036564111161,-3.9638283446483125e-05,0.09274036956566971
ds006850,bandpower_ridge_base,combined_calibration_gain,1,2,-0.04698051604437692,-0.18927911575935025,0.09531808367059641,2000,-0.17778422958863427,0.08382319749988043,0.05039645447713559,0.005508727919085882,0.0952841810351853
ds006850,bandpower_ridge_base,combined_calibration_gain,1,4,-0.04865533235987457,-0.1986080692184808,0.10129740449873165,2000,-0.17945904590413192,0.08214838118438278,0.05497394786066259,0.010834342524933954,0.09911355319639123
ds006850,bandpower_ridge_base,combined_calibration_gain,1,8,-0.047741723801724645,-0.2022818398583522,0.10679839225490292,2000,-0.178545437345982,0.0830619897425327,0.05422605166985808,0.008799878977800414,0.09965222436191576
ds006850,bandpower_ridge_base,combined_calibration_gain,2,0,0.13921015363547087,0.002698611584662225,0.2757216956862795,2000,0.008406440091213524,0.2700138671797282,0.014146024291377735,-0.02130412994533757,0.04959617852809304
ds006850,bandpower_ridge_base,combined_calibration_gain,2,1,0.03355030322098862,-0.06376287228327247,0.13086347872524973,2000,-0.09725341032326873,0.16435401676524597,0.0166117597371499,-0.015635590032455203,0.048859109506755004
ds006850,bandpower_ridge_base,combined_calibration_gain,2,2,0.030350756175125948,-0.08225510025651087,0.14295661260676276,2000,-0.1004529573691314,0.1611544697193833,0.015222954616513101,-0.017448161598980348,0.04789407083200655
ds006850,bandpower_ridge_base,combined_calibration_gain,2,4,0.03253927974695825,-0.08682819187598488,0.1519067513699014,2000,-0.0982644337972991,0.1633429932912156,0.01941354880401666,-0.01184461426732173,0.050671711875355054
ds006850,bandpower_ridge_base,combined_calibration_gain,2,8,0.04421945806658267,-0.08428342383555301,0.17272233996871836,2000,-0.08658425547767468,0.17502317161084002,0.015752312016656583,-0.016259317771818008,0.047763941805131174
ds006850,bandpower_ridge_base,combined_calibration_gain,4,0,0.14718612151225835,0.015825933524127783,0.27854630950038894,2000,0.016382407968001,0.2779898350565157,-0.0018679590217961228,-0.02964962443923408,0.025913706395641833
ds006850,bandpower_ridge_base,combined_calibration_gain,4,1,0.05202112608997009,-0.034037446380513744,0.13807969856045393,2000,-0.07878258745428726,0.18282483963422744,0.0024665758132896287,-0.022040140981783318,0.026973292608362575
ds006850,bandpower_ridge_base,combined_calibration_gain,4,2,0.05333408844652243,-0.048794503163423916,0.1554626800564688,2000,-0.07746962509773492,0.18413780199077978,-0.0008113782350135657,-0.026741585551622093,0.025118829081594962
ds006850,bandpower_ridge_base,combined_calibration_gain,4,4,0.06075002422473735,-0.0457704550131693,0.167270503462644,2000,-0.07005368931952,0.1915537377689947,0.002390951168044858,-0.02217171903006413,0.026953621366153847
ds006850,bandpower_ridge_base,combined_calibration_gain,4,8,0.07380141241002586,-0.04181985708106696,0.18942268190111866,2000,-0.05700230113423149,0.2046051259542832,-0.0005664770309482536,-0.025145638811440232,0.024012684749543725
ds006850,bandpower_ridge_base,combined_calibration_gain,8,0,0.1436143100450478,0.01966750213383313,0.2675611179562625,2000,0.012810596500790444,0.2744180235893051,-0.007490674886248383,-0.030772795017227322,0.015791445244730556
ds006850,bandpower_ridge_base,combined_calibration_gain,8,1,0.05791968675118278,-0.023077125162849862,0.13891649866521544,2000,-0.07288402679307457,0.18872340029544013,-0.0018863309262113215,-0.021688463995225404,0.01791580214280276
ds006850,bandpower_ridge_base,combined_calibration_gain,8,2,0.06212303520013812,-0.033041828616280744,0.157287899016557,2000,-0.06868067834411923,0.19292674874439547,-0.00471676480190486,-0.02601736253718976,0.01658383293338004
ds006850,bandpower_ridge_base,combined_calibration_gain,8,4,0.06807651172936174,-0.03189624470466379,0.16804926816338728,2000,-0.0627272018148956,0.1988802252736191,-0.0014427283575788874,-0.022321837417597665,0.01943638070243989
ds006850,bandpower_ridge_base,combined_calibration_gain,8,8,0.08177000096915826,-0.027113344189023683,0.1906533461273402,2000,-0.04903371257509909,0.2125737145134156,-0.005846899071751482,-0.02736913639457681,0.015675338251073846
ds006850,bandpower_ridge_base,total_minus_uncalibrated_prior,0,0,0.008094316706140707,-0.0954762889806813,0.11166492239296272,2000,-0.13253653140992638,0.14872516482220782,0.012245284484603436,-0.003114578066383671,0.02760514703559054
ds006850,bandpower_ridge_base,total_minus_uncalibrated_prior,0,1,-0.004384264367713164,-0.06657436766798272,0.057805838932556385,2000,-0.14501511248378027,0.13624658374835394,0.009850461487617757,-0.005220010005281071,0.024920932980516584
ds006850,bandpower_ridge_base,total_minus_uncalibrated_prior,0,2,-0.015636801869125472,-0.09449434755764567,0.06322074381939473,2000,-0.15626764998519257,0.12499404624694163,0.007589827515775471,-0.008085569697578444,0.023265224729129386
ds006850,bandpower_ridge_base,total_minus_uncalibrated_prior,0,4,-0.005093958581221525,-0.09132020533087193,0.08113228816842888,2000,-0.14572480669728863,0.13553688953484558,0.005968961641062004,-0.010514726158749432,0.02245264944087344
ds006850,bandpower_ridge_base,total_minus_uncalibrated_prior,0,8,-0.01791633117407493,-0.10255116282609622,0.06671850047794636,2000,-0.15854717929014203,0.12271451694199217,0.010065216365697599,-0.0053102079385388655,0.025440640669934064
ds006850,bandpower_ridge_base,total_minus_uncalibrated_prior,1,0,0.0839175848554431,-0.07406259486285185,0.24189776457373804,2000,-0.05671326326062401,0.2245484329715102,0.05485768442664418,0.009591968269265533,0.10012340058402283
ds006850,bandpower_ridge_base,total_minus_uncalibrated_prior,1,1,-0.025693537841385977,-0.15641888413554864,0.10503180845277668,2000,-0.16632438595745308,0.11493731027468113,0.05620082712872937,0.0122962661589072,0.10010538809855155
ds006850,bandpower_ridge_base,total_minus_uncalibrated_prior,1,2,-0.06261731791350239,-0.20987366176657452,0.08463902593956973,2000,-0.2032481660295695,0.07801353020256471,0.05798628199291106,0.014483131211304394,0.10148943277451772
ds006850,bandpower_ridge_base,total_minus_uncalibrated_prior,1,4,-0.053749290941096095,-0.2055277006865252,0.09802911880433302,2000,-0.1943801390571632,0.08688155717497101,0.060942909501724596,0.018334113917853577,0.10355170508559561
ds006850,bandpower_ridge_base,total_minus_uncalibrated_prior,1,8,-0.06565805497579974,-0.22155082389536696,0.09023471394376748,2000,-0.20628890309186684,0.07497279314026736,0.06429126803555571,0.01990898913927354,0.10867354693183788
ds006850,bandpower_ridge_base,total_minus_uncalibrated_prior,2,0,0.1473044703416117,-0.0037597373717122295,0.2983686780549356,2000,0.006673622225544601,0.28793531845767883,0.02639130877598117,-0.009714340917555533,0.062496958469517874
ds006850,bandpower_ridge_base,total_minus_uncalibrated_prior,2,1,0.029166038853275456,-0.08135655035428015,0.13968862806083104,2000,-0.11146480926279165,0.16979688696934256,0.026462221224767657,-0.005179642441490884,0.0581040848910262
ds006850,bandpower_ridge_base,total_minus_uncalibrated_prior,2,2,0.01471395430600031,-0.11356501650269529,0.1429929251146959,2000,-0.1259168938100668,0.1553448024220674,0.022812782132288573,-0.010598850152735408,0.05622441441731255
ds006850,bandpower_ridge_base,total_minus_uncalibrated_prior,2,4,0.027445321165736725,-0.106516263218189,0.16140690554966244,2000,-0.11318552695033038,0.16807616928180383,0.025382510445078665,-0.006413873929110733,0.057178894819268064
ds006850,bandpower_ridge_base,total_minus_uncalibrated_prior,2,8,0.026303126892507578,-0.1125007294056555,0.16510698319067066,2000,-0.11432772122355953,0.16693397500857468,0.02581752838235421,-0.006718189565233436,0.058353246329941856
ds006850,bandpower_ridge_base,total_minus_uncalibrated_prior,4,0,0.15528043821839907,-0.004159290582744668,0.3147201670195428,2000,0.014649590102331966,0.2959112863344662,0.010377325462807313,-0.019837111481654523,0.04059176240726915
ds006850,bandpower_ridge_base,total_minus_uncalibrated_prior,4,1,0.047636861722256785,-0.05726602086249365,0.15253974430700723,2000,-0.09299398639381032,0.1882677098383239,0.012317037300907385,-0.01273662790073454,0.03737070250254931
ds006850,bandpower_ridge_base,total_minus_uncalibrated_prior,4,2,0.03769728657739696,-0.08891910325603622,0.16431367641083014,2000,-0.10293356153867014,0.17832813469346406,0.006778449280761906,-0.02105772719397243,0.034614625755496245
ds006850,bandpower_ridge_base,total_minus_uncalibrated_prior,4,4,0.055656065643515884,-0.07695260610017202,0.18826473738720378,2000,-0.08497478247255122,0.196286913759583,0.008359912809106862,-0.018629524161490826,0.03534934977970455
ds006850,bandpower_ridge_base,total_minus_uncalibrated_prior,4,8,0.05588508123595137,-0.0803813700080499,0.19215153247995265,2000,-0.08474576688011573,0.19651592935201848,0.009498739334749373,-0.017067364835663238,0.03606484350516198
ds006850,bandpower_ridge_base,total_minus_uncalibrated_prior,8,0,0.1517086267511885,-0.001193272249163102,0.30461052575154013,2000,0.01107777863512141,0.29233947486725564,0.004754609598355053,-0.02148972773148133,0.030998946928191436
ds006850,bandpower_ridge_base,total_minus_uncalibrated_prior,8,1,0.05353542238346948,-0.04701706252134198,0.15408790728828092,2000,-0.08709542573259763,0.19416627049953658,0.007964130561406435,-0.012387077218979248,0.028315338341792118
ds006850,bandpower_ridge_base,total_minus_uncalibrated_prior,8,2,0.04648623333101265,-0.07337658831708412,0.1663490549791094,2000,-0.09414461478505445,0.18711708144707975,0.002873062713870611,-0.020238291027885314,0.025984416455626536
ds006850,bandpower_ridge_base,total_minus_uncalibrated_prior,8,4,0.06298255314814027,-0.06431388664604362,0.19027899294232417,2000,-0.07764829496792683,0.20361340126420738,0.0045262332834831165,-0.018709313894468477,0.02776178046143471
ds006850,bandpower_ridge_base,total_minus_uncalibrated_prior,8,8,0.06385366979508378,-0.06511829322485568,0.19282563281502324,2000,-0.07677717832098332,0.20448451791115088,0.004218317293946144,-0.019218676327542046,0.027655310915434335
ds006850,bandpower_ridge_strong,eeg_added_population,0,0,-0.01212306208983476,-0.08519509722840404,0.06094897304873453,2000,-0.06593546845417733,0.04168934427450781,0.009356150470712643,-0.0011736996524059316,0.019886000593831218
ds006850,bandpower_ridge_strong,eeg_added_population,0,1,-0.009847838599168046,-0.052889981688344856,0.033194304490008764,2000,-0.06366024496351061,0.043964567765174524,0.00629958852055576,-0.003519949216317656,0.016119126257429176
ds006850,bandpower_ridge_strong,eeg_added_population,0,2,-0.019742935267859474,-0.07436120419083334,0.03487533365511439,2000,-0.07355534163220204,0.034069471096483096,0.005299103582244363,-0.005531917343105304,0.016130124507594032
ds006850,bandpower_ridge_strong,eeg_added_population,0,4,-0.013151306040382782,-0.0709435089677244,0.04464089688695884,2000,-0.06696371240472535,0.04066110032395979,0.0031516432090174518,-0.007882873376686956,0.01418615979472186
ds006850,bandpower_ridge_strong,eeg_added_population,0,8,-0.016193632085318932,-0.07128275736906997,0.038895493198432114,2000,-0.0700060384496615,0.03761877427902364,0.006450902656092133,-0.003598976104929385,0.01650078141711365
ds006850,bandpower_ridge_strong,eeg_added_population,1,0,-0.01212306208983476,-0.08519509722840404,0.06094897304873453,2000,-0.06593546845417733,0.04168934427450781,0.009356150470712643,-0.0011736996524059316,0.019886000593831218
ds006850,bandpower_ridge_strong,eeg_added_population,1,1,-0.009847838599168046,-0.05288998168834487,0.03319430449000878,2000,-0.06366024496351061,0.043964567765174524,0.00629958852055576,-0.003519949216317656,0.016119126257429176
ds006850,bandpower_ridge_strong,eeg_added_population,1,2,-0.019742935267859474,-0.07436120419083334,0.03487533365511439,2000,-0.07355534163220204,0.034069471096483096,0.005299103582244363,-0.005531917343105302,0.01613012450759403
ds006850,bandpower_ridge_strong,eeg_added_population,1,4,-0.013151306040382782,-0.0709435089677244,0.04464089688695884,2000,-0.06696371240472535,0.04066110032395979,0.0031516432090174518,-0.007882873376686956,0.01418615979472186
ds006850,bandpower_ridge_strong,eeg_added_population,1,8,-0.016193632085318932,-0.07128275736907,0.038895493198432135,2000,-0.0700060384496615,0.03761877427902364,0.006450902656092133,-0.003598976104929385,0.01650078141711365
ds006850,bandpower_ridge_strong,eeg_added_population,2,0,-0.01212306208983476,-0.08519509722840404,0.06094897304873453,2000,-0.06593546845417733,0.04168934427450781,0.009356150470712643,-0.0011736996524059316,0.019886000593831218
ds006850,bandpower_ridge_strong,eeg_added_population,2,1,-0.00984783859916813,-0.05288998168834495,0.033194304490008694,2000,-0.06366024496351069,0.04396456776517444,0.00629958852055576,-0.0035199492163176544,0.016119126257429173
ds006850,bandpower_ridge_strong,eeg_added_population,2,2,-0.019742935267859474,-0.07436120419083334,0.03487533365511439,2000,-0.07355534163220204,0.034069471096483096,0.005299103582244363,-0.005531917343105302,0.01613012450759403
ds006850,bandpower_ridge_strong,eeg_added_population,2,4,-0.013151306040382782,-0.07094350896772442,0.044640896886958846,2000,-0.06696371240472535,0.04066110032395979,0.0031516432090174518,-0.007882873376686956,0.01418615979472186
ds006850,bandpower_ridge_strong,eeg_added_population,2,8,-0.016193632085318932,-0.07128275736907,0.038895493198432135,2000,-0.0700060384496615,0.03761877427902364,0.006450902656092133,-0.003598976104929385,0.01650078141711365
ds006850,bandpower_ridge_strong,eeg_added_population,4,0,-0.012123062089834553,-0.08519509722840385,0.060948973048734735,2000,-0.06593546845417712,0.04168934427450802,0.009356150470712643,-0.0011736996524059282,0.019886000593831214
ds006850,bandpower_ridge_strong,eeg_added_population,4,1,-0.009847838599168268,-0.0528899816883451,0.03319430449000856,2000,-0.06366024496351083,0.0439645677651743,0.006299588520555788,-0.003519949216317625,0.0161191262574292
ds006850,bandpower_ridge_strong,eeg_added_population,4,2,-0.01974293526785942,-0.07436120419083328,0.03487533365511444,2000,-0.07355534163220198,0.03406947109648315,0.005299103582244363,-0.005531917343105304,0.016130124507594032
ds006850,bandpower_ridge_strong,eeg_added_population,4,4,-0.013151306040382726,-0.07094350896772433,0.04464089688695889,2000,-0.06696371240472529,0.040661100323959844,0.0031516432090174518,-0.007882873376686958,0.014186159794721862
ds006850,bandpower_ridge_strong,eeg_added_population,4,8,-0.016193632085318932,-0.07128275736907,0.038895493198432135,2000,-0.0700060384496615,0.03761877427902364,0.006450902656092133,-0.003598976104929383,0.016500781417113648
ds006850,bandpower_ridge_strong,eeg_added_population,8,0,-0.012123062089834553,-0.08519509722840385,0.060948973048734735,2000,-0.06593546845417712,0.04168934427450802,0.009356150470712643,-0.0011736996524059282,0.019886000593831214
ds006850,bandpower_ridge_strong,eeg_added_population,8,1,-0.009847838599168268,-0.0528899816883451,0.03319430449000856,2000,-0.06366024496351083,0.0439645677651743,0.006299588520555788,-0.003519949216317625,0.0161191262574292
ds006850,bandpower_ridge_strong,eeg_added_population,8,2,-0.01974293526785942,-0.07436120419083328,0.03487533365511444,2000,-0.07355534163220198,0.03406947109648315,0.005299103582244363,-0.005531917343105304,0.016130124507594032
ds006850,bandpower_ridge_strong,eeg_added_population,8,4,-0.013151306040382726,-0.07094350896772433,0.04464089688695889,2000,-0.06696371240472529,0.040661100323959844,0.0031516432090174518,-0.007882873376686958,0.014186159794721862
ds006850,bandpower_ridge_strong,eeg_added_population,8,8,-0.016193632085318932,-0.07128275736907,0.038895493198432135,2000,-0.0700060384496615,0.03761877427902364,0.006450902656092133,-0.003598976104929383,0.016500781417113648
ds006850,bandpower_ridge_strong,eeg_added_matched_calibration,0,0,-0.01212306208983476,-0.08519509722840404,0.06094897304873453,2000,-0.06636753167953505,0.042121407499865524,0.009356150470712643,-0.0011736996524059316,0.019886000593831218
ds006850,bandpower_ridge_strong,eeg_added_matched_calibration,0,1,-0.009847838599168046,-0.052889981688344856,0.033194304490008764,2000,-0.06409230818886832,0.04439663099053224,0.00629958852055576,-0.003519949216317656,0.016119126257429176
ds006850,bandpower_ridge_strong,eeg_added_matched_calibration,0,2,-0.019742935267859474,-0.07436120419083334,0.03487533365511439,2000,-0.07398740485755975,0.03450153432184081,0.005299103582244363,-0.005531917343105304,0.016130124507594032
ds006850,bandpower_ridge_strong,eeg_added_matched_calibration,0,4,-0.013151306040382782,-0.0709435089677244,0.04464089688695884,2000,-0.06739577563008306,0.0410931635493175,0.0031516432090174518,-0.007882873376686956,0.01418615979472186
ds006850,bandpower_ridge_strong,eeg_added_matched_calibration,0,8,-0.016193632085318932,-0.07128275736906997,0.038895493198432114,2000,-0.07043810167501921,0.03805083750438135,0.006450902656092133,-0.003598976104929385,0.01650078141711365
ds006850,bandpower_ridge_strong,eeg_added_matched_calibration,1,0,-0.0017235901781309515,-0.04301531633705122,0.039568135980789315,2000,-0.05596805976783124,0.052520879411569334,0.0036711102847230004,-0.007741956588430901,0.015084177157876901
ds006850,bandpower_ridge_strong,eeg_added_matched_calibration,1,1,-0.005291112284516897,-0.03487048461900667,0.024288260049972876,2000,-0.05953558187421718,0.04895335730518339,0.003768858710719636,-0.007010246885394403,0.014547964306833675
ds006850,bandpower_ridge_strong,eeg_added_matched_calibration,1,2,-0.006273623435891107,-0.04183814868957255,0.029290901817790337,2000,-0.06051809302559139,0.04797084615380918,0.003724613514408226,-0.00735449206977039,0.014803719098586842
ds006850,bandpower_ridge_strong,eeg_added_matched_calibration,1,4,-0.0055675615342137275,-0.04149324806677873,0.030358124998351277,2000,-0.05981203112391401,0.04867690805548656,0.005187143325887378,-0.0060855988921923055,0.01645988554396706
ds006850,bandpower_ridge_strong,eeg_added_matched_calibration,1,8,-0.007516954710745871,-0.04372938861314904,0.028695479191657297,2000,-0.061761424300446156,0.046727514878954414,0.00453484149226932,-0.006789923157455866,0.015859606141994505
ds006850,bandpower_ridge_strong,eeg_added_matched_calibration,2,0,0.005477591781987784,-0.04121444626829441,0.05216962983226998,2000,-0.0487668778077125,0.05972206137168807,0.0020385475370390815,-0.007412278554249264,0.011489373628327427
ds006850,bandpower_ridge_strong,eeg_added_matched_calibration,2,1,0.00137983947709569,-0.02869242409735787,0.031452103051549246,2000,-0.052864630112604595,0.055624309066795975,0.0014335292712600034,-0.008019209801157445,0.010886268343677452
ds006850,bandpower_ridge_strong,eeg_added_matched_calibration,2,2,0.0003898601039833971,-0.0362634125585425,0.03704313276650929,2000,-0.05385460948571689,0.05463432969368368,0.0006965417923386064,-0.009138844447253172,0.010531928031930385
ds006850,bandpower_ridge_strong,eeg_added_matched_calibration,2,4,0.0018793754156467002,-0.035760375160626336,0.039519125991919736,2000,-0.052365094174053585,0.056123845005346985,0.0006744683518800088,-0.00937860838587202,0.010727545089632038
ds006850,bandpower_ridge_strong,eeg_added_matched_calibration,2,8,0.0015231275481619178,-0.03679784775151101,0.03984410284783484,2000,-0.05272134204153837,0.0557675971378622,0.0006609675633769962,-0.009549147143742725,0.010871082270496718
ds006850,bandpower_ridge_strong,eeg_added_matched_calibration,4,0,-0.0026646502327917487,-0.05597080850471116,0.05064150803912766,2000,-0.056909119822492034,0.051579819356908536,0.004347108655914922,-0.005015130705628049,0.013709348017457892
ds006850,bandpower_ridge_strong,eeg_added_matched_calibration,4,1,-0.003667501100151682,-0.03679912638997421,0.029464124189670843,2000,-0.05791197068985197,0.0505769684895486,0.0025227087611874865,-0.005831838346972845,0.010877255869347818
ds006850,bandpower_ridge_strong,eeg_added_matched_calibration,4,2,-0.008709263840271875,-0.04942106257827608,0.03200253489773233,2000,-0.06295373342997215,0.04553520574942841,0.002346846703768002,-0.006720862103809405,0.011414555511345409
ds006850,bandpower_ridge_strong,eeg_added_matched_calibration,4,4,-0.006672687915648401,-0.04792245633724167,0.034577080505944865,2000,-0.060917157505348686,0.047571781674051884,0.0032889444381772603,-0.005387785576612394,0.011965674452966915
ds006850,bandpower_ridge_strong,eeg_added_matched_calibration,4,8,-0.00798650553885727,-0.04931041282179626,0.03333740174408172,2000,-0.062230975128557554,0.046257964050843016,0.004090377310560722,-0.004508808340097077,0.012689562961218521
ds006850,bandpower_ridge_strong,eeg_added_matched_calibration,8,0,-0.0104841674348079,-0.06583048504881706,0.04486215017920126,2000,-0.06472863702450818,0.043760302154892385,0.0051064509479943065,-0.003584724134717599,0.013797626030706212
ds006850,bandpower_ridge_strong,eeg_added_matched_calibration,8,1,-0.006643046279043829,-0.04067267476907291,0.02738658221098525,2000,-0.060887515868744115,0.047601423310656456,0.002303220335084316,-0.005862409964205248,0.01046885063437388
ds006850,bandpower_ridge_strong,eeg_added_matched_calibration,8,2,-0.012849685791407273,-0.05611010285307457,0.030410731270260026,2000,-0.06709415538110755,0.04139478379829301,0.0026644971999362776,-0.0057777931236203,0.011106787523492855
ds006850,bandpower_ridge_strong,eeg_added_matched_calibration,8,4,-0.011696835847939457,-0.05597218908765915,0.032578517391780235,2000,-0.06594130543763974,0.04254763374176083,0.003460854291803206,-0.005101143535681765,0.012022852119288177
ds006850,bandpower_ridge_strong,eeg_added_matched_calibration,8,8,-0.013107322845629987,-0.055686832121355966,0.02947218643009599,2000,-0.06735179243533027,0.0411371467440703,0.004728078331361907,-0.004005659594961682,0.013461816257685496
ds006850,bandpower_ridge_strong,prior_calibration_gain,0,0,0.0,0.0,0.0,2000,-0.13169041129046133,0.13169041129046133,0.0,0.0,0.0
ds006850,bandpower_ridge_strong,prior_calibration_gain,0,1,0.0,0.0,0.0,2000,-0.13169041129046133,0.13169041129046133,0.0,0.0,0.0
ds006850,bandpower_ridge_strong,prior_calibration_gain,0,2,0.0,0.0,0.0,2000,-0.13169041129046133,0.13169041129046133,0.0,0.0,0.0
ds006850,bandpower_ridge_strong,prior_calibration_gain,0,4,0.0,0.0,0.0,2000,-0.13169041129046133,0.13169041129046133,0.0,0.0,0.0
ds006850,bandpower_ridge_strong,prior_calibration_gain,0,8,0.0,0.0,0.0,2000,-0.13169041129046133,0.13169041129046133,0.0,0.0,0.0
ds006850,bandpower_ridge_strong,prior_calibration_gain,1,0,0.08274658665210007,-0.07336519705566828,0.2388583703598684,2000,-0.048943824638361264,0.21443699794256138,0.04829210949033019,0.005400377772444995,0.09118384120821539
ds006850,bandpower_ridge_strong,prior_calibration_gain,1,1,-0.017840541017210887,-0.1428270982474731,0.10714601621305134,2000,-0.14953095230767222,0.11384987027325044,0.04984485751565715,0.00842052497738556,0.09126919005392874
ds006850,bandpower_ridge_strong,prior_calibration_gain,1,2,-0.05445749363486263,-0.19364404060459203,0.08472905333486677,2000,-0.18614790492532396,0.0772329176555987,0.05215490427631708,0.01080098821852752,0.09350882033410665
ds006850,bandpower_ridge_strong,prior_calibration_gain,1,4,-0.04634931158613692,-0.19472063878973273,0.10202201561745888,2000,-0.17803972287659825,0.08534109970432441,0.05244606023854048,0.011152531114446307,0.09373958936263466
ds006850,bandpower_ridge_strong,prior_calibration_gain,1,8,-0.05573286110738246,-0.20791810959205698,0.09645238737729206,2000,-0.1874232723978438,0.07595755018307887,0.05712164248389051,0.015703391797140892,0.09853989317064013
ds006850,bandpower_ridge_strong,prior_calibration_gain,2,0,0.1409623719153005,-0.0010317176223467173,0.2829564614529477,2000,0.009271960624839176,0.2726527832057618,0.02171333893995578,-0.01153360348639599,0.054960281366307547
ds006850,bandpower_ridge_strong,prior_calibration_gain,2,1,0.03008480655524437,-0.07253691077724309,0.13270652388773183,2000,-0.10160560473521696,0.1617752178457057,0.02113654341703447,-0.009172242715555504,0.05144532954962444
ds006850,bandpower_ridge_strong,prior_calibration_gain,2,2,0.018033997403535007,-0.10085761559967164,0.13692561040674167,2000,-0.11365641388692632,0.14972440869399634,0.019661663519724953,-0.01224858416699847,0.05157191120644838
ds006850,bandpower_ridge_strong,prior_calibration_gain,2,4,0.031354011727983466,-0.09550860932940683,0.15821663278537376,2000,-0.10033639956247786,0.1630444230184448,0.021985026115436623,-0.009476330796332776,0.05344638302720602
ds006850,bandpower_ridge_strong,prior_calibration_gain,2,8,0.03173182574778072,-0.10185835753647429,0.16532200903203573,2000,-0.09995858554268061,0.16342223703824205,0.021333222696912374,-0.01027740120968898,0.05294384660351373
ds006850,bandpower_ridge_strong,prior_calibration_gain,4,0,0.15361825253941824,0.008423996528156036,0.2988125085506804,2000,0.021927841248956914,0.28530866382987957,0.0037453044281207104,-0.02221672598150505,0.02970733483774647
ds006850,bandpower_ridge_strong,prior_calibration_gain,4,1,0.04990305602774725,-0.04201875822476012,0.14182487028025462,2000,-0.08178735526271408,0.18159346731820858,0.007241785673276158,-0.014422378443089235,0.02890594978964155
ds006850,bandpower_ridge_strong,prior_calibration_gain,4,2,0.047808429390673146,-0.06270915504006647,0.15832601382141276,2000,-0.08388198189978818,0.17949884068113447,0.0032053671646432025,-0.020882165345154934,0.02729289967444134
ds006850,bandpower_ridge_strong,prior_calibration_gain,4,4,0.06296689395012922,-0.05470558203077429,0.18063936993103274,2000,-0.06872351734033211,0.19465730524059055,0.002973396960041813,-0.020959908946259993,0.02690670286634362
ds006850,bandpower_ridge_strong,prior_calibration_gain,4,8,0.06567263606507251,-0.05702724304009918,0.1883725151702442,2000,-0.06601777522538882,0.19736304735553384,0.0024981387496020024,-0.02093655938953536,0.025932836888739364
ds006850,bandpower_ridge_strong,prior_calibration_gain,8,0,0.15644082287592032,0.022793951448300126,0.29008769430354053,2000,0.024750411585458987,0.28813123416638164,-0.0024385431923127365,-0.024869208506436973,0.0199921221218115
ds006850,bandpower_ridge_strong,prior_calibration_gain,8,1,0.05838563020613474,-0.02549016898419204,0.14226142939646153,2000,-0.07330478108432659,0.19007604149659607,0.002948584691531392,-0.0142445263142949,0.020141695697357683
ds006850,bandpower_ridge_strong,prior_calibration_gain,8,2,0.05999771846865137,-0.03914692894641146,0.15914236588371422,2000,-0.07169269282180996,0.1916881297591127,-0.0012767056092662377,-0.02059129729556479,0.018037886077032314
ds006850,bandpower_ridge_strong,prior_calibration_gain,8,4,0.07519470815880047,-0.03155236135466151,0.18194177767226244,2000,-0.05649570313166086,0.2068851194492618,-0.0016221975957553258,-0.021556970717027765,0.018312575525517114
ds006850,bandpower_ridge_strong,prior_calibration_gain,8,8,0.07736957634443592,-0.03447939737487073,0.18921855006374255,2000,-0.05432083494602541,0.20905998763489725,-0.00304765247792807,-0.02292321873679001,0.01682791378093387
ds006850,bandpower_ridge_strong,combined_calibration_gain,0,0,0.0,0.0,0.0,2000,-0.13175332706022352,0.13175332706022352,0.0,0.0,0.0
ds006850,bandpower_ridge_strong,combined_calibration_gain,0,1,0.0,0.0,0.0,2000,-0.13175332706022352,0.13175332706022352,0.0,0.0,0.0
ds006850,bandpower_ridge_strong,combined_calibration_gain,0,2,0.0,0.0,0.0,2000,-0.13175332706022352,0.13175332706022352,0.0,0.0,0.0
ds006850,bandpower_ridge_strong,combined_calibration_gain,0,4,0.0,0.0,0.0,2000,-0.13175332706022352,0.13175332706022352,0.0,0.0,0.0
ds006850,bandpower_ridge_strong,combined_calibration_gain,0,8,0.0,0.0,0.0,2000,-0.13175332706022352,0.13175332706022352,0.0,0.0,0.0
ds006850,bandpower_ridge_strong,combined_calibration_gain,1,0,0.09314605856380387,-0.06705835281228573,0.25335046993989346,2000,-0.038607268496419656,0.2248993856240274,0.04260706930434055,-0.0034771887101012547,0.08869132731878235
ds006850,bandpower_ridge_strong,combined_calibration_gain,1,1,-0.013283814702559738,-0.13987879012226073,0.11331116071714126,2000,-0.14503714176278326,0.11846951235766379,0.047314127705821024,0.0027134963819500577,0.09191475902969198
ds006850,bandpower_ridge_strong,combined_calibration_gain,1,2,-0.040988181802894263,-0.1833794377868469,0.10140307418105837,2000,-0.1727415088631178,0.09076514525732926,0.050580414208480945,0.007287040255272825,0.09387378816168906
ds006850,bandpower_ridge_strong,combined_calibration_gain,1,4,-0.038765567079967866,-0.19103246919643607,0.11350133503650034,2000,-0.1705188941401914,0.09298775998025566,0.05448156035541041,0.011023411679081767,0.09793970903173904
ds006850,bandpower_ridge_strong,combined_calibration_gain,1,8,-0.0470561837328094,-0.2029571574805585,0.10884479001493971,2000,-0.17880951079303292,0.08469714332741413,0.0552055813200677,0.01141834189607302,0.09899282074406238
ds006850,bandpower_ridge_strong,combined_calibration_gain,2,0,0.15856302578712306,0.017556662111710697,0.2995693894625354,2000,0.026809698726899533,0.2903163528473466,0.014395736006282217,-0.020937186291409393,0.04972865830397383
ds006850,bandpower_ridge_strong,combined_calibration_gain,2,1,0.04131248463150819,-0.05853235574697521,0.1411573250099916,2000,-0.09044084242871533,0.1730658116917317,0.016270484167738714,-0.015424338572569862,0.04796530690804729
ds006850,bandpower_ridge_strong,combined_calibration_gain,2,2,0.03816679277537788,-0.07836658708319454,0.1547001726339503,2000,-0.09358653428484565,0.1699201198356014,0.015059101729819196,-0.01759002683561977,0.04770823029525816
ds006850,bandpower_ridge_strong,combined_calibration_gain,2,4,0.04638469318401295,-0.07886995268600464,0.17163933905403053,2000,-0.08536863387621058,0.17813802024423647,0.01950785125829918,-0.011999324194583813,0.051015026711182174
ds006850,bandpower_ridge_strong,combined_calibration_gain,2,8,0.04944858538126157,-0.0827331765319973,0.18163034729452043,2000,-0.08230474167896196,0.1812019124414851,0.015543287604197237,-0.01608627583367958,0.047172851042074054
ds006850,bandpower_ridge_strong,combined_calibration_gain,4,0,0.16307666439646104,0.02239657025728059,0.3037567585356415,2000,0.03132333733623752,0.29482999145668454,-0.0012637373866770107,-0.029067833617689123,0.026540358844335102
ds006850,bandpower_ridge_strong,combined_calibration_gain,4,1,0.056083393526763836,-0.03364819969338452,0.14581498674691218,2000,-0.07566993353345969,0.18783672058698736,0.0034649059139078564,-0.020290772610467207,0.02722058443828292
ds006850,bandpower_ridge_strong,combined_calibration_gain,4,2,0.05884210081826069,-0.047769299282307734,0.1654535009188291,2000,-0.07291122624196283,0.1905954278784842,0.00025311028616684106,-0.025183965457370557,0.02569018602970424
ds006850,bandpower_ridge_strong,combined_calibration_gain,4,4,0.06944551207486355,-0.04390629776459548,0.18279732191432257,2000,-0.06230781498535998,0.20119883913508707,0.0031106981892016217,-0.021332040466344685,0.02755343684474793
ds006850,bandpower_ridge_strong,combined_calibration_gain,4,8,0.07387976261153417,-0.04623123893636527,0.19399076415943362,2000,-0.05787356444868935,0.2056330896717577,0.0001376134040705912,-0.02371738205923193,0.023992608867373113
ds006850,bandpower_ridge_strong,combined_calibration_gain,8,0,0.15807971753094696,0.02872874484967755,0.28743069021221634,2000,0.026326390470723438,0.2898330445911705,-0.006688242715031073,-0.03017635647136424,0.016799871041302095
ds006850,bandpower_ridge_strong,combined_calibration_gain,8,1,0.06159042252625918,-0.021425721697541922,0.14460656675006028,2000,-0.07016290453396434,0.1933437495864827,-0.0010477834939400799,-0.01980134176819635,0.01770577478031619
ds006850,bandpower_ridge_strong,combined_calibration_gain,8,2,0.06689096794510352,-0.030794631315826923,0.16457656720603397,2000,-0.06486235911512,0.19864429500532704,-0.003911311991574323,-0.024494268696003053,0.016671644712854407
ds006850,bandpower_ridge_strong,combined_calibration_gain,8,4,0.07664917835124374,-0.02800063160646639,0.18129898830895386,2000,-0.05510414870897978,0.20840250541146726,-0.0013129865129695717,-0.02208939015553891,0.019463417129599765
ds006850,bandpower_ridge_strong,combined_calibration_gain,8,8,0.08045588558412486,-0.03039257258536332,0.19130434375361305,2000,-0.05129744147609866,0.2122092126443484,-0.004770476802658297,-0.02556605987354073,0.016025106268224138
ds006850,bandpower_ridge_strong,total_minus_uncalibrated_prior,0,0,-0.01212306208983476,-0.08519509722840404,0.06094897304873453,2000,-0.15038969168446947,0.12614356750479994,0.009356150470712643,-0.0011736996524059316,0.019886000593831218
ds006850,bandpower_ridge_strong,total_minus_uncalibrated_prior,0,1,-0.009847838599168046,-0.052889981688344856,0.033194304490008764,2000,-0.14811446819380275,0.12841879099546666,0.00629958852055576,-0.003519949216317656,0.016119126257429176
ds006850,bandpower_ridge_strong,total_minus_uncalibrated_prior,0,2,-0.019742935267859474,-0.07436120419083334,0.03487533365511439,2000,-0.15800956486249418,0.11852369432677523,0.005299103582244363,-0.005531917343105304,0.016130124507594032
ds006850,bandpower_ridge_strong,total_minus_uncalibrated_prior,0,4,-0.013151306040382782,-0.0709435089677244,0.04464089688695884,2000,-0.1514179356350175,0.12511532355425192,0.0031516432090174518,-0.007882873376686956,0.01418615979472186
ds006850,bandpower_ridge_strong,total_minus_uncalibrated_prior,0,8,-0.016193632085318932,-0.07128275736906997,0.038895493198432114,2000,-0.15446026167995364,0.12207299750931577,0.006450902656092133,-0.003598976104929385,0.01650078141711365
ds006850,bandpower_ridge_strong,total_minus_uncalibrated_prior,1,0,0.08102299647396911,-0.07841428073716346,0.2404602736851017,2000,-0.05724363312066559,0.2192896260686038,0.05196321977505319,0.0069057463958012155,0.09702069315430517
ds006850,bandpower_ridge_strong,total_minus_uncalibrated_prior,1,1,-0.023131653301727784,-0.15222506799228985,0.10596176138883429,2000,-0.1613982828963625,0.11513497629290692,0.053613716226376784,0.01069123953344426,0.09653619291930932
ds006850,bandpower_ridge_strong,total_minus_uncalibrated_prior,1,2,-0.06073111707075374,-0.20402559459696185,0.08256336045545437,2000,-0.19899774666538844,0.07753551252388097,0.05587951779072531,0.013538011223718172,0.09822102435773244
ds006850,bandpower_ridge_strong,total_minus_uncalibrated_prior,1,4,-0.05191687312035065,-0.20176299443661178,0.09792924819591048,2000,-0.19018350271498535,0.08634975647428406,0.05763320356442786,0.015716038827698987,0.09955036830115674
ds006850,bandpower_ridge_strong,total_minus_uncalibrated_prior,1,8,-0.06324981581812833,-0.21751785391491563,0.09101822227865897,2000,-0.20151644541276303,0.07501681377650637,0.06165648397615983,0.018881558808393137,0.10443140914392653
ds006850,bandpower_ridge_strong,total_minus_uncalibrated_prior,2,0,0.1464399636972883,-0.0020455104278366,0.2949254378224132,2000,0.008173334102653584,0.284706593291923,0.02375188647699486,-0.010861078769035054,0.058364851723024774
ds006850,bandpower_ridge_strong,total_minus_uncalibrated_prior,2,1,0.03146464603234006,-0.07595783332245527,0.13888712538713538,2000,-0.10680198356229464,0.16973127562697476,0.022570072688294474,-0.00849432581988284,0.053634471196471786
ds006850,bandpower_ridge_strong,total_minus_uncalibrated_prior,2,2,0.018423857507518404,-0.10486901134720378,0.14171672636224059,2000,-0.1198427720871163,0.1566904871021531,0.02035820531206356,-0.01215482895696042,0.05287123958108754
ds006850,bandpower_ridge_strong,total_minus_uncalibrated_prior,2,4,0.033233387143630166,-0.09548374440539772,0.16195051869265806,2000,-0.10503324245100454,0.17150001673826487,0.022659494467316632,-0.007916605288328108,0.05323559422296137
ds006850,bandpower_ridge_strong,total_minus_uncalibrated_prior,2,8,0.033254953295942635,-0.10081887909722914,0.1673287856891144,2000,-0.10501167629869207,0.17152158289057734,0.02199419026028937,-0.008797842638586639,0.05278622315916538
ds006850,bandpower_ridge_strong,total_minus_uncalibrated_prior,4,0,0.1509536023066265,-0.005043872240860281,0.30695107685411327,2000,0.01268697271199179,0.2892202319012612,0.008092413084035632,-0.02029563739833538,0.03648046356640665
ds006850,bandpower_ridge_strong,total_minus_uncalibrated_prior,4,1,0.04623555492759557,-0.054616595427483094,0.14708770528267423,2000,-0.09203107466703914,0.18450218452223027,0.009764494434463644,-0.014200169378492757,0.033729158247420045
ds006850,bandpower_ridge_strong,total_minus_uncalibrated_prior,4,2,0.03909916555040127,-0.08113586515963428,0.15933419626043682,2000,-0.09916746404423343,0.17736579514503598,0.005552213868411204,-0.020906262017157468,0.032010689753979873
ds006850,bandpower_ridge_strong,total_minus_uncalibrated_prior,4,4,0.05629420603448082,-0.06886154632758237,0.18144995839654401,2000,-0.08197242356015388,0.19456083562911552,0.006262341398219073,-0.018757745018648738,0.03128242781508689
ds006850,bandpower_ridge_strong,total_minus_uncalibrated_prior,4,8,0.05768613052621524,-0.07071942355319918,0.18609168460562966,2000,-0.08058049906841946,0.19595276012084994,0.006588516060162725,-0.017639591119091722,0.03081662323941717
ds006850,bandpower_ridge_strong,total_minus_uncalibrated_prior,8,0,0.14595665544111242,-0.00047529799456186295,0.2923886088767867,2000,0.0076900258464777105,0.2842232850357471,0.00266790775568157,-0.02180032909139173,0.02713614460275487
ds006850,bandpower_ridge_strong,total_minus_uncalibrated_prior,8,1,0.05174258392709091,-0.042626376678482764,0.1461115445326646,2000,-0.08652404566754379,0.19000921352172562,0.005251805026615708,-0.013874177021642491,0.024377787074873907
ds006850,bandpower_ridge_strong,total_minus_uncalibrated_prior,8,2,0.0471480326772441,-0.06418687968174554,0.15848294503623372,2000,-0.0911185969173906,0.1854146622718788,0.00138779159067004,-0.020103426471871636,0.022879009653211716
ds006850,bandpower_ridge_strong,total_minus_uncalibrated_prior,8,4,0.06349787231086101,-0.053436267536013826,0.18043201215773585,2000,-0.07476875728377369,0.20176450190549572,0.00183865669604788,-0.019518814241797258,0.02319612763389302
ds006850,bandpower_ridge_strong,total_minus_uncalibrated_prior,8,8,0.06426225349880593,-0.05510795727764635,0.1836324642752582,2000,-0.07400437609582877,0.20252888309344064,0.0016804258534338368,-0.01943405167638133,0.022794903383249004
ds006850,eegnet_lr1e3,eeg_added_population,0,0,0.010144771042118273,-0.024999449677773317,0.04528899176200986,2000,-0.021005008338886695,0.04129455042312324,0.0006942790307700175,-0.0036714394540123046,0.00505999751555234
ds006850,eegnet_lr1e3,eeg_added_population,0,1,0.00609985657066886,-0.01062730926181642,0.02282702240315414,2000,-0.025049922810336106,0.037249635951673826,0.0015644074775408023,-0.002779585810524709,0.005908400765606314
ds006850,eegnet_lr1e3,eeg_added_population,0,2,0.01451776885449707,-0.02036914226370179,0.04940467997269593,2000,-0.016632010526507895,0.04566754823550204,0.0009349482419072908,-0.006134702272188113,0.008004598756002694
ds006850,eegnet_lr1e3,eeg_added_population,0,4,0.011668172503600915,-0.01167704335004769,0.03501338835724952,2000,-0.01948160687740405,0.04281795188460588,0.0007126398377991228,-0.003634181972995576,0.005059461648593821
ds006850,eegnet_lr1e3,eeg_added_population,0,8,0.01688419324610252,-0.02340762640186088,0.05717601289406592,2000,-0.014265586134902447,0.048033972627107485,0.00018499045334627318,-0.005826762645290784,0.00619674355198333
ds006850,eegnet_lr1e3,eeg_added_population,1,0,0.010144771042118273,-0.024999449677773317,0.04528899176200986,2000,-0.021005008338886695,0.04129455042312324,0.0006942790307700175,-0.0036714394540123046,0.00505999751555234
ds006850,eegnet_lr1e3,eeg_added_population,1,1,0.00609985657066886,-0.01062730926181642,0.02282702240315414,2000,-0.025049922810336106,0.037249635951673826,0.0015644074775408023,-0.002779585810524709,0.005908400765606314
ds006850,eegnet_lr1e3,eeg_added_population,1,2,0.01451776885449707,-0.02036914226370179,0.04940467997269593,2000,-0.016632010526507895,0.04566754823550204,0.0009349482419072908,-0.006134702272188113,0.008004598756002694
ds006850,eegnet_lr1e3,eeg_added_population,1,4,0.011668172503600915,-0.01167704335004769,0.03501338835724952,2000,-0.01948160687740405,0.04281795188460588,0.0007126398377991228,-0.003634181972995576,0.005059461648593821
ds006850,eegnet_lr1e3,eeg_added_population,1,8,0.01688419324610252,-0.02340762640186088,0.05717601289406592,2000,-0.014265586134902447,0.048033972627107485,0.00018499045334627318,-0.005826762645290784,0.00619674355198333
ds006850,eegnet_lr1e3,eeg_added_population,2,0,0.010144771042118273,-0.024999449677773317,0.04528899176200986,2000,-0.021005008338886695,0.04129455042312324,0.0006942790307700175,-0.0036714394540123046,0.00505999751555234
ds006850,eegnet_lr1e3,eeg_added_population,2,1,0.00609985657066886,-0.01062730926181642,0.02282702240315414,2000,-0.025049922810336106,0.037249635951673826,0.0015644074775408023,-0.002779585810524709,0.005908400765606314
ds006850,eegnet_lr1e3,eeg_added_population,2,2,0.01451776885449707,-0.02036914226370179,0.04940467997269593,2000,-0.016632010526507895,0.04566754823550204,0.0009349482419072908,-0.006134702272188113,0.008004598756002694
ds006850,eegnet_lr1e3,eeg_added_population,2,4,0.011668172503600915,-0.01167704335004769,0.03501338835724952,2000,-0.01948160687740405,0.04281795188460588,0.0007126398377991228,-0.003634181972995576,0.005059461648593821
ds006850,eegnet_lr1e3,eeg_added_population,2,8,0.01688419324610252,-0.02340762640186088,0.05717601289406592,2000,-0.014265586134902447,0.048033972627107485,0.00018499045334627318,-0.005826762645290784,0.00619674355198333
ds006850,eegnet_lr1e3,eeg_added_population,4,0,0.010144771042118273,-0.024999449677773317,0.04528899176200986,2000,-0.021005008338886695,0.04129455042312324,0.0006942790307700175,-0.0036714394540123046,0.00505999751555234
ds006850,eegnet_lr1e3,eeg_added_population,4,1,0.00609985657066886,-0.01062730926181642,0.02282702240315414,2000,-0.025049922810336106,0.037249635951673826,0.0015644074775408023,-0.002779585810524709,0.005908400765606314
ds006850,eegnet_lr1e3,eeg_added_population,4,2,0.01451776885449707,-0.02036914226370179,0.04940467997269593,2000,-0.016632010526507895,0.04566754823550204,0.0009349482419072908,-0.006134702272188113,0.008004598756002694
ds006850,eegnet_lr1e3,eeg_added_population,4,4,0.011668172503600915,-0.01167704335004769,0.03501338835724952,2000,-0.01948160687740405,0.04281795188460588,0.0007126398377991228,-0.003634181972995576,0.005059461648593821
ds006850,eegnet_lr1e3,eeg_added_population,4,8,0.01688419324610252,-0.02340762640186088,0.05717601289406592,2000,-0.014265586134902447,0.048033972627107485,0.00018499045334627318,-0.005826762645290784,0.00619674355198333
ds006850,eegnet_lr1e3,eeg_added_population,8,0,0.010144771042118273,-0.024999449677773317,0.04528899176200986,2000,-0.021005008338886695,0.04129455042312324,0.0006942790307700175,-0.0036714394540123046,0.00505999751555234
ds006850,eegnet_lr1e3,eeg_added_population,8,1,0.00609985657066886,-0.01062730926181642,0.02282702240315414,2000,-0.025049922810336106,0.037249635951673826,0.0015644074775408023,-0.002779585810524709,0.005908400765606314
ds006850,eegnet_lr1e3,eeg_added_population,8,2,0.01451776885449707,-0.02036914226370179,0.04940467997269593,2000,-0.016632010526507895,0.04566754823550204,0.0009349482419072908,-0.006134702272188113,0.008004598756002694
ds006850,eegnet_lr1e3,eeg_added_population,8,4,0.011668172503600915,-0.01167704335004769,0.03501338835724952,2000,-0.01948160687740405,0.04281795188460588,0.0007126398377991228,-0.003634181972995576,0.005059461648593821
ds006850,eegnet_lr1e3,eeg_added_population,8,8,0.01688419324610252,-0.02340762640186088,0.05717601289406592,2000,-0.014265586134902447,0.048033972627107485,0.00018499045334627318,-0.005826762645290784,0.00619674355198333
ds006850,eegnet_lr1e3,eeg_added_matched_calibration,0,0,0.010144771042118273,-0.024999449677773317,0.04528899176200986,2000,-0.02828651845474727,0.04857606053898381,0.0006942790307700175,-0.0036714394540123046,0.00505999751555234
ds006850,eegnet_lr1e3,eeg_added_matched_calibration,0,1,0.00609985657066886,-0.01062730926181642,0.02282702240315414,2000,-0.03233143292619668,0.0445311460675344,0.0015644074775408023,-0.002779585810524709,0.005908400765606314
ds006850,eegnet_lr1e3,eeg_added_matched_calibration,0,2,0.01451776885449707,-0.02036914226370179,0.04940467997269593,2000,-0.02391352064236847,0.05294905835136261,0.0009349482419072908,-0.006134702272188113,0.008004598756002694
ds006850,eegnet_lr1e3,eeg_added_matched_calibration,0,4,0.011668172503600915,-0.01167704335004769,0.03501338835724952,2000,-0.026763116993264627,0.05009946200046646,0.0007126398377991228,-0.003634181972995576,0.005059461648593821
ds006850,eegnet_lr1e3,eeg_added_matched_calibration,0,8,0.01688419324610252,-0.02340762640186088,0.05717601289406592,2000,-0.021547096250763023,0.05531548274296806,0.00018499045334627318,-0.005826762645290784,0.00619674355198333
ds006850,eegnet_lr1e3,eeg_added_matched_calibration,1,0,0.006642635240918973,-0.01332144928879882,0.026606719770636767,2000,-0.03178865425594657,0.045073924737784515,0.001746846703917948,-0.004731849474056741,0.008225542881892638
ds006850,eegnet_lr1e3,eeg_added_matched_calibration,1,1,0.005478719804599935,-0.007928850632909887,0.018886290242109756,2000,-0.03295256969226561,0.04391000930146548,0.001653169338489413,-0.004347566085927702,0.007653904762906528
ds006850,eegnet_lr1e3,eeg_added_matched_calibration,1,2,0.0045684498530029205,-0.01981057713106472,0.028947476837070562,2000,-0.03386283964386262,0.04299973934986846,0.004451627285163351,-0.006812720492250464,0.015715975062577166
ds006850,eegnet_lr1e3,eeg_added_matched_calibration,1,4,0.006368433359053516,-0.009443081519131213,0.022179948237238244,2000,-0.032062856137812026,0.04479972285591906,0.0020239908080771918,-0.00536475043620542,0.009412732052359804
ds006850,eegnet_lr1e3,eeg_added_matched_calibration,1,8,0.0058274975110577665,-0.016402033959906775,0.02805702898202231,2000,-0.032603791985807776,0.04425878700792331,0.0035043950365630516,-0.005592843974145705,0.012601634047271808
ds006850,eegnet_lr1e3,eeg_added_matched_calibration,2,0,0.004874953083698841,-0.025299838602951034,0.035049744770348716,2000,-0.0335563364131667,0.04330624258056438,0.003179268273937247,-0.0059846971993266235,0.012343233747201117
ds006850,eegnet_lr1e3,eeg_added_matched_calibration,2,1,0.0012669082386456143,-0.022243418455185,0.02477723493247623,2000,-0.03716438125821993,0.039698197735511156,0.0034701329595447916,-0.005505533918255992,0.012445799837345575
ds006850,eegnet_lr1e3,eeg_added_matched_calibration,2,2,-0.015724977503565774,-0.06406946450964457,0.032619509502513015,2000,-0.054156267000431316,0.02270631199329977,0.010891751350198431,-0.012265284676222843,0.034048787376619705
ds006850,eegnet_lr1e3,eeg_added_matched_calibration,2,4,0.005789288377241186,-0.018741950988163565,0.030320527742645938,2000,-0.032642001119624356,0.04422057787410673,0.0031032412939194787,-0.0049226703363030155,0.011129152924141973
ds006850,eegnet_lr1e3,eeg_added_matched_calibration,2,8,-0.0016522689574179905,-0.04228847884395217,0.03898394092911619,2000,-0.04008355845428353,0.03677902053944755,0.006163353515222181,-0.007727344682167405,0.020054051712611765
ds006850,eegnet_lr1e3,eeg_added_matched_calibration,4,0,0.015427436343913303,-0.014170067327115794,0.0450249400149424,2000,-0.02300385315295224,0.053858725840778846,0.0012077346399259337,-0.00411917478047162,0.006534644060323488
ds006850,eegnet_lr1e3,eeg_added_matched_calibration,4,1,0.007726855492348306,-0.009132519747003732,0.024586230731700343,2000,-0.030704434004517236,0.04615814498921385,0.0017401868445341417,-0.0034823905174167892,0.006962764206485073
ds006850,eegnet_lr1e3,eeg_added_matched_calibration,4,2,0.0029423984744543774,-0.028134292567197936,0.03401908951610669,2000,-0.035488891022411165,0.04137368797131992,0.005282069513357079,-0.006469097669047798,0.017033236695761955
ds006850,eegnet_lr1e3,eeg_added_matched_calibration,4,4,0.012369962100381549,-0.009401276410990034,0.03414120061175313,2000,-0.026061327396483994,0.05080125159724709,0.0014380389586300113,-0.0037442936844126794,0.006620371601672702
ds006850,eegnet_lr1e3,eeg_added_matched_calibration,4,8,0.010821752961307274,-0.020348713103661962,0.041992219026276506,2000,-0.02760953653555827,0.049253042458172816,0.0034379249608224305,-0.004232029271283563,0.011107879192928424
ds006850,eegnet_lr1e3,eeg_added_matched_calibration,8,0,0.013795690142492045,-0.014746018154490996,0.04233739843947509,2000,-0.024635599354373497,0.05222697963935759,0.0012021535741676692,-0.003503316381795004,0.005907623530130342
ds006850,eegnet_lr1e3,eeg_added_matched_calibration,8,1,0.007125240323189896,-0.009091417757745274,0.023341898404125067,2000,-0.031306049173675646,0.04555652982005544,0.001327860616474219,-0.0033349871503278224,0.0059907083832762605
ds006850,eegnet_lr1e3,eeg_added_matched_calibration,8,2,0.008418039668072363,-0.01990980104880946,0.03674588038495419,2000,-0.03001324982879318,0.046849329164937906,0.003066876932902085,-0.005440098055141205,0.011573851920945375
ds006850,eegnet_lr1e3,eeg_added_matched_calibration,8,4,0.010367766063652029,-0.013292838651857316,0.03402837077916138,2000,-0.028063523433213514,0.04879905556051757,0.0017870064856555512,-0.003443652014256513,0.007017664985567615
ds006850,eegnet_lr1e3,eeg_added_matched_calibration,8,8,0.011100095926204867,-0.023367805993286327,0.04556799784569606,2000,-0.027331193570660675,0.04953138542307041,0.003536528774879477,-0.005086539795667349,0.012159597345426303
ds006850,eegnet_lr1e3,prior_calibration_gain,0,0,0.0,-3.029933748149689e-17,3.029933748149689e-17,2000,-0.13169041129046133,0.13169041129046133,0.0,0.0,0.0
ds006850,eegnet_lr1e3,prior_calibration_gain,0,1,0.0,0.0,0.0,2000,-0.13169041129046133,0.13169041129046133,0.0,0.0,0.0
ds006850,eegnet_lr1e3,prior_calibration_gain,0,2,0.0,0.0,0.0,2000,-0.13169041129046133,0.13169041129046133,0.0,0.0,0.0
ds006850,eegnet_lr1e3,prior_calibration_gain,0,4,0.0,0.0,0.0,2000,-0.13169041129046133,0.13169041129046133,0.0,0.0,0.0
ds006850,eegnet_lr1e3,prior_calibration_gain,0,8,0.0,0.0,0.0,2000,-0.13169041129046133,0.13169041129046133,0.0,0.0,0.0
ds006850,eegnet_lr1e3,prior_calibration_gain,1,0,0.08274658665210007,-0.07336519705566828,0.2388583703598684,2000,-0.048943824638361264,0.21443699794256138,0.04829210949033019,0.005400377772444995,0.09118384120821539
ds006850,eegnet_lr1e3,prior_calibration_gain,1,1,-0.017840541017210887,-0.1428270982474731,0.10714601621305134,2000,-0.14953095230767222,0.11384987027325044,0.04984485751565715,0.00842052497738556,0.09126919005392874
ds006850,eegnet_lr1e3,prior_calibration_gain,1,2,-0.05445749363486263,-0.19364404060459203,0.08472905333486677,2000,-0.18614790492532396,0.0772329176555987,0.05215490427631708,0.01080098821852752,0.09350882033410665
ds006850,eegnet_lr1e3,prior_calibration_gain,1,4,-0.04634931158613692,-0.19472063878973273,0.10202201561745888,2000,-0.17803972287659825,0.08534109970432441,0.05244606023854048,0.011152531114446307,0.09373958936263466
ds006850,eegnet_lr1e3,prior_calibration_gain,1,8,-0.05573286110738246,-0.20791810959205698,0.09645238737729206,2000,-0.1874232723978438,0.07595755018307887,0.05712164248389051,0.015703391797140892,0.09853989317064013
ds006850,eegnet_lr1e3,prior_calibration_gain,2,0,0.1409623719153005,-0.0010317176223467173,0.2829564614529477,2000,0.009271960624839176,0.2726527832057618,0.02171333893995578,-0.01153360348639599,0.054960281366307547
ds006850,eegnet_lr1e3,prior_calibration_gain,2,1,0.03008480655524437,-0.07253691077724309,0.13270652388773183,2000,-0.10160560473521696,0.1617752178457057,0.02113654341703447,-0.009172242715555504,0.05144532954962444
ds006850,eegnet_lr1e3,prior_calibration_gain,2,2,0.018033997403535007,-0.10085761559967164,0.13692561040674167,2000,-0.11365641388692632,0.14972440869399634,0.019661663519724953,-0.01224858416699847,0.05157191120644838
ds006850,eegnet_lr1e3,prior_calibration_gain,2,4,0.031354011727983466,-0.09550860932940683,0.15821663278537376,2000,-0.10033639956247786,0.1630444230184448,0.021985026115436623,-0.009476330796332776,0.05344638302720602
ds006850,eegnet_lr1e3,prior_calibration_gain,2,8,0.03173182574778072,-0.10185835753647429,0.16532200903203573,2000,-0.09995858554268061,0.16342223703824205,0.021333222696912374,-0.01027740120968898,0.05294384660351373
ds006850,eegnet_lr1e3,prior_calibration_gain,4,0,0.15361825253941824,0.008423996528156036,0.2988125085506804,2000,0.021927841248956914,0.28530866382987957,0.0037453044281207104,-0.02221672598150505,0.02970733483774647
ds006850,eegnet_lr1e3,prior_calibration_gain,4,1,0.04990305602774725,-0.04201875822476012,0.14182487028025462,2000,-0.08178735526271408,0.18159346731820858,0.007241785673276158,-0.014422378443089235,0.02890594978964155
ds006850,eegnet_lr1e3,prior_calibration_gain,4,2,0.047808429390673146,-0.06270915504006647,0.15832601382141276,2000,-0.08388198189978818,0.17949884068113447,0.0032053671646432025,-0.020882165345154934,0.02729289967444134
ds006850,eegnet_lr1e3,prior_calibration_gain,4,4,0.06296689395012922,-0.05470558203077429,0.18063936993103274,2000,-0.06872351734033211,0.19465730524059055,0.002973396960041813,-0.020959908946259993,0.02690670286634362
ds006850,eegnet_lr1e3,prior_calibration_gain,4,8,0.06567263606507251,-0.05702724304009918,0.1883725151702442,2000,-0.06601777522538882,0.19736304735553384,0.0024981387496020024,-0.02093655938953536,0.025932836888739364
ds006850,eegnet_lr1e3,prior_calibration_gain,8,0,0.15644082287592032,0.022793951448300126,0.29008769430354053,2000,0.024750411585458987,0.28813123416638164,-0.0024385431923127365,-0.024869208506436973,0.0199921221218115
ds006850,eegnet_lr1e3,prior_calibration_gain,8,1,0.05838563020613474,-0.025490168984192055,0.14226142939646153,2000,-0.07330478108432659,0.19007604149659607,0.002948584691531392,-0.0142445263142949,0.020141695697357683
ds006850,eegnet_lr1e3,prior_calibration_gain,8,2,0.05999771846865137,-0.03914692894641146,0.15914236588371422,2000,-0.07169269282180996,0.1916881297591127,-0.0012767056092662377,-0.02059129729556479,0.018037886077032314
ds006850,eegnet_lr1e3,prior_calibration_gain,8,4,0.07519470815880047,-0.03155236135466151,0.18194177767226244,2000,-0.05649570313166086,0.2068851194492618,-0.0016221975957553258,-0.021556970717027765,0.018312575525517114
ds006850,eegnet_lr1e3,prior_calibration_gain,8,8,0.07736957634443592,-0.03447939737487073,0.18921855006374255,2000,-0.05432083494602541,0.20905998763489725,-0.00304765247792807,-0.02292321873679001,0.01682791378093387
ds006850,eegnet_lr1e3,combined_calibration_gain,0,0,0.0,-3.510928209743649e-17,3.510928209743649e-17,2000,-0.13446674305607847,0.13446674305607847,0.0,0.0,0.0
ds006850,eegnet_lr1e3,combined_calibration_gain,0,1,0.0,0.0,0.0,2000,-0.13446674305607847,0.13446674305607847,0.0,0.0,0.0
ds006850,eegnet_lr1e3,combined_calibration_gain,0,2,0.0,-4.48020286887533e-17,4.48020286887533e-17,2000,-0.13446674305607847,0.13446674305607847,0.0,0.0,0.0
ds006850,eegnet_lr1e3,combined_calibration_gain,0,4,0.0,0.0,0.0,2000,-0.13446674305607847,0.13446674305607847,0.0,0.0,0.0
ds006850,eegnet_lr1e3,combined_calibration_gain,0,8,0.0,0.0,0.0,2000,-0.13446674305607847,0.13446674305607847,0.0,0.0,0.0
ds006850,eegnet_lr1e3,combined_calibration_gain,1,0,0.07924445085090076,-0.07723391745110375,0.23572281915290527,2000,-0.055222292205177714,0.21371119390697924,0.04934467716347812,0.006232639189074858,0.0924567151378814
ds006850,eegnet_lr1e3,combined_calibration_gain,1,1,-0.018461677783279812,-0.1423461207359304,0.10542276516937076,2000,-0.1529284208393583,0.11600506527279866,0.04993361937660576,0.00853645400575695,0.09133078474745457
ds006850,eegnet_lr1e3,combined_calibration_gain,1,2,-0.06440681263635678,-0.19910825014722333,0.07029462487450977,2000,-0.19887355569243526,0.0700599304197217,0.05567158331957314,0.013424248893862303,0.09791891774528398
ds006850,eegnet_lr1e3,combined_calibration_gain,1,4,-0.05164905073068432,-0.19767044392169172,0.09437234246032308,2000,-0.1861157937867628,0.08281769232539415,0.05375741120881855,0.01268329409679119,0.0948315283208459
ds006850,eegnet_lr1e3,combined_calibration_gain,1,8,-0.06678955684242721,-0.21456478497796241,0.08098567129310799,2000,-0.2012562998985057,0.06767718621365126,0.06044104706710729,0.018955276345633966,0.10192681778858062
ds006850,eegnet_lr1e3,combined_calibration_gain,2,0,0.13569255395688107,-0.0145424207099,0.2859275286236621,2000,0.001225810900802593,0.27015929701295954,0.024198328183123008,-0.011278414239869014,0.05967507060611503
ds006850,eegnet_lr1e3,combined_calibration_gain,2,1,0.025251858223221124,-0.08165583190161406,0.13215954834805632,2000,-0.10921488483285735,0.1597186012792996,0.02304226889903846,-0.008418312356284291,0.05450285015436121
ds006850,eegnet_lr1e3,combined_calibration_gain,2,2,-0.012208748954527837,-0.14684715334012205,0.12242965543106638,2000,-0.1466754920106063,0.12225799410155064,0.029618466628016094,-0.010296793558409408,0.06953372681444159
ds006850,eegnet_lr1e3,combined_calibration_gain,2,4,0.025475127601623737,-0.10524893646679553,0.156199191670043,2000,-0.10899161545445474,0.1599418706577022,0.02437562757155698,-0.007967590472437495,0.056718845615551454
ds006850,eegnet_lr1e3,combined_calibration_gain,2,8,0.013195363544260208,-0.13025103253135092,0.15664175961987134,2000,-0.12127137951181827,0.14766210660033868,0.02731158575878828,-0.007646212125613318,0.06226938364318988
ds006850,eegnet_lr1e3,combined_calibration_gain,4,0,0.15890091784121327,0.009481910192306042,0.3083199254901205,2000,0.024434174785134793,0.2933676608972917,0.0042587600372766266,-0.022540657845583567,0.03105817792013682
ds006850,eegnet_lr1e3,combined_calibration_gain,4,1,0.051530054949426696,-0.041889977806857104,0.1449500877057105,2000,-0.08293668810665178,0.18599679800550517,0.007417565040269497,-0.014708731682366465,0.02954386176290546
ds006850,eegnet_lr1e3,combined_calibration_gain,4,2,0.03623305901063045,-0.07917223615241277,0.15163835417367366,2000,-0.09823368404544802,0.17069980206670893,0.007552488436092991,-0.01875746448966954,0.033862441361855525
ds006850,eegnet_lr1e3,combined_calibration_gain,4,4,0.06366868354690985,-0.05480579605497471,0.18214316314879442,2000,-0.07079805950916862,0.19813542660298833,0.0036987960808727016,-0.020385439976996576,0.02778303213874198
ds006850,eegnet_lr1e3,combined_calibration_gain,4,8,0.059610195780277264,-0.06458548640334058,0.1838058779638951,2000,-0.07485654727580121,0.19407693883635574,0.00575107325707816,-0.01860065884709878,0.0301028053612551
ds006850,eegnet_lr1e3,combined_calibration_gain,8,0,0.16009174197629408,0.025739742504026608,0.29444374144856156,2000,0.025624998920215608,0.2945584850323726,-0.0019306686489150848,-0.024654946400945114,0.020793609103114945
ds006850,eegnet_lr1e3,combined_calibration_gain,8,1,0.05941101395865578,-0.025237742214873862,0.1440597701321854,2000,-0.0750557290974227,0.19387775701473425,0.0027120378304648085,-0.014514672348671279,0.019938748009600896
ds006850,eegnet_lr1e3,combined_calibration_gain,8,2,0.053897989282226666,-0.04787225333276028,0.15566823189721363,2000,-0.08056875377385181,0.18836473233830514,0.0008552230817285567,-0.019569573179396907,0.02128001934285402
ds006850,eegnet_lr1e3,combined_calibration_gain,8,4,0.07389430171885158,-0.03405542816457892,0.18184403160228207,2000,-0.06057244133722689,0.20836104477493006,-0.0005478309478988974,-0.02057760582178664,0.019481943925988846
ds006850,eegnet_lr1e3,combined_calibration_gain,8,8,0.07158547902453827,-0.042404626469266085,0.1855755845183426,2000,-0.06288126403154021,0.20605222208061674,0.00030388584360513393,-0.020558988786788333,0.0211667604739986
ds006850,eegnet_lr1e3,total_minus_uncalibrated_prior,0,0,0.010144771042118273,-0.024999449677773317,0.04528899176200986,2000,-0.12515573258235083,0.14544527466658738,0.0006942790307700175,-0.0036714394540123046,0.00505999751555234
ds006850,eegnet_lr1e3,total_minus_uncalibrated_prior,0,1,0.00609985657066886,-0.01062730926181642,0.02282702240315414,2000,-0.12920064705380024,0.14140036019513796,0.0015644074775408023,-0.002779585810524709,0.005908400765606314
ds006850,eegnet_lr1e3,total_minus_uncalibrated_prior,0,2,0.01451776885449707,-0.02036914226370179,0.04940467997269593,2000,-0.12078273476997203,0.14981827247896617,0.0009349482419072908,-0.006134702272188113,0.008004598756002694
ds006850,eegnet_lr1e3,total_minus_uncalibrated_prior,0,4,0.011668172503600915,-0.01167704335004769,0.03501338835724952,2000,-0.12363233112086819,0.14696867612807002,0.0007126398377991228,-0.003634181972995576,0.005059461648593821
ds006850,eegnet_lr1e3,total_minus_uncalibrated_prior,0,8,0.01688419324610252,-0.02340762640186088,0.05717601289406592,2000,-0.11841631037836658,0.15218469687057162,0.00018499045334627318,-0.005826762645290784,0.00619674355198333
ds006850,eegnet_lr1e3,total_minus_uncalibrated_prior,1,0,0.08938922189301904,-0.06670465859165045,0.24548310237768853,2000,-0.045911281731450065,0.22468972551748814,0.05003895619424814,0.006283817358047075,0.0937940950304492
ds006850,eegnet_lr1e3,total_minus_uncalibrated_prior,1,1,-0.012361821212610952,-0.13906042755429301,0.11433678512907111,2000,-0.14766232483708006,0.12293868241185815,0.05149802685414656,0.009676242153752034,0.09331981155454108
ds006850,eegnet_lr1e3,total_minus_uncalibrated_prior,1,2,-0.04988904378185971,-0.18948766391325342,0.089709576349534,2000,-0.1851895474063288,0.0854114598426094,0.05660653156148043,0.014085953684575464,0.0991271094383854
ds006850,eegnet_lr1e3,total_minus_uncalibrated_prior,1,4,-0.039980878227083405,-0.1882453869610896,0.1082836305069228,2000,-0.1752813818515525,0.0953196253973857,0.054470051046617673,0.012834326336113644,0.0961057757571217
ds006850,eegnet_lr1e3,total_minus_uncalibrated_prior,1,8,-0.04990536359632469,-0.20169182738598984,0.10188110019334046,2000,-0.1852058672207938,0.08539514002814441,0.06062603752045356,0.018488163492696726,0.10276391154821041
ds006850,eegnet_lr1e3,total_minus_uncalibrated_prior,2,0,0.14583732499899935,-0.0008253629912868821,0.2925000129892856,2000,0.010536821374530242,0.2811378286234685,0.024892607213893025,-0.01043305312274486,0.06021826755053091
ds006850,eegnet_lr1e3,total_minus_uncalibrated_prior,2,1,0.031351714793889984,-0.07614195003866393,0.1388453796264439,2000,-0.10394878883057912,0.1666522184183591,0.024606676376579262,-0.007307920549990882,0.056521273303149405
ds006850,eegnet_lr1e3,total_minus_uncalibrated_prior,2,2,0.0023090198999692335,-0.12993155801375333,0.1345495978136918,2000,-0.13299148372449987,0.13760952352443834,0.030553414869923384,-0.009084354436012979,0.07019118417585975
ds006850,eegnet_lr1e3,total_minus_uncalibrated_prior,2,4,0.03714330010522465,-0.09464518709029163,0.16893178730074093,2000,-0.09815720351924445,0.17244380372969376,0.025088267409356102,-0.007732601372455454,0.05790913619116766
ds006850,eegnet_lr1e3,total_minus_uncalibrated_prior,2,8,0.030079556790362727,-0.1141894094376332,0.17434852301835865,2000,-0.10522094683410638,0.16538006041483183,0.027496576212134555,-0.007898201696290477,0.06289135412055959
ds006850,eegnet_lr1e3,total_minus_uncalibrated_prior,4,0,0.16904568888333155,0.02164610565048547,0.3164452721161776,2000,0.03374518525886244,0.30434619250780065,0.004953039068046644,-0.021934615376651506,0.031840693512744794
ds006850,eegnet_lr1e3,total_minus_uncalibrated_prior,4,1,0.057629911520095556,-0.036695813342883785,0.1519556363830749,2000,-0.07767059210437355,0.19293041514456466,0.0089819725178103,-0.01360491268663399,0.03156885772225459
ds006850,eegnet_lr1e3,total_minus_uncalibrated_prior,4,2,0.050750827865127524,-0.06536873074857003,0.16687038647882507,2000,-0.08454967575934158,0.18605133148959663,0.008487436678000282,-0.018093680077164068,0.03506855343316463
ds006850,eegnet_lr1e3,total_minus_uncalibrated_prior,4,4,0.07533685605051077,-0.04454026891293887,0.19521398101396042,2000,-0.059963647573958334,0.21063735967497987,0.004411435918671824,-0.02010521009676856,0.02892808193411221
ds006850,eegnet_lr1e3,total_minus_uncalibrated_prior,4,8,0.07649438902637978,-0.05150661387417116,0.20449539192693073,2000,-0.05880611459808932,0.2117948926508489,0.005936063710424433,-0.019096980449647465,0.03096910787049633
ds006850,eegnet_lr1e3,total_minus_uncalibrated_prior,8,0,0.17023651301841236,0.033831979946514934,0.3066410460903098,2000,0.03493600939394326,0.30553701664288146,-0.0012363896181450673,-0.024236811790349852,0.021764032554059717
ds006850,eegnet_lr1e3,total_minus_uncalibrated_prior,8,1,0.06551087052932464,-0.021388971457350706,0.15241071251599997,2000,-0.06978963309514447,0.20081137415379374,0.004276445308005611,-0.013596556960957858,0.02214944757696908
ds006850,eegnet_lr1e3,total_minus_uncalibrated_prior,8,2,0.06841575813672374,-0.03581265457499075,0.17264417084843822,2000,-0.06688474548774537,0.20371626176119284,0.0017901713236358474,-0.019056428394243624,0.02263677104151532
ds006850,eegnet_lr1e3,total_minus_uncalibrated_prior,8,4,0.0855624742224525,-0.024808369035930575,0.1959333174808356,2000,-0.049738029402016604,0.2208629778469216,0.00016480888990022535,-0.020480132477538195,0.020809750257338645
ds006850,eegnet_lr1e3,total_minus_uncalibrated_prior,8,8,0.08846967227064079,-0.03177969275981518,0.20871903730109675,2000,-0.04683083135382832,0.2237701758951099,0.0004888762969514071,-0.021242170742073827,0.02221992333597664
ds006850,eegnet_lr1e4,eeg_added_population,0,0,0.013586601179739187,-0.02940029038814087,0.05657349274761924,2000,-0.016884268213244402,0.04405747057272277,0.0021800574989605526,-0.00343418703790178,0.007794302035822885
ds006850,eegnet_lr1e4,eeg_added_population,0,1,0.011418933837583078,-0.013757076087536398,0.03659494376270256,2000,-0.01905193555540051,0.041889803230566666,0.0020542343640228555,-0.004386495598938746,0.008494964326984458
ds006850,eegnet_lr1e4,eeg_added_population,0,2,0.003987575374521213,-0.009966556039552227,0.017941706788594653,2000,-0.026483294018462375,0.0344584447675048,-6.946854757836074e-05,-0.0026946009791575204,0.002555663884000799
ds006850,eegnet_lr1e4,eeg_added_population,0,4,0.009714022640556763,-0.015794266905561273,0.0352223121866748,2000,-0.020756846752426825,0.04018489203354035,-0.00013705550542986167,-0.004841069540851666,0.004566958529991943
ds006850,eegnet_lr1e4,eeg_added_population,0,8,0.007582325323279293,-0.013646194253609738,0.028810844900168324,2000,-0.022888544069704295,0.03805319471626288,-0.00014699743422433298,-0.004070488457119495,0.003776493588670829
ds006850,eegnet_lr1e4,eeg_added_population,1,0,0.013586601179739187,-0.029400290388140876,0.05657349274761925,2000,-0.016884268213244402,0.04405747057272277,0.0021800574989605526,-0.00343418703790178,0.007794302035822885
ds006850,eegnet_lr1e4,eeg_added_population,1,1,0.011418933837583078,-0.013757076087536398,0.03659494376270256,2000,-0.01905193555540051,0.041889803230566666,0.0020542343640228555,-0.004386495598938746,0.008494964326984458
ds006850,eegnet_lr1e4,eeg_added_population,1,2,0.003987575374521213,-0.009966556039552233,0.017941706788594657,2000,-0.026483294018462375,0.0344584447675048,-6.946854757836074e-05,-0.0026946009791575204,0.002555663884000799
ds006850,eegnet_lr1e4,eeg_added_population,1,4,0.009714022640556763,-0.015794266905561273,0.0352223121866748,2000,-0.020756846752426825,0.04018489203354035,-0.00013705550542986167,-0.004841069540851666,0.004566958529991943
ds006850,eegnet_lr1e4,eeg_added_population,1,8,0.007582325323279293,-0.013646194253609738,0.028810844900168324,2000,-0.022888544069704295,0.03805319471626288,-0.00014699743422433298,-0.004070488457119495,0.003776493588670829
ds006850,eegnet_lr1e4,eeg_added_population,2,0,0.013586601179739187,-0.029400290388140876,0.05657349274761925,2000,-0.016884268213244402,0.04405747057272277,0.0021800574989605526,-0.00343418703790178,0.007794302035822885
ds006850,eegnet_lr1e4,eeg_added_population,2,1,0.011418933837583078,-0.013757076087536398,0.03659494376270256,2000,-0.01905193555540051,0.041889803230566666,0.0020542343640228555,-0.004386495598938746,0.008494964326984458
ds006850,eegnet_lr1e4,eeg_added_population,2,2,0.003987575374521213,-0.009966556039552233,0.017941706788594657,2000,-0.026483294018462375,0.0344584447675048,-6.946854757836074e-05,-0.0026946009791575204,0.002555663884000799
ds006850,eegnet_lr1e4,eeg_added_population,2,4,0.009714022640556763,-0.015794266905561273,0.0352223121866748,2000,-0.020756846752426825,0.04018489203354035,-0.00013705550542986167,-0.004841069540851666,0.004566958529991943
ds006850,eegnet_lr1e4,eeg_added_population,2,8,0.007582325323279293,-0.013646194253609738,0.028810844900168324,2000,-0.022888544069704295,0.03805319471626288,-0.00014699743422433298,-0.004070488457119495,0.003776493588670829
ds006850,eegnet_lr1e4,eeg_added_population,4,0,0.013586601179739187,-0.029400290388140876,0.05657349274761925,2000,-0.016884268213244402,0.04405747057272277,0.0021800574989605526,-0.00343418703790178,0.007794302035822885
ds006850,eegnet_lr1e4,eeg_added_population,4,1,0.011418933837583078,-0.013757076087536395,0.03659494376270255,2000,-0.01905193555540051,0.041889803230566666,0.0020542343640228555,-0.004386495598938746,0.008494964326984458
ds006850,eegnet_lr1e4,eeg_added_population,4,2,0.003987575374521213,-0.009966556039552227,0.017941706788594653,2000,-0.026483294018462375,0.0344584447675048,-6.946854757836074e-05,-0.0026946009791575204,0.002555663884000799
ds006850,eegnet_lr1e4,eeg_added_population,4,4,0.009714022640556763,-0.01579426690556128,0.035222312186674806,2000,-0.020756846752426825,0.04018489203354035,-0.00013705550542986167,-0.004841069540851666,0.004566958529991943
ds006850,eegnet_lr1e4,eeg_added_population,4,8,0.007582325323279293,-0.013646194253609738,0.028810844900168324,2000,-0.022888544069704295,0.03805319471626288,-0.00014699743422433298,-0.004070488457119495,0.003776493588670829
ds006850,eegnet_lr1e4,eeg_added_population,8,0,0.013586601179739187,-0.029400290388140876,0.05657349274761925,2000,-0.016884268213244402,0.04405747057272277,0.0021800574989605526,-0.00343418703790178,0.007794302035822885
ds006850,eegnet_lr1e4,eeg_added_population,8,1,0.011418933837583078,-0.013757076087536395,0.03659494376270255,2000,-0.01905193555540051,0.041889803230566666,0.0020542343640228555,-0.004386495598938746,0.008494964326984458
ds006850,eegnet_lr1e4,eeg_added_population,8,2,0.003987575374521213,-0.009966556039552227,0.017941706788594653,2000,-0.026483294018462375,0.0344584447675048,-6.946854757836074e-05,-0.0026946009791575204,0.002555663884000799
ds006850,eegnet_lr1e4,eeg_added_population,8,4,0.009714022640556763,-0.01579426690556128,0.035222312186674806,2000,-0.020756846752426825,0.04018489203354035,-0.00013705550542986167,-0.004841069540851666,0.004566958529991943
ds006850,eegnet_lr1e4,eeg_added_population,8,8,0.007582325323279293,-0.013646194253609738,0.028810844900168324,2000,-0.022888544069704295,0.03805319471626288,-0.00014699743422433298,-0.004070488457119495,0.003776493588670829
ds006850,eegnet_lr1e4,eeg_added_matched_calibration,0,0,0.013586601179739187,-0.02940029038814087,0.05657349274761924,2000,-0.019802685284252393,0.046975887643730764,0.0021800574989605526,-0.00343418703790178,0.007794302035822885
ds006850,eegnet_lr1e4,eeg_added_matched_calibration,0,1,0.011418933837583078,-0.013757076087536398,0.03659494376270256,2000,-0.0219703526264085,0.04480822030157466,0.0020542343640228555,-0.004386495598938746,0.008494964326984458
ds006850,eegnet_lr1e4,eeg_added_matched_calibration,0,2,0.003987575374521213,-0.009966556039552227,0.017941706788594653,2000,-0.029401711089470366,0.03737686183851279,-6.946854757836074e-05,-0.0026946009791575204,0.002555663884000799
ds006850,eegnet_lr1e4,eeg_added_matched_calibration,0,4,0.009714022640556763,-0.015794266905561273,0.0352223121866748,2000,-0.023675263823434815,0.04310330910454834,-0.00013705550542986167,-0.004841069540851666,0.004566958529991943
ds006850,eegnet_lr1e4,eeg_added_matched_calibration,0,8,0.007582325323279293,-0.013646194253609738,0.028810844900168324,2000,-0.025806961140712285,0.04097161178727087,-0.00014699743422433298,-0.004070488457119495,0.003776493588670829
ds006850,eegnet_lr1e4,eeg_added_matched_calibration,1,0,0.004548870803525645,-0.021048402310672527,0.030146143917723817,2000,-0.028840415660465933,0.037938157267517224,0.0018034406921567103,-0.006679204696336096,0.010286086080649516
ds006850,eegnet_lr1e4,eeg_added_matched_calibration,1,1,0.006093415990428369,-0.013211036113042078,0.025397868093898816,2000,-0.02729587047356321,0.03948270245441995,0.0028074058349212283,-0.005847312447715606,0.011462124117558063
ds006850,eegnet_lr1e4,eeg_added_matched_calibration,1,2,0.00025943128856326103,-0.011225585055783263,0.011744447632909785,2000,-0.03312985517542832,0.03364871775255484,0.0012311267112161683,-0.0034417995149269897,0.005904052937359326
ds006850,eegnet_lr1e4,eeg_added_matched_calibration,1,4,0.0023338602081720006,-0.015848986301297236,0.020516706717641237,2000,-0.031055426255819578,0.03572314667216358,0.002556474852821594,-0.005199750134504817,0.010312699840148005
ds006850,eegnet_lr1e4,eeg_added_matched_calibration,1,8,0.003562699841096695,-0.011803678617950474,0.018929078300143863,2000,-0.029826586622894884,0.03695198630508827,0.0005964752970466503,-0.004944236298561107,0.006137186892654407
ds006850,eegnet_lr1e4,eeg_added_matched_calibration,2,0,0.012430725508560198,-0.013773877904145644,0.03863532892126604,2000,-0.02095856095543138,0.045820011972551776,0.001820678511123941,-0.004987137521182766,0.008628494543430648
ds006850,eegnet_lr1e4,eeg_added_matched_calibration,2,1,0.007905279320786884,-0.015305528713901322,0.03111608735547509,2000,-0.025484007143204694,0.04129456578477846,0.0031188556987030713,-0.005469819386029582,0.011707530783435725
ds006850,eegnet_lr1e4,eeg_added_matched_calibration,2,2,0.003519944639348127,-0.007947848404486648,0.014987737683182902,2000,-0.02986934182464345,0.036909231103339706,0.0005159727562656646,-0.0025283481709655895,0.0035602936834969187
ds006850,eegnet_lr1e4,eeg_added_matched_calibration,2,4,0.007385239336829719,-0.01416375615466721,0.028934234828326647,2000,-0.02600404712716186,0.0407745258008213,0.0020743825640680003,-0.004373899672998526,0.008522664801134526
ds006850,eegnet_lr1e4,eeg_added_matched_calibration,2,8,0.007799383906016311,-0.009442083110695387,0.02504085092272801,2000,-0.025589902557975268,0.04118867037000789,0.0010404373731317806,-0.0035185224538726604,0.005599397200136222
ds006850,eegnet_lr1e4,eeg_added_matched_calibration,4,0,0.017657915566191895,-0.016954023385636965,0.052269854518020756,2000,-0.015731370897799683,0.051047202030183474,0.0011833856872902337,-0.005049260529179293,0.007416031903759761
ds006850,eegnet_lr1e4,eeg_added_matched_calibration,4,1,0.017357454757717106,-0.008632417458830262,0.04334732697426447,2000,-0.016031831706274473,0.050746741221708684,0.001745336713685014,-0.005492917349700454,0.008983590777070482
ds006850,eegnet_lr1e4,eeg_added_matched_calibration,4,2,0.006205013480346022,-0.00803406406452317,0.020444091025215216,2000,-0.027184272983645556,0.0395942999443376,-0.0005015395620227014,-0.003129179580999072,0.002126100456953669
ds006850,eegnet_lr1e4,eeg_added_matched_calibration,4,4,0.012554454264337545,-0.013245792463179744,0.03835470099185483,2000,-0.020834832199654034,0.04594374072832912,0.000736560812084841,-0.004732770461105023,0.006205892085274705
ds006850,eegnet_lr1e4,eeg_added_matched_calibration,4,8,0.010018090139418956,-0.009347890074087949,0.02938407035292586,2000,-0.023371196324572623,0.043407376603410534,2.3663455470834815e-05,-0.003639930881226464,0.003687257792168134
ds006850,eegnet_lr1e4,eeg_added_matched_calibration,8,0,0.01482481507103417,-0.019471939125700645,0.049121569267768984,2000,-0.01856447139295741,0.04821410153502575,0.002159005067010611,-0.004087076775671208,0.00840508690969243
ds006850,eegnet_lr1e4,eeg_added_matched_calibration,8,1,0.013191421877887077,-0.013376243303492932,0.03975908705926709,2000,-0.0201978645861045,0.046580708341878656,0.0024746685091548704,-0.004587846774146452,0.009537183792456192
ds006850,eegnet_lr1e4,eeg_added_matched_calibration,8,2,0.003813510577301893,-0.01087334504307204,0.018500366197675824,2000,-0.029575775886689686,0.03720279704129347,-0.0003490132180843375,-0.0032136115606224724,0.0025155851244537974
ds006850,eegnet_lr1e4,eeg_added_matched_calibration,8,4,0.008303819320141625,-0.01829050444406026,0.03489814308434351,2000,-0.025085467143849953,0.041693105784133204,0.001354907243609621,-0.004518470011739224,0.007228284498958466
ds006850,eegnet_lr1e4,eeg_added_matched_calibration,8,8,0.007762876511652417,-0.013945549263684649,0.029471302286989482,2000,-0.02562640995233916,0.041152162975643995,7.758731604620706e-05,-0.003755527621728197,0.003910702253820611
ds006850,eegnet_lr1e4,prior_calibration_gain,0,0,0.0,0.0,0.0,2000,-0.13169041129046133,0.13169041129046133,0.0,0.0,0.0
ds006850,eegnet_lr1e4,prior_calibration_gain,0,1,0.0,0.0,0.0,2000,-0.13169041129046133,0.13169041129046133,0.0,0.0,0.0
ds006850,eegnet_lr1e4,prior_calibration_gain,0,2,0.0,0.0,0.0,2000,-0.13169041129046133,0.13169041129046133,0.0,0.0,0.0
ds006850,eegnet_lr1e4,prior_calibration_gain,0,4,0.0,0.0,0.0,2000,-0.13169041129046133,0.13169041129046133,0.0,0.0,0.0
ds006850,eegnet_lr1e4,prior_calibration_gain,0,8,0.0,0.0,0.0,2000,-0.13169041129046133,0.13169041129046133,0.0,0.0,0.0
ds006850,eegnet_lr1e4,prior_calibration_gain,1,0,0.08274658665210007,-0.07336519705566828,0.2388583703598684,2000,-0.048943824638361264,0.21443699794256138,0.04829210949033019,0.005400377772444995,0.09118384120821539
ds006850,eegnet_lr1e4,prior_calibration_gain,1,1,-0.017840541017210887,-0.1428270982474731,0.10714601621305134,2000,-0.14953095230767222,0.11384987027325044,0.04984485751565715,0.00842052497738556,0.09126919005392874
ds006850,eegnet_lr1e4,prior_calibration_gain,1,2,-0.05445749363486263,-0.19364404060459206,0.0847290533348668,2000,-0.18614790492532396,0.0772329176555987,0.05215490427631708,0.01080098821852752,0.09350882033410665
ds006850,eegnet_lr1e4,prior_calibration_gain,1,4,-0.04634931158613692,-0.19472063878973273,0.10202201561745888,2000,-0.17803972287659825,0.08534109970432441,0.05244606023854048,0.011152531114446307,0.09373958936263466
ds006850,eegnet_lr1e4,prior_calibration_gain,1,8,-0.05573286110738246,-0.20791810959205698,0.09645238737729206,2000,-0.1874232723978438,0.07595755018307887,0.05712164248389051,0.015703391797140892,0.09853989317064013
ds006850,eegnet_lr1e4,prior_calibration_gain,2,0,0.1409623719153005,-0.0010317176223467173,0.2829564614529477,2000,0.009271960624839176,0.2726527832057618,0.02171333893995578,-0.01153360348639599,0.054960281366307547
ds006850,eegnet_lr1e4,prior_calibration_gain,2,1,0.03008480655524437,-0.07253691077724309,0.13270652388773183,2000,-0.10160560473521696,0.1617752178457057,0.02113654341703447,-0.009172242715555504,0.05144532954962444
ds006850,eegnet_lr1e4,prior_calibration_gain,2,2,0.018033997403535007,-0.10085761559967164,0.13692561040674167,2000,-0.11365641388692632,0.14972440869399634,0.019661663519724953,-0.01224858416699847,0.05157191120644838
ds006850,eegnet_lr1e4,prior_calibration_gain,2,4,0.031354011727983466,-0.09550860932940683,0.15821663278537376,2000,-0.10033639956247786,0.1630444230184448,0.021985026115436623,-0.009476330796332776,0.05344638302720602
ds006850,eegnet_lr1e4,prior_calibration_gain,2,8,0.03173182574778072,-0.10185835753647429,0.16532200903203573,2000,-0.09995858554268061,0.16342223703824205,0.021333222696912374,-0.01027740120968898,0.05294384660351373
ds006850,eegnet_lr1e4,prior_calibration_gain,4,0,0.15361825253941824,0.008423996528156036,0.2988125085506804,2000,0.021927841248956914,0.28530866382987957,0.0037453044281207104,-0.02221672598150505,0.02970733483774647
ds006850,eegnet_lr1e4,prior_calibration_gain,4,1,0.04990305602774725,-0.04201875822476012,0.14182487028025462,2000,-0.08178735526271408,0.18159346731820858,0.007241785673276158,-0.014422378443089235,0.02890594978964155
ds006850,eegnet_lr1e4,prior_calibration_gain,4,2,0.047808429390673146,-0.06270915504006647,0.15832601382141276,2000,-0.08388198189978818,0.17949884068113447,0.0032053671646432025,-0.020882165345154934,0.02729289967444134
ds006850,eegnet_lr1e4,prior_calibration_gain,4,4,0.06296689395012922,-0.05470558203077429,0.18063936993103274,2000,-0.06872351734033211,0.19465730524059055,0.002973396960041813,-0.020959908946259993,0.02690670286634362
ds006850,eegnet_lr1e4,prior_calibration_gain,4,8,0.06567263606507251,-0.05702724304009918,0.1883725151702442,2000,-0.06601777522538882,0.19736304735553384,0.0024981387496020024,-0.02093655938953536,0.025932836888739364
ds006850,eegnet_lr1e4,prior_calibration_gain,8,0,0.15644082287592032,0.022793951448300126,0.29008769430354053,2000,0.024750411585458987,0.28813123416638164,-0.0024385431923127365,-0.024869208506436973,0.0199921221218115
ds006850,eegnet_lr1e4,prior_calibration_gain,8,1,0.05838563020613474,-0.025490168984192055,0.14226142939646153,2000,-0.07330478108432659,0.19007604149659607,0.002948584691531392,-0.0142445263142949,0.020141695697357683
ds006850,eegnet_lr1e4,prior_calibration_gain,8,2,0.05999771846865137,-0.03914692894641146,0.15914236588371422,2000,-0.07169269282180996,0.1916881297591127,-0.0012767056092662377,-0.02059129729556479,0.018037886077032314
ds006850,eegnet_lr1e4,prior_calibration_gain,8,4,0.07519470815880047,-0.03155236135466151,0.18194177767226244,2000,-0.05649570313166086,0.2068851194492618,-0.0016221975957553258,-0.021556970717027765,0.018312575525517114
ds006850,eegnet_lr1e4,prior_calibration_gain,8,8,0.07736957634443592,-0.03447939737487073,0.18921855006374255,2000,-0.05432083494602541,0.20905998763489725,-0.00304765247792807,-0.02292321873679001,0.01682791378093387
ds006850,eegnet_lr1e4,combined_calibration_gain,0,0,0.0,0.0,0.0,2000,-0.13189771809209025,0.13189771809209025,0.0,0.0,0.0
ds006850,eegnet_lr1e4,combined_calibration_gain,0,1,0.0,0.0,0.0,2000,-0.13189771809209025,0.13189771809209025,0.0,0.0,0.0
ds006850,eegnet_lr1e4,combined_calibration_gain,0,2,0.0,0.0,0.0,2000,-0.13189771809209025,0.13189771809209025,0.0,0.0,0.0
ds006850,eegnet_lr1e4,combined_calibration_gain,0,4,0.0,0.0,0.0,2000,-0.13189771809209025,0.13189771809209025,0.0,0.0,0.0
ds006850,eegnet_lr1e4,combined_calibration_gain,0,8,0.0,0.0,0.0,2000,-0.13189771809209025,0.13189771809209025,0.0,0.0,0.0
ds006850,eegnet_lr1e4,combined_calibration_gain,1,0,0.07370885627588653,-0.08017530727968075,0.2275930198314538,2000,-0.058188861816203724,0.20560657436797677,0.04791549268352635,0.004199918139261488,0.09163106722779121
ds006850,eegnet_lr1e4,combined_calibration_gain,1,1,-0.023166058864365596,-0.14804679285613198,0.10171467512740077,2000,-0.15506377695645585,0.10873165922772465,0.05059802898655552,0.008107078518467585,0.09308897945464345
ds006850,eegnet_lr1e4,combined_calibration_gain,1,2,-0.05818563772082058,-0.1953395877975305,0.07896831235588933,2000,-0.19008335581291083,0.07371208037126967,0.05345549953511161,0.012182946117262741,0.09472805295296048
ds006850,eegnet_lr1e4,combined_calibration_gain,1,4,-0.053729474018521683,-0.19931443541452726,0.09185548737748389,2000,-0.18562719211061193,0.07816824407356857,0.05513959059679194,0.013907108098694103,0.09637207309488977
ds006850,eegnet_lr1e4,combined_calibration_gain,1,8,-0.05975248658956506,-0.20961983680847743,0.09011486362934731,2000,-0.1916502046816553,0.07214523150252519,0.057865115215161494,0.016937903691974954,0.09879232673834804
ds006850,eegnet_lr1e4,combined_calibration_gain,2,0,0.1398064962441215,-0.005648967597511545,0.28526196008575455,2000,0.007908778152031254,0.2717042143362117,0.021353959952119167,-0.01318169479166613,0.05588961469590446
ds006850,eegnet_lr1e4,combined_calibration_gain,2,1,0.026571152038448176,-0.08168762257061334,0.1348299266475097,2000,-0.10532656605364207,0.15846887013053843,0.022201164751714686,-0.0093536681524529,0.05375599765588227
ds006850,eegnet_lr1e4,combined_calibration_gain,2,2,0.01756636666836192,-0.1018618541395775,0.13699458747630133,2000,-0.11433135142372833,0.14946408476045217,0.02024710482356898,-0.011554521164854864,0.05204873081199282
ds006850,eegnet_lr1e4,combined_calibration_gain,2,4,0.029025228424256422,-0.1003678232117888,0.15841828006030165,2000,-0.10287248966783383,0.16092294651634667,0.024196464184934485,-0.007683276721520381,0.05607620509138935
ds006850,eegnet_lr1e4,combined_calibration_gain,2,8,0.031948884330517735,-0.10352221405619247,0.16741998271722794,2000,-0.09994883376157251,0.16384660242260798,0.022520657504268488,-0.008933528177983527,0.0539748431865205
ds006850,eegnet_lr1e4,combined_calibration_gain,4,0,0.15768956692587094,0.011246284683751134,0.30413284916799077,2000,0.02579184883378069,0.28958728501796116,0.0027486326164503916,-0.0237844595839659,0.029281724816866684
ds006850,eegnet_lr1e4,combined_calibration_gain,4,1,0.05584157694788128,-0.040312060780430106,0.15199521467619265,2000,-0.07605614114420897,0.18773929503997153,0.006932888022938316,-0.015681087681721537,0.02954686372759817
ds006850,eegnet_lr1e4,combined_calibration_gain,4,2,0.050025867496497955,-0.06180782733969423,0.16185956233269014,2000,-0.0818718505955923,0.1819235855885882,0.0027732961501988618,-0.021262122190672205,0.02680871449106993
ds006850,eegnet_lr1e4,combined_calibration_gain,4,4,0.06580732557391,-0.053411300627309546,0.18502595177512954,2000,-0.06609039251818025,0.19770504366600025,0.003847013277556516,-0.02030929785178585,0.028003324406898882
ds006850,eegnet_lr1e4,combined_calibration_gain,4,8,0.06810840088121217,-0.05649929421583712,0.19271609597826145,2000,-0.06378931721087808,0.20000611897330242,0.0026687996392971702,-0.020702312628544633,0.026039911907138974
ds006850,eegnet_lr1e4,combined_calibration_gain,8,0,0.15767903676721529,0.023091866721371035,0.29226620681305954,2000,0.025781318675125037,0.28957675485930556,-0.002459595624262678,-0.025621856888318337,0.02070266563979298
ds006850,eegnet_lr1e4,combined_calibration_gain,8,1,0.06015811824643874,-0.02812398064355115,0.14844021713642863,2000,-0.07173959984565151,0.192055836338529,0.0033690188366634066,-0.014766158592819212,0.021504196266146025
ds006850,eegnet_lr1e4,combined_calibration_gain,8,2,0.05982365367143205,-0.04048441232914353,0.16013171967200762,2000,-0.0720740644206582,0.1917213717635223,-0.0015562502797722144,-0.020939848276036815,0.017827347716492387
ds006850,eegnet_lr1e4,combined_calibration_gain,8,4,0.07378450483838533,-0.0354240278908642,0.18299303756763485,2000,-0.058113213253704915,0.20568222293047558,-0.00013023484671584318,-0.020437329511720018,0.02017685981828833
ds006850,eegnet_lr1e4,combined_calibration_gain,8,8,0.07755012753280904,-0.036466275676391574,0.19156653074200966,2000,-0.054347590559281206,0.2094478456248993,-0.00282306772765753,-0.022953682151968455,0.017307546696653395
ds006850,eegnet_lr1e4,total_minus_uncalibrated_prior,0,0,0.013586601179739187,-0.02940029038814087,0.05657349274761924,2000,-0.12071089591430102,0.1478840982737794,0.0021800574989605526,-0.00343418703790178,0.007794302035822885
ds006850,eegnet_lr1e4,total_minus_uncalibrated_prior,0,1,0.011418933837583078,-0.013757076087536398,0.03659494376270256,2000,-0.12287856325645713,0.1457164309316233,0.0020542343640228555,-0.004386495598938746,0.008494964326984458
ds006850,eegnet_lr1e4,total_minus_uncalibrated_prior,0,2,0.003987575374521213,-0.009966556039552227,0.017941706788594653,2000,-0.130309921719519,0.13828507246856142,-6.946854757836074e-05,-0.0026946009791575204,0.002555663884000799
ds006850,eegnet_lr1e4,total_minus_uncalibrated_prior,0,4,0.009714022640556763,-0.015794266905561273,0.0352223121866748,2000,-0.12458347445348344,0.14401151973459697,-0.00013705550542986167,-0.004841069540851666,0.004566958529991943
ds006850,eegnet_lr1e4,total_minus_uncalibrated_prior,0,8,0.007582325323279293,-0.013646194253609738,0.028810844900168324,2000,-0.12671517177076091,0.1418798224173195,-0.00014699743422433298,-0.004070488457119495,0.003776493588670829
ds006850,eegnet_lr1e4,total_minus_uncalibrated_prior,1,0,0.08729545745562571,-0.06770761868406731,0.24229853359531872,2000,-0.0470020396384145,0.22159295454966593,0.0500955501824869,0.005557390477488988,0.09463370988748482
ds006850,eegnet_lr1e4,total_minus_uncalibrated_prior,1,1,-0.011747125026782518,-0.1394565403845622,0.11596229033099717,2000,-0.14604462212082273,0.12255037206725769,0.05265226335057838,0.009863152289166156,0.0954413744119906
ds006850,eegnet_lr1e4,total_minus_uncalibrated_prior,1,2,-0.05419806234629937,-0.1932620156249182,0.08486589093231947,2000,-0.18849555944033958,0.08009943474774084,0.05338603098753325,0.011938985804825976,0.09483307617024053
ds006850,eegnet_lr1e4,total_minus_uncalibrated_prior,1,4,-0.04401545137796492,-0.19241251391703176,0.10438161116110192,2000,-0.17831294847200513,0.09028204571607529,0.055002535091362076,0.01324962084771552,0.09675544933500863
ds006850,eegnet_lr1e4,total_minus_uncalibrated_prior,1,8,-0.052170161266285764,-0.20403091838288562,0.09969059585031409,2000,-0.18646765836032597,0.08212733582775444,0.05771811778093716,0.01625057571204852,0.0991856598498258
ds006850,eegnet_lr1e4,total_minus_uncalibrated_prior,2,0,0.1533930974238607,0.009138135195880942,0.2976480596518405,2000,0.019095600329820495,0.2876905945179009,0.02353401745107972,-0.01115736750556881,0.05822540240772825
ds006850,eegnet_lr1e4,total_minus_uncalibrated_prior,2,1,0.037990085876031254,-0.07006710429986422,0.14604727605192674,2000,-0.09630741121800895,0.17228758297007146,0.02425539911573754,-0.007541101222157516,0.0560518994536326
ds006850,eegnet_lr1e4,total_minus_uncalibrated_prior,2,2,0.021553942042883134,-0.09929024911508823,0.14239813320085448,2000,-0.11274355505115707,0.15585143913692334,0.020177636275990618,-0.01179390995625873,0.052149182508239966
ds006850,eegnet_lr1e4,total_minus_uncalibrated_prior,2,4,0.038739251064813185,-0.09207728117115091,0.16955578330077728,2000,-0.09555824602922702,0.1730367481588534,0.024059408679504624,-0.00819618401836842,0.05631500137737767
ds006850,eegnet_lr1e4,total_minus_uncalibrated_prior,2,8,0.03953120965379703,-0.09768799730435193,0.176750416611946,2000,-0.09476628744024318,0.17382870674783724,0.022373660070044155,-0.009498846937491638,0.05424616707757995
ds006850,eegnet_lr1e4,total_minus_uncalibrated_prior,4,0,0.17127616810561014,0.023664333710792684,0.3188880025004276,2000,0.03697867101156993,0.30557366519965035,0.004928690115410944,-0.022052980237544935,0.03191036046836682
ds006850,eegnet_lr1e4,total_minus_uncalibrated_prior,4,1,0.06726051078546436,-0.02995007734803616,0.1644710989189649,2000,-0.06703698630857585,0.20155800787950456,0.008987122386961172,-0.014184544626065648,0.032158789399987994
ds006850,eegnet_lr1e4,total_minus_uncalibrated_prior,4,2,0.05401344287101917,-0.05862299131868898,0.16664987706072731,2000,-0.08028405422302104,0.18831093996505938,0.002703827602620501,-0.02151373595293266,0.02692139115817366
ds006850,eegnet_lr1e4,total_minus_uncalibrated_prior,4,4,0.07552134821446677,-0.045513989258646304,0.19655668568757984,2000,-0.05877614887957344,0.20981884530850697,0.003709957772126654,-0.02090927203252374,0.02832918757677705
ds006850,eegnet_lr1e4,total_minus_uncalibrated_prior,4,8,0.07569072620449147,-0.04995504775334983,0.20133650016233276,2000,-0.05860677088954874,0.20998822329853167,0.0025218022050728373,-0.021246025515053123,0.026289629925198798
ds006850,eegnet_lr1e4,total_minus_uncalibrated_prior,8,0,0.17126563794695449,0.03362277971798866,0.3089084961759203,2000,0.03696814085291428,0.3055631350409947,-0.00027953812530212563,-0.02399004518818096,0.023430968937576707
ds006850,eegnet_lr1e4,total_minus_uncalibrated_prior,8,1,0.07157705208402182,-0.018869512630888874,0.1620236167989325,2000,-0.06272044501001839,0.20587454917806203,0.005423253200686262,-0.013283169958874269,0.024129676360246793
ds006850,eegnet_lr1e4,total_minus_uncalibrated_prior,8,2,0.06381122904595327,-0.038116030738346546,0.16573848883025308,2000,-0.07048626804808694,0.19810872613999347,-0.0016257188273505752,-0.02134562076726863,0.01809418311256748
ds006850,eegnet_lr1e4,total_minus_uncalibrated_prior,8,4,0.0834985274789421,-0.028612199749200262,0.19560925470708446,2000,-0.05079896961509811,0.2177960245729823,-0.00026729035214570485,-0.021265828582205326,0.020731247877913916
ds006850,eegnet_lr1e4,total_minus_uncalibrated_prior,8,8,0.08513245285608834,-0.03156579826492856,0.20183070397710523,2000,-0.04916504423795187,0.21942994995012854,-0.002970065161881863,-0.02371919610615137,0.017779065782387644
ds006850,labram_ridge_base,eeg_added_population,0,0,-0.018244874066969365,-0.1002838255821158,0.06379407744817706,2000,-0.07646969136244645,0.03997994322850772,0.01170206132273885,0.000911507447401998,0.022492615198075702
ds006850,labram_ridge_base,eeg_added_population,0,1,-0.016287667172347836,-0.062172295089044476,0.029596960744348803,2000,-0.07451248446782492,0.04193715012312925,0.008899405025454804,-0.0017453453794177842,0.019544155430327392
ds006850,labram_ridge_base,eeg_added_population,0,2,-0.0226339103163532,-0.07974407685952276,0.03447625622681635,2000,-0.08085872761183029,0.035590906979123885,0.008409367516332922,-0.002294575235323353,0.019113310267989195
ds006850,labram_ridge_base,eeg_added_population,0,4,-0.023247062826827314,-0.0830477536508989,0.03655362799724428,2000,-0.0814718801223044,0.03497775446864977,0.007083086651230863,-0.0035590962073269276,0.017725269509788654
ds006850,labram_ridge_base,eeg_added_population,0,8,-0.03139773009036012,-0.0961866453867453,0.03339118520602506,2000,-0.0896225473858372,0.026827087205116965,0.009299633827295678,-0.000870058248950395,0.01946932590354175
ds006850,labram_ridge_base,eeg_added_population,1,0,-0.018244874066969365,-0.10028382558211581,0.06379407744817707,2000,-0.07646969136244645,0.03997994322850772,0.01170206132273885,0.000911507447401998,0.022492615198075702
ds006850,labram_ridge_base,eeg_added_population,1,1,-0.016287667172347836,-0.062172295089044476,0.029596960744348803,2000,-0.07451248446782492,0.04193715012312925,0.008899405025454804,-0.0017453453794177842,0.019544155430327392
ds006850,labram_ridge_base,eeg_added_population,1,2,-0.0226339103163532,-0.07974407685952276,0.03447625622681635,2000,-0.08085872761183029,0.035590906979123885,0.008409367516332922,-0.002294575235323353,0.019113310267989195
ds006850,labram_ridge_base,eeg_added_population,1,4,-0.023247062826827314,-0.08304775365089889,0.03655362799724426,2000,-0.0814718801223044,0.03497775446864977,0.007083086651230863,-0.003559096207326926,0.01772526950978865
ds006850,labram_ridge_base,eeg_added_population,1,8,-0.03139773009036012,-0.09618664538674532,0.033391185206025076,2000,-0.0896225473858372,0.026827087205116965,0.009299633827295678,-0.0008700582489503932,0.01946932590354175
ds006850,labram_ridge_base,eeg_added_population,2,0,-0.018244874066969365,-0.1002838255821158,0.06379407744817706,2000,-0.07646969136244645,0.03997994322850772,0.01170206132273885,0.0009115074474019998,0.0224926151980757
ds006850,labram_ridge_base,eeg_added_population,2,1,-0.016287667172347836,-0.062172295089044476,0.029596960744348803,2000,-0.07451248446782492,0.04193715012312925,0.008899405025454804,-0.001745345379417786,0.019544155430327392
ds006850,labram_ridge_base,eeg_added_population,2,2,-0.0226339103163532,-0.07974407685952276,0.03447625622681635,2000,-0.08085872761183029,0.035590906979123885,0.008409367516332922,-0.002294575235323353,0.019113310267989195
ds006850,labram_ridge_base,eeg_added_population,2,4,-0.023247062826827314,-0.08304775365089889,0.03655362799724427,2000,-0.0814718801223044,0.03497775446864977,0.007083086651230863,-0.003559096207326926,0.01772526950978865
ds006850,labram_ridge_base,eeg_added_population,2,8,-0.03139773009036012,-0.09618664538674533,0.03339118520602509,2000,-0.0896225473858372,0.026827087205116965,0.009299633827295678,-0.0008700582489503932,0.01946932590354175
ds006850,labram_ridge_base,eeg_added_population,4,0,-0.018244874066969372,-0.10028382558211582,0.06379407744817708,2000,-0.07646969136244645,0.03997994322850772,0.01170206132273885,0.000911507447401998,0.022492615198075702
ds006850,labram_ridge_base,eeg_added_population,4,1,-0.01628766717234781,-0.06217229508904445,0.02959696074434883,2000,-0.0745124844678249,0.04193715012312928,0.008899405025454804,-0.0017453453794177842,0.019544155430327392
ds006850,labram_ridge_base,eeg_added_population,4,2,-0.022633910316353256,-0.0797440768595228,0.034476256226816285,2000,-0.08085872761183034,0.03559090697912383,0.008409367516332922,-0.0022945752353233546,0.019113310267989198
ds006850,labram_ridge_base,eeg_added_population,4,4,-0.023247062826827036,-0.08304775365089861,0.036553627997244535,2000,-0.08147188012230412,0.03497775446865005,0.007083086651230919,-0.0035590962073268704,0.017725269509788706
ds006850,labram_ridge_base,eeg_added_population,4,8,-0.03139773009036012,-0.09618664538674533,0.03339118520602509,2000,-0.0896225473858372,0.026827087205116965,0.009299633827295678,-0.0008700582489503932,0.01946932590354175
ds006850,labram_ridge_base,eeg_added_population,8,0,-0.018244874066969372,-0.10028382558211582,0.06379407744817708,2000,-0.07646969136244645,0.03997994322850772,0.01170206132273885,0.000911507447401998,0.022492615198075702
ds006850,labram_ridge_base,eeg_added_population,8,1,-0.01628766717234781,-0.06217229508904445,0.02959696074434883,2000,-0.0745124844678249,0.04193715012312928,0.008899405025454804,-0.0017453453794177842,0.019544155430327392
ds006850,labram_ridge_base,eeg_added_population,8,2,-0.022633910316353256,-0.0797440768595228,0.034476256226816285,2000,-0.08085872761183034,0.03559090697912383,0.008409367516332922,-0.0022945752353233546,0.019113310267989198
ds006850,labram_ridge_base,eeg_added_population,8,4,-0.023247062826827036,-0.08304775365089861,0.036553627997244535,2000,-0.08147188012230412,0.03497775446865005,0.007083086651230919,-0.0035590962073268704,0.017725269509788706
ds006850,labram_ridge_base,eeg_added_population,8,8,-0.03139773009036012,-0.09618664538674533,0.03339118520602509,2000,-0.0896225473858372,0.026827087205116965,0.009299633827295678,-0.0008700582489503932,0.01946932590354175
ds006850,labram_ridge_base,eeg_added_matched_calibration,0,0,-0.018244874066969365,-0.1002838255821158,0.06379407744817706,2000,-0.0787391140067643,0.04224936587282556,0.01170206132273885,0.000911507447401998,0.022492615198075702
ds006850,labram_ridge_base,eeg_added_matched_calibration,0,1,-0.016287667172347836,-0.062172295089044476,0.029596960744348803,2000,-0.07678190711214276,0.04420657276744709,0.008899405025454804,-0.0017453453794177842,0.019544155430327392
ds006850,labram_ridge_base,eeg_added_matched_calibration,0,2,-0.0226339103163532,-0.07974407685952276,0.03447625622681635,2000,-0.08312815025614813,0.03786032962344173,0.008409367516332922,-0.002294575235323353,0.019113310267989195
ds006850,labram_ridge_base,eeg_added_matched_calibration,0,4,-0.023247062826827314,-0.0830477536508989,0.03655362799724428,2000,-0.08374130276662224,0.037247177112967614,0.007083086651230863,-0.0035590962073269276,0.017725269509788654
ds006850,labram_ridge_base,eeg_added_matched_calibration,0,8,-0.03139773009036012,-0.0961866453867453,0.03339118520602506,2000,-0.09189197003015505,0.029096509849434807,0.009299633827295678,-0.000870058248950395,0.01946932590354175
ds006850,labram_ridge_base,eeg_added_matched_calibration,1,0,-0.02858112299013741,-0.0772446691527349,0.020082423172460083,2000,-0.08907536292993234,0.03191311694965752,0.01712869153306129,0.003133378281520993,0.03112400478460159
ds006850,labram_ridge_base,eeg_added_matched_calibration,1,1,-0.02315931382191655,-0.05691901681870403,0.010600389174870932,2000,-0.08365355376171148,0.03733492611787838,0.011480411694528292,-0.002558222208954389,0.02551904559801097
ds006850,labram_ridge_base,eeg_added_matched_calibration,1,2,-0.026573285069422636,-0.06461969316675303,0.011473123027907768,2000,-0.08706752500921756,0.03392095487037229,0.0151222940526482,0.0014150824818064088,0.02882950562348999
ds006850,labram_ridge_base,eeg_added_matched_calibration,1,4,-0.030980486065814716,-0.07224515700191347,0.010284184870284041,2000,-0.09147472600560964,0.02951375387398021,0.0161597259365574,0.0014985302485394127,0.03082092162457539
ds006850,labram_ridge_base,eeg_added_matched_calibration,1,8,-0.03604996441445832,-0.07784380244691223,0.005743873617995596,2000,-0.09654420435425325,0.02444427552533661,0.01816349588842256,0.003666194290141655,0.03266079748670346
ds006850,labram_ridge_base,eeg_added_matched_calibration,2,0,-0.01145683102794745,-0.0705711672956658,0.0476575052397709,2000,-0.07195107096774238,0.04903740891184748,0.006331800228163376,-0.005676566739925467,0.01834016719625222
ds006850,labram_ridge_base,eeg_added_matched_calibration,2,1,-0.007904161497661155,-0.04515691919990751,0.0293485962045852,2000,-0.06839840143745608,0.05259007844213377,0.004003322219960137,-0.008455092450658732,0.016461736890579004
ds006850,labram_ridge_base,eeg_added_matched_calibration,2,2,-0.008804741727675092,-0.05239262078606677,0.034783137330716585,2000,-0.06929898166747002,0.051689498212119836,0.005613583086883672,-0.007461109177150392,0.018688275350917737
ds006850,labram_ridge_base,eeg_added_matched_calibration,2,4,-0.009389184890320534,-0.05577921940767331,0.03700084962703224,2000,-0.06988342483011546,0.05110505504947439,0.005816855118206787,-0.006931858692157882,0.018565568928571457
ds006850,labram_ridge_base,eeg_added_matched_calibration,2,8,-0.013224752833737252,-0.06558993467469187,0.03914042900721736,2000,-0.07371899277353218,0.047269487106057675,0.007657785266477979,-0.005762497141442327,0.021078067674398286
ds006850,labram_ridge_base,eeg_added_matched_calibration,4,0,-0.010518480925334805,-0.07334006745672467,0.052303105606055056,2000,-0.07101272086512973,0.04997575901446012,0.008086215653078072,-0.002898534634204593,0.019070965940360736
ds006850,labram_ridge_base,eeg_added_matched_calibration,4,1,-0.007430667249146039,-0.045333349797247194,0.030472015298955116,2000,-0.06792490718894097,0.05306357269064889,0.004385172517311381,-0.006833739085234606,0.015604084119857368
ds006850,labram_ridge_base,eeg_added_matched_calibration,4,2,-0.010345764210310027,-0.056050307085436846,0.03535877866481679,2000,-0.07084000415010495,0.0501484757294849,0.00575639909475173,-0.005607798159258498,0.01712059634876196
ds006850,labram_ridge_base,eeg_added_matched_calibration,4,4,-0.013962663279127097,-0.060836204809966245,0.03291087825171205,2000,-0.07445690321892202,0.04653157666066783,0.006736524986617504,-0.004690653278737631,0.01816370325197264
ds006850,labram_ridge_base,eeg_added_matched_calibration,4,8,-0.01597777302270914,-0.06816233081344497,0.03620678476802669,2000,-0.07647201296250407,0.04451646691708579,0.00822079361851552,-0.0034443369839217437,0.019885924220952783
ds006850,labram_ridge_base,eeg_added_matched_calibration,8,0,-0.010905868164061971,-0.0752443909972962,0.053432654669172255,2000,-0.0714001081038569,0.049588371775732956,0.009266105728231555,-0.001416384176917711,0.01994859563338082
ds006850,labram_ridge_base,eeg_added_matched_calibration,8,1,-0.00956562223267482,-0.046242340512452206,0.027111096047102566,2000,-0.07005986217246975,0.05092861770712011,0.0063117247364496976,-0.004489302763360807,0.0171127522362602
ds006850,labram_ridge_base,eeg_added_matched_calibration,8,2,-0.012014465944434172,-0.057050675378659994,0.03302174348979165,2000,-0.0725087058842291,0.048479773995360756,0.00754902449632594,-0.002880777546068653,0.017978826538720533
ds006850,labram_ridge_base,eeg_added_matched_calibration,8,4,-0.01571701356921995,-0.06220988409787757,0.030775856959437665,2000,-0.07621125350901488,0.04477722637057498,0.009122928949797104,-0.001413246415575652,0.01965910431516986
ds006850,labram_ridge_base,eeg_added_matched_calibration,8,8,-0.018626658651376082,-0.06931860936443444,0.03206529206168228,2000,-0.07912089859117101,0.041867581288418845,0.009749796003370448,-0.000505995827466521,0.020005587834207417
ds006850,labram_ridge_base,prior_calibration_gain,0,0,0.0,0.0,0.0,2000,-0.13169041129046133,0.13169041129046133,0.0,0.0,0.0
ds006850,labram_ridge_base,prior_calibration_gain,0,1,0.0,0.0,0.0,2000,-0.13169041129046133,0.13169041129046133,0.0,0.0,0.0
ds006850,labram_ridge_base,prior_calibration_gain,0,2,0.0,0.0,0.0,2000,-0.13169041129046133,0.13169041129046133,0.0,0.0,0.0
ds006850,labram_ridge_base,prior_calibration_gain,0,4,0.0,0.0,0.0,2000,-0.13169041129046133,0.13169041129046133,0.0,0.0,0.0
ds006850,labram_ridge_base,prior_calibration_gain,0,8,0.0,0.0,0.0,2000,-0.13169041129046133,0.13169041129046133,0.0,0.0,0.0
ds006850,labram_ridge_base,prior_calibration_gain,1,0,0.08274658665210007,-0.07336519705566828,0.2388583703598684,2000,-0.048943824638361264,0.21443699794256138,0.04829210949033019,0.005400377772444995,0.09118384120821539
ds006850,labram_ridge_base,prior_calibration_gain,1,1,-0.017840541017210887,-0.1428270982474731,0.10714601621305134,2000,-0.14953095230767222,0.11384987027325044,0.04984485751565715,0.00842052497738556,0.09126919005392874
ds006850,labram_ridge_base,prior_calibration_gain,1,2,-0.05445749363486263,-0.19364404060459203,0.08472905333486677,2000,-0.18614790492532396,0.0772329176555987,0.05215490427631708,0.01080098821852752,0.09350882033410665
ds006850,labram_ridge_base,prior_calibration_gain,1,4,-0.04634931158613692,-0.19472063878973273,0.10202201561745888,2000,-0.17803972287659825,0.08534109970432441,0.05244606023854048,0.011152531114446307,0.09373958936263466
ds006850,labram_ridge_base,prior_calibration_gain,1,8,-0.05573286110738246,-0.20791810959205698,0.09645238737729206,2000,-0.1874232723978438,0.07595755018307887,0.05712164248389051,0.015703391797140892,0.09853989317064013
ds006850,labram_ridge_base,prior_calibration_gain,2,0,0.1409623719153005,-0.0010317176223467173,0.2829564614529477,2000,0.009271960624839176,0.2726527832057618,0.02171333893995578,-0.01153360348639599,0.054960281366307547
ds006850,labram_ridge_base,prior_calibration_gain,2,1,0.03008480655524437,-0.07253691077724309,0.13270652388773183,2000,-0.10160560473521696,0.1617752178457057,0.02113654341703447,-0.009172242715555504,0.05144532954962444
ds006850,labram_ridge_base,prior_calibration_gain,2,2,0.018033997403535007,-0.10085761559967164,0.13692561040674167,2000,-0.11365641388692632,0.14972440869399634,0.019661663519724953,-0.01224858416699847,0.05157191120644838
ds006850,labram_ridge_base,prior_calibration_gain,2,4,0.031354011727983466,-0.09550860932940683,0.15821663278537376,2000,-0.10033639956247786,0.1630444230184448,0.021985026115436623,-0.009476330796332776,0.05344638302720602
ds006850,labram_ridge_base,prior_calibration_gain,2,8,0.03173182574778072,-0.10185835753647429,0.16532200903203573,2000,-0.09995858554268061,0.16342223703824205,0.021333222696912374,-0.01027740120968898,0.05294384660351373
ds006850,labram_ridge_base,prior_calibration_gain,4,0,0.15361825253941824,0.008423996528156036,0.2988125085506804,2000,0.021927841248956914,0.28530866382987957,0.0037453044281207104,-0.02221672598150505,0.02970733483774647
ds006850,labram_ridge_base,prior_calibration_gain,4,1,0.04990305602774725,-0.04201875822476012,0.14182487028025462,2000,-0.08178735526271408,0.18159346731820858,0.007241785673276158,-0.014422378443089235,0.02890594978964155
ds006850,labram_ridge_base,prior_calibration_gain,4,2,0.047808429390673146,-0.06270915504006647,0.15832601382141276,2000,-0.08388198189978818,0.17949884068113447,0.0032053671646432025,-0.020882165345154934,0.02729289967444134
ds006850,labram_ridge_base,prior_calibration_gain,4,4,0.06296689395012922,-0.05470558203077429,0.18063936993103274,2000,-0.06872351734033211,0.19465730524059055,0.002973396960041813,-0.020959908946259993,0.02690670286634362
ds006850,labram_ridge_base,prior_calibration_gain,4,8,0.06567263606507251,-0.05702724304009918,0.1883725151702442,2000,-0.06601777522538882,0.19736304735553384,0.0024981387496020024,-0.02093655938953536,0.025932836888739364
ds006850,labram_ridge_base,prior_calibration_gain,8,0,0.15644082287592032,0.022793951448300126,0.29008769430354053,2000,0.024750411585458987,0.28813123416638164,-0.0024385431923127365,-0.024869208506436973,0.0199921221218115
ds006850,labram_ridge_base,prior_calibration_gain,8,1,0.05838563020613474,-0.02549016898419204,0.14226142939646153,2000,-0.07330478108432659,0.19007604149659607,0.002948584691531392,-0.0142445263142949,0.020141695697357683
ds006850,labram_ridge_base,prior_calibration_gain,8,2,0.05999771846865137,-0.03914692894641146,0.15914236588371422,2000,-0.07169269282180996,0.1916881297591127,-0.0012767056092662377,-0.02059129729556479,0.018037886077032314
ds006850,labram_ridge_base,prior_calibration_gain,8,4,0.07519470815880047,-0.03155236135466151,0.18194177767226244,2000,-0.05649570313166086,0.2068851194492618,-0.0016221975957553258,-0.021556970717027765,0.018312575525517114
ds006850,labram_ridge_base,prior_calibration_gain,8,8,0.07736957634443592,-0.03447939737487073,0.18921855006374255,2000,-0.05432083494602541,0.20905998763489725,-0.00304765247792807,-0.02292321873679001,0.01682791378093387
ds006850,labram_ridge_base,combined_calibration_gain,0,0,0.0,0.0,0.0,2000,-0.13442362291792265,0.13442362291792265,0.0,0.0,0.0
ds006850,labram_ridge_base,combined_calibration_gain,0,1,0.0,0.0,0.0,2000,-0.13442362291792265,0.13442362291792265,0.0,0.0,0.0
ds006850,labram_ridge_base,combined_calibration_gain,0,2,0.0,0.0,0.0,2000,-0.13442362291792265,0.13442362291792265,0.0,0.0,0.0
ds006850,labram_ridge_base,combined_calibration_gain,0,4,0.0,0.0,0.0,2000,-0.13442362291792265,0.13442362291792265,0.0,0.0,0.0
ds006850,labram_ridge_base,combined_calibration_gain,0,8,0.0,0.0,0.0,2000,-0.13442362291792265,0.13442362291792265,0.0,0.0,0.0
ds006850,labram_ridge_base,combined_calibration_gain,1,0,0.07241033772893202,-0.08623361555900788,0.23105429101687192,2000,-0.06201328518899063,0.20683396064685466,0.053718739700652635,0.008778244031694762,0.0986592353696105
ds006850,labram_ridge_base,combined_calibration_gain,1,1,-0.0247121876667796,-0.1529293949691801,0.10350501963562089,2000,-0.15913581058470225,0.10971143525114305,0.052425864184730636,0.00871685918363662,0.09613486918582465
ds006850,labram_ridge_base,combined_calibration_gain,1,2,-0.058396868387932066,-0.20132643775929732,0.08453270098343318,2000,-0.1928204913058547,0.07602675452999058,0.05886783081263236,0.01505822593114,0.10267743569412471
ds006850,labram_ridge_base,combined_calibration_gain,1,4,-0.05408273482512432,-0.2046932885792247,0.09652781892897605,2000,-0.18850635774304697,0.08034088809279832,0.06152269952386702,0.017287360899116283,0.10575803814861776
ds006850,labram_ridge_base,combined_calibration_gain,1,8,-0.060385095431480657,-0.21322244547438343,0.09245225461142212,2000,-0.1948087183494033,0.07403852748644199,0.06598550454501739,0.021724324069893927,0.11024668502014086
ds006850,labram_ridge_base,combined_calibration_gain,2,0,0.14775041495432242,0.005675582883646474,0.28982524702499834,2000,0.013326792036399776,0.28217403787224504,0.016343077845380305,-0.016673844983850696,0.049360000674611305
ds006850,labram_ridge_base,combined_calibration_gain,2,1,0.03846831222993105,-0.06508200726859516,0.14201863172845725,2000,-0.0959553106879916,0.1728919351478537,0.016240460611539803,-0.01355738950238107,0.04603831072546068
ds006850,labram_ridge_base,combined_calibration_gain,2,2,0.031863165992213116,-0.08741126241359932,0.15113759439802554,2000,-0.10256045692570953,0.16628678891013576,0.016865879090275704,-0.014952702561439449,0.048684460741990856
ds006850,labram_ridge_base,combined_calibration_gain,2,4,0.045211889664490246,-0.08090151903957712,0.17132529836855762,2000,-0.0892117332534324,0.1796355125824129,0.020718794582412547,-0.010539214247833967,0.05197680341265906
ds006850,labram_ridge_base,combined_calibration_gain,2,8,0.049904803004403586,-0.08188197985372869,0.18169158586253586,2000,-0.08451881991351906,0.18432842592232623,0.019691374136094675,-0.01188289544116547,0.05126564371335482
ds006850,labram_ridge_base,combined_calibration_gain,4,0,0.1613446456810528,0.021958044895282053,0.3007312464668236,2000,0.02692102276313016,0.2957682685989754,0.0001294587584599327,-0.025632818012719997,0.025891735529639862
ds006850,labram_ridge_base,combined_calibration_gain,4,1,0.05876005595094902,-0.032414456643303016,0.14993456854520104,2000,-0.07566356696697363,0.19318367886887167,0.0027275531651327345,-0.01898207500765165,0.02443718133791712
ds006850,labram_ridge_base,combined_calibration_gain,4,2,0.060096575496716376,-0.04720372742882625,0.167396878422259,2000,-0.07432704742120627,0.19452019841463902,0.0005523987430620103,-0.023076903342877365,0.024181700829001385
ds006850,labram_ridge_base,combined_calibration_gain,4,4,0.07225129349782916,-0.03975137545655184,0.18425396245221015,2000,-0.062172329420093486,0.2066749164157518,0.002626835295428398,-0.02077618793456424,0.026029858525421036
ds006850,labram_ridge_base,combined_calibration_gain,4,8,0.08109259313272349,-0.03738912537787541,0.1995743116433224,2000,-0.05333102978519916,0.21551621605064614,0.001419298540821845,-0.022001323115722782,0.024839920197366472
ds006850,labram_ridge_base,combined_calibration_gain,8,0,0.1637798287788277,0.03211131668562142,0.295448340872034,2000,0.029356205860905066,0.29820345169675033,-0.004874498786820031,-0.02802974938799151,0.01828075181435145
ds006850,labram_ridge_base,combined_calibration_gain,8,1,0.06510767514580773,-0.020875038081665145,0.1510903883732806,2000,-0.06931594777211492,0.19953129806373038,0.0003609044025262853,-0.017513342710162406,0.018235151515214976
ds006850,labram_ridge_base,combined_calibration_gain,8,2,0.07061716284057046,-0.028487053175835386,0.1697213788569763,2000,-0.06380646007735219,0.2050407857584931,-0.0021370486292732194,-0.021757279653718906,0.017483182395172468
ds006850,labram_ridge_base,combined_calibration_gain,8,4,0.08272475741640756,-0.023001285942167007,0.1884508007749821,2000,-0.05169886550151509,0.2171483803343302,0.00041764470281085986,-0.01880586445016006,0.01964115385578178
ds006850,labram_ridge_base,combined_calibration_gain,8,8,0.09014064778341996,-0.022046486826454423,0.20232778239329435,2000,-0.04428297513450269,0.2245642707013426,-0.0025974903018533,-0.022677013301517758,0.017482032697811158
ds006850,labram_ridge_base,total_minus_uncalibrated_prior,0,0,-0.018244874066969365,-0.1002838255821158,0.06379407744817706,2000,-0.15614523001489516,0.11965548188095643,0.01170206132273885,0.000911507447401998,0.022492615198075702
ds006850,labram_ridge_base,total_minus_uncalibrated_prior,0,1,-0.016287667172347836,-0.062172295089044476,0.029596960744348803,2000,-0.15418802312027363,0.12161268877557796,0.008899405025454804,-0.0017453453794177842,0.019544155430327392
ds006850,labram_ridge_base,total_minus_uncalibrated_prior,0,2,-0.0226339103163532,-0.07974407685952276,0.03447625622681635,2000,-0.160534266264279,0.1152664456315726,0.008409367516332922,-0.002294575235323353,0.019113310267989195
ds006850,labram_ridge_base,total_minus_uncalibrated_prior,0,4,-0.023247062826827314,-0.0830477536508989,0.03655362799724428,2000,-0.1611474187747531,0.11465329312109848,0.007083086651230863,-0.0035590962073269276,0.017725269509788654
ds006850,labram_ridge_base,total_minus_uncalibrated_prior,0,8,-0.03139773009036012,-0.0961866453867453,0.03339118520602506,2000,-0.16929808603828592,0.10650262585756567,0.009299633827295678,-0.000870058248950395,0.01946932590354175
ds006850,labram_ridge_base,total_minus_uncalibrated_prior,1,0,0.054165463661962655,-0.10220800778046285,0.21053893510438815,2000,-0.08373489228596315,0.19206581960988844,0.06542080102339148,0.020019626552447045,0.11082197549433592
ds006850,labram_ridge_base,total_minus_uncalibrated_prior,1,1,-0.040999854839127436,-0.1699871093682483,0.08798739968999342,2000,-0.17890021078705323,0.09690050110879836,0.06132526921018544,0.017543881998440418,0.10510665642193046
ds006850,labram_ridge_base,total_minus_uncalibrated_prior,1,2,-0.08103077870428527,-0.22336115612782695,0.061299598719256415,2000,-0.21893113465221106,0.05686957724364053,0.06727719832896528,0.024264817883495396,0.11028957877443517
ds006850,labram_ridge_base,total_minus_uncalibrated_prior,1,4,-0.07732979765195164,-0.2303093685123341,0.07564977320843083,2000,-0.21523015359987743,0.06057055829597416,0.06860578617509788,0.024783367407232942,0.11242820494296282
ds006850,labram_ridge_base,total_minus_uncalibrated_prior,1,8,-0.09178282552184078,-0.24697655409871783,0.06341090305503627,2000,-0.22968318146976657,0.04611753042608502,0.07528513837231307,0.031473419381985134,0.119096857362641
ds006850,labram_ridge_base,total_minus_uncalibrated_prior,2,0,0.12950554088735305,-0.0209064773821854,0.27991755915689154,2000,-0.008394815060572741,0.2674058968352788,0.028045139168119154,-0.006563358957767176,0.06265363729400548
ds006850,labram_ridge_base,total_minus_uncalibrated_prior,2,1,0.022180645057583215,-0.08402437452309901,0.12838566463826545,2000,-0.11571971089034258,0.160081001005509,0.025139865636994607,-0.0053758559725220305,0.05565558724651125
ds006850,labram_ridge_base,total_minus_uncalibrated_prior,2,2,0.009229255675859915,-0.11297146100143568,0.1314299723531555,2000,-0.12867110027206588,0.1471296116237857,0.025275246606608626,-0.006670248528456227,0.05722074174167348
ds006850,labram_ridge_base,total_minus_uncalibrated_prior,2,4,0.021964826837662932,-0.11022850066611342,0.15415815434143929,2000,-0.11593552911026286,0.15986518278558873,0.02780188123364341,-0.004181863274915966,0.05978562574220279
ds006850,labram_ridge_base,total_minus_uncalibrated_prior,2,8,0.018507072914043465,-0.1199873070142296,0.15700145284231654,2000,-0.11939328303388233,0.15640742886196926,0.028991007963390353,-0.003158421219829066,0.06114043714660977
ds006850,labram_ridge_base,total_minus_uncalibrated_prior,4,0,0.14309977161408344,-0.017117552785957973,0.3033170960141248,2000,0.005199415666157642,0.2810001275620092,0.011831520081198782,-0.01627381637929293,0.03993685654169049
ds006850,labram_ridge_base,total_minus_uncalibrated_prior,4,1,0.04247238877860121,-0.05891467495350952,0.14385945251071194,2000,-0.09542796716932458,0.180372744726527,0.011626958190587539,-0.011861250518032468,0.035115166899207545
ds006850,labram_ridge_base,total_minus_uncalibrated_prior,4,2,0.03746266518036312,-0.08433179980876593,0.15925713016949217,2000,-0.10043769076756268,0.17536302112828892,0.008961766259394932,-0.016439634868502914,0.03436316738729278
ds006850,labram_ridge_base,total_minus_uncalibrated_prior,4,4,0.049004230671002125,-0.07992976051866565,0.1779382218606699,2000,-0.08889612527692367,0.18690458661892792,0.009709921946659317,-0.015632860198394678,0.03505270409171331
ds006850,labram_ridge_base,total_minus_uncalibrated_prior,4,8,0.04969486304236337,-0.08463523001689194,0.18402495610161868,2000,-0.08820549290556243,0.18759521899028916,0.010718932368117523,-0.01412087458154835,0.035558739317783396
ds006850,labram_ridge_base,total_minus_uncalibrated_prior,8,0,0.14553495471185834,-0.006176506309396673,0.2972464157331134,2000,0.0076345987639325485,0.2834353106597841,0.0068275625359188186,-0.018504071842320852,0.032159196914158486
ds006850,labram_ridge_base,total_minus_uncalibrated_prior,8,1,0.04882000797345992,-0.04573836529659958,0.14337838124351943,2000,-0.08908034797446587,0.18672036392138572,0.00926030942798109,-0.010897895280715601,0.02941851413667778
ds006850,labram_ridge_base,total_minus_uncalibrated_prior,8,2,0.0479832525242172,-0.06332110998250265,0.15928761503093705,2000,-0.0899171034237086,0.185883608472143,0.006272318887059702,-0.015109835057264896,0.0276544728313843
ds006850,labram_ridge_base,total_minus_uncalibrated_prior,8,4,0.05947769458958052,-0.060511720974099015,0.17946711015326006,2000,-0.07842266135834527,0.19737805053750632,0.007500731354041779,-0.013656849989871458,0.028658312697955015
ds006850,labram_ridge_base,total_minus_uncalibrated_prior,8,8,0.05874291769305984,-0.06721874197259264,0.18470457735871232,2000,-0.07915743825486596,0.19664327364098563,0.006702143525442378,-0.015369444602703237,0.028773731653587993
ds006850,labram_ridge_strong,eeg_added_population,0,0,-0.0020510741633811003,-0.055329321865942714,0.051227173539180514,2000,-0.04131327392989642,0.03721112560313422,0.0053467000846064705,-0.0014753951046614236,0.012168795273874364
ds006850,labram_ridge_strong,eeg_added_population,0,1,-0.003787786849032193,-0.033467243028123234,0.025891669330058847,2000,-0.043049986615547514,0.03547441291748313,0.0043897623160149835,-0.00263298769705915,0.011412512329089117
ds006850,labram_ridge_strong,eeg_added_population,0,2,-0.005236315339594788,-0.04263251009825526,0.03215987941906568,2000,-0.04449851510611011,0.03402588442692053,0.003404171993391353,-0.0035977194791288547,0.01040606346591156
ds006850,labram_ridge_strong,eeg_added_population,0,4,-0.005172072695635244,-0.044983964684186334,0.03463981929291585,2000,-0.044434272462150565,0.03409012707088008,0.0018343079868249346,-0.005239764494754131,0.008908380468404
ds006850,labram_ridge_strong,eeg_added_population,0,8,-0.014700579306637984,-0.06805193490710712,0.038650776293831145,2000,-0.053962779073153305,0.024561620459877337,0.004404283396904907,-0.0038333949718909917,0.012641961765700805
ds006850,labram_ridge_strong,eeg_added_population,1,0,-0.0020510741633815817,-0.05532932186594319,0.051227173539180035,2000,-0.0413132739298969,0.03721112560313374,0.0053467000846064705,-0.0014753951046614245,0.012168795273874366
ds006850,labram_ridge_strong,eeg_added_population,1,1,-0.003787786849032193,-0.033467243028123234,0.025891669330058844,2000,-0.043049986615547514,0.03547441291748313,0.0043897623160149835,-0.00263298769705915,0.011412512329089117
ds006850,labram_ridge_strong,eeg_added_population,1,2,-0.005236315339594788,-0.04263251009825526,0.03215987941906568,2000,-0.04449851510611011,0.03402588442692053,0.003404171993391353,-0.0035977194791288547,0.01040606346591156
ds006850,labram_ridge_strong,eeg_added_population,1,4,-0.005172072695635244,-0.044983964684186334,0.03463981929291585,2000,-0.044434272462150565,0.03409012707088008,0.0018343079868249346,-0.005239764494754131,0.008908380468404
ds006850,labram_ridge_strong,eeg_added_population,1,8,-0.014700579306637984,-0.06805193490710712,0.038650776293831145,2000,-0.053962779073153305,0.024561620459877337,0.004404283396904907,-0.0038333949718909917,0.012641961765700805
ds006850,labram_ridge_strong,eeg_added_population,2,0,-0.002051074163381265,-0.05532932186594288,0.05122717353918035,2000,-0.04131327392989659,0.037211125603134054,0.0053467000846064705,-0.0014753951046614245,0.012168795273874366
ds006850,labram_ridge_strong,eeg_added_population,2,1,-0.003787786849032193,-0.03346724302812323,0.02589166933005884,2000,-0.043049986615547514,0.03547441291748313,0.0043897623160149835,-0.002632987697059148,0.011412512329089115
ds006850,labram_ridge_strong,eeg_added_population,2,2,-0.005236315339594788,-0.04263251009825526,0.03215987941906568,2000,-0.04449851510611011,0.03402588442692053,0.003404171993391353,-0.0035977194791288547,0.01040606346591156
ds006850,labram_ridge_strong,eeg_added_population,2,4,-0.005172072695635244,-0.044983964684186334,0.03463981929291585,2000,-0.044434272462150565,0.03409012707088008,0.0018343079868249346,-0.005239764494754131,0.008908380468404
ds006850,labram_ridge_strong,eeg_added_population,2,8,-0.014700579306637984,-0.06805193490710712,0.038650776293831145,2000,-0.053962779073153305,0.024561620459877337,0.004404283396904907,-0.0038333949718909917,0.012641961765700805
ds006850,labram_ridge_strong,eeg_added_population,4,0,-0.002051074163381519,-0.05532932186594313,0.0512271735391801,2000,-0.04131327392989684,0.037211125603133804,0.0053467000846064705,-0.001475395104661427,0.012168795273874367
ds006850,labram_ridge_strong,eeg_added_population,4,1,-0.003787786849032193,-0.03346724302812322,0.025891669330058834,2000,-0.043049986615547514,0.03547441291748313,0.0043897623160149835,-0.00263298769705915,0.011412512329089117
ds006850,labram_ridge_strong,eeg_added_population,4,2,-0.005236315339594788,-0.042632510098255263,0.03215987941906569,2000,-0.04449851510611011,0.03402588442692053,0.003404171993391353,-0.0035977194791288547,0.01040606346591156
ds006850,labram_ridge_strong,eeg_added_population,4,4,-0.005172072695635244,-0.04498396468418633,0.03463981929291584,2000,-0.044434272462150565,0.03409012707088008,0.0018343079868249346,-0.005239764494754131,0.008908380468404
ds006850,labram_ridge_strong,eeg_added_population,4,8,-0.014700579306637984,-0.06805193490710712,0.03865077629383116,2000,-0.053962779073153305,0.024561620459877337,0.004404283396904907,-0.0038333949718909917,0.012641961765700805
ds006850,labram_ridge_strong,eeg_added_population,8,0,-0.002051074163381519,-0.05532932186594313,0.0512271735391801,2000,-0.04131327392989684,0.037211125603133804,0.0053467000846064705,-0.001475395104661427,0.012168795273874367
ds006850,labram_ridge_strong,eeg_added_population,8,1,-0.003787786849032193,-0.03346724302812322,0.025891669330058834,2000,-0.043049986615547514,0.03547441291748313,0.0043897623160149835,-0.00263298769705915,0.011412512329089117
ds006850,labram_ridge_strong,eeg_added_population,8,2,-0.005236315339594788,-0.042632510098255263,0.03215987941906569,2000,-0.04449851510611011,0.03402588442692053,0.003404171993391353,-0.0035977194791288547,0.01040606346591156
ds006850,labram_ridge_strong,eeg_added_population,8,4,-0.005172072695635244,-0.04498396468418633,0.03463981929291584,2000,-0.044434272462150565,0.03409012707088008,0.0018343079868249346,-0.005239764494754131,0.008908380468404
ds006850,labram_ridge_strong,eeg_added_population,8,8,-0.014700579306637984,-0.06805193490710712,0.03865077629383116,2000,-0.053962779073153305,0.024561620459877337,0.004404283396904907,-0.0038333949718909917,0.012641961765700805
ds006850,labram_ridge_strong,eeg_added_matched_calibration,0,0,-0.0020510741633811003,-0.055329321865942714,0.051227173539180514,2000,-0.042083933310376256,0.037981784983614056,0.0053467000846064705,-0.0014753951046614236,0.012168795273874364
ds006850,labram_ridge_strong,eeg_added_matched_calibration,0,1,-0.003787786849032193,-0.033467243028123234,0.025891669330058847,2000,-0.04382064599602735,0.03624507229796296,0.0043897623160149835,-0.00263298769705915,0.011412512329089117
ds006850,labram_ridge_strong,eeg_added_matched_calibration,0,2,-0.005236315339594788,-0.04263251009825526,0.03215987941906568,2000,-0.045269174486589944,0.03479654380740037,0.003404171993391353,-0.0035977194791288547,0.01040606346591156
ds006850,labram_ridge_strong,eeg_added_matched_calibration,0,4,-0.005172072695635244,-0.044983964684186334,0.03463981929291585,2000,-0.0452049318426304,0.03486078645135991,0.0018343079868249346,-0.005239764494754131,0.008908380468404
ds006850,labram_ridge_strong,eeg_added_matched_calibration,0,8,-0.014700579306637984,-0.06805193490710712,0.038650776293831145,2000,-0.05473343845363314,0.025332279840357172,0.004404283396904907,-0.0038333949718909917,0.012641961765700805
ds006850,labram_ridge_strong,eeg_added_matched_calibration,1,0,-0.004427426567443479,-0.03380971752222707,0.024954864387340108,2000,-0.044460285714438635,0.03560543257955168,0.006194939511368791,-0.0025297615199436577,0.01491964054268124
ds006850,labram_ridge_strong,eeg_added_matched_calibration,1,1,-0.004509056308234338,-0.024001067428117726,0.01498295481164905,2000,-0.044541915455229494,0.03552380283876082,0.0034630317885623874,-0.004717397904722354,0.011643461481847129
ds006850,labram_ridge_strong,eeg_added_matched_calibration,1,2,-0.005351560861660554,-0.028172464673191285,0.017469342949870178,2000,-0.04538442000865571,0.0346812982853346,0.005374080605280607,-0.002941817428101755,0.013689978638662968
ds006850,labram_ridge_strong,eeg_added_matched_calibration,1,4,-0.006057040043703388,-0.03129591553521129,0.019181835447804517,2000,-0.046089899190698544,0.03397581910329177,0.005356477895309908,-0.0039371544989931714,0.014650110289612987
ds006850,labram_ridge_strong,eeg_added_matched_calibration,1,8,-0.011805907376782887,-0.042074927628408976,0.0184631128748432,2000,-0.05183876652377804,0.02822695177021227,0.009640540145910453,-0.0003863211910245176,0.019667401482845424
ds006850,labram_ridge_strong,eeg_added_matched_calibration,2,0,0.0007538379423859543,-0.03386053462019077,0.03536821050496268,2000,-0.0392790212046092,0.04078669708938111,0.002306764497081615,-0.004965973813518997,0.009579502807682227
ds006850,labram_ridge_strong,eeg_added_matched_calibration,2,1,0.00014913366238722414,-0.02171996898655454,0.022018236311328987,2000,-0.03988372548460793,0.04018199280938238,0.0007057415514507004,-0.0063994937119270364,0.007810976814828437
ds006850,labram_ridge_strong,eeg_added_matched_calibration,2,2,0.0007119401498142386,-0.025678279364175185,0.027102159663803662,2000,-0.03932091899718092,0.040744799296809395,0.0018675536595943176,-0.006238459796143311,0.009973567115331946
ds006850,labram_ridge_strong,eeg_added_matched_calibration,2,4,0.0014862433355639082,-0.027231541922444993,0.03020402859357281,2000,-0.03854661581143125,0.041519102482559064,0.002787235824446732,-0.004755137410917889,0.010329609059811354
ds006850,labram_ridge_strong,eeg_added_matched_calibration,2,8,-0.0034248726880892755,-0.040645409612614515,0.033795664236435964,2000,-0.04345773183508443,0.03660798645890588,0.005322504402162087,-0.004970333158867017,0.015615341963191191
ds006850,labram_ridge_strong,eeg_added_matched_calibration,4,0,-4.552074730773681e-05,-0.03819327736097384,0.038102235866358365,2000,-0.04007837989430289,0.03998733839968742,0.0033383690690438894,-0.0030417989295155757,0.009718537067603355
ds006850,labram_ridge_strong,eeg_added_matched_calibration,4,1,-0.0005183568071319145,-0.023391268786095844,0.022354555171832016,2000,-0.04055121595412707,0.03951450233986324,0.0012145698565144414,-0.005376485796618183,0.007805625509647066
ds006850,labram_ridge_strong,eeg_added_matched_calibration,4,2,-0.0003051984634450666,-0.02830273133735377,0.027692334410463638,2000,-0.04033805761044022,0.03972766068355009,0.0017593854380649476,-0.005131462466072061,0.008650233342201956
ds006850,labram_ridge_strong,eeg_added_matched_calibration,4,4,-0.0018698413425820015,-0.03093972360145608,0.02720004091629208,2000,-0.04190270048957716,0.038163017804413155,0.002751798002721406,-0.004301904961558759,0.00980550096700157
ds006850,labram_ridge_strong,eeg_added_matched_calibration,4,8,-0.006497114286280192,-0.04583845511451412,0.032844226541953736,2000,-0.04652997343327535,0.033535744860714964,0.005372829546264363,-0.0034584190057719913,0.014204078098300717
ds006850,labram_ridge_strong,eeg_added_matched_calibration,8,0,-9.613493776075566e-05,-0.03962736944281283,0.03943509956729132,2000,-0.04012899408475591,0.0399367242092344,0.003968947739182188,-0.002394081625193085,0.01033197710355746
ds006850,labram_ridge_strong,eeg_added_matched_calibration,8,1,-0.0017594606573910765,-0.024033113823423533,0.02051419250864138,2000,-0.04179231980438623,0.03827339848960408,0.0018134982226347685,-0.004687149359464574,0.008314145804734111
ds006850,labram_ridge_strong,eeg_added_matched_calibration,8,2,-0.0009022862289031486,-0.028430715796271957,0.02662614333846566,2000,-0.040935145375898305,0.03913057291809201,0.0026310451089674447,-0.003688638378816148,0.008950728596751037
ds006850,labram_ridge_strong,eeg_added_matched_calibration,8,4,-0.0030243469997758288,-0.03198232046921544,0.02593362646966378,2000,-0.043057206146770985,0.03700851214721933,0.0037946863912606543,-0.0027462886478376806,0.01033566143035899
ds006850,labram_ridge_strong,eeg_added_matched_calibration,8,8,-0.008511227851154823,-0.04864892290513666,0.03162646720282701,2000,-0.04854408699814998,0.03152163129584033,0.005956040460517453,-0.0017864686281895952,0.013698549549224502
ds006850,labram_ridge_strong,prior_calibration_gain,0,0,0.0,-3.029933748149689e-17,3.029933748149689e-17,2000,-0.13169041129046133,0.13169041129046133,0.0,0.0,0.0
ds006850,labram_ridge_strong,prior_calibration_gain,0,1,0.0,0.0,0.0,2000,-0.13169041129046133,0.13169041129046133,0.0,0.0,0.0
ds006850,labram_ridge_strong,prior_calibration_gain,0,2,0.0,0.0,0.0,2000,-0.13169041129046133,0.13169041129046133,0.0,0.0,0.0
ds006850,labram_ridge_strong,prior_calibration_gain,0,4,0.0,0.0,0.0,2000,-0.13169041129046133,0.13169041129046133,0.0,0.0,0.0
ds006850,labram_ridge_strong,prior_calibration_gain,0,8,0.0,0.0,0.0,2000,-0.13169041129046133,0.13169041129046133,0.0,0.0,0.0
ds006850,labram_ridge_strong,prior_calibration_gain,1,0,0.08274658665210007,-0.07336519705566828,0.2388583703598684,2000,-0.048943824638361264,0.21443699794256138,0.04829210949033019,0.005400377772444995,0.09118384120821539
ds006850,labram_ridge_strong,prior_calibration_gain,1,1,-0.017840541017210887,-0.1428270982474731,0.10714601621305134,2000,-0.14953095230767222,0.11384987027325044,0.04984485751565715,0.00842052497738556,0.09126919005392874
ds006850,labram_ridge_strong,prior_calibration_gain,1,2,-0.05445749363486263,-0.19364404060459203,0.08472905333486677,2000,-0.18614790492532396,0.0772329176555987,0.05215490427631708,0.01080098821852752,0.09350882033410665
ds006850,labram_ridge_strong,prior_calibration_gain,1,4,-0.04634931158613692,-0.19472063878973273,0.10202201561745888,2000,-0.17803972287659825,0.08534109970432441,0.05244606023854048,0.011152531114446307,0.09373958936263466
ds006850,labram_ridge_strong,prior_calibration_gain,1,8,-0.05573286110738246,-0.20791810959205698,0.09645238737729206,2000,-0.1874232723978438,0.07595755018307887,0.05712164248389051,0.015703391797140892,0.09853989317064013
ds006850,labram_ridge_strong,prior_calibration_gain,2,0,0.1409623719153005,-0.0010317176223467173,0.2829564614529477,2000,0.009271960624839176,0.2726527832057618,0.02171333893995578,-0.01153360348639599,0.054960281366307547
ds006850,labram_ridge_strong,prior_calibration_gain,2,1,0.03008480655524437,-0.07253691077724309,0.13270652388773183,2000,-0.10160560473521696,0.1617752178457057,0.02113654341703447,-0.009172242715555504,0.05144532954962444
ds006850,labram_ridge_strong,prior_calibration_gain,2,2,0.018033997403535007,-0.10085761559967164,0.13692561040674167,2000,-0.11365641388692632,0.14972440869399634,0.019661663519724953,-0.01224858416699847,0.05157191120644838
ds006850,labram_ridge_strong,prior_calibration_gain,2,4,0.031354011727983466,-0.09550860932940683,0.15821663278537376,2000,-0.10033639956247786,0.1630444230184448,0.021985026115436623,-0.009476330796332776,0.05344638302720602
ds006850,labram_ridge_strong,prior_calibration_gain,2,8,0.03173182574778072,-0.10185835753647429,0.16532200903203573,2000,-0.09995858554268061,0.16342223703824205,0.021333222696912374,-0.01027740120968898,0.05294384660351373
ds006850,labram_ridge_strong,prior_calibration_gain,4,0,0.15361825253941824,0.008423996528156036,0.2988125085506804,2000,0.021927841248956914,0.28530866382987957,0.0037453044281207104,-0.02221672598150505,0.02970733483774647
ds006850,labram_ridge_strong,prior_calibration_gain,4,1,0.04990305602774725,-0.04201875822476012,0.14182487028025462,2000,-0.08178735526271408,0.18159346731820858,0.007241785673276158,-0.014422378443089235,0.02890594978964155
ds006850,labram_ridge_strong,prior_calibration_gain,4,2,0.047808429390673146,-0.06270915504006647,0.15832601382141276,2000,-0.08388198189978818,0.17949884068113447,0.0032053671646432025,-0.020882165345154934,0.02729289967444134
ds006850,labram_ridge_strong,prior_calibration_gain,4,4,0.06296689395012922,-0.05470558203077429,0.18063936993103274,2000,-0.06872351734033211,0.19465730524059055,0.002973396960041813,-0.020959908946259993,0.02690670286634362
ds006850,labram_ridge_strong,prior_calibration_gain,4,8,0.06567263606507251,-0.05702724304009918,0.1883725151702442,2000,-0.06601777522538882,0.19736304735553384,0.0024981387496020024,-0.02093655938953536,0.025932836888739364
ds006850,labram_ridge_strong,prior_calibration_gain,8,0,0.15644082287592032,0.022793951448300126,0.29008769430354053,2000,0.024750411585458987,0.28813123416638164,-0.0024385431923127365,-0.024869208506436973,0.0199921221218115
ds006850,labram_ridge_strong,prior_calibration_gain,8,1,0.05838563020613474,-0.025490168984192055,0.14226142939646153,2000,-0.07330478108432659,0.19007604149659607,0.002948584691531392,-0.0142445263142949,0.020141695697357683
ds006850,labram_ridge_strong,prior_calibration_gain,8,2,0.05999771846865137,-0.03914692894641146,0.15914236588371422,2000,-0.07169269282180996,0.1916881297591127,-0.0012767056092662377,-0.02059129729556479,0.018037886077032314
ds006850,labram_ridge_strong,prior_calibration_gain,8,4,0.07519470815880047,-0.03155236135466151,0.18194177767226244,2000,-0.05649570313166086,0.2068851194492618,-0.0016221975957553258,-0.021556970717027765,0.018312575525517114
ds006850,labram_ridge_strong,prior_calibration_gain,8,8,0.07736957634443592,-0.03447939737487073,0.18921855006374255,2000,-0.05432083494602541,0.20905998763489725,-0.00304765247792807,-0.02292321873679001,0.01682791378093387
ds006850,labram_ridge_strong,combined_calibration_gain,0,0,0.0,-7.237250788183227e-17,7.237250788183227e-17,2000,-0.1311482049246532,0.1311482049246532,0.0,0.0,0.0
ds006850,labram_ridge_strong,combined_calibration_gain,0,1,0.0,0.0,0.0,2000,-0.1311482049246532,0.1311482049246532,0.0,0.0,0.0
ds006850,labram_ridge_strong,combined_calibration_gain,0,2,0.0,-1.0338929697404608e-17,1.0338929697404608e-17,2000,-0.1311482049246532,0.1311482049246532,0.0,0.0,0.0
ds006850,labram_ridge_strong,combined_calibration_gain,0,4,0.0,0.0,0.0,2000,-0.1311482049246532,0.1311482049246532,0.0,0.0,0.0
ds006850,labram_ridge_strong,combined_calibration_gain,0,8,0.0,0.0,0.0,2000,-0.1311482049246532,0.1311482049246532,0.0,0.0,0.0
ds006850,labram_ridge_strong,combined_calibration_gain,1,0,0.08037023424803816,-0.07664650317914415,0.23738697167522047,2000,-0.05077797067661505,0.21151843917269136,0.04914034891709251,0.006197339485268134,0.0920833583489169
ds006850,labram_ridge_strong,combined_calibration_gain,1,1,-0.018561810476413032,-0.14400422135980656,0.1068806004069805,2000,-0.14971001540106624,0.11258639444824017,0.04891812698820455,0.008115519928973948,0.08972073404743516
ds006850,labram_ridge_strong,combined_calibration_gain,1,2,-0.054572739156928396,-0.19472691693748762,0.08558143862363082,2000,-0.1857209440815816,0.07657546576772481,0.054124812888206336,0.012484587250067174,0.09576503852634549
ds006850,labram_ridge_strong,combined_calibration_gain,1,4,-0.047234278934205065,-0.19571871737613528,0.10125015950772515,2000,-0.17838248385885827,0.08391392599044814,0.055968230147025455,0.014732906062377739,0.09720355423167318
ds006850,labram_ridge_strong,combined_calibration_gain,1,8,-0.05283818917752736,-0.20543958835568588,0.09976321000063115,2000,-0.18398639410218057,0.07831001574712584,0.06235789923289606,0.0203558620689607,0.10435993639683142
ds006850,labram_ridge_strong,combined_calibration_gain,2,0,0.14376728402106773,0.002673769064297532,0.2848607989778379,2000,0.01261907909641452,0.27491548894572093,0.018673403352430923,-0.014161408377685293,0.05150821508254714
ds006850,labram_ridge_strong,combined_calibration_gain,2,1,0.03402172706666379,-0.06859139618643066,0.13663485031975825,2000,-0.09712647785798942,0.165169931991317,0.017452522652470187,-0.011655709443555509,0.046560754748495886
ds006850,labram_ridge_strong,combined_calibration_gain,2,2,0.023982252892944034,-0.09495123564836785,0.14291574143425592,2000,-0.10716595203170917,0.15513045781759724,0.018125045185927918,-0.013597985779648492,0.04984807615150433
ds006850,labram_ridge_strong,combined_calibration_gain,2,4,0.03801232775918262,-0.08813103310187237,0.1641556886202376,2000,-0.09313587716547059,0.16916053268383582,0.02293795395305842,-0.007910995325274017,0.05378690323139086
ds006850,labram_ridge_strong,combined_calibration_gain,2,8,0.043007532366329426,-0.08984450683361017,0.17585957156626902,2000,-0.08814067255832378,0.17415573729098263,0.022251443702169554,-0.009872637652528625,0.054375525056867734
ds006850,labram_ridge_strong,combined_calibration_gain,4,0,0.15562380595549202,0.01706001975211635,0.2941875921588677,2000,0.024475601030838817,0.28677201088014526,0.0017369734125581293,-0.02364006949961806,0.027114016324734317
ds006850,labram_ridge_strong,combined_calibration_gain,4,1,0.05317248606964753,-0.036297761753223176,0.14264273389251825,2000,-0.07797571885500568,0.18432069099430073,0.0040665932137756156,-0.016694966748937005,0.024828153176488236
ds006850,labram_ridge_strong,combined_calibration_gain,4,2,0.05273954626682287,-0.0539582812884454,0.15943737382209114,2000,-0.07840865865783034,0.18388775119147607,0.0015605806093167973,-0.021750316693112306,0.0248714779117459
ds006850,labram_ridge_strong,combined_calibration_gain,4,4,0.06626912530318246,-0.04554559647571643,0.17808384708208136,2000,-0.06487907962147074,0.19741733022783567,0.0038908869759382847,-0.01917936339216834,0.02696113734404491
ds006850,labram_ridge_strong,combined_calibration_gain,4,8,0.0738761010854303,-0.043703503680276395,0.191455705851137,2000,-0.057272103839222904,0.2050243060100835,0.0034666848989614585,-0.01986697885109261,0.026800348649015527
ds006850,labram_ridge_strong,combined_calibration_gain,8,0,0.15839576210154108,0.027865719556688345,0.28892580464639384,2000,0.02724755717688787,0.2895439670261943,-0.003816295537737019,-0.026067034151815504,0.018434443076341466
ds006850,labram_ridge_strong,combined_calibration_gain,8,1,0.06041395639777586,-0.02319900672419499,0.14402691951974672,2000,-0.07073424852687735,0.19156216132242906,0.0003723205981511768,-0.016430065271341183,0.017174706467643536
ds006850,labram_ridge_strong,combined_calibration_gain,8,2,0.06433174757934301,-0.03288984900819954,0.16155334416688555,2000,-0.06681645734531019,0.19547995250399622,-0.0020498324936901458,-0.021042980921704924,0.016943315934324632
ds006850,labram_ridge_strong,combined_calibration_gain,8,4,0.07734243385465989,-0.026563238168138853,0.18124810587745863,2000,-0.05380577106999332,0.2084906387793131,0.0003381808086803939,-0.01853169612730526,0.019208057744666048
ds006850,labram_ridge_strong,combined_calibration_gain,8,8,0.08355892779991908,-0.025631060571606176,0.19274891617144435,2000,-0.047589277124734125,0.21470713272457229,-0.0014958954143155234,-0.020930186353214947,0.0179383955245839
ds006850,labram_ridge_strong,total_minus_uncalibrated_prior,0,0,-0.0020510741633811003,-0.055329321865942714,0.051227173539180514,2000,-0.1365772213489152,0.132475073022153,0.0053467000846064705,-0.0014753951046614236,0.012168795273874364
ds006850,labram_ridge_strong,total_minus_uncalibrated_prior,0,1,-0.003787786849032193,-0.033467243028123234,0.025891669330058847,2000,-0.1383139340345663,0.1307383603365019,0.0043897623160149835,-0.00263298769705915,0.011412512329089117
ds006850,labram_ridge_strong,total_minus_uncalibrated_prior,0,2,-0.005236315339594788,-0.04263251009825526,0.03215987941906568,2000,-0.1397624625251289,0.1292898318459393,0.003404171993391353,-0.0035977194791288547,0.01040606346591156
ds006850,labram_ridge_strong,total_minus_uncalibrated_prior,0,4,-0.005172072695635244,-0.044983964684186334,0.03463981929291585,2000,-0.13969821988116934,0.12935407448989886,0.0018343079868249346,-0.005239764494754131,0.008908380468404
ds006850,labram_ridge_strong,total_minus_uncalibrated_prior,0,8,-0.014700579306637984,-0.06805193490710712,0.038650776293831145,2000,-0.14922672649217208,0.11982556787889612,0.004404283396904907,-0.0038333949718909917,0.012641961765700805
ds006850,labram_ridge_strong,total_minus_uncalibrated_prior,1,0,0.07831916008465659,-0.07726497486420375,0.23390329503351692,2000,-0.056206987100877515,0.2128453072701907,0.054487049001698984,0.011055105443247483,0.09791899256015049
ds006850,labram_ridge_strong,total_minus_uncalibrated_prior,1,1,-0.022349597325445225,-0.147726926914537,0.10302773226364656,2000,-0.15687574451097933,0.11217654986008888,0.053307889304219536,0.012114061959741788,0.09450171664869728
ds006850,labram_ridge_strong,total_minus_uncalibrated_prior,1,2,-0.059809054496523184,-0.1992340089577853,0.07961589996473895,2000,-0.19433520168205728,0.07471709268901092,0.05752898488159769,0.016174316450750764,0.09888365331244461
ds006850,labram_ridge_strong,total_minus_uncalibrated_prior,1,4,-0.05240635162984031,-0.20140647215288646,0.09659376889320584,2000,-0.1869324988153744,0.08211979555569379,0.05780253813385039,0.016313297315677912,0.09929177895202287
ds006850,labram_ridge_strong,total_minus_uncalibrated_prior,1,8,-0.06753876848416535,-0.21914521214748228,0.08406767517915159,2000,-0.20206491566969945,0.06698737870136875,0.06676218262980096,0.025254118842509915,0.10827024641709201
ds006850,labram_ridge_strong,total_minus_uncalibrated_prior,2,0,0.14171620985768646,-0.0033496814552524956,0.2867821011706254,2000,0.007190062672152359,0.27624235704322053,0.024020103437037393,-0.009858490312560295,0.05789869718663508
ds006850,labram_ridge_strong,total_minus_uncalibrated_prior,2,1,0.030233940217631594,-0.07385356173642613,0.13432144217168931,2000,-0.1042922069679025,0.1647600874031657,0.02184228496848517,-0.008254791590173935,0.051939361527144276
ds006850,labram_ridge_strong,total_minus_uncalibrated_prior,2,2,0.018745937553349246,-0.10183254698776315,0.13932442209446164,2000,-0.11578020963218486,0.15327208473888335,0.02152921717931927,-0.010306645770893547,0.05336508012953209
ds006850,labram_ridge_strong,total_minus_uncalibrated_prior,2,4,0.032840255063547374,-0.09650997092201924,0.162190481049114,2000,-0.10168589212198673,0.16736640224908148,0.024772261939883355,-0.006906702604025192,0.0564512264837919
ds006850,labram_ridge_strong,total_minus_uncalibrated_prior,2,8,0.028306953059691442,-0.10815168082862425,0.16476558694800714,2000,-0.10621919412584266,0.16283310024522554,0.02665572709907446,-0.005646253175292382,0.058957707373441304
ds006850,labram_ridge_strong,total_minus_uncalibrated_prior,4,0,0.1535727317921105,0.002471029233758165,0.3046744343504628,2000,0.019046584606576406,0.28809887897764463,0.0070836734971646,-0.01978984696780227,0.03395719396213147
ds006850,labram_ridge_strong,total_minus_uncalibrated_prior,4,1,0.049384699220615336,-0.046558965401235775,0.14532836384246645,2000,-0.08514144796491876,0.18391084640614944,0.008456355529790599,-0.01392474147930968,0.030837452538890878
ds006850,labram_ridge_strong,total_minus_uncalibrated_prior,4,2,0.04750323092722808,-0.06822306254027244,0.1632295243947286,2000,-0.08702291625830602,0.18202937811276218,0.00496475260270815,-0.01947294706577348,0.02940245227118978
ds006850,labram_ridge_strong,total_minus_uncalibrated_prior,4,4,0.06109705260754722,-0.061335724106823086,0.18352982932191753,2000,-0.07342909457798688,0.19562319979308132,0.005725194962763219,-0.019033166099236085,0.030483556024762524
ds006850,labram_ridge_strong,total_minus_uncalibrated_prior,4,8,0.05917552177879232,-0.07071567479745319,0.18906671835503783,2000,-0.07535062540674178,0.19370166896432642,0.007870968295866365,-0.016696271940250768,0.032438208531983495
ds006850,labram_ridge_strong,total_minus_uncalibrated_prior,8,0,0.15634468793815956,0.015110921755106949,0.2975784541212122,2000,0.02181854075262546,0.29087083512369366,0.0015304045468694516,-0.02209674491000586,0.025157554003744764
ds006850,labram_ridge_strong,total_minus_uncalibrated_prior,8,1,0.056626169548743666,-0.03202545748509479,0.1452777965825821,2000,-0.07789997763679044,0.19115231673427777,0.00476208291416616,-0.013856792766048464,0.023380958594380784
ds006850,labram_ridge_strong,total_minus_uncalibrated_prior,8,2,0.059095432239748225,-0.045322935786674984,0.16351380026617143,2000,-0.07543071494578588,0.19362157942528233,0.001354339499701207,-0.01875457725659668,0.021463256255999093
ds006850,labram_ridge_strong,total_minus_uncalibrated_prior,8,4,0.07217036115902464,-0.04040239675545951,0.1847431190735088,2000,-0.06235578602650946,0.20669650834455874,0.0021724887955053285,-0.018359240372603412,0.02270421796361407
ds006850,labram_ridge_strong,total_minus_uncalibrated_prior,8,8,0.0688583484932811,-0.0515506715057711,0.18926736849233328,2000,-0.065667798692253,0.2033844956788152,0.0029083879825893832,-0.01814131316564893,0.023958089130827698
